-- row: [0]);
INSERT INTO CovidChinhThuc.dbo.CaNhan (ID, HoTen, NgaySinh, CMND, NgayCap, SinhNam, SoKhaiSinh, DiaChi, NguoiTaoDL, IDDonVi) VALUES ('62d2228e-e403-4caf-bee6-50463469f2b1', N'Nguyễn Thị Sự', '1935-01-01', '210475894', NULL, 1935, NULL, N'Trung tâm CTXH và BTXH Bình Định', N'Nguyễn Đình Tạo', 'ebbb3d73-f4c7-4405-a894-0ac684988a76');
INSERT INTO CovidChinhThuc.dbo.ThongTinHoTro (ID, IDNoiDung, IDDoiTuong, IDCaNhan, NguoiTaoDL) VALUES ('8f5427df-b7e8-4107-9069-2d446e1604ae', 6, '2a6e1659-3df9-48fb-9d72-fee104d98ccb', '62d2228e-e403-4caf-bee6-50463469f2b1', N'Nguyễn Đình Tạo');
INSERT INTO CovidChinhThuc.dbo.ChiTiet_BTXH (ID_ThongTin, NguoiTaoDL) VALUES ('8f5427df-b7e8-4107-9069-2d446e1604ae', N'Nguyễn Đình Tạo');
-- row: [1]);
INSERT INTO CovidChinhThuc.dbo.CaNhan (ID, HoTen, NgaySinh, CMND, NgayCap, SinhNam, SoKhaiSinh, DiaChi, NguoiTaoDL, IDDonVi) VALUES ('fe86d4b8-f26c-4d24-823c-924e30132a31', N'Lê Thị Sử', '1928-01-01', '210349716', NULL, 1928, NULL, N'Trung tâm CTXH và BTXH Bình Định', N'Nguyễn Đình Tạo', 'ebbb3d73-f4c7-4405-a894-0ac684988a76');
INSERT INTO CovidChinhThuc.dbo.ThongTinHoTro (ID, IDNoiDung, IDDoiTuong, IDCaNhan, NguoiTaoDL) VALUES ('58e5fcce-c523-4543-8c3d-5fed33e123da', 6, '2a6e1659-3df9-48fb-9d72-fee104d98ccb', 'fe86d4b8-f26c-4d24-823c-924e30132a31', N'Nguyễn Đình Tạo');
INSERT INTO CovidChinhThuc.dbo.ChiTiet_BTXH (ID_ThongTin, NguoiTaoDL) VALUES ('58e5fcce-c523-4543-8c3d-5fed33e123da', N'Nguyễn Đình Tạo');
-- row: [2]);
INSERT INTO CovidChinhThuc.dbo.CaNhan (ID, HoTen, NgaySinh, CMND, NgayCap, SinhNam, SoKhaiSinh, DiaChi, NguoiTaoDL, IDDonVi) VALUES ('90842b63-4c18-4d2b-a5fe-91e77bc48084', N'Nguyễn Thị Lang', '1933-01-01', NULL, NULL, 1933, NULL, N'Trung tâm CTXH và BTXH Bình Định', N'Nguyễn Đình Tạo', 'ebbb3d73-f4c7-4405-a894-0ac684988a76');
INSERT INTO CovidChinhThuc.dbo.ThongTinHoTro (ID, IDNoiDung, IDDoiTuong, IDCaNhan, NguoiTaoDL) VALUES ('575ed508-c3ab-4a38-83f7-fec59c214002', 6, '2a6e1659-3df9-48fb-9d72-fee104d98ccb', '90842b63-4c18-4d2b-a5fe-91e77bc48084', N'Nguyễn Đình Tạo');
INSERT INTO CovidChinhThuc.dbo.ChiTiet_BTXH (ID_ThongTin, NguoiTaoDL) VALUES ('575ed508-c3ab-4a38-83f7-fec59c214002', N'Nguyễn Đình Tạo');
-- row: [3]);
INSERT INTO CovidChinhThuc.dbo.CaNhan (ID, HoTen, NgaySinh, CMND, NgayCap, SinhNam, SoKhaiSinh, DiaChi, NguoiTaoDL, IDDonVi) VALUES ('d0f6a6a9-72e1-4d83-ad31-672763ca46a1', N'Nguyễn Thanh', '1938-01-01', '215483292', NULL, 1938, NULL, N'Trung tâm CTXH và BTXH Bình Định', N'Nguyễn Đình Tạo', 'ebbb3d73-f4c7-4405-a894-0ac684988a76');
INSERT INTO CovidChinhThuc.dbo.ThongTinHoTro (ID, IDNoiDung, IDDoiTuong, IDCaNhan, NguoiTaoDL) VALUES ('903d2e5b-2ad5-4d70-a6a1-f33a802e055f', 6, '2a6e1659-3df9-48fb-9d72-fee104d98ccb', 'd0f6a6a9-72e1-4d83-ad31-672763ca46a1', N'Nguyễn Đình Tạo');
INSERT INTO CovidChinhThuc.dbo.ChiTiet_BTXH (ID_ThongTin, NguoiTaoDL) VALUES ('903d2e5b-2ad5-4d70-a6a1-f33a802e055f', N'Nguyễn Đình Tạo');
-- row: [4]);
INSERT INTO CovidChinhThuc.dbo.CaNhan (ID, HoTen, NgaySinh, CMND, NgayCap, SinhNam, SoKhaiSinh, DiaChi, NguoiTaoDL, IDDonVi) VALUES ('e7d114de-aa42-4db2-9d8d-58d31e47cec3', N'Huỳnh Thị Chín', '1930-01-01', '215484964', NULL, 1930, NULL, N'Trung tâm CTXH và BTXH Bình Định', N'Nguyễn Đình Tạo', 'ebbb3d73-f4c7-4405-a894-0ac684988a76');
INSERT INTO CovidChinhThuc.dbo.ThongTinHoTro (ID, IDNoiDung, IDDoiTuong, IDCaNhan, NguoiTaoDL) VALUES ('19f4f7d7-4242-477d-abca-3f763b3a4f7e', 6, '2a6e1659-3df9-48fb-9d72-fee104d98ccb', 'e7d114de-aa42-4db2-9d8d-58d31e47cec3', N'Nguyễn Đình Tạo');
INSERT INTO CovidChinhThuc.dbo.ChiTiet_BTXH (ID_ThongTin, NguoiTaoDL) VALUES ('19f4f7d7-4242-477d-abca-3f763b3a4f7e', N'Nguyễn Đình Tạo');
-- row: [5]);
INSERT INTO CovidChinhThuc.dbo.CaNhan (ID, HoTen, NgaySinh, CMND, NgayCap, SinhNam, SoKhaiSinh, DiaChi, NguoiTaoDL, IDDonVi) VALUES ('b7bb2430-832c-4f2b-98b4-3c3b47e6369f', N'Võ Sửu', '1936-10-15', '210508209', NULL, 1936, NULL, N'Trung tâm CTXH và BTXH Bình Định', N'Nguyễn Đình Tạo', 'ebbb3d73-f4c7-4405-a894-0ac684988a76');
INSERT INTO CovidChinhThuc.dbo.ThongTinHoTro (ID, IDNoiDung, IDDoiTuong, IDCaNhan, NguoiTaoDL) VALUES ('27ecf56b-24ce-4625-8459-73fe718c0149', 6, '2a6e1659-3df9-48fb-9d72-fee104d98ccb', 'b7bb2430-832c-4f2b-98b4-3c3b47e6369f', N'Nguyễn Đình Tạo');
INSERT INTO CovidChinhThuc.dbo.ChiTiet_BTXH (ID_ThongTin, NguoiTaoDL) VALUES ('27ecf56b-24ce-4625-8459-73fe718c0149', N'Nguyễn Đình Tạo');
-- row: [6]);
INSERT INTO CovidChinhThuc.dbo.CaNhan (ID, HoTen, NgaySinh, CMND, NgayCap, SinhNam, SoKhaiSinh, DiaChi, NguoiTaoDL, IDDonVi) VALUES ('68b91bb6-8979-4a00-849d-616641adf003', N'Đinh Thị Minh Sang', '1933-12-31', '215413584', NULL, 1933, NULL, N'Trung tâm CTXH và BTXH Bình Định', N'Nguyễn Đình Tạo', 'ebbb3d73-f4c7-4405-a894-0ac684988a76');
INSERT INTO CovidChinhThuc.dbo.ThongTinHoTro (ID, IDNoiDung, IDDoiTuong, IDCaNhan, NguoiTaoDL) VALUES ('ef2e4189-ad9c-4770-9a40-ef51aeac89a2', 6, '2a6e1659-3df9-48fb-9d72-fee104d98ccb', '68b91bb6-8979-4a00-849d-616641adf003', N'Nguyễn Đình Tạo');
INSERT INTO CovidChinhThuc.dbo.ChiTiet_BTXH (ID_ThongTin, NguoiTaoDL) VALUES ('ef2e4189-ad9c-4770-9a40-ef51aeac89a2', N'Nguyễn Đình Tạo');
-- row: [7]);
INSERT INTO CovidChinhThuc.dbo.CaNhan (ID, HoTen, NgaySinh, CMND, NgayCap, SinhNam, SoKhaiSinh, DiaChi, NguoiTaoDL, IDDonVi) VALUES ('7a52cee7-2394-4858-a950-af70af79ef71', N'Nguyễn Thị Hường', '1936-01-01', '215483287', NULL, 1936, NULL, N'Trung tâm CTXH và BTXH Bình Định', N'Nguyễn Đình Tạo', 'ebbb3d73-f4c7-4405-a894-0ac684988a76');
INSERT INTO CovidChinhThuc.dbo.ThongTinHoTro (ID, IDNoiDung, IDDoiTuong, IDCaNhan, NguoiTaoDL) VALUES ('75a2aefe-3fc9-451e-b826-9647acb3a5ab', 6, '2a6e1659-3df9-48fb-9d72-fee104d98ccb', '7a52cee7-2394-4858-a950-af70af79ef71', N'Nguyễn Đình Tạo');
INSERT INTO CovidChinhThuc.dbo.ChiTiet_BTXH (ID_ThongTin, NguoiTaoDL) VALUES ('75a2aefe-3fc9-451e-b826-9647acb3a5ab', N'Nguyễn Đình Tạo');
-- row: [8]);
INSERT INTO CovidChinhThuc.dbo.CaNhan (ID, HoTen, NgaySinh, CMND, NgayCap, SinhNam, SoKhaiSinh, DiaChi, NguoiTaoDL, IDDonVi) VALUES ('61835b65-2ec6-4858-9b30-7232cd0f6a0c', N'Đặng Thị Bốn', '1924-08-12', '210014433', NULL, 1924, NULL, N'Trung tâm CTXH và BTXH Bình Định', N'Nguyễn Đình Tạo', 'ebbb3d73-f4c7-4405-a894-0ac684988a76');
INSERT INTO CovidChinhThuc.dbo.ThongTinHoTro (ID, IDNoiDung, IDDoiTuong, IDCaNhan, NguoiTaoDL) VALUES ('4172c8dc-a432-4375-a67d-6142b22ca8ab', 6, '2a6e1659-3df9-48fb-9d72-fee104d98ccb', '61835b65-2ec6-4858-9b30-7232cd0f6a0c', N'Nguyễn Đình Tạo');
INSERT INTO CovidChinhThuc.dbo.ChiTiet_BTXH (ID_ThongTin, NguoiTaoDL) VALUES ('4172c8dc-a432-4375-a67d-6142b22ca8ab', N'Nguyễn Đình Tạo');
-- row: [9]);
INSERT INTO CovidChinhThuc.dbo.CaNhan (ID, HoTen, NgaySinh, CMND, NgayCap, SinhNam, SoKhaiSinh, DiaChi, NguoiTaoDL, IDDonVi) VALUES ('3f04aded-cc7f-4fee-a03e-fe89c76237b4', N'Lê Thị Sáu', '1933-01-01', '215483290', NULL, 1933, NULL, N'Trung tâm CTXH và BTXH Bình Định', N'Nguyễn Đình Tạo', 'ebbb3d73-f4c7-4405-a894-0ac684988a76');
INSERT INTO CovidChinhThuc.dbo.ThongTinHoTro (ID, IDNoiDung, IDDoiTuong, IDCaNhan, NguoiTaoDL) VALUES ('24c3ec86-ec1b-4ff2-a725-69934fe1df80', 6, '2a6e1659-3df9-48fb-9d72-fee104d98ccb', '3f04aded-cc7f-4fee-a03e-fe89c76237b4', N'Nguyễn Đình Tạo');
INSERT INTO CovidChinhThuc.dbo.ChiTiet_BTXH (ID_ThongTin, NguoiTaoDL) VALUES ('24c3ec86-ec1b-4ff2-a725-69934fe1df80', N'Nguyễn Đình Tạo');
-- row: [10]);
INSERT INTO CovidChinhThuc.dbo.CaNhan (ID, HoTen, NgaySinh, CMND, NgayCap, SinhNam, SoKhaiSinh, DiaChi, NguoiTaoDL, IDDonVi) VALUES ('433d9b71-372e-433f-9b88-13b08abf9bd4', N'Trần Lợi', '1943-01-01', '210276579', NULL, 1943, NULL, N'Trung tâm CTXH và BTXH Bình Định', N'Nguyễn Đình Tạo', 'ebbb3d73-f4c7-4405-a894-0ac684988a76');
INSERT INTO CovidChinhThuc.dbo.ThongTinHoTro (ID, IDNoiDung, IDDoiTuong, IDCaNhan, NguoiTaoDL) VALUES ('c4b98676-401e-4b78-9c5d-627774ae3e1c', 6, '2a6e1659-3df9-48fb-9d72-fee104d98ccb', '433d9b71-372e-433f-9b88-13b08abf9bd4', N'Nguyễn Đình Tạo');
INSERT INTO CovidChinhThuc.dbo.ChiTiet_BTXH (ID_ThongTin, NguoiTaoDL) VALUES ('c4b98676-401e-4b78-9c5d-627774ae3e1c', N'Nguyễn Đình Tạo');
-- row: [11]);
INSERT INTO CovidChinhThuc.dbo.CaNhan (ID, HoTen, NgaySinh, CMND, NgayCap, SinhNam, SoKhaiSinh, DiaChi, NguoiTaoDL, IDDonVi) VALUES ('ac5746f2-5d29-4571-9e99-ae0f9ecc6011', N'Võ Thị Bích', '1931-05-15', '210219625', NULL, 1931, NULL, N'Trung tâm CTXH và BTXH Bình Định', N'Nguyễn Đình Tạo', 'ebbb3d73-f4c7-4405-a894-0ac684988a76');
INSERT INTO CovidChinhThuc.dbo.ThongTinHoTro (ID, IDNoiDung, IDDoiTuong, IDCaNhan, NguoiTaoDL) VALUES ('fba31127-156d-4852-a1b0-fd7276dbdafa', 6, '2a6e1659-3df9-48fb-9d72-fee104d98ccb', 'ac5746f2-5d29-4571-9e99-ae0f9ecc6011', N'Nguyễn Đình Tạo');
INSERT INTO CovidChinhThuc.dbo.ChiTiet_BTXH (ID_ThongTin, NguoiTaoDL) VALUES ('fba31127-156d-4852-a1b0-fd7276dbdafa', N'Nguyễn Đình Tạo');
-- row: [12]);
INSERT INTO CovidChinhThuc.dbo.CaNhan (ID, HoTen, NgaySinh, CMND, NgayCap, SinhNam, SoKhaiSinh, DiaChi, NguoiTaoDL, IDDonVi) VALUES ('d885f809-e906-40c5-9695-b5156e81c193', N'Hà Thị Thuộc', '1937-01-01', NULL, NULL, 1937, NULL, N'Trung tâm CTXH và BTXH Bình Định', N'Nguyễn Đình Tạo', 'ebbb3d73-f4c7-4405-a894-0ac684988a76');
INSERT INTO CovidChinhThuc.dbo.ThongTinHoTro (ID, IDNoiDung, IDDoiTuong, IDCaNhan, NguoiTaoDL) VALUES ('fb024539-2fec-43b0-a13d-d43a4ead9b63', 6, '2a6e1659-3df9-48fb-9d72-fee104d98ccb', 'd885f809-e906-40c5-9695-b5156e81c193', N'Nguyễn Đình Tạo');
INSERT INTO CovidChinhThuc.dbo.ChiTiet_BTXH (ID_ThongTin, NguoiTaoDL) VALUES ('fb024539-2fec-43b0-a13d-d43a4ead9b63', N'Nguyễn Đình Tạo');
-- row: [13]);
INSERT INTO CovidChinhThuc.dbo.CaNhan (ID, HoTen, NgaySinh, CMND, NgayCap, SinhNam, SoKhaiSinh, DiaChi, NguoiTaoDL, IDDonVi) VALUES ('836ed132-1f29-4b10-a91e-f928c66aaa3a', N'Đinh Thị Thân', '1945-01-20', NULL, NULL, 1945, NULL, N'Trung tâm CTXH và BTXH Bình Định', N'Nguyễn Đình Tạo', 'ebbb3d73-f4c7-4405-a894-0ac684988a76');
INSERT INTO CovidChinhThuc.dbo.ThongTinHoTro (ID, IDNoiDung, IDDoiTuong, IDCaNhan, NguoiTaoDL) VALUES ('64ad9f67-c9ea-4fd4-9ab4-2831908b01ee', 6, '2a6e1659-3df9-48fb-9d72-fee104d98ccb', '836ed132-1f29-4b10-a91e-f928c66aaa3a', N'Nguyễn Đình Tạo');
INSERT INTO CovidChinhThuc.dbo.ChiTiet_BTXH (ID_ThongTin, NguoiTaoDL) VALUES ('64ad9f67-c9ea-4fd4-9ab4-2831908b01ee', N'Nguyễn Đình Tạo');
-- row: [14]);
INSERT INTO CovidChinhThuc.dbo.CaNhan (ID, HoTen, NgaySinh, CMND, NgayCap, SinhNam, SoKhaiSinh, DiaChi, NguoiTaoDL, IDDonVi) VALUES ('ed3f247f-bf2d-44f9-a98e-984ad6c21394', N'Nguyễn Thị Xuân Hương', '1921-06-20', NULL, NULL, 1921, NULL, N'Trung tâm CTXH và BTXH Bình Định', N'Nguyễn Đình Tạo', 'ebbb3d73-f4c7-4405-a894-0ac684988a76');
INSERT INTO CovidChinhThuc.dbo.ThongTinHoTro (ID, IDNoiDung, IDDoiTuong, IDCaNhan, NguoiTaoDL) VALUES ('71aa2b97-8879-4e70-bc5c-f7dac646370b', 6, '2a6e1659-3df9-48fb-9d72-fee104d98ccb', 'ed3f247f-bf2d-44f9-a98e-984ad6c21394', N'Nguyễn Đình Tạo');
INSERT INTO CovidChinhThuc.dbo.ChiTiet_BTXH (ID_ThongTin, NguoiTaoDL) VALUES ('71aa2b97-8879-4e70-bc5c-f7dac646370b', N'Nguyễn Đình Tạo');
-- row: [15]);
INSERT INTO CovidChinhThuc.dbo.CaNhan (ID, HoTen, NgaySinh, CMND, NgayCap, SinhNam, SoKhaiSinh, DiaChi, NguoiTaoDL, IDDonVi) VALUES ('e10f5f96-8e12-4a51-8608-f47c9118b531', N'Võ Thị Ngọt', '1938-01-16', '210131414', NULL, 1938, NULL, N'Trung tâm CTXH và BTXH Bình Định', N'Nguyễn Đình Tạo', 'ebbb3d73-f4c7-4405-a894-0ac684988a76');
INSERT INTO CovidChinhThuc.dbo.ThongTinHoTro (ID, IDNoiDung, IDDoiTuong, IDCaNhan, NguoiTaoDL) VALUES ('39eee0c5-d06e-4363-8669-661aa1b24ccb', 6, '2a6e1659-3df9-48fb-9d72-fee104d98ccb', 'e10f5f96-8e12-4a51-8608-f47c9118b531', N'Nguyễn Đình Tạo');
INSERT INTO CovidChinhThuc.dbo.ChiTiet_BTXH (ID_ThongTin, NguoiTaoDL) VALUES ('39eee0c5-d06e-4363-8669-661aa1b24ccb', N'Nguyễn Đình Tạo');
-- row: [16]);
INSERT INTO CovidChinhThuc.dbo.CaNhan (ID, HoTen, NgaySinh, CMND, NgayCap, SinhNam, SoKhaiSinh, DiaChi, NguoiTaoDL, IDDonVi) VALUES ('d262170f-531e-421c-82be-4c9a97f2e038', N'Nguyễn Đình Ba', '1937-04-03', '210117478', NULL, 1937, NULL, N'Trung tâm CTXH và BTXH Bình Định', N'Nguyễn Đình Tạo', 'ebbb3d73-f4c7-4405-a894-0ac684988a76');
INSERT INTO CovidChinhThuc.dbo.ThongTinHoTro (ID, IDNoiDung, IDDoiTuong, IDCaNhan, NguoiTaoDL) VALUES ('b6cccdf7-3dac-4b36-99b2-5f65d4b9ab29', 6, '2a6e1659-3df9-48fb-9d72-fee104d98ccb', 'd262170f-531e-421c-82be-4c9a97f2e038', N'Nguyễn Đình Tạo');
INSERT INTO CovidChinhThuc.dbo.ChiTiet_BTXH (ID_ThongTin, NguoiTaoDL) VALUES ('b6cccdf7-3dac-4b36-99b2-5f65d4b9ab29', N'Nguyễn Đình Tạo');
-- row: [17]);
INSERT INTO CovidChinhThuc.dbo.CaNhan (ID, HoTen, NgaySinh, CMND, NgayCap, SinhNam, SoKhaiSinh, DiaChi, NguoiTaoDL, IDDonVi) VALUES ('7e384b48-9ed0-441c-b4ff-3f37d50ba54a', N'Nguyễn Thị Khoa', '1937-02-20', '210096185', NULL, 1937, NULL, N'Trung tâm CTXH và BTXH Bình Định', N'Nguyễn Đình Tạo', 'ebbb3d73-f4c7-4405-a894-0ac684988a76');
INSERT INTO CovidChinhThuc.dbo.ThongTinHoTro (ID, IDNoiDung, IDDoiTuong, IDCaNhan, NguoiTaoDL) VALUES ('24622fd1-9050-46f2-bfd6-7add596cd9bc', 6, '2a6e1659-3df9-48fb-9d72-fee104d98ccb', '7e384b48-9ed0-441c-b4ff-3f37d50ba54a', N'Nguyễn Đình Tạo');
INSERT INTO CovidChinhThuc.dbo.ChiTiet_BTXH (ID_ThongTin, NguoiTaoDL) VALUES ('24622fd1-9050-46f2-bfd6-7add596cd9bc', N'Nguyễn Đình Tạo');
-- row: [18]);
INSERT INTO CovidChinhThuc.dbo.CaNhan (ID, HoTen, NgaySinh, CMND, NgayCap, SinhNam, SoKhaiSinh, DiaChi, NguoiTaoDL, IDDonVi) VALUES ('d55dc7eb-5648-4004-a180-7ffec992bf94', N'Nguyễn Thị Tám', '1941-01-01', NULL, NULL, 1941, NULL, N'Trung tâm CTXH và BTXH Bình Định', N'Nguyễn Đình Tạo', 'ebbb3d73-f4c7-4405-a894-0ac684988a76');
INSERT INTO CovidChinhThuc.dbo.ThongTinHoTro (ID, IDNoiDung, IDDoiTuong, IDCaNhan, NguoiTaoDL) VALUES ('018f9c08-36cb-4f51-b586-d12aebc22b8c', 6, '2a6e1659-3df9-48fb-9d72-fee104d98ccb', 'd55dc7eb-5648-4004-a180-7ffec992bf94', N'Nguyễn Đình Tạo');
INSERT INTO CovidChinhThuc.dbo.ChiTiet_BTXH (ID_ThongTin, NguoiTaoDL) VALUES ('018f9c08-36cb-4f51-b586-d12aebc22b8c', N'Nguyễn Đình Tạo');
-- row: [19]);
INSERT INTO CovidChinhThuc.dbo.CaNhan (ID, HoTen, NgaySinh, CMND, NgayCap, SinhNam, SoKhaiSinh, DiaChi, NguoiTaoDL, IDDonVi) VALUES ('24a7a746-7741-4b93-9a27-f05d8b5828c0', N'Mang Đức Long', '1941-01-01', NULL, NULL, 1941, NULL, N'Trung tâm CTXH và BTXH Bình Định', N'Nguyễn Đình Tạo', 'ebbb3d73-f4c7-4405-a894-0ac684988a76');
INSERT INTO CovidChinhThuc.dbo.ThongTinHoTro (ID, IDNoiDung, IDDoiTuong, IDCaNhan, NguoiTaoDL) VALUES ('2e93dad2-7502-4d1e-aab4-8f7f5b5b6523', 6, '2a6e1659-3df9-48fb-9d72-fee104d98ccb', '24a7a746-7741-4b93-9a27-f05d8b5828c0', N'Nguyễn Đình Tạo');
INSERT INTO CovidChinhThuc.dbo.ChiTiet_BTXH (ID_ThongTin, NguoiTaoDL) VALUES ('2e93dad2-7502-4d1e-aab4-8f7f5b5b6523', N'Nguyễn Đình Tạo');
-- row: [20]);
INSERT INTO CovidChinhThuc.dbo.CaNhan (ID, HoTen, NgaySinh, CMND, NgayCap, SinhNam, SoKhaiSinh, DiaChi, NguoiTaoDL, IDDonVi) VALUES ('67d793bf-fa6e-467d-8156-dd1e4fa3c975', N'Dương Thị Bế', '1945-01-01', NULL, NULL, 1945, NULL, N'Trung tâm CTXH và BTXH Bình Định', N'Nguyễn Đình Tạo', 'ebbb3d73-f4c7-4405-a894-0ac684988a76');
INSERT INTO CovidChinhThuc.dbo.ThongTinHoTro (ID, IDNoiDung, IDDoiTuong, IDCaNhan, NguoiTaoDL) VALUES ('29dba9b7-7dd6-4fc3-8a59-67deb7caf960', 6, '2a6e1659-3df9-48fb-9d72-fee104d98ccb', '67d793bf-fa6e-467d-8156-dd1e4fa3c975', N'Nguyễn Đình Tạo');
INSERT INTO CovidChinhThuc.dbo.ChiTiet_BTXH (ID_ThongTin, NguoiTaoDL) VALUES ('29dba9b7-7dd6-4fc3-8a59-67deb7caf960', N'Nguyễn Đình Tạo');
-- row: [21]);
INSERT INTO CovidChinhThuc.dbo.CaNhan (ID, HoTen, NgaySinh, CMND, NgayCap, SinhNam, SoKhaiSinh, DiaChi, NguoiTaoDL, IDDonVi) VALUES ('0110a52e-da0d-4574-befb-bc8b80e76c20', N'Đinh Thị Vân', '1942-01-01', NULL, NULL, 1942, NULL, N'Trung tâm CTXH và BTXH Bình Định', N'Nguyễn Đình Tạo', 'ebbb3d73-f4c7-4405-a894-0ac684988a76');
INSERT INTO CovidChinhThuc.dbo.ThongTinHoTro (ID, IDNoiDung, IDDoiTuong, IDCaNhan, NguoiTaoDL) VALUES ('509f6e3f-c030-4be5-937b-b04d58e500b2', 6, '2a6e1659-3df9-48fb-9d72-fee104d98ccb', '0110a52e-da0d-4574-befb-bc8b80e76c20', N'Nguyễn Đình Tạo');
INSERT INTO CovidChinhThuc.dbo.ChiTiet_BTXH (ID_ThongTin, NguoiTaoDL) VALUES ('509f6e3f-c030-4be5-937b-b04d58e500b2', N'Nguyễn Đình Tạo');
-- row: [22]);
INSERT INTO CovidChinhThuc.dbo.CaNhan (ID, HoTen, NgaySinh, CMND, NgayCap, SinhNam, SoKhaiSinh, DiaChi, NguoiTaoDL, IDDonVi) VALUES ('26baae2f-6590-4a05-9234-9dbe4b1abc65', N'Nguyễn Thanh Hoàng', '1936-12-20', NULL, NULL, 1936, NULL, N'Trung tâm CTXH và BTXH Bình Định', N'Nguyễn Đình Tạo', 'ebbb3d73-f4c7-4405-a894-0ac684988a76');
INSERT INTO CovidChinhThuc.dbo.ThongTinHoTro (ID, IDNoiDung, IDDoiTuong, IDCaNhan, NguoiTaoDL) VALUES ('91aa3c1a-aa30-4acb-a1e6-5c8abbf1cc0e', 6, '2a6e1659-3df9-48fb-9d72-fee104d98ccb', '26baae2f-6590-4a05-9234-9dbe4b1abc65', N'Nguyễn Đình Tạo');
INSERT INTO CovidChinhThuc.dbo.ChiTiet_BTXH (ID_ThongTin, NguoiTaoDL) VALUES ('91aa3c1a-aa30-4acb-a1e6-5c8abbf1cc0e', N'Nguyễn Đình Tạo');
-- row: [23]);
INSERT INTO CovidChinhThuc.dbo.CaNhan (ID, HoTen, NgaySinh, CMND, NgayCap, SinhNam, SoKhaiSinh, DiaChi, NguoiTaoDL, IDDonVi) VALUES ('ce198a13-f104-4c0a-b731-8f40b8b97b70', N'Nguyễn Thị Phong', '1953-01-01', '210494302', NULL, 1953, NULL, N'Trung tâm CTXH và BTXH Bình Định', N'Nguyễn Đình Tạo', 'ebbb3d73-f4c7-4405-a894-0ac684988a76');
INSERT INTO CovidChinhThuc.dbo.ThongTinHoTro (ID, IDNoiDung, IDDoiTuong, IDCaNhan, NguoiTaoDL) VALUES ('2e334f8f-e404-4bc8-bca7-05129e4c1b2b', 6, '2a6e1659-3df9-48fb-9d72-fee104d98ccb', 'ce198a13-f104-4c0a-b731-8f40b8b97b70', N'Nguyễn Đình Tạo');
INSERT INTO CovidChinhThuc.dbo.ChiTiet_BTXH (ID_ThongTin, NguoiTaoDL) VALUES ('2e334f8f-e404-4bc8-bca7-05129e4c1b2b', N'Nguyễn Đình Tạo');
-- row: [24]);
INSERT INTO CovidChinhThuc.dbo.CaNhan (ID, HoTen, NgaySinh, CMND, NgayCap, SinhNam, SoKhaiSinh, DiaChi, NguoiTaoDL, IDDonVi) VALUES ('9533ceb5-066c-4d59-b35f-0a0547f6c3e5', N'Trần Phê', '1954-03-08', NULL, NULL, 1954, NULL, N'Trung tâm CTXH và BTXH Bình Định', N'Nguyễn Đình Tạo', 'ebbb3d73-f4c7-4405-a894-0ac684988a76');
INSERT INTO CovidChinhThuc.dbo.ThongTinHoTro (ID, IDNoiDung, IDDoiTuong, IDCaNhan, NguoiTaoDL) VALUES ('db2034ee-0acd-4ddb-b136-1a2e9e0b984d', 6, '2a6e1659-3df9-48fb-9d72-fee104d98ccb', '9533ceb5-066c-4d59-b35f-0a0547f6c3e5', N'Nguyễn Đình Tạo');
INSERT INTO CovidChinhThuc.dbo.ChiTiet_BTXH (ID_ThongTin, NguoiTaoDL) VALUES ('db2034ee-0acd-4ddb-b136-1a2e9e0b984d', N'Nguyễn Đình Tạo');
-- row: [25]);
INSERT INTO CovidChinhThuc.dbo.CaNhan (ID, HoTen, NgaySinh, CMND, NgayCap, SinhNam, SoKhaiSinh, DiaChi, NguoiTaoDL, IDDonVi) VALUES ('a7e2ff97-06c0-4105-bbed-c77927ad84b8', N'Lê Thị Kim Phụng', '1956-01-01', NULL, NULL, 1956, NULL, N'Trung tâm CTXH và BTXH Bình Định', N'Nguyễn Đình Tạo', 'ebbb3d73-f4c7-4405-a894-0ac684988a76');
INSERT INTO CovidChinhThuc.dbo.ThongTinHoTro (ID, IDNoiDung, IDDoiTuong, IDCaNhan, NguoiTaoDL) VALUES ('cf0fdd16-56f4-41dd-9fd1-7dc85f334a5a', 6, '2a6e1659-3df9-48fb-9d72-fee104d98ccb', 'a7e2ff97-06c0-4105-bbed-c77927ad84b8', N'Nguyễn Đình Tạo');
INSERT INTO CovidChinhThuc.dbo.ChiTiet_BTXH (ID_ThongTin, NguoiTaoDL) VALUES ('cf0fdd16-56f4-41dd-9fd1-7dc85f334a5a', N'Nguyễn Đình Tạo');
-- row: [26]);
INSERT INTO CovidChinhThuc.dbo.CaNhan (ID, HoTen, NgaySinh, CMND, NgayCap, SinhNam, SoKhaiSinh, DiaChi, NguoiTaoDL, IDDonVi) VALUES ('fbbed6d5-20ff-44bb-acdd-aa9c01b6a934', N'Bùi Thị Mười', '1955-06-05', '215554601', NULL, 1955, NULL, N'Trung tâm CTXH và BTXH Bình Định', N'Nguyễn Đình Tạo', 'ebbb3d73-f4c7-4405-a894-0ac684988a76');
INSERT INTO CovidChinhThuc.dbo.ThongTinHoTro (ID, IDNoiDung, IDDoiTuong, IDCaNhan, NguoiTaoDL) VALUES ('5517db20-2260-4bc3-93d6-8a559599921d', 6, '29bc15f4-d068-4e0a-a0db-14fc1abdf689', 'fbbed6d5-20ff-44bb-acdd-aa9c01b6a934', N'Nguyễn Đình Tạo');
INSERT INTO CovidChinhThuc.dbo.ChiTiet_BTXH (ID_ThongTin, NguoiTaoDL) VALUES ('5517db20-2260-4bc3-93d6-8a559599921d', N'Nguyễn Đình Tạo');
-- row: [27]);
INSERT INTO CovidChinhThuc.dbo.CaNhan (ID, HoTen, NgaySinh, CMND, NgayCap, SinhNam, SoKhaiSinh, DiaChi, NguoiTaoDL, IDDonVi) VALUES ('278103d8-9d0d-48f6-899f-57103a96f80b', N'Nguyễn Lia', '1954-01-01', '215483293', NULL, 1954, NULL, N'Trung tâm CTXH và BTXH Bình Định', N'Nguyễn Đình Tạo', 'ebbb3d73-f4c7-4405-a894-0ac684988a76');
INSERT INTO CovidChinhThuc.dbo.ThongTinHoTro (ID, IDNoiDung, IDDoiTuong, IDCaNhan, NguoiTaoDL) VALUES ('2baa66d1-562e-4126-b5f8-e0c3c4975ca1', 6, '29bc15f4-d068-4e0a-a0db-14fc1abdf689', '278103d8-9d0d-48f6-899f-57103a96f80b', N'Nguyễn Đình Tạo');
INSERT INTO CovidChinhThuc.dbo.ChiTiet_BTXH (ID_ThongTin, NguoiTaoDL) VALUES ('2baa66d1-562e-4126-b5f8-e0c3c4975ca1', N'Nguyễn Đình Tạo');
-- row: [28]);
INSERT INTO CovidChinhThuc.dbo.CaNhan (ID, HoTen, NgaySinh, CMND, NgayCap, SinhNam, SoKhaiSinh, DiaChi, NguoiTaoDL, IDDonVi) VALUES ('6d5d7669-1a99-4fd3-b8bd-5a72bb5dd090', N'Phạm Bàng', '1932-01-01', '210964479', NULL, 1932, NULL, N'Trung tâm CTXH và BTXH Bình Định', N'Nguyễn Đình Tạo', 'ebbb3d73-f4c7-4405-a894-0ac684988a76');
INSERT INTO CovidChinhThuc.dbo.ThongTinHoTro (ID, IDNoiDung, IDDoiTuong, IDCaNhan, NguoiTaoDL) VALUES ('30d3d69f-569b-4346-a2a9-553a7b096267', 6, '29bc15f4-d068-4e0a-a0db-14fc1abdf689', '6d5d7669-1a99-4fd3-b8bd-5a72bb5dd090', N'Nguyễn Đình Tạo');
INSERT INTO CovidChinhThuc.dbo.ChiTiet_BTXH (ID_ThongTin, NguoiTaoDL) VALUES ('30d3d69f-569b-4346-a2a9-553a7b096267', N'Nguyễn Đình Tạo');
-- row: [29]);
INSERT INTO CovidChinhThuc.dbo.CaNhan (ID, HoTen, NgaySinh, CMND, NgayCap, SinhNam, SoKhaiSinh, DiaChi, NguoiTaoDL, IDDonVi) VALUES ('667b3fec-df29-4cfa-a460-317c5cee9ef2', N'Phan Văn Long', '1954-01-01', NULL, NULL, 1954, NULL, N'Trung tâm CTXH và BTXH Bình Định', N'Nguyễn Đình Tạo', 'ebbb3d73-f4c7-4405-a894-0ac684988a76');
INSERT INTO CovidChinhThuc.dbo.ThongTinHoTro (ID, IDNoiDung, IDDoiTuong, IDCaNhan, NguoiTaoDL) VALUES ('228c2fad-45e3-4ef9-91bb-76b5d6aa6b6a', 6, '29bc15f4-d068-4e0a-a0db-14fc1abdf689', '667b3fec-df29-4cfa-a460-317c5cee9ef2', N'Nguyễn Đình Tạo');
INSERT INTO CovidChinhThuc.dbo.ChiTiet_BTXH (ID_ThongTin, NguoiTaoDL) VALUES ('228c2fad-45e3-4ef9-91bb-76b5d6aa6b6a', N'Nguyễn Đình Tạo');
-- row: [30]);
INSERT INTO CovidChinhThuc.dbo.CaNhan (ID, HoTen, NgaySinh, CMND, NgayCap, SinhNam, SoKhaiSinh, DiaChi, NguoiTaoDL, IDDonVi) VALUES ('bf06720a-de5a-441d-88ee-f3a07c10977e', N'Nguyễn Thị Hạnh', '1949-01-01', '215484967', NULL, 1949, NULL, N'Trung tâm CTXH và BTXH Bình Định', N'Nguyễn Đình Tạo', 'ebbb3d73-f4c7-4405-a894-0ac684988a76');
INSERT INTO CovidChinhThuc.dbo.ThongTinHoTro (ID, IDNoiDung, IDDoiTuong, IDCaNhan, NguoiTaoDL) VALUES ('246aa8e8-9e89-42e2-8125-095c6c0f5e25', 6, '29bc15f4-d068-4e0a-a0db-14fc1abdf689', 'bf06720a-de5a-441d-88ee-f3a07c10977e', N'Nguyễn Đình Tạo');
INSERT INTO CovidChinhThuc.dbo.ChiTiet_BTXH (ID_ThongTin, NguoiTaoDL) VALUES ('246aa8e8-9e89-42e2-8125-095c6c0f5e25', N'Nguyễn Đình Tạo');
-- row: [31]);
INSERT INTO CovidChinhThuc.dbo.CaNhan (ID, HoTen, NgaySinh, CMND, NgayCap, SinhNam, SoKhaiSinh, DiaChi, NguoiTaoDL, IDDonVi) VALUES ('b87375c0-ef9a-4b08-bab9-74a130f1f848', N'A Liễu', '1944-01-01', '215483288', NULL, 1944, NULL, N'Trung tâm CTXH và BTXH Bình Định', N'Nguyễn Đình Tạo', 'ebbb3d73-f4c7-4405-a894-0ac684988a76');
INSERT INTO CovidChinhThuc.dbo.ThongTinHoTro (ID, IDNoiDung, IDDoiTuong, IDCaNhan, NguoiTaoDL) VALUES ('c2e4fa66-9e27-4063-b7be-9e8daaf8d689', 6, '29bc15f4-d068-4e0a-a0db-14fc1abdf689', 'b87375c0-ef9a-4b08-bab9-74a130f1f848', N'Nguyễn Đình Tạo');
INSERT INTO CovidChinhThuc.dbo.ChiTiet_BTXH (ID_ThongTin, NguoiTaoDL) VALUES ('c2e4fa66-9e27-4063-b7be-9e8daaf8d689', N'Nguyễn Đình Tạo');
-- row: [32]);
INSERT INTO CovidChinhThuc.dbo.CaNhan (ID, HoTen, NgaySinh, CMND, NgayCap, SinhNam, SoKhaiSinh, DiaChi, NguoiTaoDL, IDDonVi) VALUES ('5d6a5098-c543-46ff-b6f8-aaa0ad00859f', N'Nguyễn Thị Lộc', '1949-01-01', '215159146', NULL, 1949, NULL, N'Trung tâm CTXH và BTXH Bình Định', N'Nguyễn Đình Tạo', 'ebbb3d73-f4c7-4405-a894-0ac684988a76');
INSERT INTO CovidChinhThuc.dbo.ThongTinHoTro (ID, IDNoiDung, IDDoiTuong, IDCaNhan, NguoiTaoDL) VALUES ('583fbf6b-0af6-4047-a7d4-c6e4146e0680', 6, '29bc15f4-d068-4e0a-a0db-14fc1abdf689', '5d6a5098-c543-46ff-b6f8-aaa0ad00859f', N'Nguyễn Đình Tạo');
INSERT INTO CovidChinhThuc.dbo.ChiTiet_BTXH (ID_ThongTin, NguoiTaoDL) VALUES ('583fbf6b-0af6-4047-a7d4-c6e4146e0680', N'Nguyễn Đình Tạo');
-- row: [33]);
INSERT INTO CovidChinhThuc.dbo.CaNhan (ID, HoTen, NgaySinh, CMND, NgayCap, SinhNam, SoKhaiSinh, DiaChi, NguoiTaoDL, IDDonVi) VALUES ('cb19f160-6627-4f94-8f37-29c5c87f6d96', N'Nguyễn Văn Cò', '1954-01-01', '215484960', NULL, 1954, NULL, N'Trung tâm CTXH và BTXH Bình Định', N'Nguyễn Đình Tạo', 'ebbb3d73-f4c7-4405-a894-0ac684988a76');
INSERT INTO CovidChinhThuc.dbo.ThongTinHoTro (ID, IDNoiDung, IDDoiTuong, IDCaNhan, NguoiTaoDL) VALUES ('100f83c5-1cd9-4b34-a686-eb46c1145042', 6, '29bc15f4-d068-4e0a-a0db-14fc1abdf689', 'cb19f160-6627-4f94-8f37-29c5c87f6d96', N'Nguyễn Đình Tạo');
INSERT INTO CovidChinhThuc.dbo.ChiTiet_BTXH (ID_ThongTin, NguoiTaoDL) VALUES ('100f83c5-1cd9-4b34-a686-eb46c1145042', N'Nguyễn Đình Tạo');
-- row: [34]);
INSERT INTO CovidChinhThuc.dbo.CaNhan (ID, HoTen, NgaySinh, CMND, NgayCap, SinhNam, SoKhaiSinh, DiaChi, NguoiTaoDL, IDDonVi) VALUES ('937d54bc-61d0-4e30-a688-cbac2e4ab274', N'Lê Công Hòa', '1954-01-16', '210780484', NULL, 1954, NULL, N'Trung tâm CTXH và BTXH Bình Định', N'Nguyễn Đình Tạo', 'ebbb3d73-f4c7-4405-a894-0ac684988a76');
INSERT INTO CovidChinhThuc.dbo.ThongTinHoTro (ID, IDNoiDung, IDDoiTuong, IDCaNhan, NguoiTaoDL) VALUES ('25cb8d70-33e9-41fe-bd6c-7fedd99d7e63', 6, '29bc15f4-d068-4e0a-a0db-14fc1abdf689', '937d54bc-61d0-4e30-a688-cbac2e4ab274', N'Nguyễn Đình Tạo');
INSERT INTO CovidChinhThuc.dbo.ChiTiet_BTXH (ID_ThongTin, NguoiTaoDL) VALUES ('25cb8d70-33e9-41fe-bd6c-7fedd99d7e63', N'Nguyễn Đình Tạo');
-- row: [35]);
INSERT INTO CovidChinhThuc.dbo.CaNhan (ID, HoTen, NgaySinh, CMND, NgayCap, SinhNam, SoKhaiSinh, DiaChi, NguoiTaoDL, IDDonVi) VALUES ('34bbdcb9-5003-40b8-ae24-32226ec7780d', N'Trần Ngọc Thiệu', '1952-12-02', '215483291', NULL, 1952, NULL, N'Trung tâm CTXH và BTXH Bình Định', N'Nguyễn Đình Tạo', 'ebbb3d73-f4c7-4405-a894-0ac684988a76');
INSERT INTO CovidChinhThuc.dbo.ThongTinHoTro (ID, IDNoiDung, IDDoiTuong, IDCaNhan, NguoiTaoDL) VALUES ('7c5bd637-053c-4cca-ad2d-b2559bba36ab', 6, '29bc15f4-d068-4e0a-a0db-14fc1abdf689', '34bbdcb9-5003-40b8-ae24-32226ec7780d', N'Nguyễn Đình Tạo');
INSERT INTO CovidChinhThuc.dbo.ChiTiet_BTXH (ID_ThongTin, NguoiTaoDL) VALUES ('7c5bd637-053c-4cca-ad2d-b2559bba36ab', N'Nguyễn Đình Tạo');
-- row: [36]);
INSERT INTO CovidChinhThuc.dbo.CaNhan (ID, HoTen, NgaySinh, CMND, NgayCap, SinhNam, SoKhaiSinh, DiaChi, NguoiTaoDL, IDDonVi) VALUES ('e909ba41-3d1c-4e84-b5d5-4742347ddf3c', N'Châu Văn Ba', '1953-01-01', '215483289', NULL, 1953, NULL, N'Trung tâm CTXH và BTXH Bình Định', N'Nguyễn Đình Tạo', 'ebbb3d73-f4c7-4405-a894-0ac684988a76');
INSERT INTO CovidChinhThuc.dbo.ThongTinHoTro (ID, IDNoiDung, IDDoiTuong, IDCaNhan, NguoiTaoDL) VALUES ('091c949d-7a88-4289-93f5-3f920fd4e4ef', 6, '29bc15f4-d068-4e0a-a0db-14fc1abdf689', 'e909ba41-3d1c-4e84-b5d5-4742347ddf3c', N'Nguyễn Đình Tạo');
INSERT INTO CovidChinhThuc.dbo.ChiTiet_BTXH (ID_ThongTin, NguoiTaoDL) VALUES ('091c949d-7a88-4289-93f5-3f920fd4e4ef', N'Nguyễn Đình Tạo');
-- row: [37]);
INSERT INTO CovidChinhThuc.dbo.CaNhan (ID, HoTen, NgaySinh, CMND, NgayCap, SinhNam, SoKhaiSinh, DiaChi, NguoiTaoDL, IDDonVi) VALUES ('463f5b10-0387-4c5d-a2cc-5a736657fde0', N'Hồng Văn Lễ', '1933-10-19', '210265766', NULL, 1933, NULL, N'Trung tâm CTXH và BTXH Bình Định', N'Nguyễn Đình Tạo', 'ebbb3d73-f4c7-4405-a894-0ac684988a76');
INSERT INTO CovidChinhThuc.dbo.ThongTinHoTro (ID, IDNoiDung, IDDoiTuong, IDCaNhan, NguoiTaoDL) VALUES ('58f378a4-c982-41e6-9c64-4daa7543c1fc', 6, '29bc15f4-d068-4e0a-a0db-14fc1abdf689', '463f5b10-0387-4c5d-a2cc-5a736657fde0', N'Nguyễn Đình Tạo');
INSERT INTO CovidChinhThuc.dbo.ChiTiet_BTXH (ID_ThongTin, NguoiTaoDL) VALUES ('58f378a4-c982-41e6-9c64-4daa7543c1fc', N'Nguyễn Đình Tạo');
-- row: [38]);
INSERT INTO CovidChinhThuc.dbo.CaNhan (ID, HoTen, NgaySinh, CMND, NgayCap, SinhNam, SoKhaiSinh, DiaChi, NguoiTaoDL, IDDonVi) VALUES ('af6aeb98-8e0f-4bea-b812-3f78d322949b', N'Nguyễn Thị Sơn', '1949-01-01', NULL, NULL, 1949, NULL, N'Trung tâm CTXH và BTXH Bình Định', N'Nguyễn Đình Tạo', 'ebbb3d73-f4c7-4405-a894-0ac684988a76');
INSERT INTO CovidChinhThuc.dbo.ThongTinHoTro (ID, IDNoiDung, IDDoiTuong, IDCaNhan, NguoiTaoDL) VALUES ('335731bf-bcd4-4def-a7a7-673d8db749c2', 6, '29bc15f4-d068-4e0a-a0db-14fc1abdf689', 'af6aeb98-8e0f-4bea-b812-3f78d322949b', N'Nguyễn Đình Tạo');
INSERT INTO CovidChinhThuc.dbo.ChiTiet_BTXH (ID_ThongTin, NguoiTaoDL) VALUES ('335731bf-bcd4-4def-a7a7-673d8db749c2', N'Nguyễn Đình Tạo');
-- row: [39]);
INSERT INTO CovidChinhThuc.dbo.CaNhan (ID, HoTen, NgaySinh, CMND, NgayCap, SinhNam, SoKhaiSinh, DiaChi, NguoiTaoDL, IDDonVi) VALUES ('d46b248b-7069-4e07-a642-ab020f8b286e', N'Huỳnh Thị Ấu', '1957-08-20', '211339069', NULL, 1957, NULL, N'Trung tâm CTXH và BTXH Bình Định', N'Nguyễn Đình Tạo', 'ebbb3d73-f4c7-4405-a894-0ac684988a76');
INSERT INTO CovidChinhThuc.dbo.ThongTinHoTro (ID, IDNoiDung, IDDoiTuong, IDCaNhan, NguoiTaoDL) VALUES ('1e20fc18-c535-4632-a570-d489c8e107c4', 6, '29bc15f4-d068-4e0a-a0db-14fc1abdf689', 'd46b248b-7069-4e07-a642-ab020f8b286e', N'Nguyễn Đình Tạo');
INSERT INTO CovidChinhThuc.dbo.ChiTiet_BTXH (ID_ThongTin, NguoiTaoDL) VALUES ('1e20fc18-c535-4632-a570-d489c8e107c4', N'Nguyễn Đình Tạo');
-- row: [40]);
INSERT INTO CovidChinhThuc.dbo.CaNhan (ID, HoTen, NgaySinh, CMND, NgayCap, SinhNam, SoKhaiSinh, DiaChi, NguoiTaoDL, IDDonVi) VALUES ('e5289f64-4f7c-4120-a37c-2869d9155b12', N'Nguyễn Thị Bình', '1955-02-20', '210396113', NULL, 1955, NULL, N'Trung tâm CTXH và BTXH Bình Định', N'Nguyễn Đình Tạo', 'ebbb3d73-f4c7-4405-a894-0ac684988a76');
INSERT INTO CovidChinhThuc.dbo.ThongTinHoTro (ID, IDNoiDung, IDDoiTuong, IDCaNhan, NguoiTaoDL) VALUES ('6edbd0a3-68cd-46cd-b06b-caf28aa832e1', 6, '29bc15f4-d068-4e0a-a0db-14fc1abdf689', 'e5289f64-4f7c-4120-a37c-2869d9155b12', N'Nguyễn Đình Tạo');
INSERT INTO CovidChinhThuc.dbo.ChiTiet_BTXH (ID_ThongTin, NguoiTaoDL) VALUES ('6edbd0a3-68cd-46cd-b06b-caf28aa832e1', N'Nguyễn Đình Tạo');
-- row: [41]);
INSERT INTO CovidChinhThuc.dbo.CaNhan (ID, HoTen, NgaySinh, CMND, NgayCap, SinhNam, SoKhaiSinh, DiaChi, NguoiTaoDL, IDDonVi) VALUES ('e7be5450-af1f-4b37-8dab-37b7fd7680f1', N'Đặng Thị Hộp', '1954-05-22', '210063134', NULL, 1954, NULL, N'Trung tâm CTXH và BTXH Bình Định', N'Nguyễn Đình Tạo', 'ebbb3d73-f4c7-4405-a894-0ac684988a76');
INSERT INTO CovidChinhThuc.dbo.ThongTinHoTro (ID, IDNoiDung, IDDoiTuong, IDCaNhan, NguoiTaoDL) VALUES ('4130f5a3-b62c-41e0-b4af-aaac730cc575', 6, '29bc15f4-d068-4e0a-a0db-14fc1abdf689', 'e7be5450-af1f-4b37-8dab-37b7fd7680f1', N'Nguyễn Đình Tạo');
INSERT INTO CovidChinhThuc.dbo.ChiTiet_BTXH (ID_ThongTin, NguoiTaoDL) VALUES ('4130f5a3-b62c-41e0-b4af-aaac730cc575', N'Nguyễn Đình Tạo');
-- row: [42]);
INSERT INTO CovidChinhThuc.dbo.CaNhan (ID, HoTen, NgaySinh, CMND, NgayCap, SinhNam, SoKhaiSinh, DiaChi, NguoiTaoDL, IDDonVi) VALUES ('ed52cc38-55cf-4722-b368-3fc84ea47fdb', N'Huỳnh Thị Phiếm', '1952-07-25', '210261030', NULL, 1952, NULL, N'Trung tâm CTXH và BTXH Bình Định', N'Nguyễn Đình Tạo', 'ebbb3d73-f4c7-4405-a894-0ac684988a76');
INSERT INTO CovidChinhThuc.dbo.ThongTinHoTro (ID, IDNoiDung, IDDoiTuong, IDCaNhan, NguoiTaoDL) VALUES ('38b265b6-f9a3-4ae3-845f-a7f42a060774', 6, '29bc15f4-d068-4e0a-a0db-14fc1abdf689', 'ed52cc38-55cf-4722-b368-3fc84ea47fdb', N'Nguyễn Đình Tạo');
INSERT INTO CovidChinhThuc.dbo.ChiTiet_BTXH (ID_ThongTin, NguoiTaoDL) VALUES ('38b265b6-f9a3-4ae3-845f-a7f42a060774', N'Nguyễn Đình Tạo');
-- row: [43]);
INSERT INTO CovidChinhThuc.dbo.CaNhan (ID, HoTen, NgaySinh, CMND, NgayCap, SinhNam, SoKhaiSinh, DiaChi, NguoiTaoDL, IDDonVi) VALUES ('6a6c3c81-cea4-40ca-98e5-817ae00958dd', N'Huỳnh Thị Huê', '1956-08-08', '210593276', NULL, 1956, NULL, N'Trung tâm CTXH và BTXH Bình Định', N'Nguyễn Đình Tạo', 'ebbb3d73-f4c7-4405-a894-0ac684988a76');
INSERT INTO CovidChinhThuc.dbo.ThongTinHoTro (ID, IDNoiDung, IDDoiTuong, IDCaNhan, NguoiTaoDL) VALUES ('5603d0de-56fd-4d0b-ae7e-ab5c3370f475', 6, '29bc15f4-d068-4e0a-a0db-14fc1abdf689', '6a6c3c81-cea4-40ca-98e5-817ae00958dd', N'Nguyễn Đình Tạo');
INSERT INTO CovidChinhThuc.dbo.ChiTiet_BTXH (ID_ThongTin, NguoiTaoDL) VALUES ('5603d0de-56fd-4d0b-ae7e-ab5c3370f475', N'Nguyễn Đình Tạo');
-- row: [44]);
INSERT INTO CovidChinhThuc.dbo.CaNhan (ID, HoTen, NgaySinh, CMND, NgayCap, SinhNam, SoKhaiSinh, DiaChi, NguoiTaoDL, IDDonVi) VALUES ('7bba5d91-b1cb-4eb1-bad8-6d6db0cd3395', N'Nguyễn Thị Mười', '1962-09-10', '210287272', NULL, 1962, NULL, N'Trung tâm CTXH và BTXH Bình Định', N'Nguyễn Đình Tạo', 'ebbb3d73-f4c7-4405-a894-0ac684988a76');
INSERT INTO CovidChinhThuc.dbo.ThongTinHoTro (ID, IDNoiDung, IDDoiTuong, IDCaNhan, NguoiTaoDL) VALUES ('d33cbe96-13e2-4d87-b5c5-f3dc3d3a5195', 6, '143346c7-9803-4bdb-861f-e01ea86f9bd4', '7bba5d91-b1cb-4eb1-bad8-6d6db0cd3395', N'Nguyễn Đình Tạo');
INSERT INTO CovidChinhThuc.dbo.ChiTiet_BTXH (ID_ThongTin, NguoiTaoDL) VALUES ('d33cbe96-13e2-4d87-b5c5-f3dc3d3a5195', N'Nguyễn Đình Tạo');
-- row: [45]);
INSERT INTO CovidChinhThuc.dbo.CaNhan (ID, HoTen, NgaySinh, CMND, NgayCap, SinhNam, SoKhaiSinh, DiaChi, NguoiTaoDL, IDDonVi) VALUES ('88544c6e-309a-4de9-a7e8-a8cd1a6394f5', N'Huỳnh Thị Nguyệt', '1962-01-01', '210211292', NULL, 1962, NULL, N'Trung tâm CTXH và BTXH Bình Định', N'Nguyễn Đình Tạo', 'ebbb3d73-f4c7-4405-a894-0ac684988a76');
INSERT INTO CovidChinhThuc.dbo.ThongTinHoTro (ID, IDNoiDung, IDDoiTuong, IDCaNhan, NguoiTaoDL) VALUES ('cd6528b1-c8f1-4022-af41-11cc0b11eaa9', 6, '143346c7-9803-4bdb-861f-e01ea86f9bd4', '88544c6e-309a-4de9-a7e8-a8cd1a6394f5', N'Nguyễn Đình Tạo');
INSERT INTO CovidChinhThuc.dbo.ChiTiet_BTXH (ID_ThongTin, NguoiTaoDL) VALUES ('cd6528b1-c8f1-4022-af41-11cc0b11eaa9', N'Nguyễn Đình Tạo');
-- row: [46]);
INSERT INTO CovidChinhThuc.dbo.CaNhan (ID, HoTen, NgaySinh, CMND, NgayCap, SinhNam, SoKhaiSinh, DiaChi, NguoiTaoDL, IDDonVi) VALUES ('9d386176-f769-4d7f-bdc0-5e051cbbdc65', N'Ngô Thị Gái', '1964-04-10', '211213818', NULL, 1964, NULL, N'Trung tâm CTXH và BTXH Bình Định', N'Nguyễn Đình Tạo', 'ebbb3d73-f4c7-4405-a894-0ac684988a76');
INSERT INTO CovidChinhThuc.dbo.ThongTinHoTro (ID, IDNoiDung, IDDoiTuong, IDCaNhan, NguoiTaoDL) VALUES ('6138b18c-b857-441a-9bdd-745d3e000e4b', 6, '143346c7-9803-4bdb-861f-e01ea86f9bd4', '9d386176-f769-4d7f-bdc0-5e051cbbdc65', N'Nguyễn Đình Tạo');
INSERT INTO CovidChinhThuc.dbo.ChiTiet_BTXH (ID_ThongTin, NguoiTaoDL) VALUES ('6138b18c-b857-441a-9bdd-745d3e000e4b', N'Nguyễn Đình Tạo');
-- row: [47]);
INSERT INTO CovidChinhThuc.dbo.CaNhan (ID, HoTen, NgaySinh, CMND, NgayCap, SinhNam, SoKhaiSinh, DiaChi, NguoiTaoDL, IDDonVi) VALUES ('0f3b03a9-ac06-49c6-9f05-4ea1618f9c52', N'Nguyễn Thị Hạnh', '1964-01-01', NULL, NULL, 1964, NULL, N'Trung tâm CTXH và BTXH Bình Định', N'Nguyễn Đình Tạo', 'ebbb3d73-f4c7-4405-a894-0ac684988a76');
INSERT INTO CovidChinhThuc.dbo.ThongTinHoTro (ID, IDNoiDung, IDDoiTuong, IDCaNhan, NguoiTaoDL) VALUES ('d12d52cf-2d6f-43e1-bb7e-d2a873eec2e0', 6, '143346c7-9803-4bdb-861f-e01ea86f9bd4', '0f3b03a9-ac06-49c6-9f05-4ea1618f9c52', N'Nguyễn Đình Tạo');
INSERT INTO CovidChinhThuc.dbo.ChiTiet_BTXH (ID_ThongTin, NguoiTaoDL) VALUES ('d12d52cf-2d6f-43e1-bb7e-d2a873eec2e0', N'Nguyễn Đình Tạo');
-- row: [48]);
INSERT INTO CovidChinhThuc.dbo.CaNhan (ID, HoTen, NgaySinh, CMND, NgayCap, SinhNam, SoKhaiSinh, DiaChi, NguoiTaoDL, IDDonVi) VALUES ('9f8baa69-9e24-445d-81d6-99ed74c597c2', N'Nguyễn Ngọc Trường', '1967-01-01', NULL, NULL, 1967, NULL, N'Trung tâm CTXH và BTXH Bình Định', N'Nguyễn Đình Tạo', 'ebbb3d73-f4c7-4405-a894-0ac684988a76');
INSERT INTO CovidChinhThuc.dbo.ThongTinHoTro (ID, IDNoiDung, IDDoiTuong, IDCaNhan, NguoiTaoDL) VALUES ('801defe0-1758-47e5-ab25-323cce7098bf', 6, '143346c7-9803-4bdb-861f-e01ea86f9bd4', '9f8baa69-9e24-445d-81d6-99ed74c597c2', N'Nguyễn Đình Tạo');
INSERT INTO CovidChinhThuc.dbo.ChiTiet_BTXH (ID_ThongTin, NguoiTaoDL) VALUES ('801defe0-1758-47e5-ab25-323cce7098bf', N'Nguyễn Đình Tạo');
-- row: [49]);
INSERT INTO CovidChinhThuc.dbo.CaNhan (ID, HoTen, NgaySinh, CMND, NgayCap, SinhNam, SoKhaiSinh, DiaChi, NguoiTaoDL, IDDonVi) VALUES ('0ebc56ed-63e1-453d-ba36-e9ddb113e9ab', N'Võ Thị Lệ Hoa', '1968-01-16', NULL, NULL, 1968, NULL, N'Trung tâm CTXH và BTXH Bình Định', N'Nguyễn Đình Tạo', 'ebbb3d73-f4c7-4405-a894-0ac684988a76');
INSERT INTO CovidChinhThuc.dbo.ThongTinHoTro (ID, IDNoiDung, IDDoiTuong, IDCaNhan, NguoiTaoDL) VALUES ('0dbcc97f-23e5-471f-89f2-c940f757b946', 6, '143346c7-9803-4bdb-861f-e01ea86f9bd4', '0ebc56ed-63e1-453d-ba36-e9ddb113e9ab', N'Nguyễn Đình Tạo');
INSERT INTO CovidChinhThuc.dbo.ChiTiet_BTXH (ID_ThongTin, NguoiTaoDL) VALUES ('0dbcc97f-23e5-471f-89f2-c940f757b946', N'Nguyễn Đình Tạo');
-- row: [50]);
INSERT INTO CovidChinhThuc.dbo.CaNhan (ID, HoTen, NgaySinh, CMND, NgayCap, SinhNam, SoKhaiSinh, DiaChi, NguoiTaoDL, IDDonVi) VALUES ('3570342a-a217-4ad0-b219-c048e5b478f5', N'Y Thon', '1976-12-31', NULL, NULL, 1976, NULL, N'Trung tâm CTXH và BTXH Bình Định', N'Nguyễn Đình Tạo', 'ebbb3d73-f4c7-4405-a894-0ac684988a76');
INSERT INTO CovidChinhThuc.dbo.ThongTinHoTro (ID, IDNoiDung, IDDoiTuong, IDCaNhan, NguoiTaoDL) VALUES ('47f8fa9b-2606-4ea1-b316-3319afee2ad4', 6, '143346c7-9803-4bdb-861f-e01ea86f9bd4', '3570342a-a217-4ad0-b219-c048e5b478f5', N'Nguyễn Đình Tạo');
INSERT INTO CovidChinhThuc.dbo.ChiTiet_BTXH (ID_ThongTin, NguoiTaoDL) VALUES ('47f8fa9b-2606-4ea1-b316-3319afee2ad4', N'Nguyễn Đình Tạo');
-- row: [51]);
INSERT INTO CovidChinhThuc.dbo.CaNhan (ID, HoTen, NgaySinh, CMND, NgayCap, SinhNam, SoKhaiSinh, DiaChi, NguoiTaoDL, IDDonVi) VALUES ('a48ea95d-0c5d-447a-a04a-fc30a692522b', N'Trần Đình Hảo', '1978-01-01', '215484962', NULL, 1978, NULL, N'Trung tâm CTXH và BTXH Bình Định', N'Nguyễn Đình Tạo', 'ebbb3d73-f4c7-4405-a894-0ac684988a76');
INSERT INTO CovidChinhThuc.dbo.ThongTinHoTro (ID, IDNoiDung, IDDoiTuong, IDCaNhan, NguoiTaoDL) VALUES ('89a1771c-f01b-4932-b4a0-09d6758ddbfe', 6, '143346c7-9803-4bdb-861f-e01ea86f9bd4', 'a48ea95d-0c5d-447a-a04a-fc30a692522b', N'Nguyễn Đình Tạo');
INSERT INTO CovidChinhThuc.dbo.ChiTiet_BTXH (ID_ThongTin, NguoiTaoDL) VALUES ('89a1771c-f01b-4932-b4a0-09d6758ddbfe', N'Nguyễn Đình Tạo');
-- row: [52]);
INSERT INTO CovidChinhThuc.dbo.CaNhan (ID, HoTen, NgaySinh, CMND, NgayCap, SinhNam, SoKhaiSinh, DiaChi, NguoiTaoDL, IDDonVi) VALUES ('0d041093-68de-4315-a744-e7e6fc0ca49f', N'Nguyễn Thị Mỹ Nguyệt', '1970-04-06', '215541179', NULL, 1970, NULL, N'Trung tâm CTXH và BTXH Bình Định', N'Nguyễn Đình Tạo', 'ebbb3d73-f4c7-4405-a894-0ac684988a76');
INSERT INTO CovidChinhThuc.dbo.ThongTinHoTro (ID, IDNoiDung, IDDoiTuong, IDCaNhan, NguoiTaoDL) VALUES ('f2972ac4-a907-4175-a96d-54eb6101502c', 6, '143346c7-9803-4bdb-861f-e01ea86f9bd4', '0d041093-68de-4315-a744-e7e6fc0ca49f', N'Nguyễn Đình Tạo');
INSERT INTO CovidChinhThuc.dbo.ChiTiet_BTXH (ID_ThongTin, NguoiTaoDL) VALUES ('f2972ac4-a907-4175-a96d-54eb6101502c', N'Nguyễn Đình Tạo');
-- row: [53]);
INSERT INTO CovidChinhThuc.dbo.CaNhan (ID, HoTen, NgaySinh, CMND, NgayCap, SinhNam, SoKhaiSinh, DiaChi, NguoiTaoDL, IDDonVi) VALUES ('6e64ce4a-a51d-4dca-8515-f08377f87718', N'Nguyễn Thị Mai', '1971-04-06', '215469691', NULL, 1971, NULL, N'Trung tâm CTXH và BTXH Bình Định', N'Nguyễn Đình Tạo', 'ebbb3d73-f4c7-4405-a894-0ac684988a76');
INSERT INTO CovidChinhThuc.dbo.ThongTinHoTro (ID, IDNoiDung, IDDoiTuong, IDCaNhan, NguoiTaoDL) VALUES ('96ddfe46-9801-409e-ad85-3406337bbe2d', 6, '143346c7-9803-4bdb-861f-e01ea86f9bd4', '6e64ce4a-a51d-4dca-8515-f08377f87718', N'Nguyễn Đình Tạo');
INSERT INTO CovidChinhThuc.dbo.ChiTiet_BTXH (ID_ThongTin, NguoiTaoDL) VALUES ('96ddfe46-9801-409e-ad85-3406337bbe2d', N'Nguyễn Đình Tạo');
-- row: [54]);
INSERT INTO CovidChinhThuc.dbo.CaNhan (ID, HoTen, NgaySinh, CMND, NgayCap, SinhNam, SoKhaiSinh, DiaChi, NguoiTaoDL, IDDonVi) VALUES ('351e74a2-1489-4ba0-a9bf-d0149daf4731', N'Phan Đình Phong', '1975-01-01', NULL, NULL, 1975, NULL, N'Trung tâm CTXH và BTXH Bình Định', N'Nguyễn Đình Tạo', 'ebbb3d73-f4c7-4405-a894-0ac684988a76');
INSERT INTO CovidChinhThuc.dbo.ThongTinHoTro (ID, IDNoiDung, IDDoiTuong, IDCaNhan, NguoiTaoDL) VALUES ('8ecb0692-a790-4bb8-bd3b-ea8daf0973d7', 6, '143346c7-9803-4bdb-861f-e01ea86f9bd4', '351e74a2-1489-4ba0-a9bf-d0149daf4731', N'Nguyễn Đình Tạo');
INSERT INTO CovidChinhThuc.dbo.ChiTiet_BTXH (ID_ThongTin, NguoiTaoDL) VALUES ('8ecb0692-a790-4bb8-bd3b-ea8daf0973d7', N'Nguyễn Đình Tạo');
-- row: [55]);
INSERT INTO CovidChinhThuc.dbo.CaNhan (ID, HoTen, NgaySinh, CMND, NgayCap, SinhNam, SoKhaiSinh, DiaChi, NguoiTaoDL, IDDonVi) VALUES ('8dd5c9f1-6068-44eb-824a-68b190057dc5', N'Nguyễn Thành Phong', '2000-06-02', '215573120', NULL, 2000, NULL, N'Trung tâm CTXH và BTXH Bình Định', N'Nguyễn Đình Tạo', 'ebbb3d73-f4c7-4405-a894-0ac684988a76');
INSERT INTO CovidChinhThuc.dbo.ThongTinHoTro (ID, IDNoiDung, IDDoiTuong, IDCaNhan, NguoiTaoDL) VALUES ('285e9e49-2e3c-4088-9f7d-f1e5156a9a46', 6, '143346c7-9803-4bdb-861f-e01ea86f9bd4', '8dd5c9f1-6068-44eb-824a-68b190057dc5', N'Nguyễn Đình Tạo');
INSERT INTO CovidChinhThuc.dbo.ChiTiet_BTXH (ID_ThongTin, NguoiTaoDL) VALUES ('285e9e49-2e3c-4088-9f7d-f1e5156a9a46', N'Nguyễn Đình Tạo');
-- row: [56]);
INSERT INTO CovidChinhThuc.dbo.CaNhan (ID, HoTen, NgaySinh, CMND, NgayCap, SinhNam, SoKhaiSinh, DiaChi, NguoiTaoDL, IDDonVi) VALUES ('84c88b0c-1eb0-449b-b6d8-ab36c93a434a', N'Đặng Cát Tân', '2001-05-02', '215554599', NULL, 2001, NULL, N'Trung tâm CTXH và BTXH Bình Định', N'Nguyễn Đình Tạo', 'ebbb3d73-f4c7-4405-a894-0ac684988a76');
INSERT INTO CovidChinhThuc.dbo.ThongTinHoTro (ID, IDNoiDung, IDDoiTuong, IDCaNhan, NguoiTaoDL) VALUES ('d86e4d05-7176-4a2e-8dbf-c9b3af5dc671', 6, '143346c7-9803-4bdb-861f-e01ea86f9bd4', '84c88b0c-1eb0-449b-b6d8-ab36c93a434a', N'Nguyễn Đình Tạo');
INSERT INTO CovidChinhThuc.dbo.ChiTiet_BTXH (ID_ThongTin, NguoiTaoDL) VALUES ('d86e4d05-7176-4a2e-8dbf-c9b3af5dc671', N'Nguyễn Đình Tạo');
-- row: [57]);
INSERT INTO CovidChinhThuc.dbo.CaNhan (ID, HoTen, NgaySinh, CMND, NgayCap, SinhNam, SoKhaiSinh, DiaChi, NguoiTaoDL, IDDonVi) VALUES ('7c9aec43-6eec-4079-82b5-35ec2c35fe6d', N'Trần Văn Lạc', '1999-04-10', '215455950', NULL, 1999, NULL, N'Trung tâm CTXH và BTXH Bình Định', N'Nguyễn Đình Tạo', 'ebbb3d73-f4c7-4405-a894-0ac684988a76');
INSERT INTO CovidChinhThuc.dbo.ThongTinHoTro (ID, IDNoiDung, IDDoiTuong, IDCaNhan, NguoiTaoDL) VALUES ('6d06d91b-942f-4103-bc3e-8c22b63be6ca', 6, '143346c7-9803-4bdb-861f-e01ea86f9bd4', '7c9aec43-6eec-4079-82b5-35ec2c35fe6d', N'Nguyễn Đình Tạo');
INSERT INTO CovidChinhThuc.dbo.ChiTiet_BTXH (ID_ThongTin, NguoiTaoDL) VALUES ('6d06d91b-942f-4103-bc3e-8c22b63be6ca', N'Nguyễn Đình Tạo');
-- row: [58]);
INSERT INTO CovidChinhThuc.dbo.CaNhan (ID, HoTen, NgaySinh, CMND, NgayCap, SinhNam, SoKhaiSinh, DiaChi, NguoiTaoDL, IDDonVi) VALUES ('f09b779e-c1c1-4d8a-b18a-35f9dd129acb', N'Lê Văn Định', '1998-11-17', '215455979', NULL, 1998, NULL, N'Trung tâm CTXH và BTXH Bình Định', N'Nguyễn Đình Tạo', 'ebbb3d73-f4c7-4405-a894-0ac684988a76');
INSERT INTO CovidChinhThuc.dbo.ThongTinHoTro (ID, IDNoiDung, IDDoiTuong, IDCaNhan, NguoiTaoDL) VALUES ('e11f49b5-2211-42cf-bb8b-7ab923d8e7a6', 6, '143346c7-9803-4bdb-861f-e01ea86f9bd4', 'f09b779e-c1c1-4d8a-b18a-35f9dd129acb', N'Nguyễn Đình Tạo');
INSERT INTO CovidChinhThuc.dbo.ChiTiet_BTXH (ID_ThongTin, NguoiTaoDL) VALUES ('e11f49b5-2211-42cf-bb8b-7ab923d8e7a6', N'Nguyễn Đình Tạo');
-- row: [59]);
INSERT INTO CovidChinhThuc.dbo.CaNhan (ID, HoTen, NgaySinh, CMND, NgayCap, SinhNam, SoKhaiSinh, DiaChi, NguoiTaoDL, IDDonVi) VALUES ('686bd4d4-4b1a-4bdc-aa40-34ac8dfce0e9', N'Nguyễn Huy Hoàng', '1998-08-26', '215483299', NULL, 1998, NULL, N'Trung tâm CTXH và BTXH Bình Định', N'Nguyễn Đình Tạo', 'ebbb3d73-f4c7-4405-a894-0ac684988a76');
INSERT INTO CovidChinhThuc.dbo.ThongTinHoTro (ID, IDNoiDung, IDDoiTuong, IDCaNhan, NguoiTaoDL) VALUES ('62ba7379-1ade-470b-8d9a-b5ab1cc27b39', 6, '143346c7-9803-4bdb-861f-e01ea86f9bd4', '686bd4d4-4b1a-4bdc-aa40-34ac8dfce0e9', N'Nguyễn Đình Tạo');
INSERT INTO CovidChinhThuc.dbo.ChiTiet_BTXH (ID_ThongTin, NguoiTaoDL) VALUES ('62ba7379-1ade-470b-8d9a-b5ab1cc27b39', N'Nguyễn Đình Tạo');
-- row: [60]);
INSERT INTO CovidChinhThuc.dbo.CaNhan (ID, HoTen, NgaySinh, CMND, NgayCap, SinhNam, SoKhaiSinh, DiaChi, NguoiTaoDL, IDDonVi) VALUES ('4cbf9994-b473-464b-90d0-b32128666a89', N'Nguyễn Thị Sâm', '1983-05-16', '215483295', NULL, 1983, NULL, N'Trung tâm CTXH và BTXH Bình Định', N'Nguyễn Đình Tạo', 'ebbb3d73-f4c7-4405-a894-0ac684988a76');
INSERT INTO CovidChinhThuc.dbo.ThongTinHoTro (ID, IDNoiDung, IDDoiTuong, IDCaNhan, NguoiTaoDL) VALUES ('1081c5ed-94c2-4ab3-b42f-bbb9d2cd8f06', 6, '143346c7-9803-4bdb-861f-e01ea86f9bd4', '4cbf9994-b473-464b-90d0-b32128666a89', N'Nguyễn Đình Tạo');
INSERT INTO CovidChinhThuc.dbo.ChiTiet_BTXH (ID_ThongTin, NguoiTaoDL) VALUES ('1081c5ed-94c2-4ab3-b42f-bbb9d2cd8f06', N'Nguyễn Đình Tạo');
-- row: [61]);
INSERT INTO CovidChinhThuc.dbo.CaNhan (ID, HoTen, NgaySinh, CMND, NgayCap, SinhNam, SoKhaiSinh, DiaChi, NguoiTaoDL, IDDonVi) VALUES ('f012c4d6-37fb-4ecc-95ab-582b44ca9418', N'Trần Đình Dậu', '1970-12-10', '211366575', NULL, 1970, NULL, N'Trung tâm CTXH và BTXH Bình Định', N'Nguyễn Đình Tạo', 'ebbb3d73-f4c7-4405-a894-0ac684988a76');
INSERT INTO CovidChinhThuc.dbo.ThongTinHoTro (ID, IDNoiDung, IDDoiTuong, IDCaNhan, NguoiTaoDL) VALUES ('d47d5511-7e7f-49a5-8b9e-5014e216b047', 6, '143346c7-9803-4bdb-861f-e01ea86f9bd4', 'f012c4d6-37fb-4ecc-95ab-582b44ca9418', N'Nguyễn Đình Tạo');
INSERT INTO CovidChinhThuc.dbo.ChiTiet_BTXH (ID_ThongTin, NguoiTaoDL) VALUES ('d47d5511-7e7f-49a5-8b9e-5014e216b047', N'Nguyễn Đình Tạo');
-- row: [62]);
INSERT INTO CovidChinhThuc.dbo.CaNhan (ID, HoTen, NgaySinh, CMND, NgayCap, SinhNam, SoKhaiSinh, DiaChi, NguoiTaoDL, IDDonVi) VALUES ('324ca67b-df41-4343-b1ea-07bfa9eb3d25', N'Nguyễn Thị Tâm', '1983-12-01', '215483298', NULL, 1983, NULL, N'Trung tâm CTXH và BTXH Bình Định', N'Nguyễn Đình Tạo', 'ebbb3d73-f4c7-4405-a894-0ac684988a76');
INSERT INTO CovidChinhThuc.dbo.ThongTinHoTro (ID, IDNoiDung, IDDoiTuong, IDCaNhan, NguoiTaoDL) VALUES ('262b75ab-f581-40bd-b20e-0594e367831e', 6, '143346c7-9803-4bdb-861f-e01ea86f9bd4', '324ca67b-df41-4343-b1ea-07bfa9eb3d25', N'Nguyễn Đình Tạo');
INSERT INTO CovidChinhThuc.dbo.ChiTiet_BTXH (ID_ThongTin, NguoiTaoDL) VALUES ('262b75ab-f581-40bd-b20e-0594e367831e', N'Nguyễn Đình Tạo');
-- row: [63]);
INSERT INTO CovidChinhThuc.dbo.CaNhan (ID, HoTen, NgaySinh, CMND, NgayCap, SinhNam, SoKhaiSinh, DiaChi, NguoiTaoDL, IDDonVi) VALUES ('b80af127-bb0c-4d49-bc77-62e50fef3b84', N'Bùi Diệu Hiền', '1996-01-01', NULL, NULL, 1996, NULL, N'Trung tâm CTXH và BTXH Bình Định', N'Nguyễn Đình Tạo', 'ebbb3d73-f4c7-4405-a894-0ac684988a76');
INSERT INTO CovidChinhThuc.dbo.ThongTinHoTro (ID, IDNoiDung, IDDoiTuong, IDCaNhan, NguoiTaoDL) VALUES ('d7b5b9c6-0d19-4c40-9466-6e1cdecdda8c', 6, '143346c7-9803-4bdb-861f-e01ea86f9bd4', 'b80af127-bb0c-4d49-bc77-62e50fef3b84', N'Nguyễn Đình Tạo');
INSERT INTO CovidChinhThuc.dbo.ChiTiet_BTXH (ID_ThongTin, NguoiTaoDL) VALUES ('d7b5b9c6-0d19-4c40-9466-6e1cdecdda8c', N'Nguyễn Đình Tạo');
-- row: [64]);
INSERT INTO CovidChinhThuc.dbo.CaNhan (ID, HoTen, NgaySinh, CMND, NgayCap, SinhNam, SoKhaiSinh, DiaChi, NguoiTaoDL, IDDonVi) VALUES ('d995244c-f4a6-49bc-af26-d9f4d625d523', N'Nguyễn Thị Chút', '1995-06-16', '215292126', NULL, 1995, NULL, N'Trung tâm CTXH và BTXH Bình Định', N'Nguyễn Đình Tạo', 'ebbb3d73-f4c7-4405-a894-0ac684988a76');
INSERT INTO CovidChinhThuc.dbo.ThongTinHoTro (ID, IDNoiDung, IDDoiTuong, IDCaNhan, NguoiTaoDL) VALUES ('c8f9266b-6525-4b94-a758-931af5222504', 6, '143346c7-9803-4bdb-861f-e01ea86f9bd4', 'd995244c-f4a6-49bc-af26-d9f4d625d523', N'Nguyễn Đình Tạo');
INSERT INTO CovidChinhThuc.dbo.ChiTiet_BTXH (ID_ThongTin, NguoiTaoDL) VALUES ('c8f9266b-6525-4b94-a758-931af5222504', N'Nguyễn Đình Tạo');
-- row: [65]);
INSERT INTO CovidChinhThuc.dbo.CaNhan (ID, HoTen, NgaySinh, CMND, NgayCap, SinhNam, SoKhaiSinh, DiaChi, NguoiTaoDL, IDDonVi) VALUES ('ca623639-353c-4361-b933-31512f18c9f3', N'Nguyễn Văn Nga', '1993-04-16', '215266397', NULL, 1993, NULL, N'Trung tâm CTXH và BTXH Bình Định', N'Nguyễn Đình Tạo', 'ebbb3d73-f4c7-4405-a894-0ac684988a76');
INSERT INTO CovidChinhThuc.dbo.ThongTinHoTro (ID, IDNoiDung, IDDoiTuong, IDCaNhan, NguoiTaoDL) VALUES ('0764cf5d-e1aa-4417-8a7f-e0bcf7081c85', 6, '143346c7-9803-4bdb-861f-e01ea86f9bd4', 'ca623639-353c-4361-b933-31512f18c9f3', N'Nguyễn Đình Tạo');
INSERT INTO CovidChinhThuc.dbo.ChiTiet_BTXH (ID_ThongTin, NguoiTaoDL) VALUES ('0764cf5d-e1aa-4417-8a7f-e0bcf7081c85', N'Nguyễn Đình Tạo');
-- row: [66]);
INSERT INTO CovidChinhThuc.dbo.CaNhan (ID, HoTen, NgaySinh, CMND, NgayCap, SinhNam, SoKhaiSinh, DiaChi, NguoiTaoDL, IDDonVi) VALUES ('1c3cac3c-aab5-46ed-8809-e429e7b7650f', N'Trần Minh Châu', '1995-08-30', '215483284', NULL, 1995, NULL, N'Trung tâm CTXH và BTXH Bình Định', N'Nguyễn Đình Tạo', 'ebbb3d73-f4c7-4405-a894-0ac684988a76');
INSERT INTO CovidChinhThuc.dbo.ThongTinHoTro (ID, IDNoiDung, IDDoiTuong, IDCaNhan, NguoiTaoDL) VALUES ('4c49ed9b-39ed-45c0-9a2a-d2fe8e8764a2', 6, '143346c7-9803-4bdb-861f-e01ea86f9bd4', '1c3cac3c-aab5-46ed-8809-e429e7b7650f', N'Nguyễn Đình Tạo');
INSERT INTO CovidChinhThuc.dbo.ChiTiet_BTXH (ID_ThongTin, NguoiTaoDL) VALUES ('4c49ed9b-39ed-45c0-9a2a-d2fe8e8764a2', N'Nguyễn Đình Tạo');
-- row: [67]);
INSERT INTO CovidChinhThuc.dbo.CaNhan (ID, HoTen, NgaySinh, CMND, NgayCap, SinhNam, SoKhaiSinh, DiaChi, NguoiTaoDL, IDDonVi) VALUES ('0128f1fc-2700-4185-8de6-f05881a19437', N'Nguyễn Xuân Tình', '1990-08-30', '215483301', NULL, 1990, NULL, N'Trung tâm CTXH và BTXH Bình Định', N'Nguyễn Đình Tạo', 'ebbb3d73-f4c7-4405-a894-0ac684988a76');
INSERT INTO CovidChinhThuc.dbo.ThongTinHoTro (ID, IDNoiDung, IDDoiTuong, IDCaNhan, NguoiTaoDL) VALUES ('578c2d65-26fd-4ee8-b95d-2ef94b744688', 6, '143346c7-9803-4bdb-861f-e01ea86f9bd4', '0128f1fc-2700-4185-8de6-f05881a19437', N'Nguyễn Đình Tạo');
INSERT INTO CovidChinhThuc.dbo.ChiTiet_BTXH (ID_ThongTin, NguoiTaoDL) VALUES ('578c2d65-26fd-4ee8-b95d-2ef94b744688', N'Nguyễn Đình Tạo');
-- row: [68]);
INSERT INTO CovidChinhThuc.dbo.CaNhan (ID, HoTen, NgaySinh, CMND, NgayCap, SinhNam, SoKhaiSinh, DiaChi, NguoiTaoDL, IDDonVi) VALUES ('d18d699c-955a-4a9d-9a40-4e612017f1d3', N'Vô Danh I', '1990-01-01', NULL, NULL, 1990, NULL, N'Trung tâm CTXH và BTXH Bình Định', N'Nguyễn Đình Tạo', 'ebbb3d73-f4c7-4405-a894-0ac684988a76');
INSERT INTO CovidChinhThuc.dbo.ThongTinHoTro (ID, IDNoiDung, IDDoiTuong, IDCaNhan, NguoiTaoDL) VALUES ('cb2f860b-9cd2-45d2-b2cb-9d0cc600d0d7', 6, '143346c7-9803-4bdb-861f-e01ea86f9bd4', 'd18d699c-955a-4a9d-9a40-4e612017f1d3', N'Nguyễn Đình Tạo');
INSERT INTO CovidChinhThuc.dbo.ChiTiet_BTXH (ID_ThongTin, NguoiTaoDL) VALUES ('cb2f860b-9cd2-45d2-b2cb-9d0cc600d0d7', N'Nguyễn Đình Tạo');
-- row: [69]);
INSERT INTO CovidChinhThuc.dbo.CaNhan (ID, HoTen, NgaySinh, CMND, NgayCap, SinhNam, SoKhaiSinh, DiaChi, NguoiTaoDL, IDDonVi) VALUES ('7a70d4fd-8609-4593-badb-d00b67c95903', N'Phạm Minh Hiền', '1989-07-28', '215400260', NULL, 1989, NULL, N'Trung tâm CTXH và BTXH Bình Định', N'Nguyễn Đình Tạo', 'ebbb3d73-f4c7-4405-a894-0ac684988a76');
INSERT INTO CovidChinhThuc.dbo.ThongTinHoTro (ID, IDNoiDung, IDDoiTuong, IDCaNhan, NguoiTaoDL) VALUES ('a549f207-7b20-4e0a-a4ec-85d59d21cf92', 6, '143346c7-9803-4bdb-861f-e01ea86f9bd4', '7a70d4fd-8609-4593-badb-d00b67c95903', N'Nguyễn Đình Tạo');
INSERT INTO CovidChinhThuc.dbo.ChiTiet_BTXH (ID_ThongTin, NguoiTaoDL) VALUES ('a549f207-7b20-4e0a-a4ec-85d59d21cf92', N'Nguyễn Đình Tạo');
-- row: [70]);
INSERT INTO CovidChinhThuc.dbo.CaNhan (ID, HoTen, NgaySinh, CMND, NgayCap, SinhNam, SoKhaiSinh, DiaChi, NguoiTaoDL, IDDonVi) VALUES ('8a5ed9be-54fc-41c4-be3a-cbdd983b3a39', N'Nguyễn Thị Hiền', '1985-01-01', '215483296', NULL, 1985, NULL, N'Trung tâm CTXH và BTXH Bình Định', N'Nguyễn Đình Tạo', 'ebbb3d73-f4c7-4405-a894-0ac684988a76');
INSERT INTO CovidChinhThuc.dbo.ThongTinHoTro (ID, IDNoiDung, IDDoiTuong, IDCaNhan, NguoiTaoDL) VALUES ('7b878fea-d658-44c8-8bdf-99febb3e204c', 6, '143346c7-9803-4bdb-861f-e01ea86f9bd4', '8a5ed9be-54fc-41c4-be3a-cbdd983b3a39', N'Nguyễn Đình Tạo');
INSERT INTO CovidChinhThuc.dbo.ChiTiet_BTXH (ID_ThongTin, NguoiTaoDL) VALUES ('7b878fea-d658-44c8-8bdf-99febb3e204c', N'Nguyễn Đình Tạo');
-- row: [71]);
INSERT INTO CovidChinhThuc.dbo.CaNhan (ID, HoTen, NgaySinh, CMND, NgayCap, SinhNam, SoKhaiSinh, DiaChi, NguoiTaoDL, IDDonVi) VALUES ('698c7e99-09a5-4ca6-a38a-93fea7459d16', N'Trần Anh', '1975-08-10', '215001938', NULL, 1975, NULL, N'Trung tâm CTXH và BTXH Bình Định', N'Nguyễn Đình Tạo', 'ebbb3d73-f4c7-4405-a894-0ac684988a76');
INSERT INTO CovidChinhThuc.dbo.ThongTinHoTro (ID, IDNoiDung, IDDoiTuong, IDCaNhan, NguoiTaoDL) VALUES ('da33a9bb-398b-4d0d-bc7e-ef4df3ec70cd', 6, '143346c7-9803-4bdb-861f-e01ea86f9bd4', '698c7e99-09a5-4ca6-a38a-93fea7459d16', N'Nguyễn Đình Tạo');
INSERT INTO CovidChinhThuc.dbo.ChiTiet_BTXH (ID_ThongTin, NguoiTaoDL) VALUES ('da33a9bb-398b-4d0d-bc7e-ef4df3ec70cd', N'Nguyễn Đình Tạo');
-- row: [72]);
INSERT INTO CovidChinhThuc.dbo.CaNhan (ID, HoTen, NgaySinh, CMND, NgayCap, SinhNam, SoKhaiSinh, DiaChi, NguoiTaoDL, IDDonVi) VALUES ('5446a53c-5cd9-42eb-9525-d03c2ae420a1', N'Nguyễn Văn Thừa', '1975-12-01', '215483285', NULL, 1975, NULL, N'Trung tâm CTXH và BTXH Bình Định', N'Nguyễn Đình Tạo', 'ebbb3d73-f4c7-4405-a894-0ac684988a76');
INSERT INTO CovidChinhThuc.dbo.ThongTinHoTro (ID, IDNoiDung, IDDoiTuong, IDCaNhan, NguoiTaoDL) VALUES ('6d7878ef-02c1-4574-b792-17cd2332052d', 6, '143346c7-9803-4bdb-861f-e01ea86f9bd4', '5446a53c-5cd9-42eb-9525-d03c2ae420a1', N'Nguyễn Đình Tạo');
INSERT INTO CovidChinhThuc.dbo.ChiTiet_BTXH (ID_ThongTin, NguoiTaoDL) VALUES ('6d7878ef-02c1-4574-b792-17cd2332052d', N'Nguyễn Đình Tạo');
-- row: [73]);
INSERT INTO CovidChinhThuc.dbo.CaNhan (ID, HoTen, NgaySinh, CMND, NgayCap, SinhNam, SoKhaiSinh, DiaChi, NguoiTaoDL, IDDonVi) VALUES ('691d7463-3409-4e1b-86e7-962d5f98569e', N'Trần Thị Yến', '1979-01-01', '215484969', NULL, 1979, NULL, N'Trung tâm CTXH và BTXH Bình Định', N'Nguyễn Đình Tạo', 'ebbb3d73-f4c7-4405-a894-0ac684988a76');
INSERT INTO CovidChinhThuc.dbo.ThongTinHoTro (ID, IDNoiDung, IDDoiTuong, IDCaNhan, NguoiTaoDL) VALUES ('fbe7bd7c-69a5-49a0-9c16-d98f202e7e69', 6, '143346c7-9803-4bdb-861f-e01ea86f9bd4', '691d7463-3409-4e1b-86e7-962d5f98569e', N'Nguyễn Đình Tạo');
INSERT INTO CovidChinhThuc.dbo.ChiTiet_BTXH (ID_ThongTin, NguoiTaoDL) VALUES ('fbe7bd7c-69a5-49a0-9c16-d98f202e7e69', N'Nguyễn Đình Tạo');
-- row: [74]);
INSERT INTO CovidChinhThuc.dbo.CaNhan (ID, HoTen, NgaySinh, CMND, NgayCap, SinhNam, SoKhaiSinh, DiaChi, NguoiTaoDL, IDDonVi) VALUES ('6c9d50c2-64a3-451a-afea-2df20fd65bf2', N'Phạm Thị Thu Thúy', '1976-01-01', '215483300', NULL, 1976, NULL, N'Trung tâm CTXH và BTXH Bình Định', N'Nguyễn Đình Tạo', 'ebbb3d73-f4c7-4405-a894-0ac684988a76');
INSERT INTO CovidChinhThuc.dbo.ThongTinHoTro (ID, IDNoiDung, IDDoiTuong, IDCaNhan, NguoiTaoDL) VALUES ('09c14264-621c-40c5-a848-a3a571d5b490', 6, '143346c7-9803-4bdb-861f-e01ea86f9bd4', '6c9d50c2-64a3-451a-afea-2df20fd65bf2', N'Nguyễn Đình Tạo');
INSERT INTO CovidChinhThuc.dbo.ChiTiet_BTXH (ID_ThongTin, NguoiTaoDL) VALUES ('09c14264-621c-40c5-a848-a3a571d5b490', N'Nguyễn Đình Tạo');
-- row: [75]);
INSERT INTO CovidChinhThuc.dbo.CaNhan (ID, HoTen, NgaySinh, CMND, NgayCap, SinhNam, SoKhaiSinh, DiaChi, NguoiTaoDL, IDDonVi) VALUES ('fd8d0b97-05dd-4952-aa51-ac83addefd8d', N'Nguyễn Văn Cường', '1996-01-01', '215484975', NULL, 1996, NULL, N'Trung tâm CTXH và BTXH Bình Định', N'Nguyễn Đình Tạo', 'ebbb3d73-f4c7-4405-a894-0ac684988a76');
INSERT INTO CovidChinhThuc.dbo.ThongTinHoTro (ID, IDNoiDung, IDDoiTuong, IDCaNhan, NguoiTaoDL) VALUES ('3137a6cb-73ba-4cd6-97d7-926e0032faee', 6, '143346c7-9803-4bdb-861f-e01ea86f9bd4', 'fd8d0b97-05dd-4952-aa51-ac83addefd8d', N'Nguyễn Đình Tạo');
INSERT INTO CovidChinhThuc.dbo.ChiTiet_BTXH (ID_ThongTin, NguoiTaoDL) VALUES ('3137a6cb-73ba-4cd6-97d7-926e0032faee', N'Nguyễn Đình Tạo');
-- row: [76]);
INSERT INTO CovidChinhThuc.dbo.CaNhan (ID, HoTen, NgaySinh, CMND, NgayCap, SinhNam, SoKhaiSinh, DiaChi, NguoiTaoDL, IDDonVi) VALUES ('8a255b26-b987-4601-8387-d66614513c3c', N'Võ Thị Yến', '1990-12-10', '215483294', NULL, 1990, NULL, N'Trung tâm CTXH và BTXH Bình Định', N'Nguyễn Đình Tạo', 'ebbb3d73-f4c7-4405-a894-0ac684988a76');
INSERT INTO CovidChinhThuc.dbo.ThongTinHoTro (ID, IDNoiDung, IDDoiTuong, IDCaNhan, NguoiTaoDL) VALUES ('01d0acbb-a007-41a2-a304-bbc72d9b2781', 6, '143346c7-9803-4bdb-861f-e01ea86f9bd4', '8a255b26-b987-4601-8387-d66614513c3c', N'Nguyễn Đình Tạo');
INSERT INTO CovidChinhThuc.dbo.ChiTiet_BTXH (ID_ThongTin, NguoiTaoDL) VALUES ('01d0acbb-a007-41a2-a304-bbc72d9b2781', N'Nguyễn Đình Tạo');
-- row: [77]);
INSERT INTO CovidChinhThuc.dbo.CaNhan (ID, HoTen, NgaySinh, CMND, NgayCap, SinhNam, SoKhaiSinh, DiaChi, NguoiTaoDL, IDDonVi) VALUES ('a3806966-93a6-4f71-a586-5e83a3ace38c', N'Lê Văn Thạch', '1972-01-01', '215483286', NULL, 1972, NULL, N'Trung tâm CTXH và BTXH Bình Định', N'Nguyễn Đình Tạo', 'ebbb3d73-f4c7-4405-a894-0ac684988a76');
INSERT INTO CovidChinhThuc.dbo.ThongTinHoTro (ID, IDNoiDung, IDDoiTuong, IDCaNhan, NguoiTaoDL) VALUES ('e0e08c9a-50a8-48f7-afe4-40389c2f990d', 6, '143346c7-9803-4bdb-861f-e01ea86f9bd4', 'a3806966-93a6-4f71-a586-5e83a3ace38c', N'Nguyễn Đình Tạo');
INSERT INTO CovidChinhThuc.dbo.ChiTiet_BTXH (ID_ThongTin, NguoiTaoDL) VALUES ('e0e08c9a-50a8-48f7-afe4-40389c2f990d', N'Nguyễn Đình Tạo');
-- row: [78]);
INSERT INTO CovidChinhThuc.dbo.CaNhan (ID, HoTen, NgaySinh, CMND, NgayCap, SinhNam, SoKhaiSinh, DiaChi, NguoiTaoDL, IDDonVi) VALUES ('69574c3f-04c3-4bfd-9d3d-ce25572320d9', N'Võ Thạch Tùng', '1999-04-20', '215483283', NULL, 1999, NULL, N'Trung tâm CTXH và BTXH Bình Định', N'Nguyễn Đình Tạo', 'ebbb3d73-f4c7-4405-a894-0ac684988a76');
INSERT INTO CovidChinhThuc.dbo.ThongTinHoTro (ID, IDNoiDung, IDDoiTuong, IDCaNhan, NguoiTaoDL) VALUES ('da608db6-2873-4139-a9c5-9fc9031ba27e', 6, '143346c7-9803-4bdb-861f-e01ea86f9bd4', '69574c3f-04c3-4bfd-9d3d-ce25572320d9', N'Nguyễn Đình Tạo');
INSERT INTO CovidChinhThuc.dbo.ChiTiet_BTXH (ID_ThongTin, NguoiTaoDL) VALUES ('da608db6-2873-4139-a9c5-9fc9031ba27e', N'Nguyễn Đình Tạo');
-- row: [79]);
INSERT INTO CovidChinhThuc.dbo.CaNhan (ID, HoTen, NgaySinh, CMND, NgayCap, SinhNam, SoKhaiSinh, DiaChi, NguoiTaoDL, IDDonVi) VALUES ('918a88f5-ffd9-4549-8d6d-c252b67ab660', N'Bùi Trung Minh', '2001-04-17', '215554597', NULL, 2001, NULL, N'Trung tâm CTXH và BTXH Bình Định', N'Nguyễn Đình Tạo', 'ebbb3d73-f4c7-4405-a894-0ac684988a76');
INSERT INTO CovidChinhThuc.dbo.ThongTinHoTro (ID, IDNoiDung, IDDoiTuong, IDCaNhan, NguoiTaoDL) VALUES ('9f3eaf2d-8390-4c96-bc10-f1b0d7993efd', 6, '143346c7-9803-4bdb-861f-e01ea86f9bd4', '918a88f5-ffd9-4549-8d6d-c252b67ab660', N'Nguyễn Đình Tạo');
INSERT INTO CovidChinhThuc.dbo.ChiTiet_BTXH (ID_ThongTin, NguoiTaoDL) VALUES ('9f3eaf2d-8390-4c96-bc10-f1b0d7993efd', N'Nguyễn Đình Tạo');
-- row: [80]);
INSERT INTO CovidChinhThuc.dbo.CaNhan (ID, HoTen, NgaySinh, CMND, NgayCap, SinhNam, SoKhaiSinh, DiaChi, NguoiTaoDL, IDDonVi) VALUES ('8372db38-eb3e-4002-a9c9-241044d4e2fa', N'Nguyễn Văn Hùng', '1963-12-31', NULL, NULL, 1963, NULL, N'Trung tâm CTXH và BTXH Bình Định', N'Nguyễn Đình Tạo', 'ebbb3d73-f4c7-4405-a894-0ac684988a76');
INSERT INTO CovidChinhThuc.dbo.ThongTinHoTro (ID, IDNoiDung, IDDoiTuong, IDCaNhan, NguoiTaoDL) VALUES ('b092ff1d-5779-4e8e-944c-3420ac8e0616', 6, '143346c7-9803-4bdb-861f-e01ea86f9bd4', '8372db38-eb3e-4002-a9c9-241044d4e2fa', N'Nguyễn Đình Tạo');
INSERT INTO CovidChinhThuc.dbo.ChiTiet_BTXH (ID_ThongTin, NguoiTaoDL) VALUES ('b092ff1d-5779-4e8e-944c-3420ac8e0616', N'Nguyễn Đình Tạo');
-- row: [81]);
INSERT INTO CovidChinhThuc.dbo.CaNhan (ID, HoTen, NgaySinh, CMND, NgayCap, SinhNam, SoKhaiSinh, DiaChi, NguoiTaoDL, IDDonVi) VALUES ('a66c7a0e-9f99-4158-a00a-f3957be29af5', N'Võ Thị Như Ý', '1997-12-22', NULL, NULL, 1997, NULL, N'Trung tâm CTXH và BTXH Bình Định', N'Nguyễn Đình Tạo', 'ebbb3d73-f4c7-4405-a894-0ac684988a76');
INSERT INTO CovidChinhThuc.dbo.ThongTinHoTro (ID, IDNoiDung, IDDoiTuong, IDCaNhan, NguoiTaoDL) VALUES ('60441514-751b-4777-93a6-7f7958ff49a2', 6, '143346c7-9803-4bdb-861f-e01ea86f9bd4', 'a66c7a0e-9f99-4158-a00a-f3957be29af5', N'Nguyễn Đình Tạo');
INSERT INTO CovidChinhThuc.dbo.ChiTiet_BTXH (ID_ThongTin, NguoiTaoDL) VALUES ('60441514-751b-4777-93a6-7f7958ff49a2', N'Nguyễn Đình Tạo');
-- row: [82]);
INSERT INTO CovidChinhThuc.dbo.CaNhan (ID, HoTen, NgaySinh, CMND, NgayCap, SinhNam, SoKhaiSinh, DiaChi, NguoiTaoDL, IDDonVi) VALUES ('fa9bca36-9d10-4f76-a1a4-270ca7be0b34', N'Nguyễn Thị Tố Nga', '1990-04-16', NULL, NULL, 1990, NULL, N'Trung tâm CTXH và BTXH Bình Định', N'Nguyễn Đình Tạo', 'ebbb3d73-f4c7-4405-a894-0ac684988a76');
INSERT INTO CovidChinhThuc.dbo.ThongTinHoTro (ID, IDNoiDung, IDDoiTuong, IDCaNhan, NguoiTaoDL) VALUES ('ce12fb22-72d6-4939-97ac-11c4f55a2e03', 6, '143346c7-9803-4bdb-861f-e01ea86f9bd4', 'fa9bca36-9d10-4f76-a1a4-270ca7be0b34', N'Nguyễn Đình Tạo');
INSERT INTO CovidChinhThuc.dbo.ChiTiet_BTXH (ID_ThongTin, NguoiTaoDL) VALUES ('ce12fb22-72d6-4939-97ac-11c4f55a2e03', N'Nguyễn Đình Tạo');
-- row: [83]);
INSERT INTO CovidChinhThuc.dbo.CaNhan (ID, HoTen, NgaySinh, CMND, NgayCap, SinhNam, SoKhaiSinh, DiaChi, NguoiTaoDL, IDDonVi) VALUES ('a83da34c-5074-4cc8-812c-6381ebe0a2ef', N'Đặng Thành Hải', '1968-10-01', '211382417', NULL, 1968, NULL, N'Trung tâm CTXH và BTXH Bình Định', N'Nguyễn Đình Tạo', 'ebbb3d73-f4c7-4405-a894-0ac684988a76');
INSERT INTO CovidChinhThuc.dbo.ThongTinHoTro (ID, IDNoiDung, IDDoiTuong, IDCaNhan, NguoiTaoDL) VALUES ('645b0998-5e7f-48d3-a7cb-3e287a2d2d75', 6, '143346c7-9803-4bdb-861f-e01ea86f9bd4', 'a83da34c-5074-4cc8-812c-6381ebe0a2ef', N'Nguyễn Đình Tạo');
INSERT INTO CovidChinhThuc.dbo.ChiTiet_BTXH (ID_ThongTin, NguoiTaoDL) VALUES ('645b0998-5e7f-48d3-a7cb-3e287a2d2d75', N'Nguyễn Đình Tạo');
-- row: [84]);
INSERT INTO CovidChinhThuc.dbo.CaNhan (ID, HoTen, NgaySinh, CMND, NgayCap, SinhNam, SoKhaiSinh, DiaChi, NguoiTaoDL, IDDonVi) VALUES ('6c133df0-d03e-4f07-95e6-48b933646a39', N'Đoàn Thị Hà', '2002-01-01', NULL, NULL, 2002, NULL, N'Trung tâm CTXH và BTXH Bình Định', N'Nguyễn Đình Tạo', 'ebbb3d73-f4c7-4405-a894-0ac684988a76');
INSERT INTO CovidChinhThuc.dbo.ThongTinHoTro (ID, IDNoiDung, IDDoiTuong, IDCaNhan, NguoiTaoDL) VALUES ('5255affc-f8e0-4e30-9b86-3ffea17c30d5', 6, '143346c7-9803-4bdb-861f-e01ea86f9bd4', '6c133df0-d03e-4f07-95e6-48b933646a39', N'Nguyễn Đình Tạo');
INSERT INTO CovidChinhThuc.dbo.ChiTiet_BTXH (ID_ThongTin, NguoiTaoDL) VALUES ('5255affc-f8e0-4e30-9b86-3ffea17c30d5', N'Nguyễn Đình Tạo');
-- row: [85]);
INSERT INTO CovidChinhThuc.dbo.CaNhan (ID, HoTen, NgaySinh, CMND, NgayCap, SinhNam, SoKhaiSinh, DiaChi, NguoiTaoDL, IDDonVi) VALUES ('12e2f7a0-dc03-426a-a738-5a8c1e67949f', N'Bùi Văn Hoa', '1976-04-30', '211713340', NULL, 1976, NULL, N'Trung tâm CTXH và BTXH Bình Định', N'Nguyễn Đình Tạo', 'ebbb3d73-f4c7-4405-a894-0ac684988a76');
INSERT INTO CovidChinhThuc.dbo.ThongTinHoTro (ID, IDNoiDung, IDDoiTuong, IDCaNhan, NguoiTaoDL) VALUES ('260c5777-491d-4030-9bcd-84a4487e3724', 6, '143346c7-9803-4bdb-861f-e01ea86f9bd4', '12e2f7a0-dc03-426a-a738-5a8c1e67949f', N'Nguyễn Đình Tạo');
INSERT INTO CovidChinhThuc.dbo.ChiTiet_BTXH (ID_ThongTin, NguoiTaoDL) VALUES ('260c5777-491d-4030-9bcd-84a4487e3724', N'Nguyễn Đình Tạo');
-- row: [86]);
INSERT INTO CovidChinhThuc.dbo.CaNhan (ID, HoTen, NgaySinh, CMND, NgayCap, SinhNam, SoKhaiSinh, DiaChi, NguoiTaoDL, IDDonVi) VALUES ('c2fb917a-434f-4c5b-9c85-69f896de60a5', N'Trần Thị Mỹ Chi', '2003-11-24', NULL, NULL, 2003, N'Số: 98  Số sổ: 02/2004 xã Phước Thuận, Tuy Phước', N'Trung tâm CTXH và BTXH Bình Định', N'Nguyễn Đình Tạo', 'ebbb3d73-f4c7-4405-a894-0ac684988a76');
INSERT INTO CovidChinhThuc.dbo.ThongTinHoTro (ID, IDNoiDung, IDDoiTuong, IDCaNhan, NguoiTaoDL) VALUES ('31c882f4-eda7-44c8-acef-bc3f2c548c6c', 6, '143346c7-9803-4bdb-861f-e01ea86f9bd4', 'c2fb917a-434f-4c5b-9c85-69f896de60a5', N'Nguyễn Đình Tạo');
INSERT INTO CovidChinhThuc.dbo.ChiTiet_BTXH (ID_ThongTin, NguoiTaoDL) VALUES ('31c882f4-eda7-44c8-acef-bc3f2c548c6c', N'Nguyễn Đình Tạo');
-- row: [87]);
INSERT INTO CovidChinhThuc.dbo.CaNhan (ID, HoTen, NgaySinh, CMND, NgayCap, SinhNam, SoKhaiSinh, DiaChi, NguoiTaoDL, IDDonVi) VALUES ('43f23a53-56aa-4163-bbd4-b2f70b8db719', N'Đỗ Thanh Xuân', '2015-04-02', NULL, NULL, 2015, N'Số: 003/TLKS-BS Phường Bùi Thị Xuân, Quy Nhơn', N'Trung tâm CTXH và BTXH Bình Định', N'Nguyễn Đình Tạo', 'ebbb3d73-f4c7-4405-a894-0ac684988a76');
INSERT INTO CovidChinhThuc.dbo.ThongTinHoTro (ID, IDNoiDung, IDDoiTuong, IDCaNhan, NguoiTaoDL) VALUES ('b2edc90f-d11a-448d-a3f0-b02fe7dbd2c1', 6, '0fd76b36-fc26-454a-87e9-277ffe434bb5', '43f23a53-56aa-4163-bbd4-b2f70b8db719', N'Nguyễn Đình Tạo');
INSERT INTO CovidChinhThuc.dbo.ChiTiet_BTXH (ID_ThongTin, NguoiTaoDL) VALUES ('b2edc90f-d11a-448d-a3f0-b02fe7dbd2c1', N'Nguyễn Đình Tạo');
-- row: [88]);
INSERT INTO CovidChinhThuc.dbo.CaNhan (ID, HoTen, NgaySinh, CMND, NgayCap, SinhNam, SoKhaiSinh, DiaChi, NguoiTaoDL, IDDonVi) VALUES ('fb96f711-5e4b-4761-bd09-b59c8456eedc', N'Phạm Bảo Chung', '2013-03-18', NULL, NULL, 2013, N'Số: 215/2015 Quyển số: 02/2015 Phường Bình Định, tx An Nhơn', N'Trung tâm CTXH và BTXH Bình Định', N'Nguyễn Đình Tạo', 'ebbb3d73-f4c7-4405-a894-0ac684988a76');
INSERT INTO CovidChinhThuc.dbo.ThongTinHoTro (ID, IDNoiDung, IDDoiTuong, IDCaNhan, NguoiTaoDL) VALUES ('ef8a4775-13f9-4063-9f07-04f7aa98a5ae', 6, '0fd76b36-fc26-454a-87e9-277ffe434bb5', 'fb96f711-5e4b-4761-bd09-b59c8456eedc', N'Nguyễn Đình Tạo');
INSERT INTO CovidChinhThuc.dbo.ChiTiet_BTXH (ID_ThongTin, NguoiTaoDL) VALUES ('ef8a4775-13f9-4063-9f07-04f7aa98a5ae', N'Nguyễn Đình Tạo');
-- row: [89]);
INSERT INTO CovidChinhThuc.dbo.CaNhan (ID, HoTen, NgaySinh, CMND, NgayCap, SinhNam, SoKhaiSinh, DiaChi, NguoiTaoDL, IDDonVi) VALUES ('fccc9d1d-100a-47f1-8b4d-9e7017196fb6', N'Đoàn Đăng Khoa', '2010-09-10', NULL, NULL, 2010, N'Số: 216/2015 Quyển số: 02/2015 Phường Bình Định, tx An Nhơn', N'Trung tâm CTXH và BTXH Bình Định', N'Nguyễn Đình Tạo', 'ebbb3d73-f4c7-4405-a894-0ac684988a76');
INSERT INTO CovidChinhThuc.dbo.ThongTinHoTro (ID, IDNoiDung, IDDoiTuong, IDCaNhan, NguoiTaoDL) VALUES ('081ef102-514b-47de-b421-6603acd44225', 6, '0fd76b36-fc26-454a-87e9-277ffe434bb5', 'fccc9d1d-100a-47f1-8b4d-9e7017196fb6', N'Nguyễn Đình Tạo');
INSERT INTO CovidChinhThuc.dbo.ChiTiet_BTXH (ID_ThongTin, NguoiTaoDL) VALUES ('081ef102-514b-47de-b421-6603acd44225', N'Nguyễn Đình Tạo');
-- row: [90]);
INSERT INTO CovidChinhThuc.dbo.CaNhan (ID, HoTen, NgaySinh, CMND, NgayCap, SinhNam, SoKhaiSinh, DiaChi, NguoiTaoDL, IDDonVi) VALUES ('23567979-f01a-406c-aaa9-b4d7663c27c0', N'Tạ Công Khả Tú', '2004-12-16', NULL, NULL, 2004, N'Số: 14/KS Quyển số: 01/2015 Phường 1, Q 11, tp Hồ Chí Minh', N'Trung tâm CTXH và BTXH Bình Định', N'Nguyễn Đình Tạo', 'ebbb3d73-f4c7-4405-a894-0ac684988a76');
INSERT INTO CovidChinhThuc.dbo.ThongTinHoTro (ID, IDNoiDung, IDDoiTuong, IDCaNhan, NguoiTaoDL) VALUES ('08694f76-4f6a-40ae-b346-bac059b99d6f', 6, '0fd76b36-fc26-454a-87e9-277ffe434bb5', '23567979-f01a-406c-aaa9-b4d7663c27c0', N'Nguyễn Đình Tạo');
INSERT INTO CovidChinhThuc.dbo.ChiTiet_BTXH (ID_ThongTin, NguoiTaoDL) VALUES ('08694f76-4f6a-40ae-b346-bac059b99d6f', N'Nguyễn Đình Tạo');
-- row: [91]);
INSERT INTO CovidChinhThuc.dbo.CaNhan (ID, HoTen, NgaySinh, CMND, NgayCap, SinhNam, SoKhaiSinh, DiaChi, NguoiTaoDL, IDDonVi) VALUES ('c28fd119-3acc-4cf3-9737-73f0e53356ff', N'Nguyễn Văn Siêu', '2009-08-02', NULL, NULL, 2009, N'Số: 21/2011 Quyển số: 01/2011 Phường Bình Định, tx An Nhơn', N'Trung tâm CTXH và BTXH Bình Định', N'Nguyễn Đình Tạo', 'ebbb3d73-f4c7-4405-a894-0ac684988a76');
INSERT INTO CovidChinhThuc.dbo.ThongTinHoTro (ID, IDNoiDung, IDDoiTuong, IDCaNhan, NguoiTaoDL) VALUES ('8038d76d-ded3-45f9-955d-f579add127df', 6, '0fd76b36-fc26-454a-87e9-277ffe434bb5', 'c28fd119-3acc-4cf3-9737-73f0e53356ff', N'Nguyễn Đình Tạo');
INSERT INTO CovidChinhThuc.dbo.ChiTiet_BTXH (ID_ThongTin, NguoiTaoDL) VALUES ('8038d76d-ded3-45f9-955d-f579add127df', N'Nguyễn Đình Tạo');
-- row: [92]);
INSERT INTO CovidChinhThuc.dbo.CaNhan (ID, HoTen, NgaySinh, CMND, NgayCap, SinhNam, SoKhaiSinh, DiaChi, NguoiTaoDL, IDDonVi) VALUES ('5626c696-9058-40bd-9e17-37337f39799e', N'Nguyễn Văn Quyết', '2005-08-01', NULL, NULL, 2005, N'Số: 78 Quyển số: 01/09 Phường Bình Định, tx An Nhơn', N'Trung tâm CTXH và BTXH Bình Định', N'Nguyễn Đình Tạo', 'ebbb3d73-f4c7-4405-a894-0ac684988a76');
INSERT INTO CovidChinhThuc.dbo.ThongTinHoTro (ID, IDNoiDung, IDDoiTuong, IDCaNhan, NguoiTaoDL) VALUES ('97da677e-6bd6-4891-b2b0-2847344aa7b8', 6, NULL, '5626c696-9058-40bd-9e17-37337f39799e', N'Nguyễn Đình Tạo');
INSERT INTO CovidChinhThuc.dbo.ChiTiet_BTXH (ID_ThongTin, NguoiTaoDL) VALUES ('97da677e-6bd6-4891-b2b0-2847344aa7b8', N'Nguyễn Đình Tạo');
-- row: [93]);
INSERT INTO CovidChinhThuc.dbo.CaNhan (ID, HoTen, NgaySinh, CMND, NgayCap, SinhNam, SoKhaiSinh, DiaChi, NguoiTaoDL, IDDonVi) VALUES ('86cb8fef-f0d3-4605-af45-73b1c88a590c', N'Đặng Nhật Minh', '2006-12-02', NULL, NULL, 2006, N'Số: 277 Quyển số: 01/2006 Phường Lê Lợi, Quy Nhơn', N'Trung tâm CTXH và BTXH Bình Định', N'Nguyễn Đình Tạo', 'ebbb3d73-f4c7-4405-a894-0ac684988a76');
INSERT INTO CovidChinhThuc.dbo.ThongTinHoTro (ID, IDNoiDung, IDDoiTuong, IDCaNhan, NguoiTaoDL) VALUES ('1d620c43-30fd-498a-94af-4f887ccde848', 6, '0fd76b36-fc26-454a-87e9-277ffe434bb5', '86cb8fef-f0d3-4605-af45-73b1c88a590c', N'Nguyễn Đình Tạo');
INSERT INTO CovidChinhThuc.dbo.ChiTiet_BTXH (ID_ThongTin, NguoiTaoDL) VALUES ('1d620c43-30fd-498a-94af-4f887ccde848', N'Nguyễn Đình Tạo');
-- row: [94]);
INSERT INTO CovidChinhThuc.dbo.CaNhan (ID, HoTen, NgaySinh, CMND, NgayCap, SinhNam, SoKhaiSinh, DiaChi, NguoiTaoDL, IDDonVi) VALUES ('91cba7cc-7364-4631-8d9e-d85c7682bf3f', N'Bùi Châu Loan', '2005-12-01', NULL, NULL, 2005, N'Số: 76 Quyển số: 01/2009 Phường Bình Định, tx An Nhơn', N'Trung tâm CTXH và BTXH Bình Định', N'Nguyễn Đình Tạo', 'ebbb3d73-f4c7-4405-a894-0ac684988a76');
INSERT INTO CovidChinhThuc.dbo.ThongTinHoTro (ID, IDNoiDung, IDDoiTuong, IDCaNhan, NguoiTaoDL) VALUES ('8fe10dfa-8682-491b-b56d-275b3581e7b0', 6, '0fd76b36-fc26-454a-87e9-277ffe434bb5', '91cba7cc-7364-4631-8d9e-d85c7682bf3f', N'Nguyễn Đình Tạo');
INSERT INTO CovidChinhThuc.dbo.ChiTiet_BTXH (ID_ThongTin, NguoiTaoDL) VALUES ('8fe10dfa-8682-491b-b56d-275b3581e7b0', N'Nguyễn Đình Tạo');
-- row: [95]);
INSERT INTO CovidChinhThuc.dbo.CaNhan (ID, HoTen, NgaySinh, CMND, NgayCap, SinhNam, SoKhaiSinh, DiaChi, NguoiTaoDL, IDDonVi) VALUES ('bb4af9b5-ca4a-44de-9c5a-2bbbe256c2ff', N'Nguyễn Thị Minh Thư', '2005-06-29', NULL, NULL, 2005, NULL, N'Trung tâm CTXH và BTXH Bình Định', N'Nguyễn Đình Tạo', 'ebbb3d73-f4c7-4405-a894-0ac684988a76');
INSERT INTO CovidChinhThuc.dbo.ThongTinHoTro (ID, IDNoiDung, IDDoiTuong, IDCaNhan, NguoiTaoDL) VALUES ('ca4b6a3b-dba7-4321-9aec-bf278ae46e20', 6, '0fd76b36-fc26-454a-87e9-277ffe434bb5', 'bb4af9b5-ca4a-44de-9c5a-2bbbe256c2ff', N'Nguyễn Đình Tạo');
INSERT INTO CovidChinhThuc.dbo.ChiTiet_BTXH (ID_ThongTin, NguoiTaoDL) VALUES ('ca4b6a3b-dba7-4321-9aec-bf278ae46e20', N'Nguyễn Đình Tạo');
-- row: [96]);
INSERT INTO CovidChinhThuc.dbo.CaNhan (ID, HoTen, NgaySinh, CMND, NgayCap, SinhNam, SoKhaiSinh, DiaChi, NguoiTaoDL, IDDonVi) VALUES ('7a0895e1-0ff8-487b-9da4-442daba4e638', N'Quách Phi Thường', '2002-02-17', '215573123', NULL, 2002, NULL, N'Trung tâm CTXH và BTXH Bình Định', N'Nguyễn Đình Tạo', 'ebbb3d73-f4c7-4405-a894-0ac684988a76');
INSERT INTO CovidChinhThuc.dbo.ThongTinHoTro (ID, IDNoiDung, IDDoiTuong, IDCaNhan, NguoiTaoDL) VALUES ('0b1e60e8-5667-436b-9ed5-04caf81d4661', 6, NULL, '7a0895e1-0ff8-487b-9da4-442daba4e638', N'Nguyễn Đình Tạo');
INSERT INTO CovidChinhThuc.dbo.ChiTiet_BTXH (ID_ThongTin, NguoiTaoDL) VALUES ('0b1e60e8-5667-436b-9ed5-04caf81d4661', N'Nguyễn Đình Tạo');
-- row: [97]);
INSERT INTO CovidChinhThuc.dbo.CaNhan (ID, HoTen, NgaySinh, CMND, NgayCap, SinhNam, SoKhaiSinh, DiaChi, NguoiTaoDL, IDDonVi) VALUES ('4c316fb7-6e84-4b61-97eb-25be678cb9fc', N'Nguyễn Tấn Minh', '2002-05-04', '215573122', NULL, 2002, NULL, N'Trung tâm CTXH và BTXH Bình Định', N'Nguyễn Đình Tạo', 'ebbb3d73-f4c7-4405-a894-0ac684988a76');
INSERT INTO CovidChinhThuc.dbo.ThongTinHoTro (ID, IDNoiDung, IDDoiTuong, IDCaNhan, NguoiTaoDL) VALUES ('7ea43fc2-a790-4091-94ff-610bb8f074d7', 6, NULL, '4c316fb7-6e84-4b61-97eb-25be678cb9fc', N'Nguyễn Đình Tạo');
INSERT INTO CovidChinhThuc.dbo.ChiTiet_BTXH (ID_ThongTin, NguoiTaoDL) VALUES ('7ea43fc2-a790-4091-94ff-610bb8f074d7', N'Nguyễn Đình Tạo');
-- row: [98]);
INSERT INTO CovidChinhThuc.dbo.CaNhan (ID, HoTen, NgaySinh, CMND, NgayCap, SinhNam, SoKhaiSinh, DiaChi, NguoiTaoDL, IDDonVi) VALUES ('f573deff-9f62-4d2a-b517-caabea608805', N'Nguyễn Anh Quân', '2000-05-10', '215573121', NULL, 2000, NULL, N'Trung tâm CTXH và BTXH Bình Định', N'Nguyễn Đình Tạo', 'ebbb3d73-f4c7-4405-a894-0ac684988a76');
INSERT INTO CovidChinhThuc.dbo.ThongTinHoTro (ID, IDNoiDung, IDDoiTuong, IDCaNhan, NguoiTaoDL) VALUES ('72ac71ca-9353-4948-b31e-c257a89ad0f1', 6, NULL, 'f573deff-9f62-4d2a-b517-caabea608805', N'Nguyễn Đình Tạo');
INSERT INTO CovidChinhThuc.dbo.ChiTiet_BTXH (ID_ThongTin, NguoiTaoDL) VALUES ('72ac71ca-9353-4948-b31e-c257a89ad0f1', N'Nguyễn Đình Tạo');
