-- row: [0]);
INSERT INTO CovidChinhThuc.dbo.CaNhan (ID, HoTen, NgaySinh, CMND, SinhNam, DiaChi, IDPhuongXa, IDQuanHuyen, SoKhaiSinh, NguoiTaoDL) VALUES ('b9683136-dc4f-4929-8e1e-09b152717bf8', N'Bùi Quang Thanh', '1936-01-01', '210918274', 1936, N'Thượng Sơn', 93, 7, NULL, N'Nguyễn Đình Tạo');
INSERT INTO CovidChinhThuc.dbo.ThongTinHoTro (ID, IDNoiDung, IDDoiTuong, IDCaNhan, NguoiTaoDL) VALUES ('7f4daebc-03fb-4c32-bd33-773186a6fbc0', 6, 'EDE2F0CC-2376-438A-B5FB-FACD867E38EF', 'b9683136-dc4f-4929-8e1e-09b152717bf8', N'Nguyễn Đình Tạo');
INSERT INTO CovidChinhThuc.dbo.ChiTiet_NguoiCoCong (ID_ThongTin, NguoiTaoDL) VALUES ('7f4daebc-03fb-4c32-bd33-773186a6fbc0', N'Nguyễn Đình Tạo');
-- row: [1]);
INSERT INTO CovidChinhThuc.dbo.CaNhan (ID, HoTen, NgaySinh, CMND, SinhNam, DiaChi, IDPhuongXa, IDQuanHuyen, SoKhaiSinh, NguoiTaoDL) VALUES ('e8234e2b-42ac-4a3b-936e-92f97a2b4160', N'Bùi Thị Mau', '1952-01-01', '211030421', 1952, N'Thượng Sơn', 93, 7, NULL, N'Nguyễn Đình Tạo');
INSERT INTO CovidChinhThuc.dbo.ThongTinHoTro (ID, IDNoiDung, IDDoiTuong, IDCaNhan, NguoiTaoDL) VALUES ('4f1c0462-028e-448c-bce5-cb5c1beaa3e5', 6, 'EDE2F0CC-2376-438A-B5FB-FACD867E38EF', 'e8234e2b-42ac-4a3b-936e-92f97a2b4160', N'Nguyễn Đình Tạo');
INSERT INTO CovidChinhThuc.dbo.ChiTiet_NguoiCoCong (ID_ThongTin, NguoiTaoDL) VALUES ('4f1c0462-028e-448c-bce5-cb5c1beaa3e5', N'Nguyễn Đình Tạo');
-- row: [2]);
INSERT INTO CovidChinhThuc.dbo.CaNhan (ID, HoTen, NgaySinh, CMND, SinhNam, DiaChi, IDPhuongXa, IDQuanHuyen, SoKhaiSinh, NguoiTaoDL) VALUES ('831334bc-2fcf-4240-ad93-f12f31f01316', N'Bùi Thị Thu', '1953-01-01', '210813380', 1953, N'Hòa Thuận', 93, 7, NULL, N'Nguyễn Đình Tạo');
INSERT INTO CovidChinhThuc.dbo.ThongTinHoTro (ID, IDNoiDung, IDDoiTuong, IDCaNhan, NguoiTaoDL) VALUES ('40e61ce8-3460-4e6d-aca6-918ef06ea85b', 6, '2DE801FE-8F9D-4CB2-A1C0-E61F4503CB74', '831334bc-2fcf-4240-ad93-f12f31f01316', N'Nguyễn Đình Tạo');
INSERT INTO CovidChinhThuc.dbo.ChiTiet_NguoiCoCong (ID_ThongTin, NguoiTaoDL) VALUES ('40e61ce8-3460-4e6d-aca6-918ef06ea85b', N'Nguyễn Đình Tạo');
-- row: [3]);
INSERT INTO CovidChinhThuc.dbo.CaNhan (ID, HoTen, NgaySinh, CMND, SinhNam, DiaChi, IDPhuongXa, IDQuanHuyen, SoKhaiSinh, NguoiTaoDL) VALUES ('932e093a-55d0-4a91-9b0b-2ecec7a73664', N'Bùi Út', '1993-01-01', '215591205', 1993, N'Tiên Thuận', 93, 7, NULL, N'Nguyễn Đình Tạo');
INSERT INTO CovidChinhThuc.dbo.ThongTinHoTro (ID, IDNoiDung, IDDoiTuong, IDCaNhan, NguoiTaoDL) VALUES ('7007c831-ba60-4e87-b310-fbf8c18c3a5d', 6, 'E4E24DC6-98AE-4685-985D-47C0B48DD6FD', '932e093a-55d0-4a91-9b0b-2ecec7a73664', N'Nguyễn Đình Tạo');
INSERT INTO CovidChinhThuc.dbo.ChiTiet_NguoiCoCong (ID_ThongTin, NguoiTaoDL) VALUES ('7007c831-ba60-4e87-b310-fbf8c18c3a5d', N'Nguyễn Đình Tạo');
-- row: [4]);
INSERT INTO CovidChinhThuc.dbo.CaNhan (ID, HoTen, NgaySinh, CMND, SinhNam, DiaChi, IDPhuongXa, IDQuanHuyen, SoKhaiSinh, NguoiTaoDL) VALUES ('c14b2ebe-2f4e-4fec-8cb6-9824a6f97c61', N'Bùi Văn Thông', '1954-01-01', '210228413', 1954, N'Thượng Sơn', 93, 7, NULL, N'Nguyễn Đình Tạo');
INSERT INTO CovidChinhThuc.dbo.ThongTinHoTro (ID, IDNoiDung, IDDoiTuong, IDCaNhan, NguoiTaoDL) VALUES ('f6cf1e83-e7b8-4735-ba61-811e08f2e07d', 6, 'EDE2F0CC-2376-438A-B5FB-FACD867E38EF', 'c14b2ebe-2f4e-4fec-8cb6-9824a6f97c61', N'Nguyễn Đình Tạo');
INSERT INTO CovidChinhThuc.dbo.ChiTiet_NguoiCoCong (ID_ThongTin, NguoiTaoDL) VALUES ('f6cf1e83-e7b8-4735-ba61-811e08f2e07d', N'Nguyễn Đình Tạo');
-- row: [5]);
INSERT INTO CovidChinhThuc.dbo.CaNhan (ID, HoTen, NgaySinh, CMND, SinhNam, DiaChi, IDPhuongXa, IDQuanHuyen, SoKhaiSinh, NguoiTaoDL) VALUES ('ea1098d1-4964-49d8-87e5-920273335141', N'Châu Thị Tín', '1955-01-01', '210918156', 1955, N'Thượng Sơn', 93, 7, NULL, N'Nguyễn Đình Tạo');
INSERT INTO CovidChinhThuc.dbo.ThongTinHoTro (ID, IDNoiDung, IDDoiTuong, IDCaNhan, NguoiTaoDL) VALUES ('ac4c5238-1e2d-4c0f-a018-016872657bd8', 6, 'EDE2F0CC-2376-438A-B5FB-FACD867E38EF', 'ea1098d1-4964-49d8-87e5-920273335141', N'Nguyễn Đình Tạo');
INSERT INTO CovidChinhThuc.dbo.ChiTiet_NguoiCoCong (ID_ThongTin, NguoiTaoDL) VALUES ('ac4c5238-1e2d-4c0f-a018-016872657bd8', N'Nguyễn Đình Tạo');
-- row: [6]);
INSERT INTO CovidChinhThuc.dbo.CaNhan (ID, HoTen, NgaySinh, CMND, SinhNam, DiaChi, IDPhuongXa, IDQuanHuyen, SoKhaiSinh, NguoiTaoDL) VALUES ('5873f053-100d-49d4-8d1b-ccc93ba4ae78', N'Châu Văn Phúc', '1948-01-01', '210813168', 1948, N'Tiên Thuận', 93, 7, NULL, N'Nguyễn Đình Tạo');
INSERT INTO CovidChinhThuc.dbo.ThongTinHoTro (ID, IDNoiDung, IDDoiTuong, IDCaNhan, NguoiTaoDL) VALUES ('9af77931-dfab-4092-9d90-5607d2a780b5', 6, 'EDE2F0CC-2376-438A-B5FB-FACD867E38EF', '5873f053-100d-49d4-8d1b-ccc93ba4ae78', N'Nguyễn Đình Tạo');
INSERT INTO CovidChinhThuc.dbo.ChiTiet_NguoiCoCong (ID_ThongTin, NguoiTaoDL) VALUES ('9af77931-dfab-4092-9d90-5607d2a780b5', N'Nguyễn Đình Tạo');
-- row: [7]);
INSERT INTO CovidChinhThuc.dbo.CaNhan (ID, HoTen, NgaySinh, CMND, SinhNam, DiaChi, IDPhuongXa, IDQuanHuyen, SoKhaiSinh, NguoiTaoDL) VALUES ('bb64dc61-dd6b-424f-a7b2-1b87fd84740d', N'Đặng Thị Đức', '1933-01-01', '211839304', 1933, N'Tiên Thuận', 93, 7, NULL, N'Nguyễn Đình Tạo');
INSERT INTO CovidChinhThuc.dbo.ThongTinHoTro (ID, IDNoiDung, IDDoiTuong, IDCaNhan, NguoiTaoDL) VALUES ('83247e4d-174f-45ec-8253-7ba3f8f90722', 6, '3A65F299-2EFA-4982-BF70-81D7B5024935', 'bb64dc61-dd6b-424f-a7b2-1b87fd84740d', N'Nguyễn Đình Tạo');
INSERT INTO CovidChinhThuc.dbo.ChiTiet_NguoiCoCong (ID_ThongTin, NguoiTaoDL) VALUES ('83247e4d-174f-45ec-8253-7ba3f8f90722', N'Nguyễn Đình Tạo');
-- row: [8]);
INSERT INTO CovidChinhThuc.dbo.CaNhan (ID, HoTen, NgaySinh, CMND, SinhNam, DiaChi, IDPhuongXa, IDQuanHuyen, SoKhaiSinh, NguoiTaoDL) VALUES ('8f3c5d69-b510-489c-a115-45304a66b8ba', N'Đào Thị Lang', '1944-01-01', '210845128', 1944, N'Hòa Thuận', 93, 7, NULL, N'Nguyễn Đình Tạo');
INSERT INTO CovidChinhThuc.dbo.ThongTinHoTro (ID, IDNoiDung, IDDoiTuong, IDCaNhan, NguoiTaoDL) VALUES ('51c7d2a1-ed9e-48c0-8956-6a5b2804243f', 6, NULL, '8f3c5d69-b510-489c-a115-45304a66b8ba', N'Nguyễn Đình Tạo');
INSERT INTO CovidChinhThuc.dbo.ChiTiet_NguoiCoCong (ID_ThongTin, NguoiTaoDL) VALUES ('51c7d2a1-ed9e-48c0-8956-6a5b2804243f', N'Nguyễn Đình Tạo');
-- row: [9]);
INSERT INTO CovidChinhThuc.dbo.CaNhan (ID, HoTen, NgaySinh, CMND, SinhNam, DiaChi, IDPhuongXa, IDQuanHuyen, SoKhaiSinh, NguoiTaoDL) VALUES ('e44975b2-9596-4622-9f9d-d8d03fb80975', N'Đỗ Đình Phương', '1928-01-01', '210034091', 1928, N'Thượng Sơn', 93, 7, NULL, N'Nguyễn Đình Tạo');
INSERT INTO CovidChinhThuc.dbo.ThongTinHoTro (ID, IDNoiDung, IDDoiTuong, IDCaNhan, NguoiTaoDL) VALUES ('8805fdee-ab11-4046-8295-8c07d3fba459', 6, 'EDE2F0CC-2376-438A-B5FB-FACD867E38EF', 'e44975b2-9596-4622-9f9d-d8d03fb80975', N'Nguyễn Đình Tạo');
INSERT INTO CovidChinhThuc.dbo.ChiTiet_NguoiCoCong (ID_ThongTin, NguoiTaoDL) VALUES ('8805fdee-ab11-4046-8295-8c07d3fba459', N'Nguyễn Đình Tạo');
-- row: [10]);
INSERT INTO CovidChinhThuc.dbo.CaNhan (ID, HoTen, NgaySinh, CMND, SinhNam, DiaChi, IDPhuongXa, IDQuanHuyen, SoKhaiSinh, NguoiTaoDL) VALUES ('08bfc590-22c7-4074-80c9-c744d642a713', N'Đỗ Kim Hùng', '1938-01-01', '210813145', 1938, N'Tiên Thuận', 93, 7, NULL, N'Nguyễn Đình Tạo');
INSERT INTO CovidChinhThuc.dbo.ThongTinHoTro (ID, IDNoiDung, IDDoiTuong, IDCaNhan, NguoiTaoDL) VALUES ('9769a2d0-8ef8-45eb-9fc4-170a710fe15d', 6, '78AC3F79-5C50-4ACB-B626-E51ED3D4E8E5', '08bfc590-22c7-4074-80c9-c744d642a713', N'Nguyễn Đình Tạo');
INSERT INTO CovidChinhThuc.dbo.ChiTiet_NguoiCoCong (ID_ThongTin, NguoiTaoDL) VALUES ('9769a2d0-8ef8-45eb-9fc4-170a710fe15d', N'Nguyễn Đình Tạo');
-- row: [11]);
INSERT INTO CovidChinhThuc.dbo.CaNhan (ID, HoTen, NgaySinh, CMND, SinhNam, DiaChi, IDPhuongXa, IDQuanHuyen, SoKhaiSinh, NguoiTaoDL) VALUES ('160dece6-047a-460d-b38c-47110ade1758', N'Dương Phụng', '1928-01-01', '210918115', 1928, N'Thượng Sơn', 93, 7, NULL, N'Nguyễn Đình Tạo');
INSERT INTO CovidChinhThuc.dbo.ThongTinHoTro (ID, IDNoiDung, IDDoiTuong, IDCaNhan, NguoiTaoDL) VALUES ('f9bbaf6c-ce76-4135-b22d-53c4acbf5ccd', 6, '78AC3F79-5C50-4ACB-B626-E51ED3D4E8E5', '160dece6-047a-460d-b38c-47110ade1758', N'Nguyễn Đình Tạo');
INSERT INTO CovidChinhThuc.dbo.ChiTiet_NguoiCoCong (ID_ThongTin, NguoiTaoDL) VALUES ('f9bbaf6c-ce76-4135-b22d-53c4acbf5ccd', N'Nguyễn Đình Tạo');
-- row: [12]);
INSERT INTO CovidChinhThuc.dbo.CaNhan (ID, HoTen, NgaySinh, CMND, SinhNam, DiaChi, IDPhuongXa, IDQuanHuyen, SoKhaiSinh, NguoiTaoDL) VALUES ('eabc5c3d-5f95-41d1-8967-c7e1773d7879', N'Dương Tạnh', '1945-01-01', '210918162', 1945, N'Thượng Sơn', 93, 7, NULL, N'Nguyễn Đình Tạo');
INSERT INTO CovidChinhThuc.dbo.ThongTinHoTro (ID, IDNoiDung, IDDoiTuong, IDCaNhan, NguoiTaoDL) VALUES ('423d3073-0d22-426c-bffe-54a4c572ba26', 6, 'EDE2F0CC-2376-438A-B5FB-FACD867E38EF', 'eabc5c3d-5f95-41d1-8967-c7e1773d7879', N'Nguyễn Đình Tạo');
INSERT INTO CovidChinhThuc.dbo.ChiTiet_NguoiCoCong (ID_ThongTin, NguoiTaoDL) VALUES ('423d3073-0d22-426c-bffe-54a4c572ba26', N'Nguyễn Đình Tạo');
-- row: [13]);
INSERT INTO CovidChinhThuc.dbo.CaNhan (ID, HoTen, NgaySinh, CMND, SinhNam, DiaChi, IDPhuongXa, IDQuanHuyen, SoKhaiSinh, NguoiTaoDL) VALUES ('e1ecaf44-21d1-4fb1-9e9d-3e6e87a3beb6', N'Dương Thành Sơn', '1932-01-01', '210918164', 1932, N'Thượng Sơn', 93, 7, NULL, N'Nguyễn Đình Tạo');
INSERT INTO CovidChinhThuc.dbo.ThongTinHoTro (ID, IDNoiDung, IDDoiTuong, IDCaNhan, NguoiTaoDL) VALUES ('49823ed2-810a-45fa-91f3-bd3a9c69bb32', 6, 'EDE2F0CC-2376-438A-B5FB-FACD867E38EF', 'e1ecaf44-21d1-4fb1-9e9d-3e6e87a3beb6', N'Nguyễn Đình Tạo');
INSERT INTO CovidChinhThuc.dbo.ChiTiet_NguoiCoCong (ID_ThongTin, NguoiTaoDL) VALUES ('49823ed2-810a-45fa-91f3-bd3a9c69bb32', N'Nguyễn Đình Tạo');
-- row: [14]);
INSERT INTO CovidChinhThuc.dbo.CaNhan (ID, HoTen, NgaySinh, CMND, SinhNam, DiaChi, IDPhuongXa, IDQuanHuyen, SoKhaiSinh, NguoiTaoDL) VALUES ('e391479d-2b2c-400e-8af0-712c9912f5aa', N'Dương Thanh Tiến (Tiên)', '1950-01-01', '211303804', 1950, N'Thượng Sơn', 93, 7, NULL, N'Nguyễn Đình Tạo');
INSERT INTO CovidChinhThuc.dbo.ThongTinHoTro (ID, IDNoiDung, IDDoiTuong, IDCaNhan, NguoiTaoDL) VALUES ('1eed82dd-23fd-4aa5-86b5-6c67310e6467', 6, 'EDE2F0CC-2376-438A-B5FB-FACD867E38EF', 'e391479d-2b2c-400e-8af0-712c9912f5aa', N'Nguyễn Đình Tạo');
INSERT INTO CovidChinhThuc.dbo.ChiTiet_NguoiCoCong (ID_ThongTin, NguoiTaoDL) VALUES ('1eed82dd-23fd-4aa5-86b5-6c67310e6467', N'Nguyễn Đình Tạo');
-- row: [15]);
INSERT INTO CovidChinhThuc.dbo.CaNhan (ID, HoTen, NgaySinh, CMND, SinhNam, DiaChi, IDPhuongXa, IDQuanHuyen, SoKhaiSinh, NguoiTaoDL) VALUES ('9d90b256-a5ee-4d03-8cd6-b22d5f6fd033', N'Dương Văn (Thanh) Phương', '1900-01-01', '210918150', 1900, N'Thượng Sơn', 93, 7, NULL, N'Nguyễn Đình Tạo');
INSERT INTO CovidChinhThuc.dbo.ThongTinHoTro (ID, IDNoiDung, IDDoiTuong, IDCaNhan, NguoiTaoDL) VALUES ('7ca3de0e-920e-42bf-8104-090bb6078fd7', 6, 'EDE2F0CC-2376-438A-B5FB-FACD867E38EF', '9d90b256-a5ee-4d03-8cd6-b22d5f6fd033', N'Nguyễn Đình Tạo');
INSERT INTO CovidChinhThuc.dbo.ChiTiet_NguoiCoCong (ID_ThongTin, NguoiTaoDL) VALUES ('7ca3de0e-920e-42bf-8104-090bb6078fd7', N'Nguyễn Đình Tạo');
-- row: [16]);
INSERT INTO CovidChinhThuc.dbo.CaNhan (ID, HoTen, NgaySinh, CMND, SinhNam, DiaChi, IDPhuongXa, IDQuanHuyen, SoKhaiSinh, NguoiTaoDL) VALUES ('f6a26540-a6d0-4d66-9608-8fbefe9e2d64', N'Hà Văn Thông', '1960-01-01', '210813380', 1960, N'Hòa Thuận', 93, 7, NULL, N'Nguyễn Đình Tạo');
INSERT INTO CovidChinhThuc.dbo.ThongTinHoTro (ID, IDNoiDung, IDDoiTuong, IDCaNhan, NguoiTaoDL) VALUES ('19336b9b-7330-4019-8601-f85b63322f96', 6, 'EDE2F0CC-2376-438A-B5FB-FACD867E38EF', 'f6a26540-a6d0-4d66-9608-8fbefe9e2d64', N'Nguyễn Đình Tạo');
INSERT INTO CovidChinhThuc.dbo.ChiTiet_NguoiCoCong (ID_ThongTin, NguoiTaoDL) VALUES ('19336b9b-7330-4019-8601-f85b63322f96', N'Nguyễn Đình Tạo');
-- row: [17]);
INSERT INTO CovidChinhThuc.dbo.CaNhan (ID, HoTen, NgaySinh, CMND, SinhNam, DiaChi, IDPhuongXa, IDQuanHuyen, SoKhaiSinh, NguoiTaoDL) VALUES ('32afae4e-1ef2-4e8c-9115-f354e2521600', N'Hồ Long', '1946-01-01', '201918053', 1946, N'Thượng Sơn', 93, 7, NULL, N'Nguyễn Đình Tạo');
INSERT INTO CovidChinhThuc.dbo.ThongTinHoTro (ID, IDNoiDung, IDDoiTuong, IDCaNhan, NguoiTaoDL) VALUES ('5e28d22b-8dc9-46c8-9c90-5d83f15466b8', 6, 'EDE2F0CC-2376-438A-B5FB-FACD867E38EF', '32afae4e-1ef2-4e8c-9115-f354e2521600', N'Nguyễn Đình Tạo');
INSERT INTO CovidChinhThuc.dbo.ChiTiet_NguoiCoCong (ID_ThongTin, NguoiTaoDL) VALUES ('5e28d22b-8dc9-46c8-9c90-5d83f15466b8', N'Nguyễn Đình Tạo');
-- row: [18]);
INSERT INTO CovidChinhThuc.dbo.CaNhan (ID, HoTen, NgaySinh, CMND, SinhNam, DiaChi, IDPhuongXa, IDQuanHuyen, SoKhaiSinh, NguoiTaoDL) VALUES ('b09e3941-8042-4a14-9af1-4ce788f22112', N'Hồ Phú', '1920-01-01', '210943682', 1920, N'Trung Sơn', 93, 7, NULL, N'Nguyễn Đình Tạo');
INSERT INTO CovidChinhThuc.dbo.ThongTinHoTro (ID, IDNoiDung, IDDoiTuong, IDCaNhan, NguoiTaoDL) VALUES ('7993cd1d-adee-427e-b2b6-cdf37897f80a', 6, '3A65F299-2EFA-4982-BF70-81D7B5024935', 'b09e3941-8042-4a14-9af1-4ce788f22112', N'Nguyễn Đình Tạo');
INSERT INTO CovidChinhThuc.dbo.ChiTiet_NguoiCoCong (ID_ThongTin, NguoiTaoDL) VALUES ('7993cd1d-adee-427e-b2b6-cdf37897f80a', N'Nguyễn Đình Tạo');
-- row: [19]);
INSERT INTO CovidChinhThuc.dbo.CaNhan (ID, HoTen, NgaySinh, CMND, SinhNam, DiaChi, IDPhuongXa, IDQuanHuyen, SoKhaiSinh, NguoiTaoDL) VALUES ('a00821f9-a441-4e3d-ac85-dcc89ed5bfc6', N'Hồ Thái Long', '1941-01-01', '210943836', 1941, N'Thượng Sơn', 93, 7, NULL, N'Nguyễn Đình Tạo');
INSERT INTO CovidChinhThuc.dbo.ThongTinHoTro (ID, IDNoiDung, IDDoiTuong, IDCaNhan, NguoiTaoDL) VALUES ('ddf1c0f1-c99b-4ba0-87e1-c94968e74974', 6, 'EDE2F0CC-2376-438A-B5FB-FACD867E38EF', 'a00821f9-a441-4e3d-ac85-dcc89ed5bfc6', N'Nguyễn Đình Tạo');
INSERT INTO CovidChinhThuc.dbo.ChiTiet_NguoiCoCong (ID_ThongTin, NguoiTaoDL) VALUES ('ddf1c0f1-c99b-4ba0-87e1-c94968e74974', N'Nguyễn Đình Tạo');
-- row: [20]);
INSERT INTO CovidChinhThuc.dbo.CaNhan (ID, HoTen, NgaySinh, CMND, SinhNam, DiaChi, IDPhuongXa, IDQuanHuyen, SoKhaiSinh, NguoiTaoDL) VALUES ('67e3d789-f1fd-4a78-96f7-02962bfd12aa', N'Hồ Thanh Hải', '1934-01-01', '210933807', 1934, N'Thượng Sơn', 93, 7, NULL, N'Nguyễn Đình Tạo');
INSERT INTO CovidChinhThuc.dbo.ThongTinHoTro (ID, IDNoiDung, IDDoiTuong, IDCaNhan, NguoiTaoDL) VALUES ('0953a23b-6434-4dde-b424-c43ded79b32c', 6, 'EDE2F0CC-2376-438A-B5FB-FACD867E38EF', '67e3d789-f1fd-4a78-96f7-02962bfd12aa', N'Nguyễn Đình Tạo');
INSERT INTO CovidChinhThuc.dbo.ChiTiet_NguoiCoCong (ID_ThongTin, NguoiTaoDL) VALUES ('0953a23b-6434-4dde-b424-c43ded79b32c', N'Nguyễn Đình Tạo');
-- row: [21]);
INSERT INTO CovidChinhThuc.dbo.CaNhan (ID, HoTen, NgaySinh, CMND, SinhNam, DiaChi, IDPhuongXa, IDQuanHuyen, SoKhaiSinh, NguoiTaoDL) VALUES ('34cd062b-10ec-42da-91c3-903f352f89d3', N'Hồ Thị Hạnh', '1953-01-01', '210002222', 1953, N'Trung Sơn', 93, 7, NULL, N'Nguyễn Đình Tạo');
INSERT INTO CovidChinhThuc.dbo.ThongTinHoTro (ID, IDNoiDung, IDDoiTuong, IDCaNhan, NguoiTaoDL) VALUES ('ae0d7977-8eb5-457e-b6ee-dc20062654cc', 6, 'EDE2F0CC-2376-438A-B5FB-FACD867E38EF', '34cd062b-10ec-42da-91c3-903f352f89d3', N'Nguyễn Đình Tạo');
INSERT INTO CovidChinhThuc.dbo.ChiTiet_NguoiCoCong (ID_ThongTin, NguoiTaoDL) VALUES ('ae0d7977-8eb5-457e-b6ee-dc20062654cc', N'Nguyễn Đình Tạo');
-- row: [22]);
INSERT INTO CovidChinhThuc.dbo.CaNhan (ID, HoTen, NgaySinh, CMND, SinhNam, DiaChi, IDPhuongXa, IDQuanHuyen, SoKhaiSinh, NguoiTaoDL) VALUES ('9cb9c5c6-184b-423e-a301-58b1f3b93861', N'Hồ Thị Hường', '1930-01-01', '215243594', 1930, N'Trung Sơn', 93, 7, NULL, N'Nguyễn Đình Tạo');
INSERT INTO CovidChinhThuc.dbo.ThongTinHoTro (ID, IDNoiDung, IDDoiTuong, IDCaNhan, NguoiTaoDL) VALUES ('691747f2-2b91-4836-976c-d74af65eb00e', 6, '2DE801FE-8F9D-4CB2-A1C0-E61F4503CB74', '9cb9c5c6-184b-423e-a301-58b1f3b93861', N'Nguyễn Đình Tạo');
INSERT INTO CovidChinhThuc.dbo.ChiTiet_NguoiCoCong (ID_ThongTin, NguoiTaoDL) VALUES ('691747f2-2b91-4836-976c-d74af65eb00e', N'Nguyễn Đình Tạo');
-- row: [23]);
INSERT INTO CovidChinhThuc.dbo.CaNhan (ID, HoTen, NgaySinh, CMND, SinhNam, DiaChi, IDPhuongXa, IDQuanHuyen, SoKhaiSinh, NguoiTaoDL) VALUES ('92decb9c-a20d-4dd4-b86c-140ce361b3bb', N'Hồ Thị Tuyết', '1950-01-01', '210918398', 1950, N'Thượng Sơn', 93, 7, NULL, N'Nguyễn Đình Tạo');
INSERT INTO CovidChinhThuc.dbo.ThongTinHoTro (ID, IDNoiDung, IDDoiTuong, IDCaNhan, NguoiTaoDL) VALUES ('1cfcf6e0-1169-4e03-91fe-0447a3975b74', 6, 'EDE2F0CC-2376-438A-B5FB-FACD867E38EF', '92decb9c-a20d-4dd4-b86c-140ce361b3bb', N'Nguyễn Đình Tạo');
INSERT INTO CovidChinhThuc.dbo.ChiTiet_NguoiCoCong (ID_ThongTin, NguoiTaoDL) VALUES ('1cfcf6e0-1169-4e03-91fe-0447a3975b74', N'Nguyễn Đình Tạo');
-- row: [24]);
INSERT INTO CovidChinhThuc.dbo.CaNhan (ID, HoTen, NgaySinh, CMND, SinhNam, DiaChi, IDPhuongXa, IDQuanHuyen, SoKhaiSinh, NguoiTaoDL) VALUES ('84277558-be59-4d6d-9ab8-577288e14619', N'Hồ Thị Tuyết Mai', '1950-01-01', '210918169', 1950, N'Thượng Sơn', 93, 7, NULL, N'Nguyễn Đình Tạo');
INSERT INTO CovidChinhThuc.dbo.ThongTinHoTro (ID, IDNoiDung, IDDoiTuong, IDCaNhan, NguoiTaoDL) VALUES ('2e2744d6-bb52-4caf-ae94-0585003198c8', 6, 'EDE2F0CC-2376-438A-B5FB-FACD867E38EF', '84277558-be59-4d6d-9ab8-577288e14619', N'Nguyễn Đình Tạo');
INSERT INTO CovidChinhThuc.dbo.ChiTiet_NguoiCoCong (ID_ThongTin, NguoiTaoDL) VALUES ('2e2744d6-bb52-4caf-ae94-0585003198c8', N'Nguyễn Đình Tạo');
-- row: [25]);
INSERT INTO CovidChinhThuc.dbo.CaNhan (ID, HoTen, NgaySinh, CMND, SinhNam, DiaChi, IDPhuongXa, IDQuanHuyen, SoKhaiSinh, NguoiTaoDL) VALUES ('6d3376b0-d636-4b90-a742-75f3782f6ab3', N'Huỳnh Ngọc Chi', '1948-01-01', '210813433', 1948, N'Thượng Sơn', 93, 7, NULL, N'Nguyễn Đình Tạo');
INSERT INTO CovidChinhThuc.dbo.ThongTinHoTro (ID, IDNoiDung, IDDoiTuong, IDCaNhan, NguoiTaoDL) VALUES ('86cf013a-733d-4e91-a2f3-7e1079973866', 6, 'EDE2F0CC-2376-438A-B5FB-FACD867E38EF', '6d3376b0-d636-4b90-a742-75f3782f6ab3', N'Nguyễn Đình Tạo');
INSERT INTO CovidChinhThuc.dbo.ChiTiet_NguoiCoCong (ID_ThongTin, NguoiTaoDL) VALUES ('86cf013a-733d-4e91-a2f3-7e1079973866', N'Nguyễn Đình Tạo');
-- row: [26]);
INSERT INTO CovidChinhThuc.dbo.CaNhan (ID, HoTen, NgaySinh, CMND, SinhNam, DiaChi, IDPhuongXa, IDQuanHuyen, SoKhaiSinh, NguoiTaoDL) VALUES ('87672b0e-a913-465e-99c4-8c8ed514bf0d', N'Huỳnh Ngọc Diệp', '1947-01-01', '210918090', 1947, N'Tiên Thuận', 93, 7, NULL, N'Nguyễn Đình Tạo');
INSERT INTO CovidChinhThuc.dbo.ThongTinHoTro (ID, IDNoiDung, IDDoiTuong, IDCaNhan, NguoiTaoDL) VALUES ('e584bc6d-2481-4ef1-bf95-bee25f70f239', 6, 'EDE2F0CC-2376-438A-B5FB-FACD867E38EF', '87672b0e-a913-465e-99c4-8c8ed514bf0d', N'Nguyễn Đình Tạo');
INSERT INTO CovidChinhThuc.dbo.ChiTiet_NguoiCoCong (ID_ThongTin, NguoiTaoDL) VALUES ('e584bc6d-2481-4ef1-bf95-bee25f70f239', N'Nguyễn Đình Tạo');
-- row: [27]);
INSERT INTO CovidChinhThuc.dbo.CaNhan (ID, HoTen, NgaySinh, CMND, SinhNam, DiaChi, IDPhuongXa, IDQuanHuyen, SoKhaiSinh, NguoiTaoDL) VALUES ('72fb6a02-9c57-4697-93e1-2850244f5db6', N'Huỳnh Phúc Châu', '1954-01-01', '210981786', 1954, N'Tiên Thuận', 93, 7, NULL, N'Nguyễn Đình Tạo');
INSERT INTO CovidChinhThuc.dbo.ThongTinHoTro (ID, IDNoiDung, IDDoiTuong, IDCaNhan, NguoiTaoDL) VALUES ('28946e5b-78e9-42fa-a952-24ca7955e695', 6, '2DE801FE-8F9D-4CB2-A1C0-E61F4503CB74', '72fb6a02-9c57-4697-93e1-2850244f5db6', N'Nguyễn Đình Tạo');
INSERT INTO CovidChinhThuc.dbo.ChiTiet_NguoiCoCong (ID_ThongTin, NguoiTaoDL) VALUES ('28946e5b-78e9-42fa-a952-24ca7955e695', N'Nguyễn Đình Tạo');
-- row: [28]);
INSERT INTO CovidChinhThuc.dbo.CaNhan (ID, HoTen, NgaySinh, CMND, SinhNam, DiaChi, IDPhuongXa, IDQuanHuyen, SoKhaiSinh, NguoiTaoDL) VALUES ('b59d9630-a050-4a59-9040-b71647642a1e', N'Huỳnh Thị Hạnh', '1951-01-01', '210037515', 1951, N'Thượng Sơn', 93, 7, NULL, N'Nguyễn Đình Tạo');
INSERT INTO CovidChinhThuc.dbo.ThongTinHoTro (ID, IDNoiDung, IDDoiTuong, IDCaNhan, NguoiTaoDL) VALUES ('25d9f814-d832-4b62-b529-337aa5baad0b', 6, 'EDE2F0CC-2376-438A-B5FB-FACD867E38EF', 'b59d9630-a050-4a59-9040-b71647642a1e', N'Nguyễn Đình Tạo');
INSERT INTO CovidChinhThuc.dbo.ChiTiet_NguoiCoCong (ID_ThongTin, NguoiTaoDL) VALUES ('25d9f814-d832-4b62-b529-337aa5baad0b', N'Nguyễn Đình Tạo');
-- row: [29]);
INSERT INTO CovidChinhThuc.dbo.CaNhan (ID, HoTen, NgaySinh, CMND, SinhNam, DiaChi, IDPhuongXa, IDQuanHuyen, SoKhaiSinh, NguoiTaoDL) VALUES ('a1b29e46-6d3d-41a4-b47b-b4af0dd7eef5', N'Huỳnh Thị Hoa', '1944-01-01', '210918084', 1944, N'Tiên Thuận', 93, 7, NULL, N'Nguyễn Đình Tạo');
INSERT INTO CovidChinhThuc.dbo.ThongTinHoTro (ID, IDNoiDung, IDDoiTuong, IDCaNhan, NguoiTaoDL) VALUES ('887fcbe4-4be1-4d9b-ad29-43c062a9761f', 6, 'EDE2F0CC-2376-438A-B5FB-FACD867E38EF', 'a1b29e46-6d3d-41a4-b47b-b4af0dd7eef5', N'Nguyễn Đình Tạo');
INSERT INTO CovidChinhThuc.dbo.ChiTiet_NguoiCoCong (ID_ThongTin, NguoiTaoDL) VALUES ('887fcbe4-4be1-4d9b-ad29-43c062a9761f', N'Nguyễn Đình Tạo');
-- row: [30]);
INSERT INTO CovidChinhThuc.dbo.CaNhan (ID, HoTen, NgaySinh, CMND, SinhNam, DiaChi, IDPhuongXa, IDQuanHuyen, SoKhaiSinh, NguoiTaoDL) VALUES ('33deea15-10bb-4921-bf41-681f56245d7d', N'Huỳnh Thị Hồng Liên', '1950-01-01', '210034845', 1950, N'Thượng Sơn', 93, 7, NULL, N'Nguyễn Đình Tạo');
INSERT INTO CovidChinhThuc.dbo.ThongTinHoTro (ID, IDNoiDung, IDDoiTuong, IDCaNhan, NguoiTaoDL) VALUES ('52cd6565-8efa-4997-a549-fe26ace3ae1b', 6, 'EDE2F0CC-2376-438A-B5FB-FACD867E38EF', '33deea15-10bb-4921-bf41-681f56245d7d', N'Nguyễn Đình Tạo');
INSERT INTO CovidChinhThuc.dbo.ChiTiet_NguoiCoCong (ID_ThongTin, NguoiTaoDL) VALUES ('52cd6565-8efa-4997-a549-fe26ace3ae1b', N'Nguyễn Đình Tạo');
-- row: [31]);
INSERT INTO CovidChinhThuc.dbo.CaNhan (ID, HoTen, NgaySinh, CMND, SinhNam, DiaChi, IDPhuongXa, IDQuanHuyen, SoKhaiSinh, NguoiTaoDL) VALUES ('2495b41a-966b-434d-a4c6-8a6ba30c8b3f', N'Huỳnh Thị Mỹ Hương', '1939-01-01', '210813229', 1939, N'Tiên Thuận', 93, 7, NULL, N'Nguyễn Đình Tạo');
INSERT INTO CovidChinhThuc.dbo.ThongTinHoTro (ID, IDNoiDung, IDDoiTuong, IDCaNhan, NguoiTaoDL) VALUES ('717ea081-324b-49cb-a9b7-fd63c0901e3e', 6, 'EDE2F0CC-2376-438A-B5FB-FACD867E38EF', '2495b41a-966b-434d-a4c6-8a6ba30c8b3f', N'Nguyễn Đình Tạo');
INSERT INTO CovidChinhThuc.dbo.ChiTiet_NguoiCoCong (ID_ThongTin, NguoiTaoDL) VALUES ('717ea081-324b-49cb-a9b7-fd63c0901e3e', N'Nguyễn Đình Tạo');
-- row: [32]);
INSERT INTO CovidChinhThuc.dbo.CaNhan (ID, HoTen, NgaySinh, CMND, SinhNam, DiaChi, IDPhuongXa, IDQuanHuyen, SoKhaiSinh, NguoiTaoDL) VALUES ('a457e7dc-7d2c-425f-a93a-8161cd5c55e6', N'Huỳnh Thị Thanh', '1942-01-01', '210981773', 1942, N'Tiên Thuận', 93, 7, NULL, N'Nguyễn Đình Tạo');
INSERT INTO CovidChinhThuc.dbo.ThongTinHoTro (ID, IDNoiDung, IDDoiTuong, IDCaNhan, NguoiTaoDL) VALUES ('d6276bc0-8ffd-4fab-bf97-9a50ad7f0164', 6, '2DE801FE-8F9D-4CB2-A1C0-E61F4503CB74', 'a457e7dc-7d2c-425f-a93a-8161cd5c55e6', N'Nguyễn Đình Tạo');
INSERT INTO CovidChinhThuc.dbo.ChiTiet_NguoiCoCong (ID_ThongTin, NguoiTaoDL) VALUES ('d6276bc0-8ffd-4fab-bf97-9a50ad7f0164', N'Nguyễn Đình Tạo');
-- row: [33]);
INSERT INTO CovidChinhThuc.dbo.CaNhan (ID, HoTen, NgaySinh, CMND, SinhNam, DiaChi, IDPhuongXa, IDQuanHuyen, SoKhaiSinh, NguoiTaoDL) VALUES ('c010b710-a4e4-4a17-8151-cc17395dfaaa', N'Huỳnh Thị Thạnh (Thanh)', '1954-01-01', '210918327', 1954, N'Thượng Sơn', 93, 7, NULL, N'Nguyễn Đình Tạo');
INSERT INTO CovidChinhThuc.dbo.ThongTinHoTro (ID, IDNoiDung, IDDoiTuong, IDCaNhan, NguoiTaoDL) VALUES ('fbb8a3f8-4443-4a12-a241-38b69928d14f', 6, 'EDE2F0CC-2376-438A-B5FB-FACD867E38EF', 'c010b710-a4e4-4a17-8151-cc17395dfaaa', N'Nguyễn Đình Tạo');
INSERT INTO CovidChinhThuc.dbo.ChiTiet_NguoiCoCong (ID_ThongTin, NguoiTaoDL) VALUES ('fbb8a3f8-4443-4a12-a241-38b69928d14f', N'Nguyễn Đình Tạo');
-- row: [34]);
INSERT INTO CovidChinhThuc.dbo.CaNhan (ID, HoTen, NgaySinh, CMND, SinhNam, DiaChi, IDPhuongXa, IDQuanHuyen, SoKhaiSinh, NguoiTaoDL) VALUES ('302106d8-522d-481b-bec2-752f124b30bb', N'Huỳnh Văn Trung', '1957-01-01', '210864690', 1957, N'Trung Sơn', 93, 7, NULL, N'Nguyễn Đình Tạo');
INSERT INTO CovidChinhThuc.dbo.ThongTinHoTro (ID, IDNoiDung, IDDoiTuong, IDCaNhan, NguoiTaoDL) VALUES ('fc7bac04-db8a-41ca-8cda-e8eb61775d38', 6, NULL, '302106d8-522d-481b-bec2-752f124b30bb', N'Nguyễn Đình Tạo');
INSERT INTO CovidChinhThuc.dbo.ChiTiet_NguoiCoCong (ID_ThongTin, NguoiTaoDL) VALUES ('fc7bac04-db8a-41ca-8cda-e8eb61775d38', N'Nguyễn Đình Tạo');
-- row: [35]);
INSERT INTO CovidChinhThuc.dbo.CaNhan (ID, HoTen, NgaySinh, CMND, SinhNam, DiaChi, IDPhuongXa, IDQuanHuyen, SoKhaiSinh, NguoiTaoDL) VALUES ('3443dafb-a4d0-4890-8601-37c91dbfb223', N'Lâm Thị Duyên', '1950-01-01', '210813929', 1950, N'Thượng Sơn', 93, 7, NULL, N'Nguyễn Đình Tạo');
INSERT INTO CovidChinhThuc.dbo.ThongTinHoTro (ID, IDNoiDung, IDDoiTuong, IDCaNhan, NguoiTaoDL) VALUES ('5e243f77-beb1-479f-8d3a-b3fe4e3cf610', 6, 'EDE2F0CC-2376-438A-B5FB-FACD867E38EF', '3443dafb-a4d0-4890-8601-37c91dbfb223', N'Nguyễn Đình Tạo');
INSERT INTO CovidChinhThuc.dbo.ChiTiet_NguoiCoCong (ID_ThongTin, NguoiTaoDL) VALUES ('5e243f77-beb1-479f-8d3a-b3fe4e3cf610', N'Nguyễn Đình Tạo');
-- row: [36]);
INSERT INTO CovidChinhThuc.dbo.CaNhan (ID, HoTen, NgaySinh, CMND, SinhNam, DiaChi, IDPhuongXa, IDQuanHuyen, SoKhaiSinh, NguoiTaoDL) VALUES ('acaf947b-25d6-466d-ad55-0f20a2441b29', N'Lâm Thị Khanh', '1935-01-01', '210918315', 1935, N'Thượng Sơn', 93, 7, NULL, N'Nguyễn Đình Tạo');
INSERT INTO CovidChinhThuc.dbo.ThongTinHoTro (ID, IDNoiDung, IDDoiTuong, IDCaNhan, NguoiTaoDL) VALUES ('5cf2c72b-a383-4734-9576-a0aad0884abf', 6, '3A65F299-2EFA-4982-BF70-81D7B5024935', 'acaf947b-25d6-466d-ad55-0f20a2441b29', N'Nguyễn Đình Tạo');
INSERT INTO CovidChinhThuc.dbo.ChiTiet_NguoiCoCong (ID_ThongTin, NguoiTaoDL) VALUES ('5cf2c72b-a383-4734-9576-a0aad0884abf', N'Nguyễn Đình Tạo');
-- row: [37]);
INSERT INTO CovidChinhThuc.dbo.CaNhan (ID, HoTen, NgaySinh, CMND, SinhNam, DiaChi, IDPhuongXa, IDQuanHuyen, SoKhaiSinh, NguoiTaoDL) VALUES ('12a5a7b7-fa54-4252-b189-779780893059', N'Lê Đình Phương', '1955-01-01', '210943526', 1955, N'Thượng Sơn', 93, 7, NULL, N'Nguyễn Đình Tạo');
INSERT INTO CovidChinhThuc.dbo.ThongTinHoTro (ID, IDNoiDung, IDDoiTuong, IDCaNhan, NguoiTaoDL) VALUES ('03f53520-9f29-4e3f-b20b-cec7683c9228', 6, 'EDE2F0CC-2376-438A-B5FB-FACD867E38EF', '12a5a7b7-fa54-4252-b189-779780893059', N'Nguyễn Đình Tạo');
INSERT INTO CovidChinhThuc.dbo.ChiTiet_NguoiCoCong (ID_ThongTin, NguoiTaoDL) VALUES ('03f53520-9f29-4e3f-b20b-cec7683c9228', N'Nguyễn Đình Tạo');
-- row: [38]);
INSERT INTO CovidChinhThuc.dbo.CaNhan (ID, HoTen, NgaySinh, CMND, SinhNam, DiaChi, IDPhuongXa, IDQuanHuyen, SoKhaiSinh, NguoiTaoDL) VALUES ('42113610-18fd-44e5-8420-cb7c7efe2893', N'Lê Thanh Sang', '1948-01-01', '210918148', 1948, N'Thượng Sơn', 93, 7, NULL, N'Nguyễn Đình Tạo');
INSERT INTO CovidChinhThuc.dbo.ThongTinHoTro (ID, IDNoiDung, IDDoiTuong, IDCaNhan, NguoiTaoDL) VALUES ('dddef172-1141-4cb5-8f35-7d5378713afa', 6, '78AC3F79-5C50-4ACB-B626-E51ED3D4E8E5', '42113610-18fd-44e5-8420-cb7c7efe2893', N'Nguyễn Đình Tạo');
INSERT INTO CovidChinhThuc.dbo.ChiTiet_NguoiCoCong (ID_ThongTin, NguoiTaoDL) VALUES ('dddef172-1141-4cb5-8f35-7d5378713afa', N'Nguyễn Đình Tạo');
-- row: [39]);
INSERT INTO CovidChinhThuc.dbo.CaNhan (ID, HoTen, NgaySinh, CMND, SinhNam, DiaChi, IDPhuongXa, IDQuanHuyen, SoKhaiSinh, NguoiTaoDL) VALUES ('90f2c30b-20f9-4019-8d3b-c65e08889cfb', N'Lê Thị Kim Đính', '1939-01-01', '210918103', 1939, N'Thượng Sơn', 93, 7, NULL, N'Nguyễn Đình Tạo');
INSERT INTO CovidChinhThuc.dbo.ThongTinHoTro (ID, IDNoiDung, IDDoiTuong, IDCaNhan, NguoiTaoDL) VALUES ('f2ca770c-4cde-4558-accf-95d3b5c9ca55', 6, '3A65F299-2EFA-4982-BF70-81D7B5024935', '90f2c30b-20f9-4019-8d3b-c65e08889cfb', N'Nguyễn Đình Tạo');
INSERT INTO CovidChinhThuc.dbo.ChiTiet_NguoiCoCong (ID_ThongTin, NguoiTaoDL) VALUES ('f2ca770c-4cde-4558-accf-95d3b5c9ca55', N'Nguyễn Đình Tạo');
-- row: [40]);
INSERT INTO CovidChinhThuc.dbo.CaNhan (ID, HoTen, NgaySinh, CMND, SinhNam, DiaChi, IDPhuongXa, IDQuanHuyen, SoKhaiSinh, NguoiTaoDL) VALUES ('af3c60a9-85e6-4236-8d49-487760098e5d', N'Lê Thị Liên', '1949-01-01', '210034870', 1949, N'Tiên Thuận', 93, 7, NULL, N'Nguyễn Đình Tạo');
INSERT INTO CovidChinhThuc.dbo.ThongTinHoTro (ID, IDNoiDung, IDDoiTuong, IDCaNhan, NguoiTaoDL) VALUES ('605a9db5-9fbe-4979-843b-bc01295c8d18', 6, 'EDE2F0CC-2376-438A-B5FB-FACD867E38EF', 'af3c60a9-85e6-4236-8d49-487760098e5d', N'Nguyễn Đình Tạo');
INSERT INTO CovidChinhThuc.dbo.ChiTiet_NguoiCoCong (ID_ThongTin, NguoiTaoDL) VALUES ('605a9db5-9fbe-4979-843b-bc01295c8d18', N'Nguyễn Đình Tạo');
-- row: [41]);
INSERT INTO CovidChinhThuc.dbo.CaNhan (ID, HoTen, NgaySinh, CMND, SinhNam, DiaChi, IDPhuongXa, IDQuanHuyen, SoKhaiSinh, NguoiTaoDL) VALUES ('beb31cc9-e568-45b8-b322-0e8176bc3c70', N'Lê Thị Lý', '1952-01-01', '210273481', 1952, N'Hòa Thuận', 93, 7, NULL, N'Nguyễn Đình Tạo');
INSERT INTO CovidChinhThuc.dbo.ThongTinHoTro (ID, IDNoiDung, IDDoiTuong, IDCaNhan, NguoiTaoDL) VALUES ('2e96592c-cc17-4372-b2fa-b800084a9b06', 6, NULL, 'beb31cc9-e568-45b8-b322-0e8176bc3c70', N'Nguyễn Đình Tạo');
INSERT INTO CovidChinhThuc.dbo.ChiTiet_NguoiCoCong (ID_ThongTin, NguoiTaoDL) VALUES ('2e96592c-cc17-4372-b2fa-b800084a9b06', N'Nguyễn Đình Tạo');
-- row: [42]);
INSERT INTO CovidChinhThuc.dbo.CaNhan (ID, HoTen, NgaySinh, CMND, SinhNam, DiaChi, IDPhuongXa, IDQuanHuyen, SoKhaiSinh, NguoiTaoDL) VALUES ('d71fa847-b189-43cf-9435-12997aacabfd', N'Lê Thị Muộn', '1956-01-01', '210918546', 1956, N'Thượng Sơn', 93, 7, NULL, N'Nguyễn Đình Tạo');
INSERT INTO CovidChinhThuc.dbo.ThongTinHoTro (ID, IDNoiDung, IDDoiTuong, IDCaNhan, NguoiTaoDL) VALUES ('91dd25dc-0881-44e5-a38d-43edaa3c8f8e', 6, 'EDE2F0CC-2376-438A-B5FB-FACD867E38EF', 'd71fa847-b189-43cf-9435-12997aacabfd', N'Nguyễn Đình Tạo');
INSERT INTO CovidChinhThuc.dbo.ChiTiet_NguoiCoCong (ID_ThongTin, NguoiTaoDL) VALUES ('91dd25dc-0881-44e5-a38d-43edaa3c8f8e', N'Nguyễn Đình Tạo');
-- row: [43]);
INSERT INTO CovidChinhThuc.dbo.CaNhan (ID, HoTen, NgaySinh, CMND, SinhNam, DiaChi, IDPhuongXa, IDQuanHuyen, SoKhaiSinh, NguoiTaoDL) VALUES ('249af3a9-9c08-4dba-bfa0-c607c0cdef99', N'Lê Thị Phượng', '1935-01-01', '210813320', 1935, N'Tiên Thuận', 93, 7, NULL, N'Nguyễn Đình Tạo');
INSERT INTO CovidChinhThuc.dbo.ThongTinHoTro (ID, IDNoiDung, IDDoiTuong, IDCaNhan, NguoiTaoDL) VALUES ('8a4d743e-36c3-4970-8a6e-11cfec61024e', 6, '3A65F299-2EFA-4982-BF70-81D7B5024935', '249af3a9-9c08-4dba-bfa0-c607c0cdef99', N'Nguyễn Đình Tạo');
INSERT INTO CovidChinhThuc.dbo.ChiTiet_NguoiCoCong (ID_ThongTin, NguoiTaoDL) VALUES ('8a4d743e-36c3-4970-8a6e-11cfec61024e', N'Nguyễn Đình Tạo');
-- row: [44]);
INSERT INTO CovidChinhThuc.dbo.CaNhan (ID, HoTen, NgaySinh, CMND, SinhNam, DiaChi, IDPhuongXa, IDQuanHuyen, SoKhaiSinh, NguoiTaoDL) VALUES ('7ac874a9-66d1-4fa4-85d8-cec8ff58b14f', N'Lê Thị Sương', '1951-01-01', '210918397', 1951, N'Thượng Sơn', 93, 7, NULL, N'Nguyễn Đình Tạo');
INSERT INTO CovidChinhThuc.dbo.ThongTinHoTro (ID, IDNoiDung, IDDoiTuong, IDCaNhan, NguoiTaoDL) VALUES ('d975a44c-9f53-4933-9a96-8906238dd2df', 6, 'EDE2F0CC-2376-438A-B5FB-FACD867E38EF', '7ac874a9-66d1-4fa4-85d8-cec8ff58b14f', N'Nguyễn Đình Tạo');
INSERT INTO CovidChinhThuc.dbo.ChiTiet_NguoiCoCong (ID_ThongTin, NguoiTaoDL) VALUES ('d975a44c-9f53-4933-9a96-8906238dd2df', N'Nguyễn Đình Tạo');
-- row: [45]);
INSERT INTO CovidChinhThuc.dbo.CaNhan (ID, HoTen, NgaySinh, CMND, SinhNam, DiaChi, IDPhuongXa, IDQuanHuyen, SoKhaiSinh, NguoiTaoDL) VALUES ('1fc302fa-5ce7-4705-bdb2-2908f8cecf5c', N'Lê Thị Thu', '1942-01-01', '210918174', 1942, N'Thượng Sơn', 93, 7, NULL, N'Nguyễn Đình Tạo');
INSERT INTO CovidChinhThuc.dbo.ThongTinHoTro (ID, IDNoiDung, IDDoiTuong, IDCaNhan, NguoiTaoDL) VALUES ('5367fae8-1d49-4f78-866a-d557f81bcf2c', 6, 'EDE2F0CC-2376-438A-B5FB-FACD867E38EF', '1fc302fa-5ce7-4705-bdb2-2908f8cecf5c', N'Nguyễn Đình Tạo');
INSERT INTO CovidChinhThuc.dbo.ChiTiet_NguoiCoCong (ID_ThongTin, NguoiTaoDL) VALUES ('5367fae8-1d49-4f78-866a-d557f81bcf2c', N'Nguyễn Đình Tạo');
-- row: [46]);
INSERT INTO CovidChinhThuc.dbo.CaNhan (ID, HoTen, NgaySinh, CMND, SinhNam, DiaChi, IDPhuongXa, IDQuanHuyen, SoKhaiSinh, NguoiTaoDL) VALUES ('7ae5c8b7-620e-437a-96bb-ba589c75d613', N'Lê Thị Thường (Thơ)', '1916-01-01', NULL, 1916, N'Hòa Thuận', 93, 7, NULL, N'Nguyễn Đình Tạo');
INSERT INTO CovidChinhThuc.dbo.ThongTinHoTro (ID, IDNoiDung, IDDoiTuong, IDCaNhan, NguoiTaoDL) VALUES ('6dd224a5-73d5-476f-91ce-a6cba0ef3cf5', 6, '3A65F299-2EFA-4982-BF70-81D7B5024935', '7ae5c8b7-620e-437a-96bb-ba589c75d613', N'Nguyễn Đình Tạo');
INSERT INTO CovidChinhThuc.dbo.ChiTiet_NguoiCoCong (ID_ThongTin, NguoiTaoDL) VALUES ('6dd224a5-73d5-476f-91ce-a6cba0ef3cf5', N'Nguyễn Đình Tạo');
-- row: [47]);
INSERT INTO CovidChinhThuc.dbo.CaNhan (ID, HoTen, NgaySinh, CMND, SinhNam, DiaChi, IDPhuongXa, IDQuanHuyen, SoKhaiSinh, NguoiTaoDL) VALUES ('d4f812d1-9722-4a84-8f5e-bdcce958c2d7', N'Lê Văn Đào', '1955-01-01', '211111738', 1955, N'Thượng Sơn', 93, 7, NULL, N'Nguyễn Đình Tạo');
INSERT INTO CovidChinhThuc.dbo.ThongTinHoTro (ID, IDNoiDung, IDDoiTuong, IDCaNhan, NguoiTaoDL) VALUES ('b974d17b-eb1f-4c41-b8cd-4b64cd8494d6', 6, 'EDE2F0CC-2376-438A-B5FB-FACD867E38EF', 'd4f812d1-9722-4a84-8f5e-bdcce958c2d7', N'Nguyễn Đình Tạo');
INSERT INTO CovidChinhThuc.dbo.ChiTiet_NguoiCoCong (ID_ThongTin, NguoiTaoDL) VALUES ('b974d17b-eb1f-4c41-b8cd-4b64cd8494d6', N'Nguyễn Đình Tạo');
-- row: [48]);
INSERT INTO CovidChinhThuc.dbo.CaNhan (ID, HoTen, NgaySinh, CMND, SinhNam, DiaChi, IDPhuongXa, IDQuanHuyen, SoKhaiSinh, NguoiTaoDL) VALUES ('9a22f541-8d3f-489d-9d15-fa81ad936b11', N'Lê Văn Xuân', '1950-01-01', '230930472', 1950, N'Thượng Sơn', 93, 7, NULL, N'Nguyễn Đình Tạo');
INSERT INTO CovidChinhThuc.dbo.ThongTinHoTro (ID, IDNoiDung, IDDoiTuong, IDCaNhan, NguoiTaoDL) VALUES ('371024db-e9ce-4064-b08d-ccf0424a44a5', 6, 'EDE2F0CC-2376-438A-B5FB-FACD867E38EF', '9a22f541-8d3f-489d-9d15-fa81ad936b11', N'Nguyễn Đình Tạo');
INSERT INTO CovidChinhThuc.dbo.ChiTiet_NguoiCoCong (ID_ThongTin, NguoiTaoDL) VALUES ('371024db-e9ce-4064-b08d-ccf0424a44a5', N'Nguyễn Đình Tạo');
-- row: [49]);
INSERT INTO CovidChinhThuc.dbo.CaNhan (ID, HoTen, NgaySinh, CMND, SinhNam, DiaChi, IDPhuongXa, IDQuanHuyen, SoKhaiSinh, NguoiTaoDL) VALUES ('27121f98-a0db-49b4-8966-8412562456cb', N'Lê Xuân Cường', '1923-01-01', '210813826', 1923, N'Tiên Thuận', 93, 7, NULL, N'Nguyễn Đình Tạo');
INSERT INTO CovidChinhThuc.dbo.ThongTinHoTro (ID, IDNoiDung, IDDoiTuong, IDCaNhan, NguoiTaoDL) VALUES ('7c5e3922-0922-44d8-a5af-bfc04dba00ab', 6, 'EDE2F0CC-2376-438A-B5FB-FACD867E38EF', '27121f98-a0db-49b4-8966-8412562456cb', N'Nguyễn Đình Tạo');
INSERT INTO CovidChinhThuc.dbo.ChiTiet_NguoiCoCong (ID_ThongTin, NguoiTaoDL) VALUES ('7c5e3922-0922-44d8-a5af-bfc04dba00ab', N'Nguyễn Đình Tạo');
-- row: [50]);
INSERT INTO CovidChinhThuc.dbo.CaNhan (ID, HoTen, NgaySinh, CMND, SinhNam, DiaChi, IDPhuongXa, IDQuanHuyen, SoKhaiSinh, NguoiTaoDL) VALUES ('79d7bcf6-8d16-4214-81c9-d964d2ab2c91', N'Mai Thị Sáu', '1950-01-01', '210981415', 1950, N'Thượng Sơn', 93, 7, NULL, N'Nguyễn Đình Tạo');
INSERT INTO CovidChinhThuc.dbo.ThongTinHoTro (ID, IDNoiDung, IDDoiTuong, IDCaNhan, NguoiTaoDL) VALUES ('cb6157f6-a655-4040-8449-d63d1baa8862', 6, '78AC3F79-5C50-4ACB-B626-E51ED3D4E8E5', '79d7bcf6-8d16-4214-81c9-d964d2ab2c91', N'Nguyễn Đình Tạo');
INSERT INTO CovidChinhThuc.dbo.ChiTiet_NguoiCoCong (ID_ThongTin, NguoiTaoDL) VALUES ('cb6157f6-a655-4040-8449-d63d1baa8862', N'Nguyễn Đình Tạo');
-- row: [51]);
INSERT INTO CovidChinhThuc.dbo.CaNhan (ID, HoTen, NgaySinh, CMND, SinhNam, DiaChi, IDPhuongXa, IDQuanHuyen, SoKhaiSinh, NguoiTaoDL) VALUES ('47ba9b71-6f02-4f10-89c6-84d0a2de3ed2', N'Mai Thị Sơn', '1953-01-01', '210918400', 1953, N'Thượng Sơn', 93, 7, NULL, N'Nguyễn Đình Tạo');
INSERT INTO CovidChinhThuc.dbo.ThongTinHoTro (ID, IDNoiDung, IDDoiTuong, IDCaNhan, NguoiTaoDL) VALUES ('e1545bcb-64bc-4652-b872-2458f6ae72a8', 6, 'EDE2F0CC-2376-438A-B5FB-FACD867E38EF', '47ba9b71-6f02-4f10-89c6-84d0a2de3ed2', N'Nguyễn Đình Tạo');
INSERT INTO CovidChinhThuc.dbo.ChiTiet_NguoiCoCong (ID_ThongTin, NguoiTaoDL) VALUES ('e1545bcb-64bc-4652-b872-2458f6ae72a8', N'Nguyễn Đình Tạo');
-- row: [52]);
INSERT INTO CovidChinhThuc.dbo.CaNhan (ID, HoTen, NgaySinh, CMND, SinhNam, DiaChi, IDPhuongXa, IDQuanHuyen, SoKhaiSinh, NguoiTaoDL) VALUES ('c3ae4eda-c352-4da2-a88d-f4222ec9e3fa', N'Nguyễn Anh Tuấn', '1972-01-01', '215503928', 1972, N'Tiên Thuận', 93, 7, NULL, N'Nguyễn Đình Tạo');
INSERT INTO CovidChinhThuc.dbo.ThongTinHoTro (ID, IDNoiDung, IDDoiTuong, IDCaNhan, NguoiTaoDL) VALUES ('8f9281fe-36f2-46fb-8e1d-8fa738fbd908', 6, 'E4E24DC6-98AE-4685-985D-47C0B48DD6FD', 'c3ae4eda-c352-4da2-a88d-f4222ec9e3fa', N'Nguyễn Đình Tạo');
INSERT INTO CovidChinhThuc.dbo.ChiTiet_NguoiCoCong (ID_ThongTin, NguoiTaoDL) VALUES ('8f9281fe-36f2-46fb-8e1d-8fa738fbd908', N'Nguyễn Đình Tạo');
-- row: [53]);
INSERT INTO CovidChinhThuc.dbo.CaNhan (ID, HoTen, NgaySinh, CMND, SinhNam, DiaChi, IDPhuongXa, IDQuanHuyen, SoKhaiSinh, NguoiTaoDL) VALUES ('56284f57-03be-4f43-b4f6-9555bc084683', N'Nguyễn Chí Thiện', '1957-01-01', '210918564', 1957, N'Thượng Sơn', 93, 7, NULL, N'Nguyễn Đình Tạo');
INSERT INTO CovidChinhThuc.dbo.ThongTinHoTro (ID, IDNoiDung, IDDoiTuong, IDCaNhan, NguoiTaoDL) VALUES ('4d170de9-b720-4939-ae24-ec2ec7be942e', 6, 'EDE2F0CC-2376-438A-B5FB-FACD867E38EF', '56284f57-03be-4f43-b4f6-9555bc084683', N'Nguyễn Đình Tạo');
INSERT INTO CovidChinhThuc.dbo.ChiTiet_NguoiCoCong (ID_ThongTin, NguoiTaoDL) VALUES ('4d170de9-b720-4939-ae24-ec2ec7be942e', N'Nguyễn Đình Tạo');
-- row: [54]);
INSERT INTO CovidChinhThuc.dbo.CaNhan (ID, HoTen, NgaySinh, CMND, SinhNam, DiaChi, IDPhuongXa, IDQuanHuyen, SoKhaiSinh, NguoiTaoDL) VALUES ('5e4cfb4e-3304-4765-a056-f7e56febccd8', N'Nguyễn Đình Bá', '1928-01-01', '210981532', 1928, N'Trung Sơn', 93, 7, NULL, N'Nguyễn Đình Tạo');
INSERT INTO CovidChinhThuc.dbo.ThongTinHoTro (ID, IDNoiDung, IDDoiTuong, IDCaNhan, NguoiTaoDL) VALUES ('b12199d6-60d6-4202-a5f8-57be68228c94', 6, 'EDE2F0CC-2376-438A-B5FB-FACD867E38EF', '5e4cfb4e-3304-4765-a056-f7e56febccd8', N'Nguyễn Đình Tạo');
INSERT INTO CovidChinhThuc.dbo.ChiTiet_NguoiCoCong (ID_ThongTin, NguoiTaoDL) VALUES ('b12199d6-60d6-4202-a5f8-57be68228c94', N'Nguyễn Đình Tạo');
-- row: [55]);
INSERT INTO CovidChinhThuc.dbo.CaNhan (ID, HoTen, NgaySinh, CMND, SinhNam, DiaChi, IDPhuongXa, IDQuanHuyen, SoKhaiSinh, NguoiTaoDL) VALUES ('65bb1aa4-d2e7-46d5-8ede-6784c24fecd9', N'Nguyễn Đình Nhàn', '1968-01-01', '211090187', 1968, N'Tiên Thuận', 93, 7, NULL, N'Nguyễn Đình Tạo');
INSERT INTO CovidChinhThuc.dbo.ThongTinHoTro (ID, IDNoiDung, IDDoiTuong, IDCaNhan, NguoiTaoDL) VALUES ('97aa201f-0906-4657-9f95-0e889d157fec', 6, 'E4E24DC6-98AE-4685-985D-47C0B48DD6FD', '65bb1aa4-d2e7-46d5-8ede-6784c24fecd9', N'Nguyễn Đình Tạo');
INSERT INTO CovidChinhThuc.dbo.ChiTiet_NguoiCoCong (ID_ThongTin, NguoiTaoDL) VALUES ('97aa201f-0906-4657-9f95-0e889d157fec', N'Nguyễn Đình Tạo');
-- row: [56]);
INSERT INTO CovidChinhThuc.dbo.CaNhan (ID, HoTen, NgaySinh, CMND, SinhNam, DiaChi, IDPhuongXa, IDQuanHuyen, SoKhaiSinh, NguoiTaoDL) VALUES ('56deb41c-2cce-4c7c-ae7c-db4a2d5f6965', N'Nguyễn Đức', '1931-01-01', '210918109', 1931, N'Thượng Sơn', 93, 7, NULL, N'Nguyễn Đình Tạo');
INSERT INTO CovidChinhThuc.dbo.ThongTinHoTro (ID, IDNoiDung, IDDoiTuong, IDCaNhan, NguoiTaoDL) VALUES ('f43cc7dd-3121-4973-973d-c21e3e14b352', 6, '2DE801FE-8F9D-4CB2-A1C0-E61F4503CB74', '56deb41c-2cce-4c7c-ae7c-db4a2d5f6965', N'Nguyễn Đình Tạo');
INSERT INTO CovidChinhThuc.dbo.ChiTiet_NguoiCoCong (ID_ThongTin, NguoiTaoDL) VALUES ('f43cc7dd-3121-4973-973d-c21e3e14b352', N'Nguyễn Đình Tạo');
-- row: [57]);
INSERT INTO CovidChinhThuc.dbo.CaNhan (ID, HoTen, NgaySinh, CMND, SinhNam, DiaChi, IDPhuongXa, IDQuanHuyen, SoKhaiSinh, NguoiTaoDL) VALUES ('1a624d00-d8b8-4a85-8536-ebc12d338ff9', N'Nguyễn Đức Tùng', '1951-01-01', '210813287', 1951, N'Tiên Thuận', 93, 7, NULL, N'Nguyễn Đình Tạo');
INSERT INTO CovidChinhThuc.dbo.ThongTinHoTro (ID, IDNoiDung, IDDoiTuong, IDCaNhan, NguoiTaoDL) VALUES ('df896ede-d790-4f45-ad71-bc09cdd1f19b', 6, 'EDE2F0CC-2376-438A-B5FB-FACD867E38EF', '1a624d00-d8b8-4a85-8536-ebc12d338ff9', N'Nguyễn Đình Tạo');
INSERT INTO CovidChinhThuc.dbo.ChiTiet_NguoiCoCong (ID_ThongTin, NguoiTaoDL) VALUES ('df896ede-d790-4f45-ad71-bc09cdd1f19b', N'Nguyễn Đình Tạo');
-- row: [58]);
INSERT INTO CovidChinhThuc.dbo.CaNhan (ID, HoTen, NgaySinh, CMND, SinhNam, DiaChi, IDPhuongXa, IDQuanHuyen, SoKhaiSinh, NguoiTaoDL) VALUES ('b3e0a2fe-4fbc-42db-9368-d91fcab7e199', N'Nguyễn Hữu Trung', '1900-01-01', '211433905', 1900, N'Thượng Sơn', 93, 7, NULL, N'Nguyễn Đình Tạo');
INSERT INTO CovidChinhThuc.dbo.ThongTinHoTro (ID, IDNoiDung, IDDoiTuong, IDCaNhan, NguoiTaoDL) VALUES ('32128238-3747-493c-8d39-617c84fd2ccb', 6, 'EDE2F0CC-2376-438A-B5FB-FACD867E38EF', 'b3e0a2fe-4fbc-42db-9368-d91fcab7e199', N'Nguyễn Đình Tạo');
INSERT INTO CovidChinhThuc.dbo.ChiTiet_NguoiCoCong (ID_ThongTin, NguoiTaoDL) VALUES ('32128238-3747-493c-8d39-617c84fd2ccb', N'Nguyễn Đình Tạo');
-- row: [59]);
INSERT INTO CovidChinhThuc.dbo.CaNhan (ID, HoTen, NgaySinh, CMND, SinhNam, DiaChi, IDPhuongXa, IDQuanHuyen, SoKhaiSinh, NguoiTaoDL) VALUES ('3f8a803a-a34e-42c9-b3ce-cd2598b21815', N'Nguyễn Ngọc Thành', '1955-01-01', '210034841', 1955, N'Thượng Sơn', 93, 7, NULL, N'Nguyễn Đình Tạo');
INSERT INTO CovidChinhThuc.dbo.ThongTinHoTro (ID, IDNoiDung, IDDoiTuong, IDCaNhan, NguoiTaoDL) VALUES ('deaa4b88-dc79-4d80-8525-74592aef68d0', 6, 'EDE2F0CC-2376-438A-B5FB-FACD867E38EF', '3f8a803a-a34e-42c9-b3ce-cd2598b21815', N'Nguyễn Đình Tạo');
INSERT INTO CovidChinhThuc.dbo.ChiTiet_NguoiCoCong (ID_ThongTin, NguoiTaoDL) VALUES ('deaa4b88-dc79-4d80-8525-74592aef68d0', N'Nguyễn Đình Tạo');
-- row: [60]);
INSERT INTO CovidChinhThuc.dbo.CaNhan (ID, HoTen, NgaySinh, CMND, SinhNam, DiaChi, IDPhuongXa, IDQuanHuyen, SoKhaiSinh, NguoiTaoDL) VALUES ('c4e5d4b9-6f39-4b7c-b5e7-52753201dc3e', N'Nguyễn Quang Cho', '1940-01-01', '210845154', 1940, N'Hòa Thuận', 93, 7, NULL, N'Nguyễn Đình Tạo');
INSERT INTO CovidChinhThuc.dbo.ThongTinHoTro (ID, IDNoiDung, IDDoiTuong, IDCaNhan, NguoiTaoDL) VALUES ('98950e6a-c353-465d-a4ef-566ec98d5509', 6, 'EDE2F0CC-2376-438A-B5FB-FACD867E38EF', 'c4e5d4b9-6f39-4b7c-b5e7-52753201dc3e', N'Nguyễn Đình Tạo');
INSERT INTO CovidChinhThuc.dbo.ChiTiet_NguoiCoCong (ID_ThongTin, NguoiTaoDL) VALUES ('98950e6a-c353-465d-a4ef-566ec98d5509', N'Nguyễn Đình Tạo');
-- row: [61]);
INSERT INTO CovidChinhThuc.dbo.CaNhan (ID, HoTen, NgaySinh, CMND, SinhNam, DiaChi, IDPhuongXa, IDQuanHuyen, SoKhaiSinh, NguoiTaoDL) VALUES ('1dff2aba-b457-4997-8231-184efd57f474', N'Nguyễn Thị Bi', '1939-01-01', '210813214', 1939, N'Tiên Thuận', 93, 7, NULL, N'Nguyễn Đình Tạo');
INSERT INTO CovidChinhThuc.dbo.ThongTinHoTro (ID, IDNoiDung, IDDoiTuong, IDCaNhan, NguoiTaoDL) VALUES ('4b30e9b2-c7cd-4be9-883b-f91c810566e4', 6, 'EDE2F0CC-2376-438A-B5FB-FACD867E38EF', '1dff2aba-b457-4997-8231-184efd57f474', N'Nguyễn Đình Tạo');
INSERT INTO CovidChinhThuc.dbo.ChiTiet_NguoiCoCong (ID_ThongTin, NguoiTaoDL) VALUES ('4b30e9b2-c7cd-4be9-883b-f91c810566e4', N'Nguyễn Đình Tạo');
-- row: [62]);
INSERT INTO CovidChinhThuc.dbo.CaNhan (ID, HoTen, NgaySinh, CMND, SinhNam, DiaChi, IDPhuongXa, IDQuanHuyen, SoKhaiSinh, NguoiTaoDL) VALUES ('6c8b1efd-dee7-404f-9587-5054b8d26fcc', N'Nguyễn Thị Hiệp', '1939-01-01', '210813930', 1939, N'Tiên Thuận', 93, 7, NULL, N'Nguyễn Đình Tạo');
INSERT INTO CovidChinhThuc.dbo.ThongTinHoTro (ID, IDNoiDung, IDDoiTuong, IDCaNhan, NguoiTaoDL) VALUES ('b443f503-5985-4e53-a31f-0a9576aebb3c', 6, '2DE801FE-8F9D-4CB2-A1C0-E61F4503CB74', '6c8b1efd-dee7-404f-9587-5054b8d26fcc', N'Nguyễn Đình Tạo');
INSERT INTO CovidChinhThuc.dbo.ChiTiet_NguoiCoCong (ID_ThongTin, NguoiTaoDL) VALUES ('b443f503-5985-4e53-a31f-0a9576aebb3c', N'Nguyễn Đình Tạo');
-- row: [63]);
INSERT INTO CovidChinhThuc.dbo.CaNhan (ID, HoTen, NgaySinh, CMND, SinhNam, DiaChi, IDPhuongXa, IDQuanHuyen, SoKhaiSinh, NguoiTaoDL) VALUES ('ec36cc40-1267-4ff9-a7d8-afd3d41e1bf9', N'Nguyễn Thị Hoa', '1942-01-01', '211111981', 1942, N'Thượng Sơn', 93, 7, NULL, N'Nguyễn Đình Tạo');
INSERT INTO CovidChinhThuc.dbo.ThongTinHoTro (ID, IDNoiDung, IDDoiTuong, IDCaNhan, NguoiTaoDL) VALUES ('bb4a803c-2488-4ac5-9ef0-68ad7d1fcd84', 6, '3A65F299-2EFA-4982-BF70-81D7B5024935', 'ec36cc40-1267-4ff9-a7d8-afd3d41e1bf9', N'Nguyễn Đình Tạo');
INSERT INTO CovidChinhThuc.dbo.ChiTiet_NguoiCoCong (ID_ThongTin, NguoiTaoDL) VALUES ('bb4a803c-2488-4ac5-9ef0-68ad7d1fcd84', N'Nguyễn Đình Tạo');
-- row: [64]);
INSERT INTO CovidChinhThuc.dbo.CaNhan (ID, HoTen, NgaySinh, CMND, SinhNam, DiaChi, IDPhuongXa, IDQuanHuyen, SoKhaiSinh, NguoiTaoDL) VALUES ('08e6a07a-640f-4ee0-8806-ead48e5ded71', N'Nguyễn Thị Hòa', '1952-01-01', '210929244', 1952, N'Trung Sơn', 93, 7, NULL, N'Nguyễn Đình Tạo');
INSERT INTO CovidChinhThuc.dbo.ThongTinHoTro (ID, IDNoiDung, IDDoiTuong, IDCaNhan, NguoiTaoDL) VALUES ('3f5c023e-52d4-453c-a8ac-428ebdd5f021', 6, '3A65F299-2EFA-4982-BF70-81D7B5024935', '08e6a07a-640f-4ee0-8806-ead48e5ded71', N'Nguyễn Đình Tạo');
INSERT INTO CovidChinhThuc.dbo.ChiTiet_NguoiCoCong (ID_ThongTin, NguoiTaoDL) VALUES ('3f5c023e-52d4-453c-a8ac-428ebdd5f021', N'Nguyễn Đình Tạo');
-- row: [65]);
INSERT INTO CovidChinhThuc.dbo.CaNhan (ID, HoTen, NgaySinh, CMND, SinhNam, DiaChi, IDPhuongXa, IDQuanHuyen, SoKhaiSinh, NguoiTaoDL) VALUES ('8ebfb68c-fb06-428d-b68b-c43d2a5e6eb0', N'Nguyễn Thị Hồng', '1955-01-01', '210943499', 1955, N'Thượng Sơn', 93, 7, NULL, N'Nguyễn Đình Tạo');
INSERT INTO CovidChinhThuc.dbo.ThongTinHoTro (ID, IDNoiDung, IDDoiTuong, IDCaNhan, NguoiTaoDL) VALUES ('6fe18e8b-93f3-4e6f-a9f4-f31a93c193d7', 6, 'EDE2F0CC-2376-438A-B5FB-FACD867E38EF', '8ebfb68c-fb06-428d-b68b-c43d2a5e6eb0', N'Nguyễn Đình Tạo');
INSERT INTO CovidChinhThuc.dbo.ChiTiet_NguoiCoCong (ID_ThongTin, NguoiTaoDL) VALUES ('6fe18e8b-93f3-4e6f-a9f4-f31a93c193d7', N'Nguyễn Đình Tạo');
-- row: [66]);
INSERT INTO CovidChinhThuc.dbo.CaNhan (ID, HoTen, NgaySinh, CMND, SinhNam, DiaChi, IDPhuongXa, IDQuanHuyen, SoKhaiSinh, NguoiTaoDL) VALUES ('ea5da083-cf4c-48b1-b2ba-9e02d41d5258', N'Nguyễn Thị Khanh', '1935-01-01', '210813717', 1935, N'Tiên Thuận', 93, 7, NULL, N'Nguyễn Đình Tạo');
INSERT INTO CovidChinhThuc.dbo.ThongTinHoTro (ID, IDNoiDung, IDDoiTuong, IDCaNhan, NguoiTaoDL) VALUES ('9f3e130b-50a0-4c89-87ac-d8426e55a19f', 6, 'EDE2F0CC-2376-438A-B5FB-FACD867E38EF', 'ea5da083-cf4c-48b1-b2ba-9e02d41d5258', N'Nguyễn Đình Tạo');
INSERT INTO CovidChinhThuc.dbo.ChiTiet_NguoiCoCong (ID_ThongTin, NguoiTaoDL) VALUES ('9f3e130b-50a0-4c89-87ac-d8426e55a19f', N'Nguyễn Đình Tạo');
-- row: [67]);
INSERT INTO CovidChinhThuc.dbo.CaNhan (ID, HoTen, NgaySinh, CMND, SinhNam, DiaChi, IDPhuongXa, IDQuanHuyen, SoKhaiSinh, NguoiTaoDL) VALUES ('e1c3b452-bb8e-4172-ad1e-3608b8908270', N'Nguyễn Thị Kiều', '1956-01-01', '211444660', 1956, N'Thượng Sơn', 93, 7, NULL, N'Nguyễn Đình Tạo');
INSERT INTO CovidChinhThuc.dbo.ThongTinHoTro (ID, IDNoiDung, IDDoiTuong, IDCaNhan, NguoiTaoDL) VALUES ('b1b3123c-f202-4340-afff-158407554754', 6, 'EDE2F0CC-2376-438A-B5FB-FACD867E38EF', 'e1c3b452-bb8e-4172-ad1e-3608b8908270', N'Nguyễn Đình Tạo');
INSERT INTO CovidChinhThuc.dbo.ChiTiet_NguoiCoCong (ID_ThongTin, NguoiTaoDL) VALUES ('b1b3123c-f202-4340-afff-158407554754', N'Nguyễn Đình Tạo');
-- row: [68]);
INSERT INTO CovidChinhThuc.dbo.CaNhan (ID, HoTen, NgaySinh, CMND, SinhNam, DiaChi, IDPhuongXa, IDQuanHuyen, SoKhaiSinh, NguoiTaoDL) VALUES ('107e16a4-2bd9-497c-977c-d83000468bc8', N'Nguyễn Thị Lai', '1975-01-01', '211842897', 1975, N'Hòa Thuận', 93, 7, NULL, N'Nguyễn Đình Tạo');
INSERT INTO CovidChinhThuc.dbo.ThongTinHoTro (ID, IDNoiDung, IDDoiTuong, IDCaNhan, NguoiTaoDL) VALUES ('a3965d1a-cf75-4f21-ad4c-76f1a1b261d7', 6, 'E4E24DC6-98AE-4685-985D-47C0B48DD6FD', '107e16a4-2bd9-497c-977c-d83000468bc8', N'Nguyễn Đình Tạo');
INSERT INTO CovidChinhThuc.dbo.ChiTiet_NguoiCoCong (ID_ThongTin, NguoiTaoDL) VALUES ('a3965d1a-cf75-4f21-ad4c-76f1a1b261d7', N'Nguyễn Đình Tạo');
-- row: [69]);
INSERT INTO CovidChinhThuc.dbo.CaNhan (ID, HoTen, NgaySinh, CMND, SinhNam, DiaChi, IDPhuongXa, IDQuanHuyen, SoKhaiSinh, NguoiTaoDL) VALUES ('cebfd37c-bbfc-49b3-8d04-e307edf5c74f', N'Nguyễn Thị Lan', '1925-01-01', '215255429', 1925, N'Tiên Thuận', 93, 7, NULL, N'Nguyễn Đình Tạo');
INSERT INTO CovidChinhThuc.dbo.ThongTinHoTro (ID, IDNoiDung, IDDoiTuong, IDCaNhan, NguoiTaoDL) VALUES ('cc7c3658-2da4-457a-bb17-576d00c26374', 6, '3A65F299-2EFA-4982-BF70-81D7B5024935', 'cebfd37c-bbfc-49b3-8d04-e307edf5c74f', N'Nguyễn Đình Tạo');
INSERT INTO CovidChinhThuc.dbo.ChiTiet_NguoiCoCong (ID_ThongTin, NguoiTaoDL) VALUES ('cc7c3658-2da4-457a-bb17-576d00c26374', N'Nguyễn Đình Tạo');
-- row: [70]);
INSERT INTO CovidChinhThuc.dbo.CaNhan (ID, HoTen, NgaySinh, CMND, SinhNam, DiaChi, IDPhuongXa, IDQuanHuyen, SoKhaiSinh, NguoiTaoDL) VALUES ('1ed6c8dd-a8e6-4734-8c77-703d9add1545', N'Nguyễn Thị Lan ( Lang)', '1944-01-01', '210845128', 1944, N'Hòa Thuận', 93, 7, NULL, N'Nguyễn Đình Tạo');
INSERT INTO CovidChinhThuc.dbo.ThongTinHoTro (ID, IDNoiDung, IDDoiTuong, IDCaNhan, NguoiTaoDL) VALUES ('404174c4-cfff-4f3a-9223-1aa9196e7cfd', 6, '2DE801FE-8F9D-4CB2-A1C0-E61F4503CB74', '1ed6c8dd-a8e6-4734-8c77-703d9add1545', N'Nguyễn Đình Tạo');
INSERT INTO CovidChinhThuc.dbo.ChiTiet_NguoiCoCong (ID_ThongTin, NguoiTaoDL) VALUES ('404174c4-cfff-4f3a-9223-1aa9196e7cfd', N'Nguyễn Đình Tạo');
-- row: [71]);
INSERT INTO CovidChinhThuc.dbo.CaNhan (ID, HoTen, NgaySinh, CMND, SinhNam, DiaChi, IDPhuongXa, IDQuanHuyen, SoKhaiSinh, NguoiTaoDL) VALUES ('ff4e8a2b-40cd-4546-92e3-7433f9e6be7b', N'Nguyễn Thị Liên', '1955-01-01', '210918159', 1955, N'Thượng Sơn', 93, 7, NULL, N'Nguyễn Đình Tạo');
INSERT INTO CovidChinhThuc.dbo.ThongTinHoTro (ID, IDNoiDung, IDDoiTuong, IDCaNhan, NguoiTaoDL) VALUES ('61fa2833-6fb9-4812-a518-7691affb5fea', 6, 'EDE2F0CC-2376-438A-B5FB-FACD867E38EF', 'ff4e8a2b-40cd-4546-92e3-7433f9e6be7b', N'Nguyễn Đình Tạo');
INSERT INTO CovidChinhThuc.dbo.ChiTiet_NguoiCoCong (ID_ThongTin, NguoiTaoDL) VALUES ('61fa2833-6fb9-4812-a518-7691affb5fea', N'Nguyễn Đình Tạo');
-- row: [72]);
INSERT INTO CovidChinhThuc.dbo.CaNhan (ID, HoTen, NgaySinh, CMND, SinhNam, DiaChi, IDPhuongXa, IDQuanHuyen, SoKhaiSinh, NguoiTaoDL) VALUES ('4cf202bb-d5da-493f-b834-84d142465a2e', N'Nguyễn Thị Nga', '1934-01-01', '210813155', 1934, N'Tiên Thuận', 93, 7, NULL, N'Nguyễn Đình Tạo');
INSERT INTO CovidChinhThuc.dbo.ThongTinHoTro (ID, IDNoiDung, IDDoiTuong, IDCaNhan, NguoiTaoDL) VALUES ('d261965d-3417-4d6a-919f-47cca7aafe17', 6, 'EDE2F0CC-2376-438A-B5FB-FACD867E38EF', '4cf202bb-d5da-493f-b834-84d142465a2e', N'Nguyễn Đình Tạo');
INSERT INTO CovidChinhThuc.dbo.ChiTiet_NguoiCoCong (ID_ThongTin, NguoiTaoDL) VALUES ('d261965d-3417-4d6a-919f-47cca7aafe17', N'Nguyễn Đình Tạo');
-- row: [73]);
INSERT INTO CovidChinhThuc.dbo.CaNhan (ID, HoTen, NgaySinh, CMND, SinhNam, DiaChi, IDPhuongXa, IDQuanHuyen, SoKhaiSinh, NguoiTaoDL) VALUES ('3a270fb3-cfcd-4f29-9e05-9a9d49aafb59', N'Nguyễn Thị Ngọc', '1953-01-01', '211111730', 1953, N'Thượng Sơn', 93, 7, NULL, N'Nguyễn Đình Tạo');
INSERT INTO CovidChinhThuc.dbo.ThongTinHoTro (ID, IDNoiDung, IDDoiTuong, IDCaNhan, NguoiTaoDL) VALUES ('14dca5d8-c47d-4d61-92dd-57cf68563b88', 6, 'EDE2F0CC-2376-438A-B5FB-FACD867E38EF', '3a270fb3-cfcd-4f29-9e05-9a9d49aafb59', N'Nguyễn Đình Tạo');
INSERT INTO CovidChinhThuc.dbo.ChiTiet_NguoiCoCong (ID_ThongTin, NguoiTaoDL) VALUES ('14dca5d8-c47d-4d61-92dd-57cf68563b88', N'Nguyễn Đình Tạo');
-- row: [74]);
INSERT INTO CovidChinhThuc.dbo.CaNhan (ID, HoTen, NgaySinh, CMND, SinhNam, DiaChi, IDPhuongXa, IDQuanHuyen, SoKhaiSinh, NguoiTaoDL) VALUES ('4b8a4d2a-8979-4382-8b65-fc785b976eb9', N'Nguyễn Thị Nhạn (Phương)', '1951-01-01', '210918240', 1951, N'Thượng Sơn', 93, 7, NULL, N'Nguyễn Đình Tạo');
INSERT INTO CovidChinhThuc.dbo.ThongTinHoTro (ID, IDNoiDung, IDDoiTuong, IDCaNhan, NguoiTaoDL) VALUES ('e2265d36-9440-4e14-993a-b98bccd1a87b', 6, 'EDE2F0CC-2376-438A-B5FB-FACD867E38EF', '4b8a4d2a-8979-4382-8b65-fc785b976eb9', N'Nguyễn Đình Tạo');
INSERT INTO CovidChinhThuc.dbo.ChiTiet_NguoiCoCong (ID_ThongTin, NguoiTaoDL) VALUES ('e2265d36-9440-4e14-993a-b98bccd1a87b', N'Nguyễn Đình Tạo');
-- row: [75]);
INSERT INTO CovidChinhThuc.dbo.CaNhan (ID, HoTen, NgaySinh, CMND, SinhNam, DiaChi, IDPhuongXa, IDQuanHuyen, SoKhaiSinh, NguoiTaoDL) VALUES ('e8386a10-7bb9-4ba4-80f1-9a71259c8e42', N'Nguyễn Thị Phương', '1938-01-01', '210918257', 1938, N'Thượng Sơn', 93, 7, NULL, N'Nguyễn Đình Tạo');
INSERT INTO CovidChinhThuc.dbo.ThongTinHoTro (ID, IDNoiDung, IDDoiTuong, IDCaNhan, NguoiTaoDL) VALUES ('7aa0768f-ced4-4974-8c2e-be3dfe86069d', 6, 'EDE2F0CC-2376-438A-B5FB-FACD867E38EF', 'e8386a10-7bb9-4ba4-80f1-9a71259c8e42', N'Nguyễn Đình Tạo');
INSERT INTO CovidChinhThuc.dbo.ChiTiet_NguoiCoCong (ID_ThongTin, NguoiTaoDL) VALUES ('7aa0768f-ced4-4974-8c2e-be3dfe86069d', N'Nguyễn Đình Tạo');
-- row: [76]);
INSERT INTO CovidChinhThuc.dbo.CaNhan (ID, HoTen, NgaySinh, CMND, SinhNam, DiaChi, IDPhuongXa, IDQuanHuyen, SoKhaiSinh, NguoiTaoDL) VALUES ('988c10b1-8592-4688-b6e9-5ddb0a0ac6b4', N'Nguyễn Thị Phượng', '1959-01-01', '210845280', 1959, N'Tiên Thuận', 93, 7, NULL, N'Nguyễn Đình Tạo');
INSERT INTO CovidChinhThuc.dbo.ThongTinHoTro (ID, IDNoiDung, IDDoiTuong, IDCaNhan, NguoiTaoDL) VALUES ('0ca4db81-71b9-426f-879d-79a8e3c69660', 6, 'EDE2F0CC-2376-438A-B5FB-FACD867E38EF', '988c10b1-8592-4688-b6e9-5ddb0a0ac6b4', N'Nguyễn Đình Tạo');
INSERT INTO CovidChinhThuc.dbo.ChiTiet_NguoiCoCong (ID_ThongTin, NguoiTaoDL) VALUES ('0ca4db81-71b9-426f-879d-79a8e3c69660', N'Nguyễn Đình Tạo');
-- row: [77]);
INSERT INTO CovidChinhThuc.dbo.CaNhan (ID, HoTen, NgaySinh, CMND, SinhNam, DiaChi, IDPhuongXa, IDQuanHuyen, SoKhaiSinh, NguoiTaoDL) VALUES ('1ca990c5-7ef9-436a-ad59-3abd5bdddf16', N'Nguyễn Thị Sáng', '1949-01-01', '210918295', 1949, N'Thượng Sơn', 93, 7, NULL, N'Nguyễn Đình Tạo');
INSERT INTO CovidChinhThuc.dbo.ThongTinHoTro (ID, IDNoiDung, IDDoiTuong, IDCaNhan, NguoiTaoDL) VALUES ('cf0f861c-0c5f-489e-aa86-cdcbd5492363', 6, 'EDE2F0CC-2376-438A-B5FB-FACD867E38EF', '1ca990c5-7ef9-436a-ad59-3abd5bdddf16', N'Nguyễn Đình Tạo');
INSERT INTO CovidChinhThuc.dbo.ChiTiet_NguoiCoCong (ID_ThongTin, NguoiTaoDL) VALUES ('cf0f861c-0c5f-489e-aa86-cdcbd5492363', N'Nguyễn Đình Tạo');
-- row: [78]);
INSERT INTO CovidChinhThuc.dbo.CaNhan (ID, HoTen, NgaySinh, CMND, SinhNam, DiaChi, IDPhuongXa, IDQuanHuyen, SoKhaiSinh, NguoiTaoDL) VALUES ('7bd89e9e-cd15-4d46-9227-9cf80a72255d', N'Nguyễn Thị Tài', '1942-01-01', '210918060', 1942, N'Thượng Sơn', 93, 7, NULL, N'Nguyễn Đình Tạo');
INSERT INTO CovidChinhThuc.dbo.ThongTinHoTro (ID, IDNoiDung, IDDoiTuong, IDCaNhan, NguoiTaoDL) VALUES ('17d1e6f2-69a6-4a47-a7c7-1a05526be42f', 6, '2DE801FE-8F9D-4CB2-A1C0-E61F4503CB74', '7bd89e9e-cd15-4d46-9227-9cf80a72255d', N'Nguyễn Đình Tạo');
INSERT INTO CovidChinhThuc.dbo.ChiTiet_NguoiCoCong (ID_ThongTin, NguoiTaoDL) VALUES ('17d1e6f2-69a6-4a47-a7c7-1a05526be42f', N'Nguyễn Đình Tạo');
-- row: [79]);
INSERT INTO CovidChinhThuc.dbo.CaNhan (ID, HoTen, NgaySinh, CMND, SinhNam, DiaChi, IDPhuongXa, IDQuanHuyen, SoKhaiSinh, NguoiTaoDL) VALUES ('94ed0651-04c6-4f1c-9345-7da4b4c94003', N'Nguyễn Thị Tân', '1932-01-01', '215399306', 1932, N'Thượng Sơn', 93, 7, NULL, N'Nguyễn Đình Tạo');
INSERT INTO CovidChinhThuc.dbo.ThongTinHoTro (ID, IDNoiDung, IDDoiTuong, IDCaNhan, NguoiTaoDL) VALUES ('7e610d00-ea74-4422-88d2-87f4ca70c265', 6, 'EDE2F0CC-2376-438A-B5FB-FACD867E38EF', '94ed0651-04c6-4f1c-9345-7da4b4c94003', N'Nguyễn Đình Tạo');
INSERT INTO CovidChinhThuc.dbo.ChiTiet_NguoiCoCong (ID_ThongTin, NguoiTaoDL) VALUES ('7e610d00-ea74-4422-88d2-87f4ca70c265', N'Nguyễn Đình Tạo');
-- row: [80]);
INSERT INTO CovidChinhThuc.dbo.CaNhan (ID, HoTen, NgaySinh, CMND, SinhNam, DiaChi, IDPhuongXa, IDQuanHuyen, SoKhaiSinh, NguoiTaoDL) VALUES ('035ecee6-0528-4ad2-85ca-8164e63bc094', N'Nguyễn Thị Thái', '1948-01-01', '210813244', 1948, N'Tiên Thuận', 93, 7, NULL, N'Nguyễn Đình Tạo');
INSERT INTO CovidChinhThuc.dbo.ThongTinHoTro (ID, IDNoiDung, IDDoiTuong, IDCaNhan, NguoiTaoDL) VALUES ('61b31a96-846b-4cf0-9e2c-08a372592507', 6, 'EDE2F0CC-2376-438A-B5FB-FACD867E38EF', '035ecee6-0528-4ad2-85ca-8164e63bc094', N'Nguyễn Đình Tạo');
INSERT INTO CovidChinhThuc.dbo.ChiTiet_NguoiCoCong (ID_ThongTin, NguoiTaoDL) VALUES ('61b31a96-846b-4cf0-9e2c-08a372592507', N'Nguyễn Đình Tạo');
-- row: [81]);
INSERT INTO CovidChinhThuc.dbo.CaNhan (ID, HoTen, NgaySinh, CMND, SinhNam, DiaChi, IDPhuongXa, IDQuanHuyen, SoKhaiSinh, NguoiTaoDL) VALUES ('64714b0c-8507-4cd4-ad2d-399c4cf29f7b', N'Nguyễn Thị Thanh', '1925-01-01', '210918089', 1925, N'Tiên Thuận', 93, 7, NULL, N'Nguyễn Đình Tạo');
INSERT INTO CovidChinhThuc.dbo.ThongTinHoTro (ID, IDNoiDung, IDDoiTuong, IDCaNhan, NguoiTaoDL) VALUES ('274fcc8e-23a4-4966-b00e-ca7662455385', 6, '3A65F299-2EFA-4982-BF70-81D7B5024935', '64714b0c-8507-4cd4-ad2d-399c4cf29f7b', N'Nguyễn Đình Tạo');
INSERT INTO CovidChinhThuc.dbo.ChiTiet_NguoiCoCong (ID_ThongTin, NguoiTaoDL) VALUES ('274fcc8e-23a4-4966-b00e-ca7662455385', N'Nguyễn Đình Tạo');
-- row: [82]);
INSERT INTO CovidChinhThuc.dbo.CaNhan (ID, HoTen, NgaySinh, CMND, SinhNam, DiaChi, IDPhuongXa, IDQuanHuyen, SoKhaiSinh, NguoiTaoDL) VALUES ('d0eaa06f-f5c6-4814-b97b-96b9b909b84e', N'Nguyễn Thị Thu', '1934-01-01', '215331305', 1934, N'Thượng Sơn', 93, 7, NULL, N'Nguyễn Đình Tạo');
INSERT INTO CovidChinhThuc.dbo.ThongTinHoTro (ID, IDNoiDung, IDDoiTuong, IDCaNhan, NguoiTaoDL) VALUES ('2f8d8215-79bd-4084-8e0a-c9ce01205766', 6, 'EDE2F0CC-2376-438A-B5FB-FACD867E38EF', 'd0eaa06f-f5c6-4814-b97b-96b9b909b84e', N'Nguyễn Đình Tạo');
INSERT INTO CovidChinhThuc.dbo.ChiTiet_NguoiCoCong (ID_ThongTin, NguoiTaoDL) VALUES ('2f8d8215-79bd-4084-8e0a-c9ce01205766', N'Nguyễn Đình Tạo');
-- row: [83]);
INSERT INTO CovidChinhThuc.dbo.CaNhan (ID, HoTen, NgaySinh, CMND, SinhNam, DiaChi, IDPhuongXa, IDQuanHuyen, SoKhaiSinh, NguoiTaoDL) VALUES ('66e736d3-9fba-4e89-8e0a-78dbaa657fc7', N'Nguyễn Thị Vân', '1955-01-01', '210813400', 1955, N'Thượng Sơn', 93, 7, NULL, N'Nguyễn Đình Tạo');
INSERT INTO CovidChinhThuc.dbo.ThongTinHoTro (ID, IDNoiDung, IDDoiTuong, IDCaNhan, NguoiTaoDL) VALUES ('d1dcc968-9d7c-4224-9655-2681cdce090d', 6, '78AC3F79-5C50-4ACB-B626-E51ED3D4E8E5', '66e736d3-9fba-4e89-8e0a-78dbaa657fc7', N'Nguyễn Đình Tạo');
INSERT INTO CovidChinhThuc.dbo.ChiTiet_NguoiCoCong (ID_ThongTin, NguoiTaoDL) VALUES ('d1dcc968-9d7c-4224-9655-2681cdce090d', N'Nguyễn Đình Tạo');
-- row: [84]);
INSERT INTO CovidChinhThuc.dbo.CaNhan (ID, HoTen, NgaySinh, CMND, SinhNam, DiaChi, IDPhuongXa, IDQuanHuyen, SoKhaiSinh, NguoiTaoDL) VALUES ('19157ac7-370e-459e-a486-3aec883417f5', N'Nguyễn Thị Xuân', '1950-01-01', '210813859', 1950, N'Thượng Sơn', 93, 7, NULL, N'Nguyễn Đình Tạo');
INSERT INTO CovidChinhThuc.dbo.ThongTinHoTro (ID, IDNoiDung, IDDoiTuong, IDCaNhan, NguoiTaoDL) VALUES ('9656fe5e-36da-4e9e-b989-bb53d33d3054', 6, 'EDE2F0CC-2376-438A-B5FB-FACD867E38EF', '19157ac7-370e-459e-a486-3aec883417f5', N'Nguyễn Đình Tạo');
INSERT INTO CovidChinhThuc.dbo.ChiTiet_NguoiCoCong (ID_ThongTin, NguoiTaoDL) VALUES ('9656fe5e-36da-4e9e-b989-bb53d33d3054', N'Nguyễn Đình Tạo');
-- row: [85]);
INSERT INTO CovidChinhThuc.dbo.CaNhan (ID, HoTen, NgaySinh, CMND, SinhNam, DiaChi, IDPhuongXa, IDQuanHuyen, SoKhaiSinh, NguoiTaoDL) VALUES ('4e6df42f-2dc9-4a33-b3b3-0d4a1f30a8ce', N'Nguyễn Văn Cam', '1950-01-01', '210981399', 1950, N'Trung Sơn', 93, 7, NULL, N'Nguyễn Đình Tạo');
INSERT INTO CovidChinhThuc.dbo.ThongTinHoTro (ID, IDNoiDung, IDDoiTuong, IDCaNhan, NguoiTaoDL) VALUES ('fdb871fe-362e-49ad-8952-e909aeaad072', 6, 'EDE2F0CC-2376-438A-B5FB-FACD867E38EF', '4e6df42f-2dc9-4a33-b3b3-0d4a1f30a8ce', N'Nguyễn Đình Tạo');
INSERT INTO CovidChinhThuc.dbo.ChiTiet_NguoiCoCong (ID_ThongTin, NguoiTaoDL) VALUES ('fdb871fe-362e-49ad-8952-e909aeaad072', N'Nguyễn Đình Tạo');
-- row: [86]);
INSERT INTO CovidChinhThuc.dbo.CaNhan (ID, HoTen, NgaySinh, CMND, SinhNam, DiaChi, IDPhuongXa, IDQuanHuyen, SoKhaiSinh, NguoiTaoDL) VALUES ('cd3f04a0-5e9c-48ad-ba4a-fff51c2a3c11', N'Nguyễn Văn Hoà', '1964-01-01', '210845241', 1964, N'Hòa Thuận', 93, 7, NULL, N'Nguyễn Đình Tạo');
INSERT INTO CovidChinhThuc.dbo.ThongTinHoTro (ID, IDNoiDung, IDDoiTuong, IDCaNhan, NguoiTaoDL) VALUES ('46b881f1-244b-4682-80be-3ed175678f4a', 6, 'EDE2F0CC-2376-438A-B5FB-FACD867E38EF', 'cd3f04a0-5e9c-48ad-ba4a-fff51c2a3c11', N'Nguyễn Đình Tạo');
INSERT INTO CovidChinhThuc.dbo.ChiTiet_NguoiCoCong (ID_ThongTin, NguoiTaoDL) VALUES ('46b881f1-244b-4682-80be-3ed175678f4a', N'Nguyễn Đình Tạo');
-- row: [87]);
INSERT INTO CovidChinhThuc.dbo.CaNhan (ID, HoTen, NgaySinh, CMND, SinhNam, DiaChi, IDPhuongXa, IDQuanHuyen, SoKhaiSinh, NguoiTaoDL) VALUES ('007c3023-c7b7-4794-9ac0-d1d41ccca105', N'Nguyễn Văn Thọ', '1953-01-01', '210813401', 1953, N'Thượng Sơn', 93, 7, NULL, N'Nguyễn Đình Tạo');
INSERT INTO CovidChinhThuc.dbo.ThongTinHoTro (ID, IDNoiDung, IDDoiTuong, IDCaNhan, NguoiTaoDL) VALUES ('f97e9361-6745-4ee7-a8be-affc59c30e93', 6, 'EDE2F0CC-2376-438A-B5FB-FACD867E38EF', '007c3023-c7b7-4794-9ac0-d1d41ccca105', N'Nguyễn Đình Tạo');
INSERT INTO CovidChinhThuc.dbo.ChiTiet_NguoiCoCong (ID_ThongTin, NguoiTaoDL) VALUES ('f97e9361-6745-4ee7-a8be-affc59c30e93', N'Nguyễn Đình Tạo');
-- row: [88]);
INSERT INTO CovidChinhThuc.dbo.CaNhan (ID, HoTen, NgaySinh, CMND, SinhNam, DiaChi, IDPhuongXa, IDQuanHuyen, SoKhaiSinh, NguoiTaoDL) VALUES ('ece3c980-e30a-4548-a9b0-4972d268c818', N'Nguyễn Văn Trầm', '1926-01-01', '211030457', 1926, N'Trung Sơn', 93, 7, NULL, N'Nguyễn Đình Tạo');
INSERT INTO CovidChinhThuc.dbo.ThongTinHoTro (ID, IDNoiDung, IDDoiTuong, IDCaNhan, NguoiTaoDL) VALUES ('528f230f-75ef-4ca8-94ac-b38c9b9e40e9', 6, 'EDE2F0CC-2376-438A-B5FB-FACD867E38EF', 'ece3c980-e30a-4548-a9b0-4972d268c818', N'Nguyễn Đình Tạo');
INSERT INTO CovidChinhThuc.dbo.ChiTiet_NguoiCoCong (ID_ThongTin, NguoiTaoDL) VALUES ('528f230f-75ef-4ca8-94ac-b38c9b9e40e9', N'Nguyễn Đình Tạo');
-- row: [89]);
INSERT INTO CovidChinhThuc.dbo.CaNhan (ID, HoTen, NgaySinh, CMND, SinhNam, DiaChi, IDPhuongXa, IDQuanHuyen, SoKhaiSinh, NguoiTaoDL) VALUES ('67435559-ecc4-4a3c-8202-1d70d1f98252', N'Nguyễn Văn Trường', '1950-01-01', '215102622', 1950, N'Trung Sơn', 93, 7, NULL, N'Nguyễn Đình Tạo');
INSERT INTO CovidChinhThuc.dbo.ThongTinHoTro (ID, IDNoiDung, IDDoiTuong, IDCaNhan, NguoiTaoDL) VALUES ('e83c9aac-327c-4213-8367-7b52a62d6509', 6, 'EDE2F0CC-2376-438A-B5FB-FACD867E38EF', '67435559-ecc4-4a3c-8202-1d70d1f98252', N'Nguyễn Đình Tạo');
INSERT INTO CovidChinhThuc.dbo.ChiTiet_NguoiCoCong (ID_ThongTin, NguoiTaoDL) VALUES ('e83c9aac-327c-4213-8367-7b52a62d6509', N'Nguyễn Đình Tạo');
-- row: [90]);
INSERT INTO CovidChinhThuc.dbo.CaNhan (ID, HoTen, NgaySinh, CMND, SinhNam, DiaChi, IDPhuongXa, IDQuanHuyen, SoKhaiSinh, NguoiTaoDL) VALUES ('d2194374-0da1-4f03-8995-db86e671aa6c', N'Nguyễn Viết Xuân', '1955-01-01', '210918034', 1955, N'Tiên Thuận', 93, 7, NULL, N'Nguyễn Đình Tạo');
INSERT INTO CovidChinhThuc.dbo.ThongTinHoTro (ID, IDNoiDung, IDDoiTuong, IDCaNhan, NguoiTaoDL) VALUES ('e8f22e36-6dc7-4dd0-a204-9060c83e3e07', 6, '78AC3F79-5C50-4ACB-B626-E51ED3D4E8E5', 'd2194374-0da1-4f03-8995-db86e671aa6c', N'Nguyễn Đình Tạo');
INSERT INTO CovidChinhThuc.dbo.ChiTiet_NguoiCoCong (ID_ThongTin, NguoiTaoDL) VALUES ('e8f22e36-6dc7-4dd0-a204-9060c83e3e07', N'Nguyễn Đình Tạo');
-- row: [91]);
INSERT INTO CovidChinhThuc.dbo.CaNhan (ID, HoTen, NgaySinh, CMND, SinhNam, DiaChi, IDPhuongXa, IDQuanHuyen, SoKhaiSinh, NguoiTaoDL) VALUES ('9b3eea26-46f5-4f4d-b849-f6113f6ad414', N'Nguyễn Xuân Vinh', '1950-01-01', '210918155', 1950, N'Thượng Sơn', 93, 7, NULL, N'Nguyễn Đình Tạo');
INSERT INTO CovidChinhThuc.dbo.ThongTinHoTro (ID, IDNoiDung, IDDoiTuong, IDCaNhan, NguoiTaoDL) VALUES ('766497a6-1c23-45d8-b52d-6344026abc78', 6, 'EDE2F0CC-2376-438A-B5FB-FACD867E38EF', '9b3eea26-46f5-4f4d-b849-f6113f6ad414', N'Nguyễn Đình Tạo');
INSERT INTO CovidChinhThuc.dbo.ChiTiet_NguoiCoCong (ID_ThongTin, NguoiTaoDL) VALUES ('766497a6-1c23-45d8-b52d-6344026abc78', N'Nguyễn Đình Tạo');
-- row: [92]);
INSERT INTO CovidChinhThuc.dbo.CaNhan (ID, HoTen, NgaySinh, CMND, SinhNam, DiaChi, IDPhuongXa, IDQuanHuyen, SoKhaiSinh, NguoiTaoDL) VALUES ('74d2423e-b6e4-4054-b3a1-0ba51b6fd4a5', N'Phạm Hùng', '1960-01-01', '211111692', 1960, N'Thượng Sơn', 93, 7, NULL, N'Nguyễn Đình Tạo');
INSERT INTO CovidChinhThuc.dbo.ThongTinHoTro (ID, IDNoiDung, IDDoiTuong, IDCaNhan, NguoiTaoDL) VALUES ('10a473cc-90ba-4d63-9b28-1e69e2333348', 6, 'EDE2F0CC-2376-438A-B5FB-FACD867E38EF', '74d2423e-b6e4-4054-b3a1-0ba51b6fd4a5', N'Nguyễn Đình Tạo');
INSERT INTO CovidChinhThuc.dbo.ChiTiet_NguoiCoCong (ID_ThongTin, NguoiTaoDL) VALUES ('10a473cc-90ba-4d63-9b28-1e69e2333348', N'Nguyễn Đình Tạo');
-- row: [93]);
INSERT INTO CovidChinhThuc.dbo.CaNhan (ID, HoTen, NgaySinh, CMND, SinhNam, DiaChi, IDPhuongXa, IDQuanHuyen, SoKhaiSinh, NguoiTaoDL) VALUES ('effbd6c7-2675-4f71-aaf7-95ac7bb4c46c', N'Phạm Thị Hoa', '1924-01-01', '210918226', 1924, N'Thượng Sơn', 93, 7, NULL, N'Nguyễn Đình Tạo');
INSERT INTO CovidChinhThuc.dbo.ThongTinHoTro (ID, IDNoiDung, IDDoiTuong, IDCaNhan, NguoiTaoDL) VALUES ('e0ebee54-2fb7-43d1-889f-21434ef29d43', 6, '3A65F299-2EFA-4982-BF70-81D7B5024935', 'effbd6c7-2675-4f71-aaf7-95ac7bb4c46c', N'Nguyễn Đình Tạo');
INSERT INTO CovidChinhThuc.dbo.ChiTiet_NguoiCoCong (ID_ThongTin, NguoiTaoDL) VALUES ('e0ebee54-2fb7-43d1-889f-21434ef29d43', N'Nguyễn Đình Tạo');
-- row: [94]);
INSERT INTO CovidChinhThuc.dbo.CaNhan (ID, HoTen, NgaySinh, CMND, SinhNam, DiaChi, IDPhuongXa, IDQuanHuyen, SoKhaiSinh, NguoiTaoDL) VALUES ('0f2d713d-ba10-4a5f-91da-d0c591aa0856', N'Phạm Thị Xuân', '1946-01-01', '210845115', 1946, N'Hòa Thuận', 93, 7, NULL, N'Nguyễn Đình Tạo');
INSERT INTO CovidChinhThuc.dbo.ThongTinHoTro (ID, IDNoiDung, IDDoiTuong, IDCaNhan, NguoiTaoDL) VALUES ('ee3a2c63-0596-42b6-9b21-73fd00e77665', 6, '2DE801FE-8F9D-4CB2-A1C0-E61F4503CB74', '0f2d713d-ba10-4a5f-91da-d0c591aa0856', N'Nguyễn Đình Tạo');
INSERT INTO CovidChinhThuc.dbo.ChiTiet_NguoiCoCong (ID_ThongTin, NguoiTaoDL) VALUES ('ee3a2c63-0596-42b6-9b21-73fd00e77665', N'Nguyễn Đình Tạo');
-- row: [95]);
INSERT INTO CovidChinhThuc.dbo.CaNhan (ID, HoTen, NgaySinh, CMND, SinhNam, DiaChi, IDPhuongXa, IDQuanHuyen, SoKhaiSinh, NguoiTaoDL) VALUES ('f28297ec-97a0-4758-981a-7c628993beb9', N'Phan Thanh Đẩu', '1950-01-01', '210813351', 1950, N'Hòa Thuận', 93, 7, NULL, N'Nguyễn Đình Tạo');
INSERT INTO CovidChinhThuc.dbo.ThongTinHoTro (ID, IDNoiDung, IDDoiTuong, IDCaNhan, NguoiTaoDL) VALUES ('8cbd55b2-f534-4612-b00f-b3c37ca8f56a', 6, NULL, 'f28297ec-97a0-4758-981a-7c628993beb9', N'Nguyễn Đình Tạo');
INSERT INTO CovidChinhThuc.dbo.ChiTiet_NguoiCoCong (ID_ThongTin, NguoiTaoDL) VALUES ('8cbd55b2-f534-4612-b00f-b3c37ca8f56a', N'Nguyễn Đình Tạo');
-- row: [96]);
INSERT INTO CovidChinhThuc.dbo.CaNhan (ID, HoTen, NgaySinh, CMND, SinhNam, DiaChi, IDPhuongXa, IDQuanHuyen, SoKhaiSinh, NguoiTaoDL) VALUES ('abf27b3e-080f-45ff-a3c3-9175d5ad26a7', N'Phan Thị Liên', '1950-01-01', '210813350', 1950, N'Thượng Sơn', 93, 7, NULL, N'Nguyễn Đình Tạo');
INSERT INTO CovidChinhThuc.dbo.ThongTinHoTro (ID, IDNoiDung, IDDoiTuong, IDCaNhan, NguoiTaoDL) VALUES ('77fda9d1-af1d-4960-9f5e-27d70e44f3bb', 6, 'EDE2F0CC-2376-438A-B5FB-FACD867E38EF', 'abf27b3e-080f-45ff-a3c3-9175d5ad26a7', N'Nguyễn Đình Tạo');
INSERT INTO CovidChinhThuc.dbo.ChiTiet_NguoiCoCong (ID_ThongTin, NguoiTaoDL) VALUES ('77fda9d1-af1d-4960-9f5e-27d70e44f3bb', N'Nguyễn Đình Tạo');
-- row: [97]);
INSERT INTO CovidChinhThuc.dbo.CaNhan (ID, HoTen, NgaySinh, CMND, SinhNam, DiaChi, IDPhuongXa, IDQuanHuyen, SoKhaiSinh, NguoiTaoDL) VALUES ('b3e46050-9ac2-46bf-bc3b-564a1ecec68c', N'Phan Thị Thành', '1980-01-01', '211444631', 1980, N'Hòa Thuận', 93, 7, NULL, N'Nguyễn Đình Tạo');
INSERT INTO CovidChinhThuc.dbo.ThongTinHoTro (ID, IDNoiDung, IDDoiTuong, IDCaNhan, NguoiTaoDL) VALUES ('f446cc7c-5bfb-4336-933a-aceb404ffc8b', 6, 'E4E24DC6-98AE-4685-985D-47C0B48DD6FD', 'b3e46050-9ac2-46bf-bc3b-564a1ecec68c', N'Nguyễn Đình Tạo');
INSERT INTO CovidChinhThuc.dbo.ChiTiet_NguoiCoCong (ID_ThongTin, NguoiTaoDL) VALUES ('f446cc7c-5bfb-4336-933a-aceb404ffc8b', N'Nguyễn Đình Tạo');
-- row: [98]);
INSERT INTO CovidChinhThuc.dbo.CaNhan (ID, HoTen, NgaySinh, CMND, SinhNam, DiaChi, IDPhuongXa, IDQuanHuyen, SoKhaiSinh, NguoiTaoDL) VALUES ('5d9f082b-b3ce-4d2e-950f-1af4b57c7024', N'Quách Ngọc Lễ', '1925-01-01', '211608654', 1925, N'Thượng Sơn', 93, 7, NULL, N'Nguyễn Đình Tạo');
INSERT INTO CovidChinhThuc.dbo.ThongTinHoTro (ID, IDNoiDung, IDDoiTuong, IDCaNhan, NguoiTaoDL) VALUES ('adf5a8ff-f012-4f8d-8c30-07ac10891ecd', 6, 'EDE2F0CC-2376-438A-B5FB-FACD867E38EF', '5d9f082b-b3ce-4d2e-950f-1af4b57c7024', N'Nguyễn Đình Tạo');
INSERT INTO CovidChinhThuc.dbo.ChiTiet_NguoiCoCong (ID_ThongTin, NguoiTaoDL) VALUES ('adf5a8ff-f012-4f8d-8c30-07ac10891ecd', N'Nguyễn Đình Tạo');
-- row: [99]);
INSERT INTO CovidChinhThuc.dbo.CaNhan (ID, HoTen, NgaySinh, CMND, SinhNam, DiaChi, IDPhuongXa, IDQuanHuyen, SoKhaiSinh, NguoiTaoDL) VALUES ('71b690ad-1277-4f4a-bcf4-d7f0bcbf2624', N'Thái Văn Bình', '1953-01-01', '210918176', 1953, N'Thượng Sơn', 93, 7, NULL, N'Nguyễn Đình Tạo');
INSERT INTO CovidChinhThuc.dbo.ThongTinHoTro (ID, IDNoiDung, IDDoiTuong, IDCaNhan, NguoiTaoDL) VALUES ('b36c6452-fa17-4b28-8583-6290c87aabdc', 6, 'EDE2F0CC-2376-438A-B5FB-FACD867E38EF', '71b690ad-1277-4f4a-bcf4-d7f0bcbf2624', N'Nguyễn Đình Tạo');
INSERT INTO CovidChinhThuc.dbo.ChiTiet_NguoiCoCong (ID_ThongTin, NguoiTaoDL) VALUES ('b36c6452-fa17-4b28-8583-6290c87aabdc', N'Nguyễn Đình Tạo');
-- row: [100]);
INSERT INTO CovidChinhThuc.dbo.CaNhan (ID, HoTen, NgaySinh, CMND, SinhNam, DiaChi, IDPhuongXa, IDQuanHuyen, SoKhaiSinh, NguoiTaoDL) VALUES ('a3743e01-4a80-41e1-b1a3-d6c5a201f873', N'Thái Văn Định', '1953-01-01', '215142990', 1953, N'Thượng Sơn', 93, 7, NULL, N'Nguyễn Đình Tạo');
INSERT INTO CovidChinhThuc.dbo.ThongTinHoTro (ID, IDNoiDung, IDDoiTuong, IDCaNhan, NguoiTaoDL) VALUES ('81a03003-3abb-4131-8fa1-f8229507a62c', 6, 'EDE2F0CC-2376-438A-B5FB-FACD867E38EF', 'a3743e01-4a80-41e1-b1a3-d6c5a201f873', N'Nguyễn Đình Tạo');
INSERT INTO CovidChinhThuc.dbo.ChiTiet_NguoiCoCong (ID_ThongTin, NguoiTaoDL) VALUES ('81a03003-3abb-4131-8fa1-f8229507a62c', N'Nguyễn Đình Tạo');
-- row: [101]);
INSERT INTO CovidChinhThuc.dbo.CaNhan (ID, HoTen, NgaySinh, CMND, SinhNam, DiaChi, IDPhuongXa, IDQuanHuyen, SoKhaiSinh, NguoiTaoDL) VALUES ('0780db84-8cb5-48e3-9329-4e550c8f2c7a', N'Thái Văn Minh', '1954-01-01', '210918207', 1954, N'Thượng Sơn', 93, 7, NULL, N'Nguyễn Đình Tạo');
INSERT INTO CovidChinhThuc.dbo.ThongTinHoTro (ID, IDNoiDung, IDDoiTuong, IDCaNhan, NguoiTaoDL) VALUES ('fd763ce8-ea17-4aec-b96b-7c4603f46204', 6, 'EDE2F0CC-2376-438A-B5FB-FACD867E38EF', '0780db84-8cb5-48e3-9329-4e550c8f2c7a', N'Nguyễn Đình Tạo');
INSERT INTO CovidChinhThuc.dbo.ChiTiet_NguoiCoCong (ID_ThongTin, NguoiTaoDL) VALUES ('fd763ce8-ea17-4aec-b96b-7c4603f46204', N'Nguyễn Đình Tạo');
-- row: [102]);
INSERT INTO CovidChinhThuc.dbo.CaNhan (ID, HoTen, NgaySinh, CMND, SinhNam, DiaChi, IDPhuongXa, IDQuanHuyen, SoKhaiSinh, NguoiTaoDL) VALUES ('454ac53f-639f-4bec-9190-fc3ee43dffb1', N'Trần Đình Phụng', '1953-01-01', '210918262', 1953, N'Thượng Sơn', 93, 7, NULL, N'Nguyễn Đình Tạo');
INSERT INTO CovidChinhThuc.dbo.ThongTinHoTro (ID, IDNoiDung, IDDoiTuong, IDCaNhan, NguoiTaoDL) VALUES ('2f695926-091b-4527-8211-c6af9033fcef', 6, 'EDE2F0CC-2376-438A-B5FB-FACD867E38EF', '454ac53f-639f-4bec-9190-fc3ee43dffb1', N'Nguyễn Đình Tạo');
INSERT INTO CovidChinhThuc.dbo.ChiTiet_NguoiCoCong (ID_ThongTin, NguoiTaoDL) VALUES ('2f695926-091b-4527-8211-c6af9033fcef', N'Nguyễn Đình Tạo');
-- row: [103]);
INSERT INTO CovidChinhThuc.dbo.CaNhan (ID, HoTen, NgaySinh, CMND, SinhNam, DiaChi, IDPhuongXa, IDQuanHuyen, SoKhaiSinh, NguoiTaoDL) VALUES ('466b99f5-9fff-4046-a149-ac53ffff4037', N'Trần Thanh Bình', '1938-01-01', '210813369', 1938, N'Hòa Thuận', 93, 7, NULL, N'Nguyễn Đình Tạo');
INSERT INTO CovidChinhThuc.dbo.ThongTinHoTro (ID, IDNoiDung, IDDoiTuong, IDCaNhan, NguoiTaoDL) VALUES ('690c0607-c0f7-44d7-b8a4-43b0ea638c42', 6, 'EDE2F0CC-2376-438A-B5FB-FACD867E38EF', '466b99f5-9fff-4046-a149-ac53ffff4037', N'Nguyễn Đình Tạo');
INSERT INTO CovidChinhThuc.dbo.ChiTiet_NguoiCoCong (ID_ThongTin, NguoiTaoDL) VALUES ('690c0607-c0f7-44d7-b8a4-43b0ea638c42', N'Nguyễn Đình Tạo');
-- row: [104]);
INSERT INTO CovidChinhThuc.dbo.CaNhan (ID, HoTen, NgaySinh, CMND, SinhNam, DiaChi, IDPhuongXa, IDQuanHuyen, SoKhaiSinh, NguoiTaoDL) VALUES ('bee6f09c-b742-4d07-9d4c-f234cc4fd39f', N'Trần Thị An', '1945-01-01', '211007245', 1945, N'Trung Sơn', 93, 7, NULL, N'Nguyễn Đình Tạo');
INSERT INTO CovidChinhThuc.dbo.ThongTinHoTro (ID, IDNoiDung, IDDoiTuong, IDCaNhan, NguoiTaoDL) VALUES ('3e12e07a-b8f2-47b4-8e28-2888544ef414', 6, '2DE801FE-8F9D-4CB2-A1C0-E61F4503CB74', 'bee6f09c-b742-4d07-9d4c-f234cc4fd39f', N'Nguyễn Đình Tạo');
INSERT INTO CovidChinhThuc.dbo.ChiTiet_NguoiCoCong (ID_ThongTin, NguoiTaoDL) VALUES ('3e12e07a-b8f2-47b4-8e28-2888544ef414', N'Nguyễn Đình Tạo');
-- row: [105]);
INSERT INTO CovidChinhThuc.dbo.CaNhan (ID, HoTen, NgaySinh, CMND, SinhNam, DiaChi, IDPhuongXa, IDQuanHuyen, SoKhaiSinh, NguoiTaoDL) VALUES ('f2dc608e-833e-40c4-9748-6fd9b2a94e97', N'Trần Thị Ánh', '1949-01-01', '210918259', 1949, N'Thượng Sơn', 93, 7, NULL, N'Nguyễn Đình Tạo');
INSERT INTO CovidChinhThuc.dbo.ThongTinHoTro (ID, IDNoiDung, IDDoiTuong, IDCaNhan, NguoiTaoDL) VALUES ('dd09d98d-f3d3-4c8b-bb87-01c5dda351c7', 6, 'EDE2F0CC-2376-438A-B5FB-FACD867E38EF', 'f2dc608e-833e-40c4-9748-6fd9b2a94e97', N'Nguyễn Đình Tạo');
INSERT INTO CovidChinhThuc.dbo.ChiTiet_NguoiCoCong (ID_ThongTin, NguoiTaoDL) VALUES ('dd09d98d-f3d3-4c8b-bb87-01c5dda351c7', N'Nguyễn Đình Tạo');
-- row: [106]);
INSERT INTO CovidChinhThuc.dbo.CaNhan (ID, HoTen, NgaySinh, CMND, SinhNam, DiaChi, IDPhuongXa, IDQuanHuyen, SoKhaiSinh, NguoiTaoDL) VALUES ('e4297b4c-08a5-4e90-98e9-e6aa868dcd0f', N'Trần Thị Bảy', '1925-01-01', '215478479', 1925, N'Trung Sơn', 93, 7, NULL, N'Nguyễn Đình Tạo');
INSERT INTO CovidChinhThuc.dbo.ThongTinHoTro (ID, IDNoiDung, IDDoiTuong, IDCaNhan, NguoiTaoDL) VALUES ('81bac2c5-80a2-464b-8962-464ef6826bbd', 6, '41B0E9CD-732C-4E19-AAEC-3DC041CB6144', 'e4297b4c-08a5-4e90-98e9-e6aa868dcd0f', N'Nguyễn Đình Tạo');
INSERT INTO CovidChinhThuc.dbo.ChiTiet_NguoiCoCong (ID_ThongTin, NguoiTaoDL) VALUES ('81bac2c5-80a2-464b-8962-464ef6826bbd', N'Nguyễn Đình Tạo');
-- row: [107]);
INSERT INTO CovidChinhThuc.dbo.CaNhan (ID, HoTen, NgaySinh, CMND, SinhNam, DiaChi, IDPhuongXa, IDQuanHuyen, SoKhaiSinh, NguoiTaoDL) VALUES ('b785272b-0995-4343-843d-0621b22a6b63', N'Trần Thị Bông', '1955-01-01', '210918123', 1955, N'Thượng Sơn', 93, 7, NULL, N'Nguyễn Đình Tạo');
INSERT INTO CovidChinhThuc.dbo.ThongTinHoTro (ID, IDNoiDung, IDDoiTuong, IDCaNhan, NguoiTaoDL) VALUES ('16a0b1b3-c04c-465a-883c-00565831656e', 6, 'EDE2F0CC-2376-438A-B5FB-FACD867E38EF', 'b785272b-0995-4343-843d-0621b22a6b63', N'Nguyễn Đình Tạo');
INSERT INTO CovidChinhThuc.dbo.ChiTiet_NguoiCoCong (ID_ThongTin, NguoiTaoDL) VALUES ('16a0b1b3-c04c-465a-883c-00565831656e', N'Nguyễn Đình Tạo');
-- row: [108]);
INSERT INTO CovidChinhThuc.dbo.CaNhan (ID, HoTen, NgaySinh, CMND, SinhNam, DiaChi, IDPhuongXa, IDQuanHuyen, SoKhaiSinh, NguoiTaoDL) VALUES ('27dfa4e3-4a98-4826-b1c9-de8a1e8a5d1c', N'Trần Thị Đào', '1940-01-01', '210918526', 1940, N'Thượng Sơn', 93, 7, NULL, N'Nguyễn Đình Tạo');
INSERT INTO CovidChinhThuc.dbo.ThongTinHoTro (ID, IDNoiDung, IDDoiTuong, IDCaNhan, NguoiTaoDL) VALUES ('5d00bccc-2b2d-4770-9b86-4886115d98a3', 6, 'EDE2F0CC-2376-438A-B5FB-FACD867E38EF', '27dfa4e3-4a98-4826-b1c9-de8a1e8a5d1c', N'Nguyễn Đình Tạo');
INSERT INTO CovidChinhThuc.dbo.ChiTiet_NguoiCoCong (ID_ThongTin, NguoiTaoDL) VALUES ('5d00bccc-2b2d-4770-9b86-4886115d98a3', N'Nguyễn Đình Tạo');
-- row: [109]);
INSERT INTO CovidChinhThuc.dbo.CaNhan (ID, HoTen, NgaySinh, CMND, SinhNam, DiaChi, IDPhuongXa, IDQuanHuyen, SoKhaiSinh, NguoiTaoDL) VALUES ('8849e053-fd65-400d-82a5-484eb2db9231', N'Trần Thị Đào', '1941-01-01', '210813219', 1941, N'Tiên Thuận', 93, 7, NULL, N'Nguyễn Đình Tạo');
INSERT INTO CovidChinhThuc.dbo.ThongTinHoTro (ID, IDNoiDung, IDDoiTuong, IDCaNhan, NguoiTaoDL) VALUES ('13d780ba-8424-451e-8f7a-9a1a4a90d0f4', 6, '2DE801FE-8F9D-4CB2-A1C0-E61F4503CB74', '8849e053-fd65-400d-82a5-484eb2db9231', N'Nguyễn Đình Tạo');
INSERT INTO CovidChinhThuc.dbo.ChiTiet_NguoiCoCong (ID_ThongTin, NguoiTaoDL) VALUES ('13d780ba-8424-451e-8f7a-9a1a4a90d0f4', N'Nguyễn Đình Tạo');
-- row: [110]);
INSERT INTO CovidChinhThuc.dbo.CaNhan (ID, HoTen, NgaySinh, CMND, SinhNam, DiaChi, IDPhuongXa, IDQuanHuyen, SoKhaiSinh, NguoiTaoDL) VALUES ('5e558174-71d5-4b1a-ad8c-3e0260e19c8e', N'Trần Thị Đào ( Thanh)', '1940-01-01', '210918526', 1940, N'Thượng Sơn', 93, 7, NULL, N'Nguyễn Đình Tạo');
INSERT INTO CovidChinhThuc.dbo.ThongTinHoTro (ID, IDNoiDung, IDDoiTuong, IDCaNhan, NguoiTaoDL) VALUES ('2c77cdca-8624-4128-852b-2ae1029618f0', 6, '3A65F299-2EFA-4982-BF70-81D7B5024935', '5e558174-71d5-4b1a-ad8c-3e0260e19c8e', N'Nguyễn Đình Tạo');
INSERT INTO CovidChinhThuc.dbo.ChiTiet_NguoiCoCong (ID_ThongTin, NguoiTaoDL) VALUES ('2c77cdca-8624-4128-852b-2ae1029618f0', N'Nguyễn Đình Tạo');
-- row: [111]);
INSERT INTO CovidChinhThuc.dbo.CaNhan (ID, HoTen, NgaySinh, CMND, SinhNam, DiaChi, IDPhuongXa, IDQuanHuyen, SoKhaiSinh, NguoiTaoDL) VALUES ('ac5b3c98-b172-4cba-a8fd-527cff148bba', N'Trần Thị Dầy', '1955-01-01', '210813338', 1955, N'Tiên Thuận', 93, 7, NULL, N'Nguyễn Đình Tạo');
INSERT INTO CovidChinhThuc.dbo.ThongTinHoTro (ID, IDNoiDung, IDDoiTuong, IDCaNhan, NguoiTaoDL) VALUES ('ffd8f774-0495-469b-ace8-fad43c925758', 6, 'EDE2F0CC-2376-438A-B5FB-FACD867E38EF', 'ac5b3c98-b172-4cba-a8fd-527cff148bba', N'Nguyễn Đình Tạo');
INSERT INTO CovidChinhThuc.dbo.ChiTiet_NguoiCoCong (ID_ThongTin, NguoiTaoDL) VALUES ('ffd8f774-0495-469b-ace8-fad43c925758', N'Nguyễn Đình Tạo');
-- row: [112]);
INSERT INTO CovidChinhThuc.dbo.CaNhan (ID, HoTen, NgaySinh, CMND, SinhNam, DiaChi, IDPhuongXa, IDQuanHuyen, SoKhaiSinh, NguoiTaoDL) VALUES ('9346df2d-2800-452c-b492-49012ef12217', N'Trần Thị Dung', '1955-01-01', '211111660', 1955, N'Thượng Sơn', 93, 7, NULL, N'Nguyễn Đình Tạo');
INSERT INTO CovidChinhThuc.dbo.ThongTinHoTro (ID, IDNoiDung, IDDoiTuong, IDCaNhan, NguoiTaoDL) VALUES ('5965b180-0120-4b3f-9bc9-93a2e306d012', 6, 'EDE2F0CC-2376-438A-B5FB-FACD867E38EF', '9346df2d-2800-452c-b492-49012ef12217', N'Nguyễn Đình Tạo');
INSERT INTO CovidChinhThuc.dbo.ChiTiet_NguoiCoCong (ID_ThongTin, NguoiTaoDL) VALUES ('5965b180-0120-4b3f-9bc9-93a2e306d012', N'Nguyễn Đình Tạo');
-- row: [113]);
INSERT INTO CovidChinhThuc.dbo.CaNhan (ID, HoTen, NgaySinh, CMND, SinhNam, DiaChi, IDPhuongXa, IDQuanHuyen, SoKhaiSinh, NguoiTaoDL) VALUES ('03a12e28-3065-4956-9677-36890dd5eb05', N'Trần Thị Khánh', '1918-01-01', '210918201', 1918, N'Thượng Sơn', 93, 7, NULL, N'Nguyễn Đình Tạo');
INSERT INTO CovidChinhThuc.dbo.ThongTinHoTro (ID, IDNoiDung, IDDoiTuong, IDCaNhan, NguoiTaoDL) VALUES ('66558cde-7f5c-4168-97e7-7e3a79995c15', 6, '17FAD857-895C-48FB-88C0-B4B95B567C34', '03a12e28-3065-4956-9677-36890dd5eb05', N'Nguyễn Đình Tạo');
INSERT INTO CovidChinhThuc.dbo.ChiTiet_NguoiCoCong (ID_ThongTin, NguoiTaoDL) VALUES ('66558cde-7f5c-4168-97e7-7e3a79995c15', N'Nguyễn Đình Tạo');
-- row: [114]);
INSERT INTO CovidChinhThuc.dbo.CaNhan (ID, HoTen, NgaySinh, CMND, SinhNam, DiaChi, IDPhuongXa, IDQuanHuyen, SoKhaiSinh, NguoiTaoDL) VALUES ('d274b6d0-845f-474c-a2ec-41c05d05537b', N'Trần Thị Mười (Mươi)', '1949-01-01', '210813217', 1949, N'Tiên Thuận', 93, 7, NULL, N'Nguyễn Đình Tạo');
INSERT INTO CovidChinhThuc.dbo.ThongTinHoTro (ID, IDNoiDung, IDDoiTuong, IDCaNhan, NguoiTaoDL) VALUES ('d4501850-dd38-4cf7-8527-19d39a6cfe5f', 6, '78AC3F79-5C50-4ACB-B626-E51ED3D4E8E5', 'd274b6d0-845f-474c-a2ec-41c05d05537b', N'Nguyễn Đình Tạo');
INSERT INTO CovidChinhThuc.dbo.ChiTiet_NguoiCoCong (ID_ThongTin, NguoiTaoDL) VALUES ('d4501850-dd38-4cf7-8527-19d39a6cfe5f', N'Nguyễn Đình Tạo');
-- row: [115]);
INSERT INTO CovidChinhThuc.dbo.CaNhan (ID, HoTen, NgaySinh, CMND, SinhNam, DiaChi, IDPhuongXa, IDQuanHuyen, SoKhaiSinh, NguoiTaoDL) VALUES ('ca24aab2-ef72-4c33-9c7e-4374d77e2653', N'Trần Thị Ngọc', '1988-01-01', '210813995', 1988, N'Tiên Thuận', 93, 7, NULL, N'Nguyễn Đình Tạo');
INSERT INTO CovidChinhThuc.dbo.ThongTinHoTro (ID, IDNoiDung, IDDoiTuong, IDCaNhan, NguoiTaoDL) VALUES ('7920eb04-2590-4b77-b290-53d21026f13b', 6, '3A65F299-2EFA-4982-BF70-81D7B5024935', 'ca24aab2-ef72-4c33-9c7e-4374d77e2653', N'Nguyễn Đình Tạo');
INSERT INTO CovidChinhThuc.dbo.ChiTiet_NguoiCoCong (ID_ThongTin, NguoiTaoDL) VALUES ('7920eb04-2590-4b77-b290-53d21026f13b', N'Nguyễn Đình Tạo');
-- row: [116]);
INSERT INTO CovidChinhThuc.dbo.CaNhan (ID, HoTen, NgaySinh, CMND, SinhNam, DiaChi, IDPhuongXa, IDQuanHuyen, SoKhaiSinh, NguoiTaoDL) VALUES ('37e25264-ea79-4ec2-9d1d-1435cdbfaf8a', N'Trần Thị Thuỷ', '1946-01-01', '210918428', 1946, N'Thượng Sơn', 93, 7, NULL, N'Nguyễn Đình Tạo');
INSERT INTO CovidChinhThuc.dbo.ThongTinHoTro (ID, IDNoiDung, IDDoiTuong, IDCaNhan, NguoiTaoDL) VALUES ('75c7c93a-95ab-4984-b371-2d4822bb012f', 6, 'EDE2F0CC-2376-438A-B5FB-FACD867E38EF', '37e25264-ea79-4ec2-9d1d-1435cdbfaf8a', N'Nguyễn Đình Tạo');
INSERT INTO CovidChinhThuc.dbo.ChiTiet_NguoiCoCong (ID_ThongTin, NguoiTaoDL) VALUES ('75c7c93a-95ab-4984-b371-2d4822bb012f', N'Nguyễn Đình Tạo');
-- row: [117]);
INSERT INTO CovidChinhThuc.dbo.CaNhan (ID, HoTen, NgaySinh, CMND, SinhNam, DiaChi, IDPhuongXa, IDQuanHuyen, SoKhaiSinh, NguoiTaoDL) VALUES ('0bf35dc3-cd09-4880-ae09-17d0173c8d33', N'Trần Thị Vân', '1948-01-01', '218918414', 1948, N'Thượng Sơn', 93, 7, NULL, N'Nguyễn Đình Tạo');
INSERT INTO CovidChinhThuc.dbo.ThongTinHoTro (ID, IDNoiDung, IDDoiTuong, IDCaNhan, NguoiTaoDL) VALUES ('4d77ee18-b022-41af-815c-693fe260cb90', 6, 'EDE2F0CC-2376-438A-B5FB-FACD867E38EF', '0bf35dc3-cd09-4880-ae09-17d0173c8d33', N'Nguyễn Đình Tạo');
INSERT INTO CovidChinhThuc.dbo.ChiTiet_NguoiCoCong (ID_ThongTin, NguoiTaoDL) VALUES ('4d77ee18-b022-41af-815c-693fe260cb90', N'Nguyễn Đình Tạo');
-- row: [118]);
INSERT INTO CovidChinhThuc.dbo.CaNhan (ID, HoTen, NgaySinh, CMND, SinhNam, DiaChi, IDPhuongXa, IDQuanHuyen, SoKhaiSinh, NguoiTaoDL) VALUES ('682ad42e-54de-43aa-872b-2d5ebb459244', N'Trần Trọng Kỷ', '1931-01-01', '210918007', 1931, N'Tiên Thuận', 93, 7, NULL, N'Nguyễn Đình Tạo');
INSERT INTO CovidChinhThuc.dbo.ThongTinHoTro (ID, IDNoiDung, IDDoiTuong, IDCaNhan, NguoiTaoDL) VALUES ('0e7e8999-45bd-46cd-aa78-a7030edc3f90', 6, 'EDE2F0CC-2376-438A-B5FB-FACD867E38EF', '682ad42e-54de-43aa-872b-2d5ebb459244', N'Nguyễn Đình Tạo');
INSERT INTO CovidChinhThuc.dbo.ChiTiet_NguoiCoCong (ID_ThongTin, NguoiTaoDL) VALUES ('0e7e8999-45bd-46cd-aa78-a7030edc3f90', N'Nguyễn Đình Tạo');
-- row: [119]);
INSERT INTO CovidChinhThuc.dbo.CaNhan (ID, HoTen, NgaySinh, CMND, SinhNam, DiaChi, IDPhuongXa, IDQuanHuyen, SoKhaiSinh, NguoiTaoDL) VALUES ('3aa6f267-3c58-4edb-a5d8-dfa9ed3460bf', N'Trần Văn Trung', '1976-01-01', '211485167', 1976, N'Hòa Thuận', 93, 7, NULL, N'Nguyễn Đình Tạo');
INSERT INTO CovidChinhThuc.dbo.ThongTinHoTro (ID, IDNoiDung, IDDoiTuong, IDCaNhan, NguoiTaoDL) VALUES ('0a14e0aa-e9ff-46be-a43d-eb2cc4ebe5b9', 6, 'E4E24DC6-98AE-4685-985D-47C0B48DD6FD', '3aa6f267-3c58-4edb-a5d8-dfa9ed3460bf', N'Nguyễn Đình Tạo');
INSERT INTO CovidChinhThuc.dbo.ChiTiet_NguoiCoCong (ID_ThongTin, NguoiTaoDL) VALUES ('0a14e0aa-e9ff-46be-a43d-eb2cc4ebe5b9', N'Nguyễn Đình Tạo');
-- row: [120]);
INSERT INTO CovidChinhThuc.dbo.CaNhan (ID, HoTen, NgaySinh, CMND, SinhNam, DiaChi, IDPhuongXa, IDQuanHuyen, SoKhaiSinh, NguoiTaoDL) VALUES ('d13e78b2-9a3c-4add-9d19-7766a48b4d27', N'Trần Vĩnh Lộc', '1949-01-01', '210918197', 1949, N'Thượng Sơn', 93, 7, NULL, N'Nguyễn Đình Tạo');
INSERT INTO CovidChinhThuc.dbo.ThongTinHoTro (ID, IDNoiDung, IDDoiTuong, IDCaNhan, NguoiTaoDL) VALUES ('1e7d7879-22df-4fe2-8f06-2e89157e90ab', 6, 'EDE2F0CC-2376-438A-B5FB-FACD867E38EF', 'd13e78b2-9a3c-4add-9d19-7766a48b4d27', N'Nguyễn Đình Tạo');
INSERT INTO CovidChinhThuc.dbo.ChiTiet_NguoiCoCong (ID_ThongTin, NguoiTaoDL) VALUES ('1e7d7879-22df-4fe2-8f06-2e89157e90ab', N'Nguyễn Đình Tạo');
-- row: [121]);
INSERT INTO CovidChinhThuc.dbo.CaNhan (ID, HoTen, NgaySinh, CMND, SinhNam, DiaChi, IDPhuongXa, IDQuanHuyen, SoKhaiSinh, NguoiTaoDL) VALUES ('4b626b37-b94a-486f-ac63-f9c9235b75ed', N'Trương Cát', '1942-01-01', '215438906', 1942, N'Thượng Sơn', 93, 7, NULL, N'Nguyễn Đình Tạo');
INSERT INTO CovidChinhThuc.dbo.ThongTinHoTro (ID, IDNoiDung, IDDoiTuong, IDCaNhan, NguoiTaoDL) VALUES ('f22d0d72-2697-48f1-92d7-909ee12f6f82', 6, 'EDE2F0CC-2376-438A-B5FB-FACD867E38EF', '4b626b37-b94a-486f-ac63-f9c9235b75ed', N'Nguyễn Đình Tạo');
INSERT INTO CovidChinhThuc.dbo.ChiTiet_NguoiCoCong (ID_ThongTin, NguoiTaoDL) VALUES ('f22d0d72-2697-48f1-92d7-909ee12f6f82', N'Nguyễn Đình Tạo');
-- row: [122]);
INSERT INTO CovidChinhThuc.dbo.CaNhan (ID, HoTen, NgaySinh, CMND, SinhNam, DiaChi, IDPhuongXa, IDQuanHuyen, SoKhaiSinh, NguoiTaoDL) VALUES ('7014b7ce-b802-4435-afaa-19c4853e9bad', N'Trương Thị Được', '1926-01-01', '210813390', 1926, N'Tiên Thuận', 93, 7, NULL, N'Nguyễn Đình Tạo');
INSERT INTO CovidChinhThuc.dbo.ThongTinHoTro (ID, IDNoiDung, IDDoiTuong, IDCaNhan, NguoiTaoDL) VALUES ('5dec2980-ff75-4134-903e-79a4e90469a2', 6, '17FAD857-895C-48FB-88C0-B4B95B567C34', '7014b7ce-b802-4435-afaa-19c4853e9bad', N'Nguyễn Đình Tạo');
INSERT INTO CovidChinhThuc.dbo.ChiTiet_NguoiCoCong (ID_ThongTin, NguoiTaoDL) VALUES ('5dec2980-ff75-4134-903e-79a4e90469a2', N'Nguyễn Đình Tạo');
-- row: [123]);
INSERT INTO CovidChinhThuc.dbo.CaNhan (ID, HoTen, NgaySinh, CMND, SinhNam, DiaChi, IDPhuongXa, IDQuanHuyen, SoKhaiSinh, NguoiTaoDL) VALUES ('797f0adc-5a31-44c9-9b50-24fd98ee4fc3', N'Trương Thị Hạnh', '1942-01-01', '210918001', 1942, N'Thượng Sơn', 93, 7, NULL, N'Nguyễn Đình Tạo');
INSERT INTO CovidChinhThuc.dbo.ThongTinHoTro (ID, IDNoiDung, IDDoiTuong, IDCaNhan, NguoiTaoDL) VALUES ('83b9a85a-99bd-4d67-962d-237f04b4d6e0', 6, NULL, '797f0adc-5a31-44c9-9b50-24fd98ee4fc3', N'Nguyễn Đình Tạo');
INSERT INTO CovidChinhThuc.dbo.ChiTiet_NguoiCoCong (ID_ThongTin, NguoiTaoDL) VALUES ('83b9a85a-99bd-4d67-962d-237f04b4d6e0', N'Nguyễn Đình Tạo');
-- row: [124]);
INSERT INTO CovidChinhThuc.dbo.CaNhan (ID, HoTen, NgaySinh, CMND, SinhNam, DiaChi, IDPhuongXa, IDQuanHuyen, SoKhaiSinh, NguoiTaoDL) VALUES ('da556444-fd41-48e6-9e41-947e71b43f94', N'Trương Thị Nhị', '1952-01-01', '210933785', 1952, N'Tiên Thuận', 93, 7, NULL, N'Nguyễn Đình Tạo');
INSERT INTO CovidChinhThuc.dbo.ThongTinHoTro (ID, IDNoiDung, IDDoiTuong, IDCaNhan, NguoiTaoDL) VALUES ('35b388d2-cd9a-4ca4-a750-969088d8ea73', 6, '2DE801FE-8F9D-4CB2-A1C0-E61F4503CB74', 'da556444-fd41-48e6-9e41-947e71b43f94', N'Nguyễn Đình Tạo');
INSERT INTO CovidChinhThuc.dbo.ChiTiet_NguoiCoCong (ID_ThongTin, NguoiTaoDL) VALUES ('35b388d2-cd9a-4ca4-a750-969088d8ea73', N'Nguyễn Đình Tạo');
-- row: [125]);
INSERT INTO CovidChinhThuc.dbo.CaNhan (ID, HoTen, NgaySinh, CMND, SinhNam, DiaChi, IDPhuongXa, IDQuanHuyen, SoKhaiSinh, NguoiTaoDL) VALUES ('245421a2-69d7-43a1-996f-4bfcba8d765e', N'Trương Thị Tuyết Nhung', '1980-01-01', '211777028', 1980, N'Thượng Sơn', 93, 7, NULL, N'Nguyễn Đình Tạo');
INSERT INTO CovidChinhThuc.dbo.ThongTinHoTro (ID, IDNoiDung, IDDoiTuong, IDCaNhan, NguoiTaoDL) VALUES ('5a3263f7-f3cf-477d-9525-6a06384e4d31', 6, 'E4E24DC6-98AE-4685-985D-47C0B48DD6FD', '245421a2-69d7-43a1-996f-4bfcba8d765e', N'Nguyễn Đình Tạo');
INSERT INTO CovidChinhThuc.dbo.ChiTiet_NguoiCoCong (ID_ThongTin, NguoiTaoDL) VALUES ('5a3263f7-f3cf-477d-9525-6a06384e4d31', N'Nguyễn Đình Tạo');
-- row: [126]);
INSERT INTO CovidChinhThuc.dbo.CaNhan (ID, HoTen, NgaySinh, CMND, SinhNam, DiaChi, IDPhuongXa, IDQuanHuyen, SoKhaiSinh, NguoiTaoDL) VALUES ('29c44d8d-4478-49c4-b798-eabacad04a98', N'Trương Vĩnh Viễn', '1945-01-01', '210813216', 1945, N'Tiên Thuận', 93, 7, NULL, N'Nguyễn Đình Tạo');
INSERT INTO CovidChinhThuc.dbo.ThongTinHoTro (ID, IDNoiDung, IDDoiTuong, IDCaNhan, NguoiTaoDL) VALUES ('777b48d6-1dd0-4ba2-8022-d062ed47a50e', 6, 'EDE2F0CC-2376-438A-B5FB-FACD867E38EF', '29c44d8d-4478-49c4-b798-eabacad04a98', N'Nguyễn Đình Tạo');
INSERT INTO CovidChinhThuc.dbo.ChiTiet_NguoiCoCong (ID_ThongTin, NguoiTaoDL) VALUES ('777b48d6-1dd0-4ba2-8022-d062ed47a50e', N'Nguyễn Đình Tạo');
-- row: [127]);
INSERT INTO CovidChinhThuc.dbo.CaNhan (ID, HoTen, NgaySinh, CMND, SinhNam, DiaChi, IDPhuongXa, IDQuanHuyen, SoKhaiSinh, NguoiTaoDL) VALUES ('eb0ce488-2049-4202-a76f-7140cf9c05ee', N'Văn Hùng Tiến', '1954-01-01', '210333892', 1954, N'Thượng Sơn', 93, 7, NULL, N'Nguyễn Đình Tạo');
INSERT INTO CovidChinhThuc.dbo.ThongTinHoTro (ID, IDNoiDung, IDDoiTuong, IDCaNhan, NguoiTaoDL) VALUES ('47781b0a-75c7-40b9-85a1-f89e664fb4e9', 6, 'EDE2F0CC-2376-438A-B5FB-FACD867E38EF', 'eb0ce488-2049-4202-a76f-7140cf9c05ee', N'Nguyễn Đình Tạo');
INSERT INTO CovidChinhThuc.dbo.ChiTiet_NguoiCoCong (ID_ThongTin, NguoiTaoDL) VALUES ('47781b0a-75c7-40b9-85a1-f89e664fb4e9', N'Nguyễn Đình Tạo');
-- row: [128]);
INSERT INTO CovidChinhThuc.dbo.CaNhan (ID, HoTen, NgaySinh, CMND, SinhNam, DiaChi, IDPhuongXa, IDQuanHuyen, SoKhaiSinh, NguoiTaoDL) VALUES ('665a5d71-f110-4698-abb9-d08a6725caf5', N'Văn Thanh Cường', '1955-01-01', '210918027', 1955, N'Tiên Thuận', 93, 7, NULL, N'Nguyễn Đình Tạo');
INSERT INTO CovidChinhThuc.dbo.ThongTinHoTro (ID, IDNoiDung, IDDoiTuong, IDCaNhan, NguoiTaoDL) VALUES ('a669210d-39f8-4864-9dd5-88757f451590', 6, 'EDE2F0CC-2376-438A-B5FB-FACD867E38EF', '665a5d71-f110-4698-abb9-d08a6725caf5', N'Nguyễn Đình Tạo');
INSERT INTO CovidChinhThuc.dbo.ChiTiet_NguoiCoCong (ID_ThongTin, NguoiTaoDL) VALUES ('a669210d-39f8-4864-9dd5-88757f451590', N'Nguyễn Đình Tạo');
-- row: [129]);
INSERT INTO CovidChinhThuc.dbo.CaNhan (ID, HoTen, NgaySinh, CMND, SinhNam, DiaChi, IDPhuongXa, IDQuanHuyen, SoKhaiSinh, NguoiTaoDL) VALUES ('7f312911-3c4a-4c5f-9a76-e080dc71954f', N'Văn Thành Lâm', '1953-01-01', '210918009', 1953, N'Tiên Thuận', 93, 7, NULL, N'Nguyễn Đình Tạo');
INSERT INTO CovidChinhThuc.dbo.ThongTinHoTro (ID, IDNoiDung, IDDoiTuong, IDCaNhan, NguoiTaoDL) VALUES ('b6fcd1ac-e4aa-4309-a6ce-82b54c57f57f', 6, 'EDE2F0CC-2376-438A-B5FB-FACD867E38EF', '7f312911-3c4a-4c5f-9a76-e080dc71954f', N'Nguyễn Đình Tạo');
INSERT INTO CovidChinhThuc.dbo.ChiTiet_NguoiCoCong (ID_ThongTin, NguoiTaoDL) VALUES ('b6fcd1ac-e4aa-4309-a6ce-82b54c57f57f', N'Nguyễn Đình Tạo');
-- row: [130]);
INSERT INTO CovidChinhThuc.dbo.CaNhan (ID, HoTen, NgaySinh, CMND, SinhNam, DiaChi, IDPhuongXa, IDQuanHuyen, SoKhaiSinh, NguoiTaoDL) VALUES ('9efeae71-4918-492c-9e6a-be44498a8db5', N'Văn Thị Sáng', '1953-01-01', '210943754', 1953, N'Trung Sơn', 93, 7, NULL, N'Nguyễn Đình Tạo');
INSERT INTO CovidChinhThuc.dbo.ThongTinHoTro (ID, IDNoiDung, IDDoiTuong, IDCaNhan, NguoiTaoDL) VALUES ('27e1fee3-431a-4cb5-8359-0278264f2f0b', 6, 'EDE2F0CC-2376-438A-B5FB-FACD867E38EF', '9efeae71-4918-492c-9e6a-be44498a8db5', N'Nguyễn Đình Tạo');
INSERT INTO CovidChinhThuc.dbo.ChiTiet_NguoiCoCong (ID_ThongTin, NguoiTaoDL) VALUES ('27e1fee3-431a-4cb5-8359-0278264f2f0b', N'Nguyễn Đình Tạo');
-- row: [131]);
INSERT INTO CovidChinhThuc.dbo.CaNhan (ID, HoTen, NgaySinh, CMND, SinhNam, DiaChi, IDPhuongXa, IDQuanHuyen, SoKhaiSinh, NguoiTaoDL) VALUES ('8b8308bb-9481-4f27-8656-30f55508e12a', N'Văn Thị Sum', '1944-01-01', '210813991', 1944, N'Tiên Thuận', 93, 7, NULL, N'Nguyễn Đình Tạo');
INSERT INTO CovidChinhThuc.dbo.ThongTinHoTro (ID, IDNoiDung, IDDoiTuong, IDCaNhan, NguoiTaoDL) VALUES ('df3f89da-79a1-4287-b2b7-065b407fc31d', 6, 'EDE2F0CC-2376-438A-B5FB-FACD867E38EF', '8b8308bb-9481-4f27-8656-30f55508e12a', N'Nguyễn Đình Tạo');
INSERT INTO CovidChinhThuc.dbo.ChiTiet_NguoiCoCong (ID_ThongTin, NguoiTaoDL) VALUES ('df3f89da-79a1-4287-b2b7-065b407fc31d', N'Nguyễn Đình Tạo');
-- row: [132]);
INSERT INTO CovidChinhThuc.dbo.CaNhan (ID, HoTen, NgaySinh, CMND, SinhNam, DiaChi, IDPhuongXa, IDQuanHuyen, SoKhaiSinh, NguoiTaoDL) VALUES ('0f6cff07-a1d1-4c07-95b8-53c40c7e5b07', N'Võ Đình Tuấn', '1933-01-01', '210813299', 1933, N'Tiên Thuận', 93, 7, NULL, N'Nguyễn Đình Tạo');
INSERT INTO CovidChinhThuc.dbo.ThongTinHoTro (ID, IDNoiDung, IDDoiTuong, IDCaNhan, NguoiTaoDL) VALUES ('9c140a0c-2974-4c30-87e7-2b2cabae571e', 6, '2DE801FE-8F9D-4CB2-A1C0-E61F4503CB74', '0f6cff07-a1d1-4c07-95b8-53c40c7e5b07', N'Nguyễn Đình Tạo');
INSERT INTO CovidChinhThuc.dbo.ChiTiet_NguoiCoCong (ID_ThongTin, NguoiTaoDL) VALUES ('9c140a0c-2974-4c30-87e7-2b2cabae571e', N'Nguyễn Đình Tạo');
-- row: [133]);
INSERT INTO CovidChinhThuc.dbo.CaNhan (ID, HoTen, NgaySinh, CMND, SinhNam, DiaChi, IDPhuongXa, IDQuanHuyen, SoKhaiSinh, NguoiTaoDL) VALUES ('f635500a-fd0a-4c09-8606-d221a9e4c8ae', N'Võ Đức Thuận', '1950-01-01', '211007066', 1950, N'Tiên Thuận', 93, 7, NULL, N'Nguyễn Đình Tạo');
INSERT INTO CovidChinhThuc.dbo.ThongTinHoTro (ID, IDNoiDung, IDDoiTuong, IDCaNhan, NguoiTaoDL) VALUES ('3c96a98c-16ad-45a6-a6fb-d459d70d41f9', 6, 'EDE2F0CC-2376-438A-B5FB-FACD867E38EF', 'f635500a-fd0a-4c09-8606-d221a9e4c8ae', N'Nguyễn Đình Tạo');
INSERT INTO CovidChinhThuc.dbo.ChiTiet_NguoiCoCong (ID_ThongTin, NguoiTaoDL) VALUES ('3c96a98c-16ad-45a6-a6fb-d459d70d41f9', N'Nguyễn Đình Tạo');
-- row: [134]);
INSERT INTO CovidChinhThuc.dbo.CaNhan (ID, HoTen, NgaySinh, CMND, SinhNam, DiaChi, IDPhuongXa, IDQuanHuyen, SoKhaiSinh, NguoiTaoDL) VALUES ('881ab40e-623a-4808-aaa4-2d708f910530', N'Võ Minh Phương', '1954-01-01', '210918332', 1954, N'Thượng Sơn', 93, 7, NULL, N'Nguyễn Đình Tạo');
INSERT INTO CovidChinhThuc.dbo.ThongTinHoTro (ID, IDNoiDung, IDDoiTuong, IDCaNhan, NguoiTaoDL) VALUES ('e98efe0d-9651-419b-bcd6-72cda259c5ea', 6, '78AC3F79-5C50-4ACB-B626-E51ED3D4E8E5', '881ab40e-623a-4808-aaa4-2d708f910530', N'Nguyễn Đình Tạo');
INSERT INTO CovidChinhThuc.dbo.ChiTiet_NguoiCoCong (ID_ThongTin, NguoiTaoDL) VALUES ('e98efe0d-9651-419b-bcd6-72cda259c5ea', N'Nguyễn Đình Tạo');
-- row: [135]);
INSERT INTO CovidChinhThuc.dbo.CaNhan (ID, HoTen, NgaySinh, CMND, SinhNam, DiaChi, IDPhuongXa, IDQuanHuyen, SoKhaiSinh, NguoiTaoDL) VALUES ('f8047877-602b-4987-a3d5-e506c5f2dfd8', N'Võ Thị Cảnh', '1938-01-01', '210918370', 1938, N'Thượng Sơn', 93, 7, NULL, N'Nguyễn Đình Tạo');
INSERT INTO CovidChinhThuc.dbo.ThongTinHoTro (ID, IDNoiDung, IDDoiTuong, IDCaNhan, NguoiTaoDL) VALUES ('44a74d50-1fae-4711-a72b-f8fe61849f08', 6, '2DE801FE-8F9D-4CB2-A1C0-E61F4503CB74', 'f8047877-602b-4987-a3d5-e506c5f2dfd8', N'Nguyễn Đình Tạo');
INSERT INTO CovidChinhThuc.dbo.ChiTiet_NguoiCoCong (ID_ThongTin, NguoiTaoDL) VALUES ('44a74d50-1fae-4711-a72b-f8fe61849f08', N'Nguyễn Đình Tạo');
-- row: [136]);
INSERT INTO CovidChinhThuc.dbo.CaNhan (ID, HoTen, NgaySinh, CMND, SinhNam, DiaChi, IDPhuongXa, IDQuanHuyen, SoKhaiSinh, NguoiTaoDL) VALUES ('5a68866d-21de-4212-8cd7-155bdb839563', N'Võ Thị Hiền', '1925-01-01', '210943684', 1925, N'Thượng Sơn', 93, 7, NULL, N'Nguyễn Đình Tạo');
INSERT INTO CovidChinhThuc.dbo.ThongTinHoTro (ID, IDNoiDung, IDDoiTuong, IDCaNhan, NguoiTaoDL) VALUES ('725994b9-9230-433f-bd38-88ca33fe035e', 6, '3A65F299-2EFA-4982-BF70-81D7B5024935', '5a68866d-21de-4212-8cd7-155bdb839563', N'Nguyễn Đình Tạo');
INSERT INTO CovidChinhThuc.dbo.ChiTiet_NguoiCoCong (ID_ThongTin, NguoiTaoDL) VALUES ('725994b9-9230-433f-bd38-88ca33fe035e', N'Nguyễn Đình Tạo');
-- row: [137]);
INSERT INTO CovidChinhThuc.dbo.CaNhan (ID, HoTen, NgaySinh, CMND, SinhNam, DiaChi, IDPhuongXa, IDQuanHuyen, SoKhaiSinh, NguoiTaoDL) VALUES ('643c3071-2fef-4acd-992e-e8806033ff5b', N'Võ Thị Huệ', '1950-01-01', '211007085', 1950, N'Thượng Sơn', 93, 7, NULL, N'Nguyễn Đình Tạo');
INSERT INTO CovidChinhThuc.dbo.ThongTinHoTro (ID, IDNoiDung, IDDoiTuong, IDCaNhan, NguoiTaoDL) VALUES ('1e7393bc-4727-4f08-a58b-22318124e3ce', 6, 'EDE2F0CC-2376-438A-B5FB-FACD867E38EF', '643c3071-2fef-4acd-992e-e8806033ff5b', N'Nguyễn Đình Tạo');
INSERT INTO CovidChinhThuc.dbo.ChiTiet_NguoiCoCong (ID_ThongTin, NguoiTaoDL) VALUES ('1e7393bc-4727-4f08-a58b-22318124e3ce', N'Nguyễn Đình Tạo');
-- row: [138]);
INSERT INTO CovidChinhThuc.dbo.CaNhan (ID, HoTen, NgaySinh, CMND, SinhNam, DiaChi, IDPhuongXa, IDQuanHuyen, SoKhaiSinh, NguoiTaoDL) VALUES ('d407b7ed-e9f7-4d91-bbad-14d021e9bf50', N'Võ Thị Xuân', '1944-01-01', '210818499', 1944, N'Thượng Sơn', 93, 7, NULL, N'Nguyễn Đình Tạo');
INSERT INTO CovidChinhThuc.dbo.ThongTinHoTro (ID, IDNoiDung, IDDoiTuong, IDCaNhan, NguoiTaoDL) VALUES ('761ff305-3105-4e15-96c0-39640c7ca8cb', 6, 'EDE2F0CC-2376-438A-B5FB-FACD867E38EF', 'd407b7ed-e9f7-4d91-bbad-14d021e9bf50', N'Nguyễn Đình Tạo');
INSERT INTO CovidChinhThuc.dbo.ChiTiet_NguoiCoCong (ID_ThongTin, NguoiTaoDL) VALUES ('761ff305-3105-4e15-96c0-39640c7ca8cb', N'Nguyễn Đình Tạo');
-- row: [139]);
INSERT INTO CovidChinhThuc.dbo.CaNhan (ID, HoTen, NgaySinh, CMND, SinhNam, DiaChi, IDPhuongXa, IDQuanHuyen, SoKhaiSinh, NguoiTaoDL) VALUES ('83257aa7-1d25-441d-a786-440cfd517176', N'Võ Văn Phúc', '1950-01-01', '210813265', 1950, N'Tiên Thuận', 93, 7, NULL, N'Nguyễn Đình Tạo');
INSERT INTO CovidChinhThuc.dbo.ThongTinHoTro (ID, IDNoiDung, IDDoiTuong, IDCaNhan, NguoiTaoDL) VALUES ('b3c6dc52-47fe-407c-99e7-6371be15eff6', 6, 'EDE2F0CC-2376-438A-B5FB-FACD867E38EF', '83257aa7-1d25-441d-a786-440cfd517176', N'Nguyễn Đình Tạo');
INSERT INTO CovidChinhThuc.dbo.ChiTiet_NguoiCoCong (ID_ThongTin, NguoiTaoDL) VALUES ('b3c6dc52-47fe-407c-99e7-6371be15eff6', N'Nguyễn Đình Tạo');
-- row: [140]);
INSERT INTO CovidChinhThuc.dbo.CaNhan (ID, HoTen, NgaySinh, CMND, SinhNam, DiaChi, IDPhuongXa, IDQuanHuyen, SoKhaiSinh, NguoiTaoDL) VALUES ('3025f3d2-627f-4630-afa1-fde21547310f', N'Võ Xuân Thương', '1948-01-01', '210918253', 1948, N'Thượng Sơn', 93, 7, NULL, N'Nguyễn Đình Tạo');
INSERT INTO CovidChinhThuc.dbo.ThongTinHoTro (ID, IDNoiDung, IDDoiTuong, IDCaNhan, NguoiTaoDL) VALUES ('036cde21-e595-424d-89cd-c2f36efee08c', 6, '78AC3F79-5C50-4ACB-B626-E51ED3D4E8E5', '3025f3d2-627f-4630-afa1-fde21547310f', N'Nguyễn Đình Tạo');
INSERT INTO CovidChinhThuc.dbo.ChiTiet_NguoiCoCong (ID_ThongTin, NguoiTaoDL) VALUES ('036cde21-e595-424d-89cd-c2f36efee08c', N'Nguyễn Đình Tạo');
-- row: [141]);
INSERT INTO CovidChinhThuc.dbo.CaNhan (ID, HoTen, NgaySinh, CMND, SinhNam, DiaChi, IDPhuongXa, IDQuanHuyen, SoKhaiSinh, NguoiTaoDL) VALUES ('2448b740-d019-4067-aa55-672d64df1e88', N'Xà Thị Lới', '1916-01-01', '210918221', 1916, N'Thượng Sơn', 93, 7, NULL, N'Nguyễn Đình Tạo');
INSERT INTO CovidChinhThuc.dbo.ThongTinHoTro (ID, IDNoiDung, IDDoiTuong, IDCaNhan, NguoiTaoDL) VALUES ('70d8cf7f-c87a-4a01-91d0-c067bbc18e1f', 6, '3A65F299-2EFA-4982-BF70-81D7B5024935', '2448b740-d019-4067-aa55-672d64df1e88', N'Nguyễn Đình Tạo');
INSERT INTO CovidChinhThuc.dbo.ChiTiet_NguoiCoCong (ID_ThongTin, NguoiTaoDL) VALUES ('70d8cf7f-c87a-4a01-91d0-c067bbc18e1f', N'Nguyễn Đình Tạo');
-- row: [142]);
INSERT INTO CovidChinhThuc.dbo.CaNhan (ID, HoTen, NgaySinh, CMND, SinhNam, DiaChi, IDPhuongXa, IDQuanHuyen, SoKhaiSinh, NguoiTaoDL) VALUES ('c221a291-b6bd-406d-823e-0673e6114b00', N'Bùi Hữu Thoại', '1952-01-01', '210844966', 1952, N'Hữu Giang', 95, 7, NULL, N'Nguyễn Đình Tạo');
INSERT INTO CovidChinhThuc.dbo.ThongTinHoTro (ID, IDNoiDung, IDDoiTuong, IDCaNhan, NguoiTaoDL) VALUES ('386ec248-cabc-40b0-8122-92af142f0122', 6, 'EDE2F0CC-2376-438A-B5FB-FACD867E38EF', 'c221a291-b6bd-406d-823e-0673e6114b00', N'Nguyễn Đình Tạo');
INSERT INTO CovidChinhThuc.dbo.ChiTiet_NguoiCoCong (ID_ThongTin, NguoiTaoDL) VALUES ('386ec248-cabc-40b0-8122-92af142f0122', N'Nguyễn Đình Tạo');
-- row: [143]);
INSERT INTO CovidChinhThuc.dbo.CaNhan (ID, HoTen, NgaySinh, CMND, SinhNam, DiaChi, IDPhuongXa, IDQuanHuyen, SoKhaiSinh, NguoiTaoDL) VALUES ('129bbd67-6a31-46bb-814a-755bad9b7c70', N'Bùi Thị Hồng Hoa', '1942-01-01', '215470409', 1942, N'Hữu Giang', 95, 7, NULL, N'Nguyễn Đình Tạo');
INSERT INTO CovidChinhThuc.dbo.ThongTinHoTro (ID, IDNoiDung, IDDoiTuong, IDCaNhan, NguoiTaoDL) VALUES ('a525f231-a3da-48be-8f16-876c9f4e97c7', 6, '2DE801FE-8F9D-4CB2-A1C0-E61F4503CB74', '129bbd67-6a31-46bb-814a-755bad9b7c70', N'Nguyễn Đình Tạo');
INSERT INTO CovidChinhThuc.dbo.ChiTiet_NguoiCoCong (ID_ThongTin, NguoiTaoDL) VALUES ('a525f231-a3da-48be-8f16-876c9f4e97c7', N'Nguyễn Đình Tạo');
-- row: [144]);
INSERT INTO CovidChinhThuc.dbo.CaNhan (ID, HoTen, NgaySinh, CMND, SinhNam, DiaChi, IDPhuongXa, IDQuanHuyen, SoKhaiSinh, NguoiTaoDL) VALUES ('1001bcb7-458f-4c5a-9ff7-f7a550afb92d', N'Bùi Thị Nga', '1962-01-01', '210336103', 1962, N'Tả Giang 2', 95, 7, NULL, N'Nguyễn Đình Tạo');
INSERT INTO CovidChinhThuc.dbo.ThongTinHoTro (ID, IDNoiDung, IDDoiTuong, IDCaNhan, NguoiTaoDL) VALUES ('cf56ae18-60ef-4ffb-b1a2-7b3587a496ce', 6, 'DF559633-EE29-45FD-BD59-1153DDD55C4B', '1001bcb7-458f-4c5a-9ff7-f7a550afb92d', N'Nguyễn Đình Tạo');
INSERT INTO CovidChinhThuc.dbo.ChiTiet_NguoiCoCong (ID_ThongTin, NguoiTaoDL) VALUES ('cf56ae18-60ef-4ffb-b1a2-7b3587a496ce', N'Nguyễn Đình Tạo');
-- row: [145]);
INSERT INTO CovidChinhThuc.dbo.CaNhan (ID, HoTen, NgaySinh, CMND, SinhNam, DiaChi, IDPhuongXa, IDQuanHuyen, SoKhaiSinh, NguoiTaoDL) VALUES ('5f908712-267f-4284-841d-21518cfd4561', N'Bùi Văn Mảo', '1937-01-01', '210034446', 1937, N'Nam Giang', 95, 7, NULL, N'Nguyễn Đình Tạo');
INSERT INTO CovidChinhThuc.dbo.ThongTinHoTro (ID, IDNoiDung, IDDoiTuong, IDCaNhan, NguoiTaoDL) VALUES ('8f4cd07a-1f37-4c7a-84f0-09240f2e7c81', 6, 'EDE2F0CC-2376-438A-B5FB-FACD867E38EF', '5f908712-267f-4284-841d-21518cfd4561', N'Nguyễn Đình Tạo');
INSERT INTO CovidChinhThuc.dbo.ChiTiet_NguoiCoCong (ID_ThongTin, NguoiTaoDL) VALUES ('8f4cd07a-1f37-4c7a-84f0-09240f2e7c81', N'Nguyễn Đình Tạo');
-- row: [146]);
INSERT INTO CovidChinhThuc.dbo.CaNhan (ID, HoTen, NgaySinh, CMND, SinhNam, DiaChi, IDPhuongXa, IDQuanHuyen, SoKhaiSinh, NguoiTaoDL) VALUES ('7b650aef-f708-4baa-9f8c-a0a39cc7014c', N'Bùi Văn Tân', '1936-01-01', '210918789', 1936, N'Thượng Giang 2', 95, 7, NULL, N'Nguyễn Đình Tạo');
INSERT INTO CovidChinhThuc.dbo.ThongTinHoTro (ID, IDNoiDung, IDDoiTuong, IDCaNhan, NguoiTaoDL) VALUES ('123f6c00-04a2-4a0e-9daa-bed73c822e10', 6, '3A65F299-2EFA-4982-BF70-81D7B5024935', '7b650aef-f708-4baa-9f8c-a0a39cc7014c', N'Nguyễn Đình Tạo');
INSERT INTO CovidChinhThuc.dbo.ChiTiet_NguoiCoCong (ID_ThongTin, NguoiTaoDL) VALUES ('123f6c00-04a2-4a0e-9daa-bed73c822e10', N'Nguyễn Đình Tạo');
-- row: [147]);
INSERT INTO CovidChinhThuc.dbo.CaNhan (ID, HoTen, NgaySinh, CMND, SinhNam, DiaChi, IDPhuongXa, IDQuanHuyen, SoKhaiSinh, NguoiTaoDL) VALUES ('e5f25b4c-5987-44db-9d6d-16ad5377ffae', N'Châu Văn Lợi', '1938-01-01', '211026619', 1938, N'Thượng Giang 2', 95, 7, NULL, N'Nguyễn Đình Tạo');
INSERT INTO CovidChinhThuc.dbo.ThongTinHoTro (ID, IDNoiDung, IDDoiTuong, IDCaNhan, NguoiTaoDL) VALUES ('deb0a62a-b2f0-405f-8de9-8573957fc3cc', 6, '2DE801FE-8F9D-4CB2-A1C0-E61F4503CB74', 'e5f25b4c-5987-44db-9d6d-16ad5377ffae', N'Nguyễn Đình Tạo');
INSERT INTO CovidChinhThuc.dbo.ChiTiet_NguoiCoCong (ID_ThongTin, NguoiTaoDL) VALUES ('deb0a62a-b2f0-405f-8de9-8573957fc3cc', N'Nguyễn Đình Tạo');
-- row: [148]);
INSERT INTO CovidChinhThuc.dbo.CaNhan (ID, HoTen, NgaySinh, CMND, SinhNam, DiaChi, IDPhuongXa, IDQuanHuyen, SoKhaiSinh, NguoiTaoDL) VALUES ('f3022f4c-80ea-4bea-98d8-522ea1f92d25', N'Châu Văn Việt', '1938-01-01', '210481701', 1938, N'Thượng Giang 2', 95, 7, NULL, N'Nguyễn Đình Tạo');
INSERT INTO CovidChinhThuc.dbo.ThongTinHoTro (ID, IDNoiDung, IDDoiTuong, IDCaNhan, NguoiTaoDL) VALUES ('949541fa-71bf-4421-b1d6-02d9d98f5f2f', 6, '78AC3F79-5C50-4ACB-B626-E51ED3D4E8E5', 'f3022f4c-80ea-4bea-98d8-522ea1f92d25', N'Nguyễn Đình Tạo');
INSERT INTO CovidChinhThuc.dbo.ChiTiet_NguoiCoCong (ID_ThongTin, NguoiTaoDL) VALUES ('949541fa-71bf-4421-b1d6-02d9d98f5f2f', N'Nguyễn Đình Tạo');
-- row: [149]);
INSERT INTO CovidChinhThuc.dbo.CaNhan (ID, HoTen, NgaySinh, CMND, SinhNam, DiaChi, IDPhuongXa, IDQuanHuyen, SoKhaiSinh, NguoiTaoDL) VALUES ('27477da8-4c3d-44ff-946b-7d1d93f9a66f', N'Đặng Thị Liên', '1952-01-01', '210843464', 1952, N'Tả Giang 1', 95, 7, NULL, N'Nguyễn Đình Tạo');
INSERT INTO CovidChinhThuc.dbo.ThongTinHoTro (ID, IDNoiDung, IDDoiTuong, IDCaNhan, NguoiTaoDL) VALUES ('304bce8f-5c65-4688-9828-13ffc8f97e66', 6, 'EDE2F0CC-2376-438A-B5FB-FACD867E38EF', '27477da8-4c3d-44ff-946b-7d1d93f9a66f', N'Nguyễn Đình Tạo');
INSERT INTO CovidChinhThuc.dbo.ChiTiet_NguoiCoCong (ID_ThongTin, NguoiTaoDL) VALUES ('304bce8f-5c65-4688-9828-13ffc8f97e66', N'Nguyễn Đình Tạo');
-- row: [150]);
INSERT INTO CovidChinhThuc.dbo.CaNhan (ID, HoTen, NgaySinh, CMND, SinhNam, DiaChi, IDPhuongXa, IDQuanHuyen, SoKhaiSinh, NguoiTaoDL) VALUES ('219399eb-2bbd-4148-9929-92c36231ef3b', N'Đặng Văn Thơ', '1941-01-01', '210037510', 1941, N'Thượng Giang 2', 95, 7, NULL, N'Nguyễn Đình Tạo');
INSERT INTO CovidChinhThuc.dbo.ThongTinHoTro (ID, IDNoiDung, IDDoiTuong, IDCaNhan, NguoiTaoDL) VALUES ('ffb1155e-83b5-48b8-ac5e-ff1b400d33a6', 6, NULL, '219399eb-2bbd-4148-9929-92c36231ef3b', N'Nguyễn Đình Tạo');
INSERT INTO CovidChinhThuc.dbo.ChiTiet_NguoiCoCong (ID_ThongTin, NguoiTaoDL) VALUES ('ffb1155e-83b5-48b8-ac5e-ff1b400d33a6', N'Nguyễn Đình Tạo');
-- row: [151]);
INSERT INTO CovidChinhThuc.dbo.CaNhan (ID, HoTen, NgaySinh, CMND, SinhNam, DiaChi, IDPhuongXa, IDQuanHuyen, SoKhaiSinh, NguoiTaoDL) VALUES ('8f643078-192f-473b-afdb-9d2a95ad5d00', N'Đào Anh Nuôi', '1957-01-01', '210845005', 1957, N'Hữu Giang', 95, 7, NULL, N'Nguyễn Đình Tạo');
INSERT INTO CovidChinhThuc.dbo.ThongTinHoTro (ID, IDNoiDung, IDDoiTuong, IDCaNhan, NguoiTaoDL) VALUES ('4b9b5939-f4b5-4337-aa21-d6fdea9ffe25', 6, 'EDE2F0CC-2376-438A-B5FB-FACD867E38EF', '8f643078-192f-473b-afdb-9d2a95ad5d00', N'Nguyễn Đình Tạo');
INSERT INTO CovidChinhThuc.dbo.ChiTiet_NguoiCoCong (ID_ThongTin, NguoiTaoDL) VALUES ('4b9b5939-f4b5-4337-aa21-d6fdea9ffe25', N'Nguyễn Đình Tạo');
-- row: [152]);
INSERT INTO CovidChinhThuc.dbo.CaNhan (ID, HoTen, NgaySinh, CMND, SinhNam, DiaChi, IDPhuongXa, IDQuanHuyen, SoKhaiSinh, NguoiTaoDL) VALUES ('565456f2-3a07-4364-af7e-d231fe142f98', N'Đinh Trọng Thời', '1953-01-01', '230288076', 1953, N'Tả Giang 1', 95, 7, NULL, N'Nguyễn Đình Tạo');
INSERT INTO CovidChinhThuc.dbo.ThongTinHoTro (ID, IDNoiDung, IDDoiTuong, IDCaNhan, NguoiTaoDL) VALUES ('21af1f39-691d-4706-a0ba-06437770b2b1', 6, NULL, '565456f2-3a07-4364-af7e-d231fe142f98', N'Nguyễn Đình Tạo');
INSERT INTO CovidChinhThuc.dbo.ChiTiet_NguoiCoCong (ID_ThongTin, NguoiTaoDL) VALUES ('21af1f39-691d-4706-a0ba-06437770b2b1', N'Nguyễn Đình Tạo');
-- row: [153]);
INSERT INTO CovidChinhThuc.dbo.CaNhan (ID, HoTen, NgaySinh, CMND, SinhNam, DiaChi, IDPhuongXa, IDQuanHuyen, SoKhaiSinh, NguoiTaoDL) VALUES ('a4db9cd6-aee1-430a-92ff-4b457138b79d', N'Đỗ Tiến Dũng', '1953-01-01', '210938530', 1953, N'Tả Giang 2', 95, 7, NULL, N'Nguyễn Đình Tạo');
INSERT INTO CovidChinhThuc.dbo.ThongTinHoTro (ID, IDNoiDung, IDDoiTuong, IDCaNhan, NguoiTaoDL) VALUES ('08bf6e92-e749-4054-8d5c-a87be7d37785', 6, 'EDE2F0CC-2376-438A-B5FB-FACD867E38EF', 'a4db9cd6-aee1-430a-92ff-4b457138b79d', N'Nguyễn Đình Tạo');
INSERT INTO CovidChinhThuc.dbo.ChiTiet_NguoiCoCong (ID_ThongTin, NguoiTaoDL) VALUES ('08bf6e92-e749-4054-8d5c-a87be7d37785', N'Nguyễn Đình Tạo');
-- row: [154]);
INSERT INTO CovidChinhThuc.dbo.CaNhan (ID, HoTen, NgaySinh, CMND, SinhNam, DiaChi, IDPhuongXa, IDQuanHuyen, SoKhaiSinh, NguoiTaoDL) VALUES ('551673ad-2f62-43ef-9154-3c2a7f0482aa', N'Hồ Thanh Hải', '1955-01-01', '210918574', 1955, N'Thượng Giang 2', 95, 7, NULL, N'Nguyễn Đình Tạo');
INSERT INTO CovidChinhThuc.dbo.ThongTinHoTro (ID, IDNoiDung, IDDoiTuong, IDCaNhan, NguoiTaoDL) VALUES ('325eea6d-ea7e-4a0a-8719-ebcc3f839176', 6, 'EDE2F0CC-2376-438A-B5FB-FACD867E38EF', '551673ad-2f62-43ef-9154-3c2a7f0482aa', N'Nguyễn Đình Tạo');
INSERT INTO CovidChinhThuc.dbo.ChiTiet_NguoiCoCong (ID_ThongTin, NguoiTaoDL) VALUES ('325eea6d-ea7e-4a0a-8719-ebcc3f839176', N'Nguyễn Đình Tạo');
-- row: [155]);
INSERT INTO CovidChinhThuc.dbo.CaNhan (ID, HoTen, NgaySinh, CMND, SinhNam, DiaChi, IDPhuongXa, IDQuanHuyen, SoKhaiSinh, NguoiTaoDL) VALUES ('9e993357-d244-4f07-a0c7-57f8343b51fa', N'Hồ Thị Bốn (Bổn)', '1930-01-01', '210844506', 1930, N'Hữu Giang', 95, 7, NULL, N'Nguyễn Đình Tạo');
INSERT INTO CovidChinhThuc.dbo.ThongTinHoTro (ID, IDNoiDung, IDDoiTuong, IDCaNhan, NguoiTaoDL) VALUES ('79ff63bd-9337-44a9-82b0-2aa020d084f2', 6, '3A65F299-2EFA-4982-BF70-81D7B5024935', '9e993357-d244-4f07-a0c7-57f8343b51fa', N'Nguyễn Đình Tạo');
INSERT INTO CovidChinhThuc.dbo.ChiTiet_NguoiCoCong (ID_ThongTin, NguoiTaoDL) VALUES ('79ff63bd-9337-44a9-82b0-2aa020d084f2', N'Nguyễn Đình Tạo');
-- row: [156]);
INSERT INTO CovidChinhThuc.dbo.CaNhan (ID, HoTen, NgaySinh, CMND, SinhNam, DiaChi, IDPhuongXa, IDQuanHuyen, SoKhaiSinh, NguoiTaoDL) VALUES ('0af468fb-2593-47fb-b8ff-2a772db5b3da', N'Hồ Thị Mỹ Yến', '1960-01-01', '210884577', 1960, N'Thượng Giang 2', 95, 7, NULL, N'Nguyễn Đình Tạo');
INSERT INTO CovidChinhThuc.dbo.ThongTinHoTro (ID, IDNoiDung, IDDoiTuong, IDCaNhan, NguoiTaoDL) VALUES ('9e8ca920-9469-4fd1-85fd-5b5507f7dea7', 6, '2DE801FE-8F9D-4CB2-A1C0-E61F4503CB74', '0af468fb-2593-47fb-b8ff-2a772db5b3da', N'Nguyễn Đình Tạo');
INSERT INTO CovidChinhThuc.dbo.ChiTiet_NguoiCoCong (ID_ThongTin, NguoiTaoDL) VALUES ('9e8ca920-9469-4fd1-85fd-5b5507f7dea7', N'Nguyễn Đình Tạo');
-- row: [157]);
INSERT INTO CovidChinhThuc.dbo.CaNhan (ID, HoTen, NgaySinh, CMND, SinhNam, DiaChi, IDPhuongXa, IDQuanHuyen, SoKhaiSinh, NguoiTaoDL) VALUES ('be428907-5a11-498d-9a21-1a4da09692be', N'Hồ Thị Quen', '1946-01-01', '210877361', 1946, N'Nam Giang', 95, 7, NULL, N'Nguyễn Đình Tạo');
INSERT INTO CovidChinhThuc.dbo.ThongTinHoTro (ID, IDNoiDung, IDDoiTuong, IDCaNhan, NguoiTaoDL) VALUES ('00935d3e-c17f-4ca2-ac42-7556e1497e50', 6, '3A65F299-2EFA-4982-BF70-81D7B5024935', 'be428907-5a11-498d-9a21-1a4da09692be', N'Nguyễn Đình Tạo');
INSERT INTO CovidChinhThuc.dbo.ChiTiet_NguoiCoCong (ID_ThongTin, NguoiTaoDL) VALUES ('00935d3e-c17f-4ca2-ac42-7556e1497e50', N'Nguyễn Đình Tạo');
-- row: [158]);
INSERT INTO CovidChinhThuc.dbo.CaNhan (ID, HoTen, NgaySinh, CMND, SinhNam, DiaChi, IDPhuongXa, IDQuanHuyen, SoKhaiSinh, NguoiTaoDL) VALUES ('5c5782f7-6f2a-4dff-ac3d-e0fa8229e3e9', N'Hồ Thị Thủy', '1923-01-01', '210910900', 1923, N'Thượng Giang 2', 95, 7, NULL, N'Nguyễn Đình Tạo');
INSERT INTO CovidChinhThuc.dbo.ThongTinHoTro (ID, IDNoiDung, IDDoiTuong, IDCaNhan, NguoiTaoDL) VALUES ('6ab87342-6d32-47ad-9eca-4ca87867e825', 6, '41B0E9CD-732C-4E19-AAEC-3DC041CB6144', '5c5782f7-6f2a-4dff-ac3d-e0fa8229e3e9', N'Nguyễn Đình Tạo');
INSERT INTO CovidChinhThuc.dbo.ChiTiet_NguoiCoCong (ID_ThongTin, NguoiTaoDL) VALUES ('6ab87342-6d32-47ad-9eca-4ca87867e825', N'Nguyễn Đình Tạo');
-- row: [159]);
INSERT INTO CovidChinhThuc.dbo.CaNhan (ID, HoTen, NgaySinh, CMND, SinhNam, DiaChi, IDPhuongXa, IDQuanHuyen, SoKhaiSinh, NguoiTaoDL) VALUES ('31b0a94e-1bb5-4300-89b2-3521d0cb74ca', N'Hồ Thị Y', '1951-01-01', '210844898', 1951, N'Thượng Giang 1', 95, 7, NULL, N'Nguyễn Đình Tạo');
INSERT INTO CovidChinhThuc.dbo.ThongTinHoTro (ID, IDNoiDung, IDDoiTuong, IDCaNhan, NguoiTaoDL) VALUES ('bd30ddb9-f217-4651-b431-423eb92162c6', 6, '2DE801FE-8F9D-4CB2-A1C0-E61F4503CB74', '31b0a94e-1bb5-4300-89b2-3521d0cb74ca', N'Nguyễn Đình Tạo');
INSERT INTO CovidChinhThuc.dbo.ChiTiet_NguoiCoCong (ID_ThongTin, NguoiTaoDL) VALUES ('bd30ddb9-f217-4651-b431-423eb92162c6', N'Nguyễn Đình Tạo');
-- row: [160]);
INSERT INTO CovidChinhThuc.dbo.CaNhan (ID, HoTen, NgaySinh, CMND, SinhNam, DiaChi, IDPhuongXa, IDQuanHuyen, SoKhaiSinh, NguoiTaoDL) VALUES ('6bc27f4c-59f5-4560-b4fc-49726a6b009b', N'Hồ Thị Yến', '1958-01-01', '210844577', 1958, N'Thượng Giang 2', 95, 7, NULL, N'Nguyễn Đình Tạo');
INSERT INTO CovidChinhThuc.dbo.ThongTinHoTro (ID, IDNoiDung, IDDoiTuong, IDCaNhan, NguoiTaoDL) VALUES ('f0c4a0b8-7432-4604-891c-95632ac3f5a7', 6, 'EDE2F0CC-2376-438A-B5FB-FACD867E38EF', '6bc27f4c-59f5-4560-b4fc-49726a6b009b', N'Nguyễn Đình Tạo');
INSERT INTO CovidChinhThuc.dbo.ChiTiet_NguoiCoCong (ID_ThongTin, NguoiTaoDL) VALUES ('f0c4a0b8-7432-4604-891c-95632ac3f5a7', N'Nguyễn Đình Tạo');
-- row: [161]);
INSERT INTO CovidChinhThuc.dbo.CaNhan (ID, HoTen, NgaySinh, CMND, SinhNam, DiaChi, IDPhuongXa, IDQuanHuyen, SoKhaiSinh, NguoiTaoDL) VALUES ('a3b0f123-7757-400b-840d-5a186952b794', N'Huỳnh Thị Khuê (Khê)', '1942-01-01', '210918788', 1942, N'Thượng Giang 2', 95, 7, NULL, N'Nguyễn Đình Tạo');
INSERT INTO CovidChinhThuc.dbo.ThongTinHoTro (ID, IDNoiDung, IDDoiTuong, IDCaNhan, NguoiTaoDL) VALUES ('1a8c8c68-43dc-4818-b53b-4771aac91028', 6, '3A65F299-2EFA-4982-BF70-81D7B5024935', 'a3b0f123-7757-400b-840d-5a186952b794', N'Nguyễn Đình Tạo');
INSERT INTO CovidChinhThuc.dbo.ChiTiet_NguoiCoCong (ID_ThongTin, NguoiTaoDL) VALUES ('1a8c8c68-43dc-4818-b53b-4771aac91028', N'Nguyễn Đình Tạo');
-- row: [162]);
INSERT INTO CovidChinhThuc.dbo.CaNhan (ID, HoTen, NgaySinh, CMND, SinhNam, DiaChi, IDPhuongXa, IDQuanHuyen, SoKhaiSinh, NguoiTaoDL) VALUES ('2a11f150-07c5-4c35-b8da-5d00e3a0e54d', N'Huỳnh Thị Lê', '1930-01-01', '211030439', 1930, N'Thượng Giang 2', 95, 7, NULL, N'Nguyễn Đình Tạo');
INSERT INTO CovidChinhThuc.dbo.ThongTinHoTro (ID, IDNoiDung, IDDoiTuong, IDCaNhan, NguoiTaoDL) VALUES ('63d8bd9c-8583-4dfb-a301-37ef5fb2954b', 6, 'EDE2F0CC-2376-438A-B5FB-FACD867E38EF', '2a11f150-07c5-4c35-b8da-5d00e3a0e54d', N'Nguyễn Đình Tạo');
INSERT INTO CovidChinhThuc.dbo.ChiTiet_NguoiCoCong (ID_ThongTin, NguoiTaoDL) VALUES ('63d8bd9c-8583-4dfb-a301-37ef5fb2954b', N'Nguyễn Đình Tạo');
-- row: [163]);
INSERT INTO CovidChinhThuc.dbo.CaNhan (ID, HoTen, NgaySinh, CMND, SinhNam, DiaChi, IDPhuongXa, IDQuanHuyen, SoKhaiSinh, NguoiTaoDL) VALUES ('5131077d-de4f-475c-ba25-02fc195b2335', N'Huỳnh Thị Lưu', '1952-01-01', '210843426', 1952, N'Tả Giang 1', 95, 7, NULL, N'Nguyễn Đình Tạo');
INSERT INTO CovidChinhThuc.dbo.ThongTinHoTro (ID, IDNoiDung, IDDoiTuong, IDCaNhan, NguoiTaoDL) VALUES ('2e3f2b0b-bdf2-4bf0-83e5-33ca01f9e79d', 6, 'EDE2F0CC-2376-438A-B5FB-FACD867E38EF', '5131077d-de4f-475c-ba25-02fc195b2335', N'Nguyễn Đình Tạo');
INSERT INTO CovidChinhThuc.dbo.ChiTiet_NguoiCoCong (ID_ThongTin, NguoiTaoDL) VALUES ('2e3f2b0b-bdf2-4bf0-83e5-33ca01f9e79d', N'Nguyễn Đình Tạo');
-- row: [164]);
INSERT INTO CovidChinhThuc.dbo.CaNhan (ID, HoTen, NgaySinh, CMND, SinhNam, DiaChi, IDPhuongXa, IDQuanHuyen, SoKhaiSinh, NguoiTaoDL) VALUES ('282fa215-5a84-4f50-afe9-291f42c2d09a', N'Huỳnh Tiên', '1931-01-01', '210843376', 1931, N'Tả Giang 1', 95, 7, NULL, N'Nguyễn Đình Tạo');
INSERT INTO CovidChinhThuc.dbo.ThongTinHoTro (ID, IDNoiDung, IDDoiTuong, IDCaNhan, NguoiTaoDL) VALUES ('788b9903-7fb8-4459-9196-5fa4f8e970f4', 6, 'EDE2F0CC-2376-438A-B5FB-FACD867E38EF', '282fa215-5a84-4f50-afe9-291f42c2d09a', N'Nguyễn Đình Tạo');
INSERT INTO CovidChinhThuc.dbo.ChiTiet_NguoiCoCong (ID_ThongTin, NguoiTaoDL) VALUES ('788b9903-7fb8-4459-9196-5fa4f8e970f4', N'Nguyễn Đình Tạo');
-- row: [165]);
INSERT INTO CovidChinhThuc.dbo.CaNhan (ID, HoTen, NgaySinh, CMND, SinhNam, DiaChi, IDPhuongXa, IDQuanHuyen, SoKhaiSinh, NguoiTaoDL) VALUES ('4cac0e4d-ad0d-4c39-b2fd-9cc898b9c9aa', N'Lê Đình Trạm', '1930-01-01', '210943075', 1930, N'Thượng Giang 2', 95, 7, NULL, N'Nguyễn Đình Tạo');
INSERT INTO CovidChinhThuc.dbo.ThongTinHoTro (ID, IDNoiDung, IDDoiTuong, IDCaNhan, NguoiTaoDL) VALUES ('f020b6f6-0c05-4f67-a0ed-9f533c8b8d84', 6, '78AC3F79-5C50-4ACB-B626-E51ED3D4E8E5', '4cac0e4d-ad0d-4c39-b2fd-9cc898b9c9aa', N'Nguyễn Đình Tạo');
INSERT INTO CovidChinhThuc.dbo.ChiTiet_NguoiCoCong (ID_ThongTin, NguoiTaoDL) VALUES ('f020b6f6-0c05-4f67-a0ed-9f533c8b8d84', N'Nguyễn Đình Tạo');
-- row: [166]);
INSERT INTO CovidChinhThuc.dbo.CaNhan (ID, HoTen, NgaySinh, CMND, SinhNam, DiaChi, IDPhuongXa, IDQuanHuyen, SoKhaiSinh, NguoiTaoDL) VALUES ('c48f858e-fadd-4156-81c6-f16fd7940fd7', N'Lê Hồng Vân', '1957-01-01', '211819211', 1957, N'Tả Giang 2', 95, 7, NULL, N'Nguyễn Đình Tạo');
INSERT INTO CovidChinhThuc.dbo.ThongTinHoTro (ID, IDNoiDung, IDDoiTuong, IDCaNhan, NguoiTaoDL) VALUES ('8427623e-1ca5-4ebc-9e46-0607ad739638', 6, 'EDE2F0CC-2376-438A-B5FB-FACD867E38EF', 'c48f858e-fadd-4156-81c6-f16fd7940fd7', N'Nguyễn Đình Tạo');
INSERT INTO CovidChinhThuc.dbo.ChiTiet_NguoiCoCong (ID_ThongTin, NguoiTaoDL) VALUES ('8427623e-1ca5-4ebc-9e46-0607ad739638', N'Nguyễn Đình Tạo');
-- row: [167]);
INSERT INTO CovidChinhThuc.dbo.CaNhan (ID, HoTen, NgaySinh, CMND, SinhNam, DiaChi, IDPhuongXa, IDQuanHuyen, SoKhaiSinh, NguoiTaoDL) VALUES ('bb004ae8-afec-4936-9f9f-23935fa15f76', N'Lê Hồng Vấn', '1964-01-01', '210844106', 1964, N'Tả Giang 2', 95, 7, NULL, N'Nguyễn Đình Tạo');
INSERT INTO CovidChinhThuc.dbo.ThongTinHoTro (ID, IDNoiDung, IDDoiTuong, IDCaNhan, NguoiTaoDL) VALUES ('20accde4-70a3-4b6f-aa6d-47fe8a7a80eb', 6, 'EDE2F0CC-2376-438A-B5FB-FACD867E38EF', 'bb004ae8-afec-4936-9f9f-23935fa15f76', N'Nguyễn Đình Tạo');
INSERT INTO CovidChinhThuc.dbo.ChiTiet_NguoiCoCong (ID_ThongTin, NguoiTaoDL) VALUES ('20accde4-70a3-4b6f-aa6d-47fe8a7a80eb', N'Nguyễn Đình Tạo');
-- row: [168]);
INSERT INTO CovidChinhThuc.dbo.CaNhan (ID, HoTen, NgaySinh, CMND, SinhNam, DiaChi, IDPhuongXa, IDQuanHuyen, SoKhaiSinh, NguoiTaoDL) VALUES ('31af1f5f-eff7-4efe-89a9-e1b36c24b5cd', N'Lê Thanh Hải', '1938-01-01', '211573282', 1938, N'Tả Giang 1', 95, 7, NULL, N'Nguyễn Đình Tạo');
INSERT INTO CovidChinhThuc.dbo.ThongTinHoTro (ID, IDNoiDung, IDDoiTuong, IDCaNhan, NguoiTaoDL) VALUES ('3d49dfbe-b61f-4f8e-95dc-4f2b05fae0e2', 6, 'EDE2F0CC-2376-438A-B5FB-FACD867E38EF', '31af1f5f-eff7-4efe-89a9-e1b36c24b5cd', N'Nguyễn Đình Tạo');
INSERT INTO CovidChinhThuc.dbo.ChiTiet_NguoiCoCong (ID_ThongTin, NguoiTaoDL) VALUES ('3d49dfbe-b61f-4f8e-95dc-4f2b05fae0e2', N'Nguyễn Đình Tạo');
-- row: [169]);
INSERT INTO CovidChinhThuc.dbo.CaNhan (ID, HoTen, NgaySinh, CMND, SinhNam, DiaChi, IDPhuongXa, IDQuanHuyen, SoKhaiSinh, NguoiTaoDL) VALUES ('5566b6f5-be8a-4397-a110-7050b7aaf88e', N'Lê Thanh Tùng', '1941-01-01', '211496984', 1941, N'Tả Giang 1', 95, 7, NULL, N'Nguyễn Đình Tạo');
INSERT INTO CovidChinhThuc.dbo.ThongTinHoTro (ID, IDNoiDung, IDDoiTuong, IDCaNhan, NguoiTaoDL) VALUES ('a4a48cf5-1802-420e-bf0e-d3e26754559a', 6, 'EDE2F0CC-2376-438A-B5FB-FACD867E38EF', '5566b6f5-be8a-4397-a110-7050b7aaf88e', N'Nguyễn Đình Tạo');
INSERT INTO CovidChinhThuc.dbo.ChiTiet_NguoiCoCong (ID_ThongTin, NguoiTaoDL) VALUES ('a4a48cf5-1802-420e-bf0e-d3e26754559a', N'Nguyễn Đình Tạo');
-- row: [170]);
INSERT INTO CovidChinhThuc.dbo.CaNhan (ID, HoTen, NgaySinh, CMND, SinhNam, DiaChi, IDPhuongXa, IDQuanHuyen, SoKhaiSinh, NguoiTaoDL) VALUES ('454225ef-debc-4962-896c-eedf2c6e91ae', N'Lê Thanh Vinh', '1999-01-01', '211609862', 1999, N'Tả Giang 2', 95, 7, NULL, N'Nguyễn Đình Tạo');
INSERT INTO CovidChinhThuc.dbo.ThongTinHoTro (ID, IDNoiDung, IDDoiTuong, IDCaNhan, NguoiTaoDL) VALUES ('68dc0c05-f232-4e43-a22d-6aae9dd5566c', 6, 'E4E24DC6-98AE-4685-985D-47C0B48DD6FD', '454225ef-debc-4962-896c-eedf2c6e91ae', N'Nguyễn Đình Tạo');
INSERT INTO CovidChinhThuc.dbo.ChiTiet_NguoiCoCong (ID_ThongTin, NguoiTaoDL) VALUES ('68dc0c05-f232-4e43-a22d-6aae9dd5566c', N'Nguyễn Đình Tạo');
-- row: [171]);
INSERT INTO CovidChinhThuc.dbo.CaNhan (ID, HoTen, NgaySinh, CMND, SinhNam, DiaChi, IDPhuongXa, IDQuanHuyen, SoKhaiSinh, NguoiTaoDL) VALUES ('9eacc891-4588-47ad-878c-91294672a49e', N'Lê Thị Bảy', '1942-01-01', '210929780', 1942, N'Thượng Giang 1', 95, 7, NULL, N'Nguyễn Đình Tạo');
INSERT INTO CovidChinhThuc.dbo.ThongTinHoTro (ID, IDNoiDung, IDDoiTuong, IDCaNhan, NguoiTaoDL) VALUES ('aaf07be6-5784-4be9-979f-6c746321bb49', 6, '41B0E9CD-732C-4E19-AAEC-3DC041CB6144', '9eacc891-4588-47ad-878c-91294672a49e', N'Nguyễn Đình Tạo');
INSERT INTO CovidChinhThuc.dbo.ChiTiet_NguoiCoCong (ID_ThongTin, NguoiTaoDL) VALUES ('aaf07be6-5784-4be9-979f-6c746321bb49', N'Nguyễn Đình Tạo');
-- row: [172]);
INSERT INTO CovidChinhThuc.dbo.CaNhan (ID, HoTen, NgaySinh, CMND, SinhNam, DiaChi, IDPhuongXa, IDQuanHuyen, SoKhaiSinh, NguoiTaoDL) VALUES ('802995b4-401b-428c-9b35-d25a11bf38c2', N'Lê Thị Đặng', '1926-01-01', '211303783', 1926, N'Hữu Giang', 95, 7, NULL, N'Nguyễn Đình Tạo');
INSERT INTO CovidChinhThuc.dbo.ThongTinHoTro (ID, IDNoiDung, IDDoiTuong, IDCaNhan, NguoiTaoDL) VALUES ('680764ac-59f2-41ac-bb61-265fb5705f1a', 6, '17FAD857-895C-48FB-88C0-B4B95B567C34', '802995b4-401b-428c-9b35-d25a11bf38c2', N'Nguyễn Đình Tạo');
INSERT INTO CovidChinhThuc.dbo.ChiTiet_NguoiCoCong (ID_ThongTin, NguoiTaoDL) VALUES ('680764ac-59f2-41ac-bb61-265fb5705f1a', N'Nguyễn Đình Tạo');
-- row: [173]);
INSERT INTO CovidChinhThuc.dbo.CaNhan (ID, HoTen, NgaySinh, CMND, SinhNam, DiaChi, IDPhuongXa, IDQuanHuyen, SoKhaiSinh, NguoiTaoDL) VALUES ('5773eb7c-8298-4b40-a762-0f57daae54a0', N'Lê Thị Hăng', '1942-01-01', '210843762', 1942, N'Tả Giang 1', 95, 7, NULL, N'Nguyễn Đình Tạo');
INSERT INTO CovidChinhThuc.dbo.ThongTinHoTro (ID, IDNoiDung, IDDoiTuong, IDCaNhan, NguoiTaoDL) VALUES ('8c8ebd51-9947-40c5-b8e8-a3abb0bd1393', 6, 'EDE2F0CC-2376-438A-B5FB-FACD867E38EF', '5773eb7c-8298-4b40-a762-0f57daae54a0', N'Nguyễn Đình Tạo');
INSERT INTO CovidChinhThuc.dbo.ChiTiet_NguoiCoCong (ID_ThongTin, NguoiTaoDL) VALUES ('8c8ebd51-9947-40c5-b8e8-a3abb0bd1393', N'Nguyễn Đình Tạo');
-- row: [174]);
INSERT INTO CovidChinhThuc.dbo.CaNhan (ID, HoTen, NgaySinh, CMND, SinhNam, DiaChi, IDPhuongXa, IDQuanHuyen, SoKhaiSinh, NguoiTaoDL) VALUES ('0bd98dd2-b20f-4326-b5c1-6bc908da16eb', N'Lê Thị Hay', '1926-01-01', '210844364', 1926, N'Tả Giang 2', 95, 7, NULL, N'Nguyễn Đình Tạo');
INSERT INTO CovidChinhThuc.dbo.ThongTinHoTro (ID, IDNoiDung, IDDoiTuong, IDCaNhan, NguoiTaoDL) VALUES ('78c4d08d-cdc4-4f72-824d-d728283435de', 6, '3A65F299-2EFA-4982-BF70-81D7B5024935', '0bd98dd2-b20f-4326-b5c1-6bc908da16eb', N'Nguyễn Đình Tạo');
INSERT INTO CovidChinhThuc.dbo.ChiTiet_NguoiCoCong (ID_ThongTin, NguoiTaoDL) VALUES ('78c4d08d-cdc4-4f72-824d-d728283435de', N'Nguyễn Đình Tạo');
-- row: [175]);
INSERT INTO CovidChinhThuc.dbo.CaNhan (ID, HoTen, NgaySinh, CMND, SinhNam, DiaChi, IDPhuongXa, IDQuanHuyen, SoKhaiSinh, NguoiTaoDL) VALUES ('700f8b9e-311a-440d-89ce-13483a79b2a5', N'Lê Thị Lợi', '1953-01-01', '210956019', 1953, N'Thượng Giang 2', 95, 7, NULL, N'Nguyễn Đình Tạo');
INSERT INTO CovidChinhThuc.dbo.ThongTinHoTro (ID, IDNoiDung, IDDoiTuong, IDCaNhan, NguoiTaoDL) VALUES ('2dcbf00f-ed4a-49f2-9fe7-e0a69a666541', 6, 'EDE2F0CC-2376-438A-B5FB-FACD867E38EF', '700f8b9e-311a-440d-89ce-13483a79b2a5', N'Nguyễn Đình Tạo');
INSERT INTO CovidChinhThuc.dbo.ChiTiet_NguoiCoCong (ID_ThongTin, NguoiTaoDL) VALUES ('2dcbf00f-ed4a-49f2-9fe7-e0a69a666541', N'Nguyễn Đình Tạo');
-- row: [176]);
INSERT INTO CovidChinhThuc.dbo.CaNhan (ID, HoTen, NgaySinh, CMND, SinhNam, DiaChi, IDPhuongXa, IDQuanHuyen, SoKhaiSinh, NguoiTaoDL) VALUES ('98a90018-cf89-4613-af1b-35d6b3d603e7', N'Lê Thị Mai', '1954-01-01', '210918128', 1954, N'Thượng Giang 2', 95, 7, NULL, N'Nguyễn Đình Tạo');
INSERT INTO CovidChinhThuc.dbo.ThongTinHoTro (ID, IDNoiDung, IDDoiTuong, IDCaNhan, NguoiTaoDL) VALUES ('9ab41c8c-04e0-4091-aa07-42326c4f8106', 6, 'EDE2F0CC-2376-438A-B5FB-FACD867E38EF', '98a90018-cf89-4613-af1b-35d6b3d603e7', N'Nguyễn Đình Tạo');
INSERT INTO CovidChinhThuc.dbo.ChiTiet_NguoiCoCong (ID_ThongTin, NguoiTaoDL) VALUES ('9ab41c8c-04e0-4091-aa07-42326c4f8106', N'Nguyễn Đình Tạo');
-- row: [177]);
INSERT INTO CovidChinhThuc.dbo.CaNhan (ID, HoTen, NgaySinh, CMND, SinhNam, DiaChi, IDPhuongXa, IDQuanHuyen, SoKhaiSinh, NguoiTaoDL) VALUES ('d1c4516e-5aa9-4b43-a94f-1422389a549e', N'Lê Thị Mai', '1955-01-01', '210858769', 1955, N'Thượng Giang 1', 95, 7, NULL, N'Nguyễn Đình Tạo');
INSERT INTO CovidChinhThuc.dbo.ThongTinHoTro (ID, IDNoiDung, IDDoiTuong, IDCaNhan, NguoiTaoDL) VALUES ('40d0970a-58dc-498c-976c-dfc270eb47ad', 6, '78AC3F79-5C50-4ACB-B626-E51ED3D4E8E5', 'd1c4516e-5aa9-4b43-a94f-1422389a549e', N'Nguyễn Đình Tạo');
INSERT INTO CovidChinhThuc.dbo.ChiTiet_NguoiCoCong (ID_ThongTin, NguoiTaoDL) VALUES ('40d0970a-58dc-498c-976c-dfc270eb47ad', N'Nguyễn Đình Tạo');
-- row: [178]);
INSERT INTO CovidChinhThuc.dbo.CaNhan (ID, HoTen, NgaySinh, CMND, SinhNam, DiaChi, IDPhuongXa, IDQuanHuyen, SoKhaiSinh, NguoiTaoDL) VALUES ('63d4afd6-7047-41b2-87db-1a157e9d5614', N'Lê Thị Sương', '1936-01-01', '210844369', 1936, N'Tả Giang 2', 95, 7, NULL, N'Nguyễn Đình Tạo');
INSERT INTO CovidChinhThuc.dbo.ThongTinHoTro (ID, IDNoiDung, IDDoiTuong, IDCaNhan, NguoiTaoDL) VALUES ('e2c0ab70-e4bc-4846-87d0-5da0229196b8', 6, 'EDE2F0CC-2376-438A-B5FB-FACD867E38EF', '63d4afd6-7047-41b2-87db-1a157e9d5614', N'Nguyễn Đình Tạo');
INSERT INTO CovidChinhThuc.dbo.ChiTiet_NguoiCoCong (ID_ThongTin, NguoiTaoDL) VALUES ('e2c0ab70-e4bc-4846-87d0-5da0229196b8', N'Nguyễn Đình Tạo');
-- row: [179]);
INSERT INTO CovidChinhThuc.dbo.CaNhan (ID, HoTen, NgaySinh, CMND, SinhNam, DiaChi, IDPhuongXa, IDQuanHuyen, SoKhaiSinh, NguoiTaoDL) VALUES ('b9aae913-da7d-401d-9c2b-37e868ffa31b', N'Lê Văn Hiếu', '1963-01-01', '210844340', 1963, N'Tả Giang 2', 95, 7, NULL, N'Nguyễn Đình Tạo');
INSERT INTO CovidChinhThuc.dbo.ThongTinHoTro (ID, IDNoiDung, IDDoiTuong, IDCaNhan, NguoiTaoDL) VALUES ('36312aa3-d5ba-4a9f-8d01-fc87fd074f8a', 6, '78AC3F79-5C50-4ACB-B626-E51ED3D4E8E5', 'b9aae913-da7d-401d-9c2b-37e868ffa31b', N'Nguyễn Đình Tạo');
INSERT INTO CovidChinhThuc.dbo.ChiTiet_NguoiCoCong (ID_ThongTin, NguoiTaoDL) VALUES ('36312aa3-d5ba-4a9f-8d01-fc87fd074f8a', N'Nguyễn Đình Tạo');
-- row: [180]);
INSERT INTO CovidChinhThuc.dbo.CaNhan (ID, HoTen, NgaySinh, CMND, SinhNam, DiaChi, IDPhuongXa, IDQuanHuyen, SoKhaiSinh, NguoiTaoDL) VALUES ('28189711-3b08-4acb-981a-abd05a99f745', N'Lê Văn Tình', '1999-01-01', '211705083', 1999, N'Tả Giang 1', 95, 7, NULL, N'Nguyễn Đình Tạo');
INSERT INTO CovidChinhThuc.dbo.ThongTinHoTro (ID, IDNoiDung, IDDoiTuong, IDCaNhan, NguoiTaoDL) VALUES ('e09de895-6e2d-4505-ad95-6b0e9cb7df24', 6, 'E4E24DC6-98AE-4685-985D-47C0B48DD6FD', '28189711-3b08-4acb-981a-abd05a99f745', N'Nguyễn Đình Tạo');
INSERT INTO CovidChinhThuc.dbo.ChiTiet_NguoiCoCong (ID_ThongTin, NguoiTaoDL) VALUES ('e09de895-6e2d-4505-ad95-6b0e9cb7df24', N'Nguyễn Đình Tạo');
-- row: [181]);
INSERT INTO CovidChinhThuc.dbo.CaNhan (ID, HoTen, NgaySinh, CMND, SinhNam, DiaChi, IDPhuongXa, IDQuanHuyen, SoKhaiSinh, NguoiTaoDL) VALUES ('2b56b8a2-74f8-48e8-8043-7557f8d9617c', N'Lương Thế Mỹ', '1963-01-01', '210943171', 1963, N'Thượng Giang 2', 95, 7, NULL, N'Nguyễn Đình Tạo');
INSERT INTO CovidChinhThuc.dbo.ThongTinHoTro (ID, IDNoiDung, IDDoiTuong, IDCaNhan, NguoiTaoDL) VALUES ('f2632c5b-11ef-4165-8fe1-034b9ed4dad3', 6, 'EDE2F0CC-2376-438A-B5FB-FACD867E38EF', '2b56b8a2-74f8-48e8-8043-7557f8d9617c', N'Nguyễn Đình Tạo');
INSERT INTO CovidChinhThuc.dbo.ChiTiet_NguoiCoCong (ID_ThongTin, NguoiTaoDL) VALUES ('f2632c5b-11ef-4165-8fe1-034b9ed4dad3', N'Nguyễn Đình Tạo');
-- row: [182]);
INSERT INTO CovidChinhThuc.dbo.CaNhan (ID, HoTen, NgaySinh, CMND, SinhNam, DiaChi, IDPhuongXa, IDQuanHuyen, SoKhaiSinh, NguoiTaoDL) VALUES ('8d3398e6-e9ae-4e34-84c1-56f3471bf5d4', N'Lương Thị Thuận', '1937-01-01', '210843381', 1937, N'Thượng Giang 1', 95, 7, NULL, N'Nguyễn Đình Tạo');
INSERT INTO CovidChinhThuc.dbo.ThongTinHoTro (ID, IDNoiDung, IDDoiTuong, IDCaNhan, NguoiTaoDL) VALUES ('8b28fbdd-48f2-4800-b42d-d276b06cba7a', 6, '3A65F299-2EFA-4982-BF70-81D7B5024935', '8d3398e6-e9ae-4e34-84c1-56f3471bf5d4', N'Nguyễn Đình Tạo');
INSERT INTO CovidChinhThuc.dbo.ChiTiet_NguoiCoCong (ID_ThongTin, NguoiTaoDL) VALUES ('8b28fbdd-48f2-4800-b42d-d276b06cba7a', N'Nguyễn Đình Tạo');
-- row: [183]);
INSERT INTO CovidChinhThuc.dbo.CaNhan (ID, HoTen, NgaySinh, CMND, SinhNam, DiaChi, IDPhuongXa, IDQuanHuyen, SoKhaiSinh, NguoiTaoDL) VALUES ('2f356139-c554-4fd8-b2db-70e81ac3c17e', N'Mai Văn Lập', '1936-01-01', '215438430', 1936, N'Tả Giang 1', 95, 7, NULL, N'Nguyễn Đình Tạo');
INSERT INTO CovidChinhThuc.dbo.ThongTinHoTro (ID, IDNoiDung, IDDoiTuong, IDCaNhan, NguoiTaoDL) VALUES ('de6c805d-3747-46ff-b0d8-bfa1018298ad', 6, 'EDE2F0CC-2376-438A-B5FB-FACD867E38EF', '2f356139-c554-4fd8-b2db-70e81ac3c17e', N'Nguyễn Đình Tạo');
INSERT INTO CovidChinhThuc.dbo.ChiTiet_NguoiCoCong (ID_ThongTin, NguoiTaoDL) VALUES ('de6c805d-3747-46ff-b0d8-bfa1018298ad', N'Nguyễn Đình Tạo');
-- row: [184]);
INSERT INTO CovidChinhThuc.dbo.CaNhan (ID, HoTen, NgaySinh, CMND, SinhNam, DiaChi, IDPhuongXa, IDQuanHuyen, SoKhaiSinh, NguoiTaoDL) VALUES ('f97dd055-c8ef-4ec8-a7fa-0b94e937c9af', N'Mai Xuân Sáu', '1954-01-01', '210043797', 1954, N'Tả Giang 1', 95, 7, NULL, N'Nguyễn Đình Tạo');
INSERT INTO CovidChinhThuc.dbo.ThongTinHoTro (ID, IDNoiDung, IDDoiTuong, IDCaNhan, NguoiTaoDL) VALUES ('43553931-d6a6-46f3-bc7a-1d38b6ea6328', 6, 'EDE2F0CC-2376-438A-B5FB-FACD867E38EF', 'f97dd055-c8ef-4ec8-a7fa-0b94e937c9af', N'Nguyễn Đình Tạo');
INSERT INTO CovidChinhThuc.dbo.ChiTiet_NguoiCoCong (ID_ThongTin, NguoiTaoDL) VALUES ('43553931-d6a6-46f3-bc7a-1d38b6ea6328', N'Nguyễn Đình Tạo');
-- row: [185]);
INSERT INTO CovidChinhThuc.dbo.CaNhan (ID, HoTen, NgaySinh, CMND, SinhNam, DiaChi, IDPhuongXa, IDQuanHuyen, SoKhaiSinh, NguoiTaoDL) VALUES ('77cc1004-2375-40ca-a83c-e15e9c74ad7e', N'Ngô Thị Mai', '1945-01-01', '211007010', 1945, N'Tả Giang 1', 95, 7, NULL, N'Nguyễn Đình Tạo');
INSERT INTO CovidChinhThuc.dbo.ThongTinHoTro (ID, IDNoiDung, IDDoiTuong, IDCaNhan, NguoiTaoDL) VALUES ('5917dfad-7b5a-4046-b8c5-1f28291e35db', 6, 'EDE2F0CC-2376-438A-B5FB-FACD867E38EF', '77cc1004-2375-40ca-a83c-e15e9c74ad7e', N'Nguyễn Đình Tạo');
INSERT INTO CovidChinhThuc.dbo.ChiTiet_NguoiCoCong (ID_ThongTin, NguoiTaoDL) VALUES ('5917dfad-7b5a-4046-b8c5-1f28291e35db', N'Nguyễn Đình Tạo');
-- row: [186]);
INSERT INTO CovidChinhThuc.dbo.CaNhan (ID, HoTen, NgaySinh, CMND, SinhNam, DiaChi, IDPhuongXa, IDQuanHuyen, SoKhaiSinh, NguoiTaoDL) VALUES ('a6fac5aa-2a8d-4984-8f4c-e7bfa5c4d54d', N'Ngô Thị Sen', '1952-01-01', '210844802', 1952, N'Tả Giang 1', 95, 7, NULL, N'Nguyễn Đình Tạo');
INSERT INTO CovidChinhThuc.dbo.ThongTinHoTro (ID, IDNoiDung, IDDoiTuong, IDCaNhan, NguoiTaoDL) VALUES ('4472000c-847e-46b0-856b-a492b91ebb92', 6, 'EDE2F0CC-2376-438A-B5FB-FACD867E38EF', 'a6fac5aa-2a8d-4984-8f4c-e7bfa5c4d54d', N'Nguyễn Đình Tạo');
INSERT INTO CovidChinhThuc.dbo.ChiTiet_NguoiCoCong (ID_ThongTin, NguoiTaoDL) VALUES ('4472000c-847e-46b0-856b-a492b91ebb92', N'Nguyễn Đình Tạo');
-- row: [187]);
INSERT INTO CovidChinhThuc.dbo.CaNhan (ID, HoTen, NgaySinh, CMND, SinhNam, DiaChi, IDPhuongXa, IDQuanHuyen, SoKhaiSinh, NguoiTaoDL) VALUES ('7ae3c52a-d54d-47ee-b7ac-5bf570bab8a6', N'Ngô Thị Thành', '1938-01-01', '210035967', 1938, N'Tả Giang 2', 95, 7, NULL, N'Nguyễn Đình Tạo');
INSERT INTO CovidChinhThuc.dbo.ThongTinHoTro (ID, IDNoiDung, IDDoiTuong, IDCaNhan, NguoiTaoDL) VALUES ('ad363190-6f89-41d7-854e-f7e04b20ebcf', 6, 'EDE2F0CC-2376-438A-B5FB-FACD867E38EF', '7ae3c52a-d54d-47ee-b7ac-5bf570bab8a6', N'Nguyễn Đình Tạo');
INSERT INTO CovidChinhThuc.dbo.ChiTiet_NguoiCoCong (ID_ThongTin, NguoiTaoDL) VALUES ('ad363190-6f89-41d7-854e-f7e04b20ebcf', N'Nguyễn Đình Tạo');
-- row: [188]);
INSERT INTO CovidChinhThuc.dbo.CaNhan (ID, HoTen, NgaySinh, CMND, SinhNam, DiaChi, IDPhuongXa, IDQuanHuyen, SoKhaiSinh, NguoiTaoDL) VALUES ('395d01e4-b848-4ef9-912a-d8fa9cb74f6f', N'Ngô Thị Thường', '1954-01-01', '210927557', 1954, N'Tả Giang 1', 95, 7, NULL, N'Nguyễn Đình Tạo');
INSERT INTO CovidChinhThuc.dbo.ThongTinHoTro (ID, IDNoiDung, IDDoiTuong, IDCaNhan, NguoiTaoDL) VALUES ('1e8ebc64-2286-49ca-9895-55be2678b38b', 6, 'EDE2F0CC-2376-438A-B5FB-FACD867E38EF', '395d01e4-b848-4ef9-912a-d8fa9cb74f6f', N'Nguyễn Đình Tạo');
INSERT INTO CovidChinhThuc.dbo.ChiTiet_NguoiCoCong (ID_ThongTin, NguoiTaoDL) VALUES ('1e8ebc64-2286-49ca-9895-55be2678b38b', N'Nguyễn Đình Tạo');
-- row: [189]);
INSERT INTO CovidChinhThuc.dbo.CaNhan (ID, HoTen, NgaySinh, CMND, SinhNam, DiaChi, IDPhuongXa, IDQuanHuyen, SoKhaiSinh, NguoiTaoDL) VALUES ('61c3e630-be03-42ef-b55b-b67bfd02f1a0', N'Ngô Thị Vân', '1940-01-01', '210318913', 1940, N'Thượng Giang 2', 95, 7, NULL, N'Nguyễn Đình Tạo');
INSERT INTO CovidChinhThuc.dbo.ThongTinHoTro (ID, IDNoiDung, IDDoiTuong, IDCaNhan, NguoiTaoDL) VALUES ('2db2db82-f8f2-4680-8d03-9d09ac0a67a6', 6, '3A65F299-2EFA-4982-BF70-81D7B5024935', '61c3e630-be03-42ef-b55b-b67bfd02f1a0', N'Nguyễn Đình Tạo');
INSERT INTO CovidChinhThuc.dbo.ChiTiet_NguoiCoCong (ID_ThongTin, NguoiTaoDL) VALUES ('2db2db82-f8f2-4680-8d03-9d09ac0a67a6', N'Nguyễn Đình Tạo');
-- row: [190]);
INSERT INTO CovidChinhThuc.dbo.CaNhan (ID, HoTen, NgaySinh, CMND, SinhNam, DiaChi, IDPhuongXa, IDQuanHuyen, SoKhaiSinh, NguoiTaoDL) VALUES ('641b70d4-359a-4e73-ba2f-70a8342f7320', N'Ngô Trương', '1925-01-01', '210844609', 1925, N'Hữu Giang', 95, 7, NULL, N'Nguyễn Đình Tạo');
INSERT INTO CovidChinhThuc.dbo.ThongTinHoTro (ID, IDNoiDung, IDDoiTuong, IDCaNhan, NguoiTaoDL) VALUES ('8d891f22-78af-484a-beb9-060c7cb62d86', 6, '3A65F299-2EFA-4982-BF70-81D7B5024935', '641b70d4-359a-4e73-ba2f-70a8342f7320', N'Nguyễn Đình Tạo');
INSERT INTO CovidChinhThuc.dbo.ChiTiet_NguoiCoCong (ID_ThongTin, NguoiTaoDL) VALUES ('8d891f22-78af-484a-beb9-060c7cb62d86', N'Nguyễn Đình Tạo');
-- row: [191]);
INSERT INTO CovidChinhThuc.dbo.CaNhan (ID, HoTen, NgaySinh, CMND, SinhNam, DiaChi, IDPhuongXa, IDQuanHuyen, SoKhaiSinh, NguoiTaoDL) VALUES ('e096d084-09c4-4b90-996d-7b88aacc6195', N'Nguyễn A', '1962-01-01', '210851961', 1962, N'Thượng Giang 1', 95, 7, NULL, N'Nguyễn Đình Tạo');
INSERT INTO CovidChinhThuc.dbo.ThongTinHoTro (ID, IDNoiDung, IDDoiTuong, IDCaNhan, NguoiTaoDL) VALUES ('48865b85-c291-46e3-af2a-77c44c8cbb8f', 6, '78AC3F79-5C50-4ACB-B626-E51ED3D4E8E5', 'e096d084-09c4-4b90-996d-7b88aacc6195', N'Nguyễn Đình Tạo');
INSERT INTO CovidChinhThuc.dbo.ChiTiet_NguoiCoCong (ID_ThongTin, NguoiTaoDL) VALUES ('48865b85-c291-46e3-af2a-77c44c8cbb8f', N'Nguyễn Đình Tạo');
-- row: [192]);
INSERT INTO CovidChinhThuc.dbo.CaNhan (ID, HoTen, NgaySinh, CMND, SinhNam, DiaChi, IDPhuongXa, IDQuanHuyen, SoKhaiSinh, NguoiTaoDL) VALUES ('e187771b-78bb-4269-8310-403106bd90d3', N'Nguyễn Đăng Khoa', '1964-01-01', '210918894', 1964, N'Thượng Giang 1', 95, 7, NULL, N'Nguyễn Đình Tạo');
INSERT INTO CovidChinhThuc.dbo.ThongTinHoTro (ID, IDNoiDung, IDDoiTuong, IDCaNhan, NguoiTaoDL) VALUES ('ccb37986-7fde-4c7f-ac3c-586a5e816bf7', 6, 'EDE2F0CC-2376-438A-B5FB-FACD867E38EF', 'e187771b-78bb-4269-8310-403106bd90d3', N'Nguyễn Đình Tạo');
INSERT INTO CovidChinhThuc.dbo.ChiTiet_NguoiCoCong (ID_ThongTin, NguoiTaoDL) VALUES ('ccb37986-7fde-4c7f-ac3c-586a5e816bf7', N'Nguyễn Đình Tạo');
-- row: [193]);
INSERT INTO CovidChinhThuc.dbo.CaNhan (ID, HoTen, NgaySinh, CMND, SinhNam, DiaChi, IDPhuongXa, IDQuanHuyen, SoKhaiSinh, NguoiTaoDL) VALUES ('11928eba-9778-4714-a1fd-d4fb38aa1489', N'Nguyễn Dũng Binh', '1957-01-01', '211558559', 1957, N'Tả Giang 2', 95, 7, NULL, N'Nguyễn Đình Tạo');
INSERT INTO CovidChinhThuc.dbo.ThongTinHoTro (ID, IDNoiDung, IDDoiTuong, IDCaNhan, NguoiTaoDL) VALUES ('f4dfc3b3-8e46-4be7-a1cd-b1217e57e874', 6, 'EDE2F0CC-2376-438A-B5FB-FACD867E38EF', '11928eba-9778-4714-a1fd-d4fb38aa1489', N'Nguyễn Đình Tạo');
INSERT INTO CovidChinhThuc.dbo.ChiTiet_NguoiCoCong (ID_ThongTin, NguoiTaoDL) VALUES ('f4dfc3b3-8e46-4be7-a1cd-b1217e57e874', N'Nguyễn Đình Tạo');
-- row: [194]);
INSERT INTO CovidChinhThuc.dbo.CaNhan (ID, HoTen, NgaySinh, CMND, SinhNam, DiaChi, IDPhuongXa, IDQuanHuyen, SoKhaiSinh, NguoiTaoDL) VALUES ('e0a1b66d-cd23-4145-95b5-c441026a586c', N'Nguyễn Hích', '1934-01-01', '210844901', 1934, N'Hữu Giang', 95, 7, NULL, N'Nguyễn Đình Tạo');
INSERT INTO CovidChinhThuc.dbo.ThongTinHoTro (ID, IDNoiDung, IDDoiTuong, IDCaNhan, NguoiTaoDL) VALUES ('b84d8982-4c50-4a6c-9812-e8759305096b', 6, 'EDE2F0CC-2376-438A-B5FB-FACD867E38EF', 'e0a1b66d-cd23-4145-95b5-c441026a586c', N'Nguyễn Đình Tạo');
INSERT INTO CovidChinhThuc.dbo.ChiTiet_NguoiCoCong (ID_ThongTin, NguoiTaoDL) VALUES ('b84d8982-4c50-4a6c-9812-e8759305096b', N'Nguyễn Đình Tạo');
-- row: [195]);
INSERT INTO CovidChinhThuc.dbo.CaNhan (ID, HoTen, NgaySinh, CMND, SinhNam, DiaChi, IDPhuongXa, IDQuanHuyen, SoKhaiSinh, NguoiTaoDL) VALUES ('19706ce4-ccd5-4aaf-8846-75b7b2bec528', N'Nguyễn Hiển', '1935-01-01', '206115767', 1935, N'Tả Giang 2', 95, 7, NULL, N'Nguyễn Đình Tạo');
INSERT INTO CovidChinhThuc.dbo.ThongTinHoTro (ID, IDNoiDung, IDDoiTuong, IDCaNhan, NguoiTaoDL) VALUES ('c00cc222-9012-4647-b71a-29c27da7e3bb', 6, '41B0E9CD-732C-4E19-AAEC-3DC041CB6144', '19706ce4-ccd5-4aaf-8846-75b7b2bec528', N'Nguyễn Đình Tạo');
INSERT INTO CovidChinhThuc.dbo.ChiTiet_NguoiCoCong (ID_ThongTin, NguoiTaoDL) VALUES ('c00cc222-9012-4647-b71a-29c27da7e3bb', N'Nguyễn Đình Tạo');
-- row: [196]);
INSERT INTO CovidChinhThuc.dbo.CaNhan (ID, HoTen, NgaySinh, CMND, SinhNam, DiaChi, IDPhuongXa, IDQuanHuyen, SoKhaiSinh, NguoiTaoDL) VALUES ('fe49ff02-d50c-4d3f-8d37-83a2e673747d', N'Nguyễn Hữu Đạo', '1953-01-01', '210844475', 1953, N'Thượng Giang 2', 95, 7, NULL, N'Nguyễn Đình Tạo');
INSERT INTO CovidChinhThuc.dbo.ThongTinHoTro (ID, IDNoiDung, IDDoiTuong, IDCaNhan, NguoiTaoDL) VALUES ('9bdf9d45-fc4b-42b5-8028-c547b24b27e5', 6, 'EDE2F0CC-2376-438A-B5FB-FACD867E38EF', 'fe49ff02-d50c-4d3f-8d37-83a2e673747d', N'Nguyễn Đình Tạo');
INSERT INTO CovidChinhThuc.dbo.ChiTiet_NguoiCoCong (ID_ThongTin, NguoiTaoDL) VALUES ('9bdf9d45-fc4b-42b5-8028-c547b24b27e5', N'Nguyễn Đình Tạo');
-- row: [197]);
INSERT INTO CovidChinhThuc.dbo.CaNhan (ID, HoTen, NgaySinh, CMND, SinhNam, DiaChi, IDPhuongXa, IDQuanHuyen, SoKhaiSinh, NguoiTaoDL) VALUES ('f8073ea5-2d26-4b7f-bd1c-4f5526478f40', N'Nguyễn Hữu Thảo', '1999-01-01', NULL, 1999, N'Thượng Giang 2', 95, 7, NULL, N'Nguyễn Đình Tạo');
INSERT INTO CovidChinhThuc.dbo.ThongTinHoTro (ID, IDNoiDung, IDDoiTuong, IDCaNhan, NguoiTaoDL) VALUES ('e0290a7a-2d32-48d9-83ba-0253ea5bfde6', 6, 'E4E24DC6-98AE-4685-985D-47C0B48DD6FD', 'f8073ea5-2d26-4b7f-bd1c-4f5526478f40', N'Nguyễn Đình Tạo');
INSERT INTO CovidChinhThuc.dbo.ChiTiet_NguoiCoCong (ID_ThongTin, NguoiTaoDL) VALUES ('e0290a7a-2d32-48d9-83ba-0253ea5bfde6', N'Nguyễn Đình Tạo');
-- row: [198]);
INSERT INTO CovidChinhThuc.dbo.CaNhan (ID, HoTen, NgaySinh, CMND, SinhNam, DiaChi, IDPhuongXa, IDQuanHuyen, SoKhaiSinh, NguoiTaoDL) VALUES ('91cc4ecf-a209-4db6-989f-3d7c632ded07', N'Nguyễn Ngọc Minh', '1951-01-01', '210843838', 1951, N'Tả Giang 2', 95, 7, NULL, N'Nguyễn Đình Tạo');
INSERT INTO CovidChinhThuc.dbo.ThongTinHoTro (ID, IDNoiDung, IDDoiTuong, IDCaNhan, NguoiTaoDL) VALUES ('3e31b8ca-0e0d-416a-958f-740350bbca51', 6, 'EDE2F0CC-2376-438A-B5FB-FACD867E38EF', '91cc4ecf-a209-4db6-989f-3d7c632ded07', N'Nguyễn Đình Tạo');
INSERT INTO CovidChinhThuc.dbo.ChiTiet_NguoiCoCong (ID_ThongTin, NguoiTaoDL) VALUES ('3e31b8ca-0e0d-416a-958f-740350bbca51', N'Nguyễn Đình Tạo');
-- row: [199]);
INSERT INTO CovidChinhThuc.dbo.CaNhan (ID, HoTen, NgaySinh, CMND, SinhNam, DiaChi, IDPhuongXa, IDQuanHuyen, SoKhaiSinh, NguoiTaoDL) VALUES ('9cc6cb61-7ade-4dfa-951d-151127291db7', N'Nguyễn Sơn Hải', '1950-01-01', '210264810', 1950, N'Hữu Giang', 95, 7, NULL, N'Nguyễn Đình Tạo');
INSERT INTO CovidChinhThuc.dbo.ThongTinHoTro (ID, IDNoiDung, IDDoiTuong, IDCaNhan, NguoiTaoDL) VALUES ('1eee1d1e-feaa-481f-9232-0f517de8ac41', 6, 'EDE2F0CC-2376-438A-B5FB-FACD867E38EF', '9cc6cb61-7ade-4dfa-951d-151127291db7', N'Nguyễn Đình Tạo');
INSERT INTO CovidChinhThuc.dbo.ChiTiet_NguoiCoCong (ID_ThongTin, NguoiTaoDL) VALUES ('1eee1d1e-feaa-481f-9232-0f517de8ac41', N'Nguyễn Đình Tạo');
-- row: [200]);
INSERT INTO CovidChinhThuc.dbo.CaNhan (ID, HoTen, NgaySinh, CMND, SinhNam, DiaChi, IDPhuongXa, IDQuanHuyen, SoKhaiSinh, NguoiTaoDL) VALUES ('101ff67a-55d8-4cbd-859a-61f3372b0fe3', N'Nguyễn Thanh Long', '1954-01-01', '211573312', 1954, N'Hữu Giang', 95, 7, NULL, N'Nguyễn Đình Tạo');
INSERT INTO CovidChinhThuc.dbo.ThongTinHoTro (ID, IDNoiDung, IDDoiTuong, IDCaNhan, NguoiTaoDL) VALUES ('9a000414-ddbf-4ca7-ad79-d5f9abb7aa36', 6, 'EDE2F0CC-2376-438A-B5FB-FACD867E38EF', '101ff67a-55d8-4cbd-859a-61f3372b0fe3', N'Nguyễn Đình Tạo');
INSERT INTO CovidChinhThuc.dbo.ChiTiet_NguoiCoCong (ID_ThongTin, NguoiTaoDL) VALUES ('9a000414-ddbf-4ca7-ad79-d5f9abb7aa36', N'Nguyễn Đình Tạo');
-- row: [201]);
INSERT INTO CovidChinhThuc.dbo.CaNhan (ID, HoTen, NgaySinh, CMND, SinhNam, DiaChi, IDPhuongXa, IDQuanHuyen, SoKhaiSinh, NguoiTaoDL) VALUES ('cea30e36-2ff5-431a-a912-50fd8ac2f19c', N'Nguyễn Thanh Sơn', '1951-01-01', '211645319', 1951, N'Tả Giang 2', 95, 7, NULL, N'Nguyễn Đình Tạo');
INSERT INTO CovidChinhThuc.dbo.ThongTinHoTro (ID, IDNoiDung, IDDoiTuong, IDCaNhan, NguoiTaoDL) VALUES ('c4b0bba8-c30b-481d-94a2-4dae7b961830', 6, NULL, 'cea30e36-2ff5-431a-a912-50fd8ac2f19c', N'Nguyễn Đình Tạo');
INSERT INTO CovidChinhThuc.dbo.ChiTiet_NguoiCoCong (ID_ThongTin, NguoiTaoDL) VALUES ('c4b0bba8-c30b-481d-94a2-4dae7b961830', N'Nguyễn Đình Tạo');
-- row: [202]);
INSERT INTO CovidChinhThuc.dbo.CaNhan (ID, HoTen, NgaySinh, CMND, SinhNam, DiaChi, IDPhuongXa, IDQuanHuyen, SoKhaiSinh, NguoiTaoDL) VALUES ('b52d760f-c1d8-4c32-860d-1974cded86e5', N'Nguyễn Thị Bích', '1928-01-01', '210844535', 1928, N'Hữu Giang', 95, 7, NULL, N'Nguyễn Đình Tạo');
INSERT INTO CovidChinhThuc.dbo.ThongTinHoTro (ID, IDNoiDung, IDDoiTuong, IDCaNhan, NguoiTaoDL) VALUES ('2a601d12-62e8-4366-8f3b-c7f41ef20109', 6, 'EDE2F0CC-2376-438A-B5FB-FACD867E38EF', 'b52d760f-c1d8-4c32-860d-1974cded86e5', N'Nguyễn Đình Tạo');
INSERT INTO CovidChinhThuc.dbo.ChiTiet_NguoiCoCong (ID_ThongTin, NguoiTaoDL) VALUES ('2a601d12-62e8-4366-8f3b-c7f41ef20109', N'Nguyễn Đình Tạo');
-- row: [203]);
INSERT INTO CovidChinhThuc.dbo.CaNhan (ID, HoTen, NgaySinh, CMND, SinhNam, DiaChi, IDPhuongXa, IDQuanHuyen, SoKhaiSinh, NguoiTaoDL) VALUES ('bd23d57c-4151-493c-9a62-ab330ea90b16', N'Nguyễn Thị Cần', '1937-01-01', '210844771', 1937, N'Hữu Giang', 95, 7, NULL, N'Nguyễn Đình Tạo');
INSERT INTO CovidChinhThuc.dbo.ThongTinHoTro (ID, IDNoiDung, IDDoiTuong, IDCaNhan, NguoiTaoDL) VALUES ('16a09541-bd25-4361-b404-eafe9098238a', 6, 'EDE2F0CC-2376-438A-B5FB-FACD867E38EF', 'bd23d57c-4151-493c-9a62-ab330ea90b16', N'Nguyễn Đình Tạo');
INSERT INTO CovidChinhThuc.dbo.ChiTiet_NguoiCoCong (ID_ThongTin, NguoiTaoDL) VALUES ('16a09541-bd25-4361-b404-eafe9098238a', N'Nguyễn Đình Tạo');
-- row: [204]);
INSERT INTO CovidChinhThuc.dbo.CaNhan (ID, HoTen, NgaySinh, CMND, SinhNam, DiaChi, IDPhuongXa, IDQuanHuyen, SoKhaiSinh, NguoiTaoDL) VALUES ('578e77ab-d37f-43c3-a627-e5b04f35ad6e', N'Nguyễn Thị Chín', '1943-01-01', '210844852', 1943, N'Hữu Giang', 95, 7, NULL, N'Nguyễn Đình Tạo');
INSERT INTO CovidChinhThuc.dbo.ThongTinHoTro (ID, IDNoiDung, IDDoiTuong, IDCaNhan, NguoiTaoDL) VALUES ('16582119-77b4-4d9b-8dc1-10904aba7c69', 6, '3A65F299-2EFA-4982-BF70-81D7B5024935', '578e77ab-d37f-43c3-a627-e5b04f35ad6e', N'Nguyễn Đình Tạo');
INSERT INTO CovidChinhThuc.dbo.ChiTiet_NguoiCoCong (ID_ThongTin, NguoiTaoDL) VALUES ('16582119-77b4-4d9b-8dc1-10904aba7c69', N'Nguyễn Đình Tạo');
-- row: [205]);
INSERT INTO CovidChinhThuc.dbo.CaNhan (ID, HoTen, NgaySinh, CMND, SinhNam, DiaChi, IDPhuongXa, IDQuanHuyen, SoKhaiSinh, NguoiTaoDL) VALUES ('b5d1f2ff-d9e2-4411-8d61-032b8273f128', N'Nguyễn Thị Danh', '1928-01-01', '210844344', 1928, N'Tả Giang 2', 95, 7, NULL, N'Nguyễn Đình Tạo');
INSERT INTO CovidChinhThuc.dbo.ThongTinHoTro (ID, IDNoiDung, IDDoiTuong, IDCaNhan, NguoiTaoDL) VALUES ('82fe8a93-81d8-4e4c-be25-eec4d52a70c8', 6, '3A65F299-2EFA-4982-BF70-81D7B5024935', 'b5d1f2ff-d9e2-4411-8d61-032b8273f128', N'Nguyễn Đình Tạo');
INSERT INTO CovidChinhThuc.dbo.ChiTiet_NguoiCoCong (ID_ThongTin, NguoiTaoDL) VALUES ('82fe8a93-81d8-4e4c-be25-eec4d52a70c8', N'Nguyễn Đình Tạo');
-- row: [206]);
INSERT INTO CovidChinhThuc.dbo.CaNhan (ID, HoTen, NgaySinh, CMND, SinhNam, DiaChi, IDPhuongXa, IDQuanHuyen, SoKhaiSinh, NguoiTaoDL) VALUES ('ae952e23-d71a-4347-bb50-ea076e44edb9', N'Nguyễn Thị Đạt', '1944-01-01', '210843969', 1944, N'Thượng Giang 1', 95, 7, NULL, N'Nguyễn Đình Tạo');
INSERT INTO CovidChinhThuc.dbo.ThongTinHoTro (ID, IDNoiDung, IDDoiTuong, IDCaNhan, NguoiTaoDL) VALUES ('0d2975c7-d93a-435a-846b-885065872fa8', 6, '3A65F299-2EFA-4982-BF70-81D7B5024935', 'ae952e23-d71a-4347-bb50-ea076e44edb9', N'Nguyễn Đình Tạo');
INSERT INTO CovidChinhThuc.dbo.ChiTiet_NguoiCoCong (ID_ThongTin, NguoiTaoDL) VALUES ('0d2975c7-d93a-435a-846b-885065872fa8', N'Nguyễn Đình Tạo');
-- row: [207]);
INSERT INTO CovidChinhThuc.dbo.CaNhan (ID, HoTen, NgaySinh, CMND, SinhNam, DiaChi, IDPhuongXa, IDQuanHuyen, SoKhaiSinh, NguoiTaoDL) VALUES ('f8d97a32-1624-417a-8bf8-770d46cb4e5b', N'Nguyễn Thị Đông', '1946-01-01', '210844850', 1946, N'Hữu Giang', 95, 7, NULL, N'Nguyễn Đình Tạo');
INSERT INTO CovidChinhThuc.dbo.ThongTinHoTro (ID, IDNoiDung, IDDoiTuong, IDCaNhan, NguoiTaoDL) VALUES ('7f98007b-04d3-4a73-ab85-56659e51f8a8', 6, 'EDE2F0CC-2376-438A-B5FB-FACD867E38EF', 'f8d97a32-1624-417a-8bf8-770d46cb4e5b', N'Nguyễn Đình Tạo');
INSERT INTO CovidChinhThuc.dbo.ChiTiet_NguoiCoCong (ID_ThongTin, NguoiTaoDL) VALUES ('7f98007b-04d3-4a73-ab85-56659e51f8a8', N'Nguyễn Đình Tạo');
-- row: [208]);
INSERT INTO CovidChinhThuc.dbo.CaNhan (ID, HoTen, NgaySinh, CMND, SinhNam, DiaChi, IDPhuongXa, IDQuanHuyen, SoKhaiSinh, NguoiTaoDL) VALUES ('57461a5d-d9ee-4f08-a4e8-e31c554150a9', N'Nguyễn Thị Hồng', '1946-01-01', '210844688', 1946, N'Hữu Giang', 95, 7, NULL, N'Nguyễn Đình Tạo');
INSERT INTO CovidChinhThuc.dbo.ThongTinHoTro (ID, IDNoiDung, IDDoiTuong, IDCaNhan, NguoiTaoDL) VALUES ('095a44ae-d40e-4201-ba29-30a3ab0c077c', 6, 'EDE2F0CC-2376-438A-B5FB-FACD867E38EF', '57461a5d-d9ee-4f08-a4e8-e31c554150a9', N'Nguyễn Đình Tạo');
INSERT INTO CovidChinhThuc.dbo.ChiTiet_NguoiCoCong (ID_ThongTin, NguoiTaoDL) VALUES ('095a44ae-d40e-4201-ba29-30a3ab0c077c', N'Nguyễn Đình Tạo');
-- row: [209]);
INSERT INTO CovidChinhThuc.dbo.CaNhan (ID, HoTen, NgaySinh, CMND, SinhNam, DiaChi, IDPhuongXa, IDQuanHuyen, SoKhaiSinh, NguoiTaoDL) VALUES ('88c00500-387b-482f-95df-ecd57414cbfc', N'Nguyễn Thị Hưng', '1931-01-01', '210843534', 1931, N'Tả Giang 1', 95, 7, NULL, N'Nguyễn Đình Tạo');
INSERT INTO CovidChinhThuc.dbo.ThongTinHoTro (ID, IDNoiDung, IDDoiTuong, IDCaNhan, NguoiTaoDL) VALUES ('ce5609fb-6bcf-4b66-8a5f-ac39a3495dfe', 6, 'EDE2F0CC-2376-438A-B5FB-FACD867E38EF', '88c00500-387b-482f-95df-ecd57414cbfc', N'Nguyễn Đình Tạo');
INSERT INTO CovidChinhThuc.dbo.ChiTiet_NguoiCoCong (ID_ThongTin, NguoiTaoDL) VALUES ('ce5609fb-6bcf-4b66-8a5f-ac39a3495dfe', N'Nguyễn Đình Tạo');
-- row: [210]);
INSERT INTO CovidChinhThuc.dbo.CaNhan (ID, HoTen, NgaySinh, CMND, SinhNam, DiaChi, IDPhuongXa, IDQuanHuyen, SoKhaiSinh, NguoiTaoDL) VALUES ('76631a5d-3340-426e-8844-d55aeabbe424', N'Nguyễn Thị Kim Phượng', '1999-01-01', '211573295', 1999, N'Hữu Giang', 95, 7, NULL, N'Nguyễn Đình Tạo');
INSERT INTO CovidChinhThuc.dbo.ThongTinHoTro (ID, IDNoiDung, IDDoiTuong, IDCaNhan, NguoiTaoDL) VALUES ('7ee25e17-4067-4bde-87b9-9d51b311a7eb', 6, 'E4E24DC6-98AE-4685-985D-47C0B48DD6FD', '76631a5d-3340-426e-8844-d55aeabbe424', N'Nguyễn Đình Tạo');
INSERT INTO CovidChinhThuc.dbo.ChiTiet_NguoiCoCong (ID_ThongTin, NguoiTaoDL) VALUES ('7ee25e17-4067-4bde-87b9-9d51b311a7eb', N'Nguyễn Đình Tạo');
-- row: [211]);
INSERT INTO CovidChinhThuc.dbo.CaNhan (ID, HoTen, NgaySinh, CMND, SinhNam, DiaChi, IDPhuongXa, IDQuanHuyen, SoKhaiSinh, NguoiTaoDL) VALUES ('b8abd4b9-ca34-4424-9885-29edae2eecbc', N'Nguyễn Thị Mễ', '1935-01-01', '210981428', 1935, N'Thượng Giang 2', 95, 7, NULL, N'Nguyễn Đình Tạo');
INSERT INTO CovidChinhThuc.dbo.ThongTinHoTro (ID, IDNoiDung, IDDoiTuong, IDCaNhan, NguoiTaoDL) VALUES ('2bd130c2-2e17-4ca8-8d1f-2b23401eb31e', 6, '3A65F299-2EFA-4982-BF70-81D7B5024935', 'b8abd4b9-ca34-4424-9885-29edae2eecbc', N'Nguyễn Đình Tạo');
INSERT INTO CovidChinhThuc.dbo.ChiTiet_NguoiCoCong (ID_ThongTin, NguoiTaoDL) VALUES ('2bd130c2-2e17-4ca8-8d1f-2b23401eb31e', N'Nguyễn Đình Tạo');
-- row: [212]);
INSERT INTO CovidChinhThuc.dbo.CaNhan (ID, HoTen, NgaySinh, CMND, SinhNam, DiaChi, IDPhuongXa, IDQuanHuyen, SoKhaiSinh, NguoiTaoDL) VALUES ('7b8bb653-c280-4fa3-b116-7f07386ca7f6', N'Nguyễn Thị Nhiễu', '1936-01-01', '210843482', 1936, N'Tả Giang 1', 95, 7, NULL, N'Nguyễn Đình Tạo');
INSERT INTO CovidChinhThuc.dbo.ThongTinHoTro (ID, IDNoiDung, IDDoiTuong, IDCaNhan, NguoiTaoDL) VALUES ('5b6ff437-06b0-4136-80b8-97d63913a322', 6, '17FAD857-895C-48FB-88C0-B4B95B567C34', '7b8bb653-c280-4fa3-b116-7f07386ca7f6', N'Nguyễn Đình Tạo');
INSERT INTO CovidChinhThuc.dbo.ChiTiet_NguoiCoCong (ID_ThongTin, NguoiTaoDL) VALUES ('5b6ff437-06b0-4136-80b8-97d63913a322', N'Nguyễn Đình Tạo');
-- row: [213]);
INSERT INTO CovidChinhThuc.dbo.CaNhan (ID, HoTen, NgaySinh, CMND, SinhNam, DiaChi, IDPhuongXa, IDQuanHuyen, SoKhaiSinh, NguoiTaoDL) VALUES ('5595a0bd-07c5-446f-aa0d-15227059a013', N'Nguyễn Thị Nõn', '1925-01-01', '210943604', 1925, N'Thượng Giang 1', 95, 7, NULL, N'Nguyễn Đình Tạo');
INSERT INTO CovidChinhThuc.dbo.ThongTinHoTro (ID, IDNoiDung, IDDoiTuong, IDCaNhan, NguoiTaoDL) VALUES ('46df43fe-ec99-400a-b505-cb650f585986', 6, '3A65F299-2EFA-4982-BF70-81D7B5024935', '5595a0bd-07c5-446f-aa0d-15227059a013', N'Nguyễn Đình Tạo');
INSERT INTO CovidChinhThuc.dbo.ChiTiet_NguoiCoCong (ID_ThongTin, NguoiTaoDL) VALUES ('46df43fe-ec99-400a-b505-cb650f585986', N'Nguyễn Đình Tạo');
-- row: [214]);
INSERT INTO CovidChinhThuc.dbo.CaNhan (ID, HoTen, NgaySinh, CMND, SinhNam, DiaChi, IDPhuongXa, IDQuanHuyen, SoKhaiSinh, NguoiTaoDL) VALUES ('d46e6fb6-17ea-493b-812e-14a90c1b9b72', N'Nguyễn Thị Nữ', '1941-01-01', '210987540', 1941, N'Thượng Giang 2', 95, 7, NULL, N'Nguyễn Đình Tạo');
INSERT INTO CovidChinhThuc.dbo.ThongTinHoTro (ID, IDNoiDung, IDDoiTuong, IDCaNhan, NguoiTaoDL) VALUES ('09b8fc21-7abc-46ef-b96d-7297aa6e71f6', 6, '3A65F299-2EFA-4982-BF70-81D7B5024935', 'd46e6fb6-17ea-493b-812e-14a90c1b9b72', N'Nguyễn Đình Tạo');
INSERT INTO CovidChinhThuc.dbo.ChiTiet_NguoiCoCong (ID_ThongTin, NguoiTaoDL) VALUES ('09b8fc21-7abc-46ef-b96d-7297aa6e71f6', N'Nguyễn Đình Tạo');
-- row: [215]);
INSERT INTO CovidChinhThuc.dbo.CaNhan (ID, HoTen, NgaySinh, CMND, SinhNam, DiaChi, IDPhuongXa, IDQuanHuyen, SoKhaiSinh, NguoiTaoDL) VALUES ('65541870-f86f-4542-9425-25472e1958e6', N'Nguyễn Thị Phú', '1934-01-01', '211705056', 1934, N'Thượng Giang 1', 95, 7, NULL, N'Nguyễn Đình Tạo');
INSERT INTO CovidChinhThuc.dbo.ThongTinHoTro (ID, IDNoiDung, IDDoiTuong, IDCaNhan, NguoiTaoDL) VALUES ('33d814df-5854-4ddc-a0e2-0d6a042fc529', 6, 'EDE2F0CC-2376-438A-B5FB-FACD867E38EF', '65541870-f86f-4542-9425-25472e1958e6', N'Nguyễn Đình Tạo');
INSERT INTO CovidChinhThuc.dbo.ChiTiet_NguoiCoCong (ID_ThongTin, NguoiTaoDL) VALUES ('33d814df-5854-4ddc-a0e2-0d6a042fc529', N'Nguyễn Đình Tạo');
-- row: [216]);
INSERT INTO CovidChinhThuc.dbo.CaNhan (ID, HoTen, NgaySinh, CMND, SinhNam, DiaChi, IDPhuongXa, IDQuanHuyen, SoKhaiSinh, NguoiTaoDL) VALUES ('b55839d7-752c-462a-9cd1-730c46861b22', N'Nguyễn Thị Phương Lan', '1955-01-01', '210034804', 1955, N'Tả Giang 2', 95, 7, NULL, N'Nguyễn Đình Tạo');
INSERT INTO CovidChinhThuc.dbo.ThongTinHoTro (ID, IDNoiDung, IDDoiTuong, IDCaNhan, NguoiTaoDL) VALUES ('3b8ef383-8783-40a6-8282-ca527c9bd5b2', 6, 'EDE2F0CC-2376-438A-B5FB-FACD867E38EF', 'b55839d7-752c-462a-9cd1-730c46861b22', N'Nguyễn Đình Tạo');
INSERT INTO CovidChinhThuc.dbo.ChiTiet_NguoiCoCong (ID_ThongTin, NguoiTaoDL) VALUES ('3b8ef383-8783-40a6-8282-ca527c9bd5b2', N'Nguyễn Đình Tạo');
-- row: [217]);
INSERT INTO CovidChinhThuc.dbo.CaNhan (ID, HoTen, NgaySinh, CMND, SinhNam, DiaChi, IDPhuongXa, IDQuanHuyen, SoKhaiSinh, NguoiTaoDL) VALUES ('a4118a05-6958-4acb-8060-f3d993b31164', N'Nguyễn Thị Sách', '1924-01-01', '211007201', 1924, N'Thượng Giang 2', 95, 7, NULL, N'Nguyễn Đình Tạo');
INSERT INTO CovidChinhThuc.dbo.ThongTinHoTro (ID, IDNoiDung, IDDoiTuong, IDCaNhan, NguoiTaoDL) VALUES ('82a3bb3b-2b54-4622-b0f6-e4f278fb7559', 6, '3A65F299-2EFA-4982-BF70-81D7B5024935', 'a4118a05-6958-4acb-8060-f3d993b31164', N'Nguyễn Đình Tạo');
INSERT INTO CovidChinhThuc.dbo.ChiTiet_NguoiCoCong (ID_ThongTin, NguoiTaoDL) VALUES ('82a3bb3b-2b54-4622-b0f6-e4f278fb7559', N'Nguyễn Đình Tạo');
-- row: [218]);
INSERT INTO CovidChinhThuc.dbo.CaNhan (ID, HoTen, NgaySinh, CMND, SinhNam, DiaChi, IDPhuongXa, IDQuanHuyen, SoKhaiSinh, NguoiTaoDL) VALUES ('59541bd2-ab7e-46a3-9ae5-1d2aac5ba5a9', N'Nguyễn Thị Sáu', '1945-01-01', '210879461', 1945, N'Thượng Giang 2', 95, 7, NULL, N'Nguyễn Đình Tạo');
INSERT INTO CovidChinhThuc.dbo.ThongTinHoTro (ID, IDNoiDung, IDDoiTuong, IDCaNhan, NguoiTaoDL) VALUES ('267e7742-90b3-4316-89b1-e6de73b31b11', 6, 'EDE2F0CC-2376-438A-B5FB-FACD867E38EF', '59541bd2-ab7e-46a3-9ae5-1d2aac5ba5a9', N'Nguyễn Đình Tạo');
INSERT INTO CovidChinhThuc.dbo.ChiTiet_NguoiCoCong (ID_ThongTin, NguoiTaoDL) VALUES ('267e7742-90b3-4316-89b1-e6de73b31b11', N'Nguyễn Đình Tạo');
-- row: [219]);
INSERT INTO CovidChinhThuc.dbo.CaNhan (ID, HoTen, NgaySinh, CMND, SinhNam, DiaChi, IDPhuongXa, IDQuanHuyen, SoKhaiSinh, NguoiTaoDL) VALUES ('8826043b-db46-4860-b315-651e83b4fe12', N'Nguyễn Thị Tâm', '1950-01-01', '211026723', 1950, N'Tả Giang 1', 95, 7, NULL, N'Nguyễn Đình Tạo');
INSERT INTO CovidChinhThuc.dbo.ThongTinHoTro (ID, IDNoiDung, IDDoiTuong, IDCaNhan, NguoiTaoDL) VALUES ('b3307b36-20bf-4f73-9b57-7caac718c401', 6, 'EDE2F0CC-2376-438A-B5FB-FACD867E38EF', '8826043b-db46-4860-b315-651e83b4fe12', N'Nguyễn Đình Tạo');
INSERT INTO CovidChinhThuc.dbo.ChiTiet_NguoiCoCong (ID_ThongTin, NguoiTaoDL) VALUES ('b3307b36-20bf-4f73-9b57-7caac718c401', N'Nguyễn Đình Tạo');
-- row: [220]);
INSERT INTO CovidChinhThuc.dbo.CaNhan (ID, HoTen, NgaySinh, CMND, SinhNam, DiaChi, IDPhuongXa, IDQuanHuyen, SoKhaiSinh, NguoiTaoDL) VALUES ('5c2f5fc8-1ccd-42e8-93e6-5048704dadca', N'Nguyễn Thị Thanh', '1934-01-01', '210844593', 1934, N'Hữu Giang', 95, 7, NULL, N'Nguyễn Đình Tạo');
INSERT INTO CovidChinhThuc.dbo.ThongTinHoTro (ID, IDNoiDung, IDDoiTuong, IDCaNhan, NguoiTaoDL) VALUES ('88bc06a4-237e-4acf-ad60-bb0b375554e8', 6, '2DE801FE-8F9D-4CB2-A1C0-E61F4503CB74', '5c2f5fc8-1ccd-42e8-93e6-5048704dadca', N'Nguyễn Đình Tạo');
INSERT INTO CovidChinhThuc.dbo.ChiTiet_NguoiCoCong (ID_ThongTin, NguoiTaoDL) VALUES ('88bc06a4-237e-4acf-ad60-bb0b375554e8', N'Nguyễn Đình Tạo');
-- row: [221]);
INSERT INTO CovidChinhThuc.dbo.CaNhan (ID, HoTen, NgaySinh, CMND, SinhNam, DiaChi, IDPhuongXa, IDQuanHuyen, SoKhaiSinh, NguoiTaoDL) VALUES ('72809e51-b770-47b0-bb92-1c17f9407471', N'Nguyễn Thị Thành', '1948-01-01', '210844973', 1948, N'Tả Giang 1', 95, 7, NULL, N'Nguyễn Đình Tạo');
INSERT INTO CovidChinhThuc.dbo.ThongTinHoTro (ID, IDNoiDung, IDDoiTuong, IDCaNhan, NguoiTaoDL) VALUES ('5f59cd32-aaef-41da-8192-b85138473720', 6, 'EDE2F0CC-2376-438A-B5FB-FACD867E38EF', '72809e51-b770-47b0-bb92-1c17f9407471', N'Nguyễn Đình Tạo');
INSERT INTO CovidChinhThuc.dbo.ChiTiet_NguoiCoCong (ID_ThongTin, NguoiTaoDL) VALUES ('5f59cd32-aaef-41da-8192-b85138473720', N'Nguyễn Đình Tạo');
-- row: [222]);
INSERT INTO CovidChinhThuc.dbo.CaNhan (ID, HoTen, NgaySinh, CMND, SinhNam, DiaChi, IDPhuongXa, IDQuanHuyen, SoKhaiSinh, NguoiTaoDL) VALUES ('02297662-a5de-4207-8d9c-22484befb8df', N'Nguyễn Thị Thanh Phương', '1955-01-01', NULL, 1955, N'Tả Giang 1', 95, 7, NULL, N'Nguyễn Đình Tạo');
INSERT INTO CovidChinhThuc.dbo.ThongTinHoTro (ID, IDNoiDung, IDDoiTuong, IDCaNhan, NguoiTaoDL) VALUES ('f2329432-2896-497f-a23f-e086b77e33f9', 6, 'E4E24DC6-98AE-4685-985D-47C0B48DD6FD', '02297662-a5de-4207-8d9c-22484befb8df', N'Nguyễn Đình Tạo');
INSERT INTO CovidChinhThuc.dbo.ChiTiet_NguoiCoCong (ID_ThongTin, NguoiTaoDL) VALUES ('f2329432-2896-497f-a23f-e086b77e33f9', N'Nguyễn Đình Tạo');
-- row: [223]);
INSERT INTO CovidChinhThuc.dbo.CaNhan (ID, HoTen, NgaySinh, CMND, SinhNam, DiaChi, IDPhuongXa, IDQuanHuyen, SoKhaiSinh, NguoiTaoDL) VALUES ('cf8a3fca-71c6-46d6-adb8-16770882a5f3', N'Nguyễn Thị Trân', '1928-01-01', '210843917', 1928, N'Tả Giang 1', 95, 7, NULL, N'Nguyễn Đình Tạo');
INSERT INTO CovidChinhThuc.dbo.ThongTinHoTro (ID, IDNoiDung, IDDoiTuong, IDCaNhan, NguoiTaoDL) VALUES ('cc5aa66f-57cc-402e-93c6-47e0fb17504b', 6, '41B0E9CD-732C-4E19-AAEC-3DC041CB6144', 'cf8a3fca-71c6-46d6-adb8-16770882a5f3', N'Nguyễn Đình Tạo');
INSERT INTO CovidChinhThuc.dbo.ChiTiet_NguoiCoCong (ID_ThongTin, NguoiTaoDL) VALUES ('cc5aa66f-57cc-402e-93c6-47e0fb17504b', N'Nguyễn Đình Tạo');
-- row: [224]);
INSERT INTO CovidChinhThuc.dbo.CaNhan (ID, HoTen, NgaySinh, CMND, SinhNam, DiaChi, IDPhuongXa, IDQuanHuyen, SoKhaiSinh, NguoiTaoDL) VALUES ('b011af57-6213-481e-8685-43c0941abbfe', N'Nguyễn Thị Triết', '1945-01-01', '210844985', 1945, N'Hữu Giang', 95, 7, NULL, N'Nguyễn Đình Tạo');
INSERT INTO CovidChinhThuc.dbo.ThongTinHoTro (ID, IDNoiDung, IDDoiTuong, IDCaNhan, NguoiTaoDL) VALUES ('ee2c01d1-19c9-4563-8457-e4d403dcccbe', 6, 'EDE2F0CC-2376-438A-B5FB-FACD867E38EF', 'b011af57-6213-481e-8685-43c0941abbfe', N'Nguyễn Đình Tạo');
INSERT INTO CovidChinhThuc.dbo.ChiTiet_NguoiCoCong (ID_ThongTin, NguoiTaoDL) VALUES ('ee2c01d1-19c9-4563-8457-e4d403dcccbe', N'Nguyễn Đình Tạo');
-- row: [225]);
INSERT INTO CovidChinhThuc.dbo.CaNhan (ID, HoTen, NgaySinh, CMND, SinhNam, DiaChi, IDPhuongXa, IDQuanHuyen, SoKhaiSinh, NguoiTaoDL) VALUES ('46f51327-0025-408c-b998-6da052ec99a1', N'Nguyễn Thị Triệu', '1944-01-01', '210943768', 1944, N'Thượng Giang 1', 95, 7, NULL, N'Nguyễn Đình Tạo');
INSERT INTO CovidChinhThuc.dbo.ThongTinHoTro (ID, IDNoiDung, IDDoiTuong, IDCaNhan, NguoiTaoDL) VALUES ('54fe5eee-557c-418c-a837-d2427f293c68', 6, '3A65F299-2EFA-4982-BF70-81D7B5024935', '46f51327-0025-408c-b998-6da052ec99a1', N'Nguyễn Đình Tạo');
INSERT INTO CovidChinhThuc.dbo.ChiTiet_NguoiCoCong (ID_ThongTin, NguoiTaoDL) VALUES ('54fe5eee-557c-418c-a837-d2427f293c68', N'Nguyễn Đình Tạo');
-- row: [226]);
INSERT INTO CovidChinhThuc.dbo.CaNhan (ID, HoTen, NgaySinh, CMND, SinhNam, DiaChi, IDPhuongXa, IDQuanHuyen, SoKhaiSinh, NguoiTaoDL) VALUES ('84da46a6-b656-4e0b-a481-c957f3ec1de4', N'Nguyễn Tòng', '1948-01-01', '210431184', 1948, N'Nam Giang', 95, 7, NULL, N'Nguyễn Đình Tạo');
INSERT INTO CovidChinhThuc.dbo.ThongTinHoTro (ID, IDNoiDung, IDDoiTuong, IDCaNhan, NguoiTaoDL) VALUES ('15865e5f-cffe-4b69-b7f8-65edfb5a0ca2', 6, '78AC3F79-5C50-4ACB-B626-E51ED3D4E8E5', '84da46a6-b656-4e0b-a481-c957f3ec1de4', N'Nguyễn Đình Tạo');
INSERT INTO CovidChinhThuc.dbo.ChiTiet_NguoiCoCong (ID_ThongTin, NguoiTaoDL) VALUES ('15865e5f-cffe-4b69-b7f8-65edfb5a0ca2', N'Nguyễn Đình Tạo');
-- row: [227]);
INSERT INTO CovidChinhThuc.dbo.CaNhan (ID, HoTen, NgaySinh, CMND, SinhNam, DiaChi, IDPhuongXa, IDQuanHuyen, SoKhaiSinh, NguoiTaoDL) VALUES ('d5b30586-162d-4c9c-ac52-7c08bfacf320', N'Nguyễn Trí Thiện', '1964-01-01', '211303765', 1964, N'Thượng Giang 2', 95, 7, NULL, N'Nguyễn Đình Tạo');
INSERT INTO CovidChinhThuc.dbo.ThongTinHoTro (ID, IDNoiDung, IDDoiTuong, IDCaNhan, NguoiTaoDL) VALUES ('f475c8be-ae16-4a6d-85ab-4dfce6a5a396', 6, 'EDE2F0CC-2376-438A-B5FB-FACD867E38EF', 'd5b30586-162d-4c9c-ac52-7c08bfacf320', N'Nguyễn Đình Tạo');
INSERT INTO CovidChinhThuc.dbo.ChiTiet_NguoiCoCong (ID_ThongTin, NguoiTaoDL) VALUES ('f475c8be-ae16-4a6d-85ab-4dfce6a5a396', N'Nguyễn Đình Tạo');
-- row: [228]);
INSERT INTO CovidChinhThuc.dbo.CaNhan (ID, HoTen, NgaySinh, CMND, SinhNam, DiaChi, IDPhuongXa, IDQuanHuyen, SoKhaiSinh, NguoiTaoDL) VALUES ('0d1749b2-e8b3-4e99-932f-39017afd9e01', N'Nguyễn Trung Binh', '1964-01-01', '211444351', 1964, N'Tả Giang 1', 95, 7, NULL, N'Nguyễn Đình Tạo');
INSERT INTO CovidChinhThuc.dbo.ThongTinHoTro (ID, IDNoiDung, IDDoiTuong, IDCaNhan, NguoiTaoDL) VALUES ('41590083-2b4d-4957-8483-353d3248fe73', 6, 'EDE2F0CC-2376-438A-B5FB-FACD867E38EF', '0d1749b2-e8b3-4e99-932f-39017afd9e01', N'Nguyễn Đình Tạo');
INSERT INTO CovidChinhThuc.dbo.ChiTiet_NguoiCoCong (ID_ThongTin, NguoiTaoDL) VALUES ('41590083-2b4d-4957-8483-353d3248fe73', N'Nguyễn Đình Tạo');
-- row: [229]);
INSERT INTO CovidChinhThuc.dbo.CaNhan (ID, HoTen, NgaySinh, CMND, SinhNam, DiaChi, IDPhuongXa, IDQuanHuyen, SoKhaiSinh, NguoiTaoDL) VALUES ('62665d45-8bb2-4d6c-a9b2-e6a0c0777cc5', N'Nguyễn Trung Quốc', '1950-01-01', '211039706', 1950, N'Thượng Giang 1', 95, 7, NULL, N'Nguyễn Đình Tạo');
INSERT INTO CovidChinhThuc.dbo.ThongTinHoTro (ID, IDNoiDung, IDDoiTuong, IDCaNhan, NguoiTaoDL) VALUES ('86aa720d-4c53-4ba9-8598-68fecd7cecbf', 6, '78AC3F79-5C50-4ACB-B626-E51ED3D4E8E5', '62665d45-8bb2-4d6c-a9b2-e6a0c0777cc5', N'Nguyễn Đình Tạo');
INSERT INTO CovidChinhThuc.dbo.ChiTiet_NguoiCoCong (ID_ThongTin, NguoiTaoDL) VALUES ('86aa720d-4c53-4ba9-8598-68fecd7cecbf', N'Nguyễn Đình Tạo');
-- row: [230]);
INSERT INTO CovidChinhThuc.dbo.CaNhan (ID, HoTen, NgaySinh, CMND, SinhNam, DiaChi, IDPhuongXa, IDQuanHuyen, SoKhaiSinh, NguoiTaoDL) VALUES ('c717b659-bee4-4174-9f0f-8f41f0c71249', N'Nguyễn Văn Cần', '1948-01-01', '210981984', 1948, N'Hữu Giang', 95, 7, NULL, N'Nguyễn Đình Tạo');
INSERT INTO CovidChinhThuc.dbo.ThongTinHoTro (ID, IDNoiDung, IDDoiTuong, IDCaNhan, NguoiTaoDL) VALUES ('85832023-a7dc-4863-b9bd-53aac82da992', 6, 'EDE2F0CC-2376-438A-B5FB-FACD867E38EF', 'c717b659-bee4-4174-9f0f-8f41f0c71249', N'Nguyễn Đình Tạo');
INSERT INTO CovidChinhThuc.dbo.ChiTiet_NguoiCoCong (ID_ThongTin, NguoiTaoDL) VALUES ('85832023-a7dc-4863-b9bd-53aac82da992', N'Nguyễn Đình Tạo');
-- row: [231]);
INSERT INTO CovidChinhThuc.dbo.CaNhan (ID, HoTen, NgaySinh, CMND, SinhNam, DiaChi, IDPhuongXa, IDQuanHuyen, SoKhaiSinh, NguoiTaoDL) VALUES ('8c846c8d-ce52-4281-90c5-b68fb2cd3a58', N'Nguyễn Văn Dân', '1957-01-01', '211485136', 1957, N'Nam Giang', 95, 7, NULL, N'Nguyễn Đình Tạo');
INSERT INTO CovidChinhThuc.dbo.ThongTinHoTro (ID, IDNoiDung, IDDoiTuong, IDCaNhan, NguoiTaoDL) VALUES ('bfeac276-0658-42e8-a675-f37d76be1efd', 6, 'EDE2F0CC-2376-438A-B5FB-FACD867E38EF', '8c846c8d-ce52-4281-90c5-b68fb2cd3a58', N'Nguyễn Đình Tạo');
INSERT INTO CovidChinhThuc.dbo.ChiTiet_NguoiCoCong (ID_ThongTin, NguoiTaoDL) VALUES ('bfeac276-0658-42e8-a675-f37d76be1efd', N'Nguyễn Đình Tạo');
-- row: [232]);
INSERT INTO CovidChinhThuc.dbo.CaNhan (ID, HoTen, NgaySinh, CMND, SinhNam, DiaChi, IDPhuongXa, IDQuanHuyen, SoKhaiSinh, NguoiTaoDL) VALUES ('5207d78e-fd70-40a2-a019-d75de3908e56', N'Nguyễn Văn Hoàng', '1953-01-01', '211007001', 1953, N'Hữu Giang', 95, 7, NULL, N'Nguyễn Đình Tạo');
INSERT INTO CovidChinhThuc.dbo.ThongTinHoTro (ID, IDNoiDung, IDDoiTuong, IDCaNhan, NguoiTaoDL) VALUES ('f55c54cf-13fa-41ea-80a3-d6a7c8d94aad', 6, 'EDE2F0CC-2376-438A-B5FB-FACD867E38EF', '5207d78e-fd70-40a2-a019-d75de3908e56', N'Nguyễn Đình Tạo');
INSERT INTO CovidChinhThuc.dbo.ChiTiet_NguoiCoCong (ID_ThongTin, NguoiTaoDL) VALUES ('f55c54cf-13fa-41ea-80a3-d6a7c8d94aad', N'Nguyễn Đình Tạo');
-- row: [233]);
INSERT INTO CovidChinhThuc.dbo.CaNhan (ID, HoTen, NgaySinh, CMND, SinhNam, DiaChi, IDPhuongXa, IDQuanHuyen, SoKhaiSinh, NguoiTaoDL) VALUES ('05f07576-5c34-4a00-afd7-9d354b03edeb', N'Nguyễn Văn Hợi', '1960-01-01', '211030356', 1960, N'Thượng Giang 2', 95, 7, NULL, N'Nguyễn Đình Tạo');
INSERT INTO CovidChinhThuc.dbo.ThongTinHoTro (ID, IDNoiDung, IDDoiTuong, IDCaNhan, NguoiTaoDL) VALUES ('edd6bd91-9cd5-45d6-8e6d-da81a61f5dbd', 6, 'EDE2F0CC-2376-438A-B5FB-FACD867E38EF', '05f07576-5c34-4a00-afd7-9d354b03edeb', N'Nguyễn Đình Tạo');
INSERT INTO CovidChinhThuc.dbo.ChiTiet_NguoiCoCong (ID_ThongTin, NguoiTaoDL) VALUES ('edd6bd91-9cd5-45d6-8e6d-da81a61f5dbd', N'Nguyễn Đình Tạo');
-- row: [234]);
INSERT INTO CovidChinhThuc.dbo.CaNhan (ID, HoTen, NgaySinh, CMND, SinhNam, DiaChi, IDPhuongXa, IDQuanHuyen, SoKhaiSinh, NguoiTaoDL) VALUES ('d397221f-7c25-4616-8b32-780ba7f31cde', N'Nguyễn Văn Mai', '1954-01-01', '211604171', 1954, N'Nam Giang', 95, 7, NULL, N'Nguyễn Đình Tạo');
INSERT INTO CovidChinhThuc.dbo.ThongTinHoTro (ID, IDNoiDung, IDDoiTuong, IDCaNhan, NguoiTaoDL) VALUES ('cf044258-b13a-4d99-add2-15342cbb354a', 6, 'EDE2F0CC-2376-438A-B5FB-FACD867E38EF', 'd397221f-7c25-4616-8b32-780ba7f31cde', N'Nguyễn Đình Tạo');
INSERT INTO CovidChinhThuc.dbo.ChiTiet_NguoiCoCong (ID_ThongTin, NguoiTaoDL) VALUES ('cf044258-b13a-4d99-add2-15342cbb354a', N'Nguyễn Đình Tạo');
-- row: [235]);
INSERT INTO CovidChinhThuc.dbo.CaNhan (ID, HoTen, NgaySinh, CMND, SinhNam, DiaChi, IDPhuongXa, IDQuanHuyen, SoKhaiSinh, NguoiTaoDL) VALUES ('9e064741-90ea-421d-b14d-0474c3a3a827', N'Nguyễn Văn Minh', '1950-01-01', '211015049', 1950, N'Nam Giang', 95, 7, NULL, N'Nguyễn Đình Tạo');
INSERT INTO CovidChinhThuc.dbo.ThongTinHoTro (ID, IDNoiDung, IDDoiTuong, IDCaNhan, NguoiTaoDL) VALUES ('d62a971a-212d-4b31-a7b8-b90ad85eb3e9', 6, 'EDE2F0CC-2376-438A-B5FB-FACD867E38EF', '9e064741-90ea-421d-b14d-0474c3a3a827', N'Nguyễn Đình Tạo');
INSERT INTO CovidChinhThuc.dbo.ChiTiet_NguoiCoCong (ID_ThongTin, NguoiTaoDL) VALUES ('d62a971a-212d-4b31-a7b8-b90ad85eb3e9', N'Nguyễn Đình Tạo');
-- row: [236]);
INSERT INTO CovidChinhThuc.dbo.CaNhan (ID, HoTen, NgaySinh, CMND, SinhNam, DiaChi, IDPhuongXa, IDQuanHuyen, SoKhaiSinh, NguoiTaoDL) VALUES ('f40fc7f7-27ff-4d54-9715-3b44b9494f44', N'Nguyễn Văn Tân', '1937-01-01', '210844580', 1937, N'Hữu Giang', 95, 7, NULL, N'Nguyễn Đình Tạo');
INSERT INTO CovidChinhThuc.dbo.ThongTinHoTro (ID, IDNoiDung, IDDoiTuong, IDCaNhan, NguoiTaoDL) VALUES ('60f02721-c186-4716-962a-128169543d94', 6, 'EDE2F0CC-2376-438A-B5FB-FACD867E38EF', 'f40fc7f7-27ff-4d54-9715-3b44b9494f44', N'Nguyễn Đình Tạo');
INSERT INTO CovidChinhThuc.dbo.ChiTiet_NguoiCoCong (ID_ThongTin, NguoiTaoDL) VALUES ('60f02721-c186-4716-962a-128169543d94', N'Nguyễn Đình Tạo');
-- row: [237]);
INSERT INTO CovidChinhThuc.dbo.CaNhan (ID, HoTen, NgaySinh, CMND, SinhNam, DiaChi, IDPhuongXa, IDQuanHuyen, SoKhaiSinh, NguoiTaoDL) VALUES ('0ca5fc57-30fd-4c00-99e5-a77cfc42a0db', N'Nguyễn Xuân Hùng', '1954-01-01', '210981906', 1954, N'Nam Giang', 95, 7, NULL, N'Nguyễn Đình Tạo');
INSERT INTO CovidChinhThuc.dbo.ThongTinHoTro (ID, IDNoiDung, IDDoiTuong, IDCaNhan, NguoiTaoDL) VALUES ('99018ba6-627b-462c-a647-64fe18fde25d', 6, 'EDE2F0CC-2376-438A-B5FB-FACD867E38EF', '0ca5fc57-30fd-4c00-99e5-a77cfc42a0db', N'Nguyễn Đình Tạo');
INSERT INTO CovidChinhThuc.dbo.ChiTiet_NguoiCoCong (ID_ThongTin, NguoiTaoDL) VALUES ('99018ba6-627b-462c-a647-64fe18fde25d', N'Nguyễn Đình Tạo');
-- row: [238]);
INSERT INTO CovidChinhThuc.dbo.CaNhan (ID, HoTen, NgaySinh, CMND, SinhNam, DiaChi, IDPhuongXa, IDQuanHuyen, SoKhaiSinh, NguoiTaoDL) VALUES ('51ed24cb-9b8e-4ede-9e81-002e8c9f5a0a', N'Phạm Thị Bé', '1949-01-01', '211007122', 1949, N'Thượng Giang 1', 95, 7, NULL, N'Nguyễn Đình Tạo');
INSERT INTO CovidChinhThuc.dbo.ThongTinHoTro (ID, IDNoiDung, IDDoiTuong, IDCaNhan, NguoiTaoDL) VALUES ('5c7c4433-e743-4f4b-9f5a-13fa38ca880b', 6, 'EDE2F0CC-2376-438A-B5FB-FACD867E38EF', '51ed24cb-9b8e-4ede-9e81-002e8c9f5a0a', N'Nguyễn Đình Tạo');
INSERT INTO CovidChinhThuc.dbo.ChiTiet_NguoiCoCong (ID_ThongTin, NguoiTaoDL) VALUES ('5c7c4433-e743-4f4b-9f5a-13fa38ca880b', N'Nguyễn Đình Tạo');
-- row: [239]);
INSERT INTO CovidChinhThuc.dbo.CaNhan (ID, HoTen, NgaySinh, CMND, SinhNam, DiaChi, IDPhuongXa, IDQuanHuyen, SoKhaiSinh, NguoiTaoDL) VALUES ('f30fa9ea-ef96-4883-a619-ee8f4afe978f', N'Phạm Thị Liệu', '1950-01-01', '210845274', 1950, N'Tả Giang 2', 95, 7, NULL, N'Nguyễn Đình Tạo');
INSERT INTO CovidChinhThuc.dbo.ThongTinHoTro (ID, IDNoiDung, IDDoiTuong, IDCaNhan, NguoiTaoDL) VALUES ('73e80dfe-ac23-4702-ad2d-5977adc467af', 6, 'EDE2F0CC-2376-438A-B5FB-FACD867E38EF', 'f30fa9ea-ef96-4883-a619-ee8f4afe978f', N'Nguyễn Đình Tạo');
INSERT INTO CovidChinhThuc.dbo.ChiTiet_NguoiCoCong (ID_ThongTin, NguoiTaoDL) VALUES ('73e80dfe-ac23-4702-ad2d-5977adc467af', N'Nguyễn Đình Tạo');
-- row: [240]);
INSERT INTO CovidChinhThuc.dbo.CaNhan (ID, HoTen, NgaySinh, CMND, SinhNam, DiaChi, IDPhuongXa, IDQuanHuyen, SoKhaiSinh, NguoiTaoDL) VALUES ('3ff37f90-7ed8-440c-a0b3-381cbe5fff0b', N'Phạm Thị Lý', '1948-01-01', '211704825', 1948, N'Tả Giang 1', 95, 7, NULL, N'Nguyễn Đình Tạo');
INSERT INTO CovidChinhThuc.dbo.ThongTinHoTro (ID, IDNoiDung, IDDoiTuong, IDCaNhan, NguoiTaoDL) VALUES ('d4782f5a-bec7-4cff-87a9-3c151ff3480a', 6, '78AC3F79-5C50-4ACB-B626-E51ED3D4E8E5', '3ff37f90-7ed8-440c-a0b3-381cbe5fff0b', N'Nguyễn Đình Tạo');
INSERT INTO CovidChinhThuc.dbo.ChiTiet_NguoiCoCong (ID_ThongTin, NguoiTaoDL) VALUES ('d4782f5a-bec7-4cff-87a9-3c151ff3480a', N'Nguyễn Đình Tạo');
-- row: [241]);
INSERT INTO CovidChinhThuc.dbo.CaNhan (ID, HoTen, NgaySinh, CMND, SinhNam, DiaChi, IDPhuongXa, IDQuanHuyen, SoKhaiSinh, NguoiTaoDL) VALUES ('fc71dac7-aacc-47bb-827e-857565cb46d4', N'Phạm Thị Mẫn', '1927-01-01', '210843763', 1927, N'Tả Giang 1', 95, 7, NULL, N'Nguyễn Đình Tạo');
INSERT INTO CovidChinhThuc.dbo.ThongTinHoTro (ID, IDNoiDung, IDDoiTuong, IDCaNhan, NguoiTaoDL) VALUES ('27883531-6d55-4bf1-bd48-e27e91d81c5f', 6, 'EDE2F0CC-2376-438A-B5FB-FACD867E38EF', 'fc71dac7-aacc-47bb-827e-857565cb46d4', N'Nguyễn Đình Tạo');
INSERT INTO CovidChinhThuc.dbo.ChiTiet_NguoiCoCong (ID_ThongTin, NguoiTaoDL) VALUES ('27883531-6d55-4bf1-bd48-e27e91d81c5f', N'Nguyễn Đình Tạo');
-- row: [242]);
INSERT INTO CovidChinhThuc.dbo.CaNhan (ID, HoTen, NgaySinh, CMND, SinhNam, DiaChi, IDPhuongXa, IDQuanHuyen, SoKhaiSinh, NguoiTaoDL) VALUES ('306edc04-c6ed-4ee1-a235-2b93f07cbee3', N'Phạm Thị Sum', '1937-01-01', '211007081', 1937, N'Thượng Giang 1', 95, 7, NULL, N'Nguyễn Đình Tạo');
INSERT INTO CovidChinhThuc.dbo.ThongTinHoTro (ID, IDNoiDung, IDDoiTuong, IDCaNhan, NguoiTaoDL) VALUES ('e7ba0ad1-edf8-4c59-bf68-92d5850c85bd', 6, 'EDE2F0CC-2376-438A-B5FB-FACD867E38EF', '306edc04-c6ed-4ee1-a235-2b93f07cbee3', N'Nguyễn Đình Tạo');
INSERT INTO CovidChinhThuc.dbo.ChiTiet_NguoiCoCong (ID_ThongTin, NguoiTaoDL) VALUES ('e7ba0ad1-edf8-4c59-bf68-92d5850c85bd', N'Nguyễn Đình Tạo');
-- row: [243]);
INSERT INTO CovidChinhThuc.dbo.CaNhan (ID, HoTen, NgaySinh, CMND, SinhNam, DiaChi, IDPhuongXa, IDQuanHuyen, SoKhaiSinh, NguoiTaoDL) VALUES ('42f51570-348b-45df-bb8f-9d2aa10ee4f4', N'Phạm Văn Biểu', '1963-01-01', '211444330', 1963, N'Thượng Giang 1', 95, 7, NULL, N'Nguyễn Đình Tạo');
INSERT INTO CovidChinhThuc.dbo.ThongTinHoTro (ID, IDNoiDung, IDDoiTuong, IDCaNhan, NguoiTaoDL) VALUES ('c0d6acaa-8481-4d4a-9c1b-ee9fcabaf66f', 6, 'EDE2F0CC-2376-438A-B5FB-FACD867E38EF', '42f51570-348b-45df-bb8f-9d2aa10ee4f4', N'Nguyễn Đình Tạo');
INSERT INTO CovidChinhThuc.dbo.ChiTiet_NguoiCoCong (ID_ThongTin, NguoiTaoDL) VALUES ('c0d6acaa-8481-4d4a-9c1b-ee9fcabaf66f', N'Nguyễn Đình Tạo');
-- row: [244]);
INSERT INTO CovidChinhThuc.dbo.CaNhan (ID, HoTen, NgaySinh, CMND, SinhNam, DiaChi, IDPhuongXa, IDQuanHuyen, SoKhaiSinh, NguoiTaoDL) VALUES ('b28eb6c0-a362-477e-8cbd-7525fcd5813d', N'Phạm Văn Hùng', '1966-01-01', '211613617', 1966, N'Tả Giang 2', 95, 7, NULL, N'Nguyễn Đình Tạo');
INSERT INTO CovidChinhThuc.dbo.ThongTinHoTro (ID, IDNoiDung, IDDoiTuong, IDCaNhan, NguoiTaoDL) VALUES ('fbedd69f-1b81-492c-bdac-b4356e6e7a2e', 6, 'EDE2F0CC-2376-438A-B5FB-FACD867E38EF', 'b28eb6c0-a362-477e-8cbd-7525fcd5813d', N'Nguyễn Đình Tạo');
INSERT INTO CovidChinhThuc.dbo.ChiTiet_NguoiCoCong (ID_ThongTin, NguoiTaoDL) VALUES ('fbedd69f-1b81-492c-bdac-b4356e6e7a2e', N'Nguyễn Đình Tạo');
-- row: [245]);
INSERT INTO CovidChinhThuc.dbo.CaNhan (ID, HoTen, NgaySinh, CMND, SinhNam, DiaChi, IDPhuongXa, IDQuanHuyen, SoKhaiSinh, NguoiTaoDL) VALUES ('c2f15879-370f-465d-9660-502eca1c0bc7', N'Phan Đình Nghĩa', '1956-01-01', '211007003', 1956, N'Hữu Giang', 95, 7, NULL, N'Nguyễn Đình Tạo');
INSERT INTO CovidChinhThuc.dbo.ThongTinHoTro (ID, IDNoiDung, IDDoiTuong, IDCaNhan, NguoiTaoDL) VALUES ('972f3338-da9a-48e7-98da-13cde38f6c9c', 6, 'EDE2F0CC-2376-438A-B5FB-FACD867E38EF', 'c2f15879-370f-465d-9660-502eca1c0bc7', N'Nguyễn Đình Tạo');
INSERT INTO CovidChinhThuc.dbo.ChiTiet_NguoiCoCong (ID_ThongTin, NguoiTaoDL) VALUES ('972f3338-da9a-48e7-98da-13cde38f6c9c', N'Nguyễn Đình Tạo');
-- row: [246]);
INSERT INTO CovidChinhThuc.dbo.CaNhan (ID, HoTen, NgaySinh, CMND, SinhNam, DiaChi, IDPhuongXa, IDQuanHuyen, SoKhaiSinh, NguoiTaoDL) VALUES ('b1db6652-8ed9-447e-85db-b2b02cc8b7b3', N'Phan Hữu Dũng', '1960-01-01', '210844833', 1960, N'Hữu Giang', 95, 7, NULL, N'Nguyễn Đình Tạo');
INSERT INTO CovidChinhThuc.dbo.ThongTinHoTro (ID, IDNoiDung, IDDoiTuong, IDCaNhan, NguoiTaoDL) VALUES ('21195396-ea5b-412a-b9fa-ed5d2895f5e1', 6, 'EDE2F0CC-2376-438A-B5FB-FACD867E38EF', 'b1db6652-8ed9-447e-85db-b2b02cc8b7b3', N'Nguyễn Đình Tạo');
INSERT INTO CovidChinhThuc.dbo.ChiTiet_NguoiCoCong (ID_ThongTin, NguoiTaoDL) VALUES ('21195396-ea5b-412a-b9fa-ed5d2895f5e1', N'Nguyễn Đình Tạo');
-- row: [247]);
INSERT INTO CovidChinhThuc.dbo.CaNhan (ID, HoTen, NgaySinh, CMND, SinhNam, DiaChi, IDPhuongXa, IDQuanHuyen, SoKhaiSinh, NguoiTaoDL) VALUES ('2ce80403-e519-4864-9f99-0d2d2b546bd2', N'Phan Thanh Giảng', '1931-01-01', '210845081', 1931, N'Hữu Giang', 95, 7, NULL, N'Nguyễn Đình Tạo');
INSERT INTO CovidChinhThuc.dbo.ThongTinHoTro (ID, IDNoiDung, IDDoiTuong, IDCaNhan, NguoiTaoDL) VALUES ('0ecd131d-d080-4694-9f5d-a9e01eeb9535', 6, 'EDE2F0CC-2376-438A-B5FB-FACD867E38EF', '2ce80403-e519-4864-9f99-0d2d2b546bd2', N'Nguyễn Đình Tạo');
INSERT INTO CovidChinhThuc.dbo.ChiTiet_NguoiCoCong (ID_ThongTin, NguoiTaoDL) VALUES ('0ecd131d-d080-4694-9f5d-a9e01eeb9535', N'Nguyễn Đình Tạo');
-- row: [248]);
INSERT INTO CovidChinhThuc.dbo.CaNhan (ID, HoTen, NgaySinh, CMND, SinhNam, DiaChi, IDPhuongXa, IDQuanHuyen, SoKhaiSinh, NguoiTaoDL) VALUES ('debb3456-cde2-4d1f-a703-d68dd2b37fb9', N'Phan Thị Hạnh', '1937-01-01', '210844625', 1937, N'Hữu Giang', 95, 7, NULL, N'Nguyễn Đình Tạo');
INSERT INTO CovidChinhThuc.dbo.ThongTinHoTro (ID, IDNoiDung, IDDoiTuong, IDCaNhan, NguoiTaoDL) VALUES ('f86601c9-5a14-48fa-9074-b26ecc63301b', 6, 'EDE2F0CC-2376-438A-B5FB-FACD867E38EF', 'debb3456-cde2-4d1f-a703-d68dd2b37fb9', N'Nguyễn Đình Tạo');
INSERT INTO CovidChinhThuc.dbo.ChiTiet_NguoiCoCong (ID_ThongTin, NguoiTaoDL) VALUES ('f86601c9-5a14-48fa-9074-b26ecc63301b', N'Nguyễn Đình Tạo');
-- row: [249]);
INSERT INTO CovidChinhThuc.dbo.CaNhan (ID, HoTen, NgaySinh, CMND, SinhNam, DiaChi, IDPhuongXa, IDQuanHuyen, SoKhaiSinh, NguoiTaoDL) VALUES ('6767801c-f08c-45ff-af04-64db5f8d6449', N'Phan Văn Cháu', '1999-01-01', '211573434', 1999, N'Thượng Giang 2', 95, 7, NULL, N'Nguyễn Đình Tạo');
INSERT INTO CovidChinhThuc.dbo.ThongTinHoTro (ID, IDNoiDung, IDDoiTuong, IDCaNhan, NguoiTaoDL) VALUES ('40dc60d8-6509-4a1f-b7e8-6b99aebd6136', 6, 'E4E24DC6-98AE-4685-985D-47C0B48DD6FD', '6767801c-f08c-45ff-af04-64db5f8d6449', N'Nguyễn Đình Tạo');
INSERT INTO CovidChinhThuc.dbo.ChiTiet_NguoiCoCong (ID_ThongTin, NguoiTaoDL) VALUES ('40dc60d8-6509-4a1f-b7e8-6b99aebd6136', N'Nguyễn Đình Tạo');
-- row: [250]);
INSERT INTO CovidChinhThuc.dbo.CaNhan (ID, HoTen, NgaySinh, CMND, SinhNam, DiaChi, IDPhuongXa, IDQuanHuyen, SoKhaiSinh, NguoiTaoDL) VALUES ('debb4969-a090-4e0c-b4e4-006e0c826f45', N'Tạ Ngọc Lãnh', '1958-01-01', '211544354', 1958, N'Thượng Giang 1', 95, 7, NULL, N'Nguyễn Đình Tạo');
INSERT INTO CovidChinhThuc.dbo.ThongTinHoTro (ID, IDNoiDung, IDDoiTuong, IDCaNhan, NguoiTaoDL) VALUES ('a7f209ce-5b0b-4e20-99ac-8d4a2262c4d2', 6, '78AC3F79-5C50-4ACB-B626-E51ED3D4E8E5', 'debb4969-a090-4e0c-b4e4-006e0c826f45', N'Nguyễn Đình Tạo');
INSERT INTO CovidChinhThuc.dbo.ChiTiet_NguoiCoCong (ID_ThongTin, NguoiTaoDL) VALUES ('a7f209ce-5b0b-4e20-99ac-8d4a2262c4d2', N'Nguyễn Đình Tạo');
-- row: [251]);
INSERT INTO CovidChinhThuc.dbo.CaNhan (ID, HoTen, NgaySinh, CMND, SinhNam, DiaChi, IDPhuongXa, IDQuanHuyen, SoKhaiSinh, NguoiTaoDL) VALUES ('b7d0c6ba-a046-4b0c-9dd3-49c98b95bef9', N'Thái Thị Minh', '1943-01-01', '210844357', 1943, N'Tả Giang 2', 95, 7, NULL, N'Nguyễn Đình Tạo');
INSERT INTO CovidChinhThuc.dbo.ThongTinHoTro (ID, IDNoiDung, IDDoiTuong, IDCaNhan, NguoiTaoDL) VALUES ('b4788c3f-a3cd-4512-98c9-dc25198276fa', 6, '2DE801FE-8F9D-4CB2-A1C0-E61F4503CB74', 'b7d0c6ba-a046-4b0c-9dd3-49c98b95bef9', N'Nguyễn Đình Tạo');
INSERT INTO CovidChinhThuc.dbo.ChiTiet_NguoiCoCong (ID_ThongTin, NguoiTaoDL) VALUES ('b4788c3f-a3cd-4512-98c9-dc25198276fa', N'Nguyễn Đình Tạo');
-- row: [252]);
INSERT INTO CovidChinhThuc.dbo.CaNhan (ID, HoTen, NgaySinh, CMND, SinhNam, DiaChi, IDPhuongXa, IDQuanHuyen, SoKhaiSinh, NguoiTaoDL) VALUES ('0eec4e07-fcea-40d4-a9f1-ae3dc91abb6f', N'Trần Đình Bá', '1930-01-01', '210843545', 1930, N'Tả Giang 1', 95, 7, NULL, N'Nguyễn Đình Tạo');
INSERT INTO CovidChinhThuc.dbo.ThongTinHoTro (ID, IDNoiDung, IDDoiTuong, IDCaNhan, NguoiTaoDL) VALUES ('8b8abc44-c508-4163-a8a6-f3ddbd8ca3e5', 6, '2DE801FE-8F9D-4CB2-A1C0-E61F4503CB74', '0eec4e07-fcea-40d4-a9f1-ae3dc91abb6f', N'Nguyễn Đình Tạo');
INSERT INTO CovidChinhThuc.dbo.ChiTiet_NguoiCoCong (ID_ThongTin, NguoiTaoDL) VALUES ('8b8abc44-c508-4163-a8a6-f3ddbd8ca3e5', N'Nguyễn Đình Tạo');
-- row: [253]);
INSERT INTO CovidChinhThuc.dbo.CaNhan (ID, HoTen, NgaySinh, CMND, SinhNam, DiaChi, IDPhuongXa, IDQuanHuyen, SoKhaiSinh, NguoiTaoDL) VALUES ('9a44a89e-224b-4377-a841-98fffaa0b2dd', N'Trần Phong', '1937-01-01', '210844867', 1937, N'Hữu Giang', 95, 7, NULL, N'Nguyễn Đình Tạo');
INSERT INTO CovidChinhThuc.dbo.ThongTinHoTro (ID, IDNoiDung, IDDoiTuong, IDCaNhan, NguoiTaoDL) VALUES ('3999095b-d001-4b06-a5f0-2ea3890b04c4', 6, 'EDE2F0CC-2376-438A-B5FB-FACD867E38EF', '9a44a89e-224b-4377-a841-98fffaa0b2dd', N'Nguyễn Đình Tạo');
INSERT INTO CovidChinhThuc.dbo.ChiTiet_NguoiCoCong (ID_ThongTin, NguoiTaoDL) VALUES ('3999095b-d001-4b06-a5f0-2ea3890b04c4', N'Nguyễn Đình Tạo');
-- row: [254]);
INSERT INTO CovidChinhThuc.dbo.CaNhan (ID, HoTen, NgaySinh, CMND, SinhNam, DiaChi, IDPhuongXa, IDQuanHuyen, SoKhaiSinh, NguoiTaoDL) VALUES ('1ae29601-d44a-4be1-a9e2-bff07319406a', N'Trần Quốc Khánh', '1962-01-01', '210844823', 1962, N'Hữu Giang', 95, 7, NULL, N'Nguyễn Đình Tạo');
INSERT INTO CovidChinhThuc.dbo.ThongTinHoTro (ID, IDNoiDung, IDDoiTuong, IDCaNhan, NguoiTaoDL) VALUES ('bf14fa47-6179-469c-b6ea-13ecf9975d27', 6, 'EDE2F0CC-2376-438A-B5FB-FACD867E38EF', '1ae29601-d44a-4be1-a9e2-bff07319406a', N'Nguyễn Đình Tạo');
INSERT INTO CovidChinhThuc.dbo.ChiTiet_NguoiCoCong (ID_ThongTin, NguoiTaoDL) VALUES ('bf14fa47-6179-469c-b6ea-13ecf9975d27', N'Nguyễn Đình Tạo');
-- row: [255]);
INSERT INTO CovidChinhThuc.dbo.CaNhan (ID, HoTen, NgaySinh, CMND, SinhNam, DiaChi, IDPhuongXa, IDQuanHuyen, SoKhaiSinh, NguoiTaoDL) VALUES ('4f3be49b-2ca9-4a33-b61c-6dc331ff7484', N'Trần Thị Bích Thuỷ', '1929-01-01', '210017426', 1929, N'Thượng Giang 2', 95, 7, NULL, N'Nguyễn Đình Tạo');
INSERT INTO CovidChinhThuc.dbo.ThongTinHoTro (ID, IDNoiDung, IDDoiTuong, IDCaNhan, NguoiTaoDL) VALUES ('5177562d-d36e-44cc-bc88-4384b39a91fb', 6, 'EDE2F0CC-2376-438A-B5FB-FACD867E38EF', '4f3be49b-2ca9-4a33-b61c-6dc331ff7484', N'Nguyễn Đình Tạo');
INSERT INTO CovidChinhThuc.dbo.ChiTiet_NguoiCoCong (ID_ThongTin, NguoiTaoDL) VALUES ('5177562d-d36e-44cc-bc88-4384b39a91fb', N'Nguyễn Đình Tạo');
-- row: [256]);
INSERT INTO CovidChinhThuc.dbo.CaNhan (ID, HoTen, NgaySinh, CMND, SinhNam, DiaChi, IDPhuongXa, IDQuanHuyen, SoKhaiSinh, NguoiTaoDL) VALUES ('43c40586-a290-416c-882c-d1ecbdeb8bf9', N'Trần Thị Liều', '1952-01-01', '210504882', 1952, N'Tả Giang 2', 95, 7, NULL, N'Nguyễn Đình Tạo');
INSERT INTO CovidChinhThuc.dbo.ThongTinHoTro (ID, IDNoiDung, IDDoiTuong, IDCaNhan, NguoiTaoDL) VALUES ('cbb2840d-a839-4f8c-99c0-0246d8d97144', 6, 'EDE2F0CC-2376-438A-B5FB-FACD867E38EF', '43c40586-a290-416c-882c-d1ecbdeb8bf9', N'Nguyễn Đình Tạo');
INSERT INTO CovidChinhThuc.dbo.ChiTiet_NguoiCoCong (ID_ThongTin, NguoiTaoDL) VALUES ('cbb2840d-a839-4f8c-99c0-0246d8d97144', N'Nguyễn Đình Tạo');
-- row: [257]);
INSERT INTO CovidChinhThuc.dbo.CaNhan (ID, HoTen, NgaySinh, CMND, SinhNam, DiaChi, IDPhuongXa, IDQuanHuyen, SoKhaiSinh, NguoiTaoDL) VALUES ('a49a4552-f7d1-4fd7-8a82-e27d5e64f195', N'Trần Thị Long', '1930-01-01', '215530571', 1930, N'Thượng Giang 1', 95, 7, NULL, N'Nguyễn Đình Tạo');
INSERT INTO CovidChinhThuc.dbo.ThongTinHoTro (ID, IDNoiDung, IDDoiTuong, IDCaNhan, NguoiTaoDL) VALUES ('e80f4c00-d9a5-4734-b2a0-84b0c647bd4c', 6, '3A65F299-2EFA-4982-BF70-81D7B5024935', 'a49a4552-f7d1-4fd7-8a82-e27d5e64f195', N'Nguyễn Đình Tạo');
INSERT INTO CovidChinhThuc.dbo.ChiTiet_NguoiCoCong (ID_ThongTin, NguoiTaoDL) VALUES ('e80f4c00-d9a5-4734-b2a0-84b0c647bd4c', N'Nguyễn Đình Tạo');
-- row: [258]);
INSERT INTO CovidChinhThuc.dbo.CaNhan (ID, HoTen, NgaySinh, CMND, SinhNam, DiaChi, IDPhuongXa, IDQuanHuyen, SoKhaiSinh, NguoiTaoDL) VALUES ('15666519-2158-4a26-974e-7a1705fef31b', N'Trần Thị Miên', '1954-01-01', '211030240', 1954, N'Hữu Giang', 95, 7, NULL, N'Nguyễn Đình Tạo');
INSERT INTO CovidChinhThuc.dbo.ThongTinHoTro (ID, IDNoiDung, IDDoiTuong, IDCaNhan, NguoiTaoDL) VALUES ('509dd5e6-0e52-450f-a32c-df7c3e82ad4f', 6, 'EDE2F0CC-2376-438A-B5FB-FACD867E38EF', '15666519-2158-4a26-974e-7a1705fef31b', N'Nguyễn Đình Tạo');
INSERT INTO CovidChinhThuc.dbo.ChiTiet_NguoiCoCong (ID_ThongTin, NguoiTaoDL) VALUES ('509dd5e6-0e52-450f-a32c-df7c3e82ad4f', N'Nguyễn Đình Tạo');
-- row: [259]);
INSERT INTO CovidChinhThuc.dbo.CaNhan (ID, HoTen, NgaySinh, CMND, SinhNam, DiaChi, IDPhuongXa, IDQuanHuyen, SoKhaiSinh, NguoiTaoDL) VALUES ('7e6b6ac1-45a6-4034-852a-d1c3b5879178', N'Trần Thị Mướt', '1948-01-01', '210844647', 1948, N'Hữu Giang', 95, 7, NULL, N'Nguyễn Đình Tạo');
INSERT INTO CovidChinhThuc.dbo.ThongTinHoTro (ID, IDNoiDung, IDDoiTuong, IDCaNhan, NguoiTaoDL) VALUES ('774562d4-18f6-4fb0-bf5e-d42f798d2daa', 6, '2DE801FE-8F9D-4CB2-A1C0-E61F4503CB74', '7e6b6ac1-45a6-4034-852a-d1c3b5879178', N'Nguyễn Đình Tạo');
INSERT INTO CovidChinhThuc.dbo.ChiTiet_NguoiCoCong (ID_ThongTin, NguoiTaoDL) VALUES ('774562d4-18f6-4fb0-bf5e-d42f798d2daa', N'Nguyễn Đình Tạo');
-- row: [260]);
INSERT INTO CovidChinhThuc.dbo.CaNhan (ID, HoTen, NgaySinh, CMND, SinhNam, DiaChi, IDPhuongXa, IDQuanHuyen, SoKhaiSinh, NguoiTaoDL) VALUES ('ba5bb0a4-8d21-40b4-8824-8939693dd9f7', N'Trần Thị Thuỷ', '1955-01-01', '210844453', 1955, N'Nam Giang', 95, 7, NULL, N'Nguyễn Đình Tạo');
INSERT INTO CovidChinhThuc.dbo.ThongTinHoTro (ID, IDNoiDung, IDDoiTuong, IDCaNhan, NguoiTaoDL) VALUES ('77cabc00-eb0f-4a51-b6e1-c0d166a04437', 6, 'EDE2F0CC-2376-438A-B5FB-FACD867E38EF', 'ba5bb0a4-8d21-40b4-8824-8939693dd9f7', N'Nguyễn Đình Tạo');
INSERT INTO CovidChinhThuc.dbo.ChiTiet_NguoiCoCong (ID_ThongTin, NguoiTaoDL) VALUES ('77cabc00-eb0f-4a51-b6e1-c0d166a04437', N'Nguyễn Đình Tạo');
-- row: [261]);
INSERT INTO CovidChinhThuc.dbo.CaNhan (ID, HoTen, NgaySinh, CMND, SinhNam, DiaChi, IDPhuongXa, IDQuanHuyen, SoKhaiSinh, NguoiTaoDL) VALUES ('42cb2152-f433-41c6-a054-dff55d314746', N'Trần Thị Xuân', '1928-01-01', '210844796', 1928, N'Hữu Giang', 95, 7, NULL, N'Nguyễn Đình Tạo');
INSERT INTO CovidChinhThuc.dbo.ThongTinHoTro (ID, IDNoiDung, IDDoiTuong, IDCaNhan, NguoiTaoDL) VALUES ('3baaa71e-9cd4-4180-82fa-964da6617cf9', 6, 'EDE2F0CC-2376-438A-B5FB-FACD867E38EF', '42cb2152-f433-41c6-a054-dff55d314746', N'Nguyễn Đình Tạo');
INSERT INTO CovidChinhThuc.dbo.ChiTiet_NguoiCoCong (ID_ThongTin, NguoiTaoDL) VALUES ('3baaa71e-9cd4-4180-82fa-964da6617cf9', N'Nguyễn Đình Tạo');
-- row: [262]);
INSERT INTO CovidChinhThuc.dbo.CaNhan (ID, HoTen, NgaySinh, CMND, SinhNam, DiaChi, IDPhuongXa, IDQuanHuyen, SoKhaiSinh, NguoiTaoDL) VALUES ('44dc8baf-6c16-46bd-844a-31edee4c147c', N'Trần Văn Chương', '1954-01-01', '210943764', 1954, N'Thượng Giang 2', 95, 7, NULL, N'Nguyễn Đình Tạo');
INSERT INTO CovidChinhThuc.dbo.ThongTinHoTro (ID, IDNoiDung, IDDoiTuong, IDCaNhan, NguoiTaoDL) VALUES ('9e24a324-280e-4a5f-9e2e-9c18db53ef3b', 6, NULL, '44dc8baf-6c16-46bd-844a-31edee4c147c', N'Nguyễn Đình Tạo');
INSERT INTO CovidChinhThuc.dbo.ChiTiet_NguoiCoCong (ID_ThongTin, NguoiTaoDL) VALUES ('9e24a324-280e-4a5f-9e2e-9c18db53ef3b', N'Nguyễn Đình Tạo');
-- row: [263]);
INSERT INTO CovidChinhThuc.dbo.CaNhan (ID, HoTen, NgaySinh, CMND, SinhNam, DiaChi, IDPhuongXa, IDQuanHuyen, SoKhaiSinh, NguoiTaoDL) VALUES ('7cd07ecd-77be-45b9-9907-7d16816bdb97', N'Trần Văn Thông', '1941-01-01', '210956613', 1941, N'Hữu Giang', 95, 7, NULL, N'Nguyễn Đình Tạo');
INSERT INTO CovidChinhThuc.dbo.ThongTinHoTro (ID, IDNoiDung, IDDoiTuong, IDCaNhan, NguoiTaoDL) VALUES ('d67938df-0894-493e-8f73-2a13eccfddfa', 6, NULL, '7cd07ecd-77be-45b9-9907-7d16816bdb97', N'Nguyễn Đình Tạo');
INSERT INTO CovidChinhThuc.dbo.ChiTiet_NguoiCoCong (ID_ThongTin, NguoiTaoDL) VALUES ('d67938df-0894-493e-8f73-2a13eccfddfa', N'Nguyễn Đình Tạo');
-- row: [264]);
INSERT INTO CovidChinhThuc.dbo.CaNhan (ID, HoTen, NgaySinh, CMND, SinhNam, DiaChi, IDPhuongXa, IDQuanHuyen, SoKhaiSinh, NguoiTaoDL) VALUES ('2377544c-d30f-4031-9591-62ef9f757b0a', N'Trương Đình Thảo', '1946-01-01', '210034781', 1946, N'Tả Giang 1', 95, 7, NULL, N'Nguyễn Đình Tạo');
INSERT INTO CovidChinhThuc.dbo.ThongTinHoTro (ID, IDNoiDung, IDDoiTuong, IDCaNhan, NguoiTaoDL) VALUES ('99fdc888-5af1-4da2-8068-9a7271d986a3', 6, 'EDE2F0CC-2376-438A-B5FB-FACD867E38EF', '2377544c-d30f-4031-9591-62ef9f757b0a', N'Nguyễn Đình Tạo');
INSERT INTO CovidChinhThuc.dbo.ChiTiet_NguoiCoCong (ID_ThongTin, NguoiTaoDL) VALUES ('99fdc888-5af1-4da2-8068-9a7271d986a3', N'Nguyễn Đình Tạo');
-- row: [265]);
INSERT INTO CovidChinhThuc.dbo.CaNhan (ID, HoTen, NgaySinh, CMND, SinhNam, DiaChi, IDPhuongXa, IDQuanHuyen, SoKhaiSinh, NguoiTaoDL) VALUES ('6519e37e-ed3e-41ed-a4e6-28ecb3621c41', N'Trương Minh Châu', '1963-01-01', '210943119', 1963, N'Thượng Giang 1', 95, 7, NULL, N'Nguyễn Đình Tạo');
INSERT INTO CovidChinhThuc.dbo.ThongTinHoTro (ID, IDNoiDung, IDDoiTuong, IDCaNhan, NguoiTaoDL) VALUES ('a719643d-acf8-40b5-a3c3-e5d859799fa1', 6, 'EDE2F0CC-2376-438A-B5FB-FACD867E38EF', '6519e37e-ed3e-41ed-a4e6-28ecb3621c41', N'Nguyễn Đình Tạo');
INSERT INTO CovidChinhThuc.dbo.ChiTiet_NguoiCoCong (ID_ThongTin, NguoiTaoDL) VALUES ('a719643d-acf8-40b5-a3c3-e5d859799fa1', N'Nguyễn Đình Tạo');
-- row: [266]);
INSERT INTO CovidChinhThuc.dbo.CaNhan (ID, HoTen, NgaySinh, CMND, SinhNam, DiaChi, IDPhuongXa, IDQuanHuyen, SoKhaiSinh, NguoiTaoDL) VALUES ('21256088-93fd-4357-8962-2a96ce381caa', N'Trương Thị Thanh', '1948-01-01', '210981931', 1948, N'Thượng Giang 2', 95, 7, NULL, N'Nguyễn Đình Tạo');
INSERT INTO CovidChinhThuc.dbo.ThongTinHoTro (ID, IDNoiDung, IDDoiTuong, IDCaNhan, NguoiTaoDL) VALUES ('a40c410a-97c6-4e9b-85ad-e3b91f9cba86', 6, 'EDE2F0CC-2376-438A-B5FB-FACD867E38EF', '21256088-93fd-4357-8962-2a96ce381caa', N'Nguyễn Đình Tạo');
INSERT INTO CovidChinhThuc.dbo.ChiTiet_NguoiCoCong (ID_ThongTin, NguoiTaoDL) VALUES ('a40c410a-97c6-4e9b-85ad-e3b91f9cba86', N'Nguyễn Đình Tạo');
-- row: [267]);
INSERT INTO CovidChinhThuc.dbo.CaNhan (ID, HoTen, NgaySinh, CMND, SinhNam, DiaChi, IDPhuongXa, IDQuanHuyen, SoKhaiSinh, NguoiTaoDL) VALUES ('c36ec09c-44a3-46ea-be03-7989057aa361', N'Văn Thành Diệu', '1957-01-01', '210981639', 1957, N'Tả Giang 2', 95, 7, NULL, N'Nguyễn Đình Tạo');
INSERT INTO CovidChinhThuc.dbo.ThongTinHoTro (ID, IDNoiDung, IDDoiTuong, IDCaNhan, NguoiTaoDL) VALUES ('a66c813e-588d-4775-84d6-6e98d6991d04', 6, 'EDE2F0CC-2376-438A-B5FB-FACD867E38EF', 'c36ec09c-44a3-46ea-be03-7989057aa361', N'Nguyễn Đình Tạo');
INSERT INTO CovidChinhThuc.dbo.ChiTiet_NguoiCoCong (ID_ThongTin, NguoiTaoDL) VALUES ('a66c813e-588d-4775-84d6-6e98d6991d04', N'Nguyễn Đình Tạo');
-- row: [268]);
INSERT INTO CovidChinhThuc.dbo.CaNhan (ID, HoTen, NgaySinh, CMND, SinhNam, DiaChi, IDPhuongXa, IDQuanHuyen, SoKhaiSinh, NguoiTaoDL) VALUES ('573a44dd-edf6-4ffe-9a0c-315464bdb1fb', N'Văn Thành Tâm', '1955-01-01', '210943726', 1955, N'Thượng Giang 2', 95, 7, NULL, N'Nguyễn Đình Tạo');
INSERT INTO CovidChinhThuc.dbo.ThongTinHoTro (ID, IDNoiDung, IDDoiTuong, IDCaNhan, NguoiTaoDL) VALUES ('0b3e3ee6-c7ad-486d-820d-3bacbc05aff1', 6, 'EDE2F0CC-2376-438A-B5FB-FACD867E38EF', '573a44dd-edf6-4ffe-9a0c-315464bdb1fb', N'Nguyễn Đình Tạo');
INSERT INTO CovidChinhThuc.dbo.ChiTiet_NguoiCoCong (ID_ThongTin, NguoiTaoDL) VALUES ('0b3e3ee6-c7ad-486d-820d-3bacbc05aff1', N'Nguyễn Đình Tạo');
-- row: [269]);
INSERT INTO CovidChinhThuc.dbo.CaNhan (ID, HoTen, NgaySinh, CMND, SinhNam, DiaChi, IDPhuongXa, IDQuanHuyen, SoKhaiSinh, NguoiTaoDL) VALUES ('33fd7a37-02a1-43c1-bc11-f953b5f6ba51', N'Văn Thị Chín', '1942-01-01', '210943068', 1942, N'Thượng Giang 2', 95, 7, NULL, N'Nguyễn Đình Tạo');
INSERT INTO CovidChinhThuc.dbo.ThongTinHoTro (ID, IDNoiDung, IDDoiTuong, IDCaNhan, NguoiTaoDL) VALUES ('ebaa43e6-d80e-4a70-a340-05b72c583647', 6, 'EDE2F0CC-2376-438A-B5FB-FACD867E38EF', '33fd7a37-02a1-43c1-bc11-f953b5f6ba51', N'Nguyễn Đình Tạo');
INSERT INTO CovidChinhThuc.dbo.ChiTiet_NguoiCoCong (ID_ThongTin, NguoiTaoDL) VALUES ('ebaa43e6-d80e-4a70-a340-05b72c583647', N'Nguyễn Đình Tạo');
-- row: [270]);
INSERT INTO CovidChinhThuc.dbo.CaNhan (ID, HoTen, NgaySinh, CMND, SinhNam, DiaChi, IDPhuongXa, IDQuanHuyen, SoKhaiSinh, NguoiTaoDL) VALUES ('04c2a043-5b28-4d1e-ad61-53968ab34434', N'Văn Thị Đặng', '1951-01-01', '210981771', 1951, N'Thượng Giang 1', 95, 7, NULL, N'Nguyễn Đình Tạo');
INSERT INTO CovidChinhThuc.dbo.ThongTinHoTro (ID, IDNoiDung, IDDoiTuong, IDCaNhan, NguoiTaoDL) VALUES ('5a818eab-22c0-496c-b8b2-8191aa34918e', 6, 'EDE2F0CC-2376-438A-B5FB-FACD867E38EF', '04c2a043-5b28-4d1e-ad61-53968ab34434', N'Nguyễn Đình Tạo');
INSERT INTO CovidChinhThuc.dbo.ChiTiet_NguoiCoCong (ID_ThongTin, NguoiTaoDL) VALUES ('5a818eab-22c0-496c-b8b2-8191aa34918e', N'Nguyễn Đình Tạo');
-- row: [271]);
INSERT INTO CovidChinhThuc.dbo.CaNhan (ID, HoTen, NgaySinh, CMND, SinhNam, DiaChi, IDPhuongXa, IDQuanHuyen, SoKhaiSinh, NguoiTaoDL) VALUES ('c69c8834-9c9e-4f03-b0ea-40b6f4cb0db7', N'Văn Thị Hoa', '1924-01-01', '210843813', 1924, N'Tả Giang 2', 95, 7, NULL, N'Nguyễn Đình Tạo');
INSERT INTO CovidChinhThuc.dbo.ThongTinHoTro (ID, IDNoiDung, IDDoiTuong, IDCaNhan, NguoiTaoDL) VALUES ('18f54863-53d9-43b0-87cd-635c2bf52b03', 6, 'EDE2F0CC-2376-438A-B5FB-FACD867E38EF', 'c69c8834-9c9e-4f03-b0ea-40b6f4cb0db7', N'Nguyễn Đình Tạo');
INSERT INTO CovidChinhThuc.dbo.ChiTiet_NguoiCoCong (ID_ThongTin, NguoiTaoDL) VALUES ('18f54863-53d9-43b0-87cd-635c2bf52b03', N'Nguyễn Đình Tạo');
-- row: [272]);
INSERT INTO CovidChinhThuc.dbo.CaNhan (ID, HoTen, NgaySinh, CMND, SinhNam, DiaChi, IDPhuongXa, IDQuanHuyen, SoKhaiSinh, NguoiTaoDL) VALUES ('d08ef0f1-9cb6-4b8f-966a-eba85114f597', N'Văn Tiến Sỹ', '1947-01-01', '210844343', 1947, N'Tả Giang 2', 95, 7, NULL, N'Nguyễn Đình Tạo');
INSERT INTO CovidChinhThuc.dbo.ThongTinHoTro (ID, IDNoiDung, IDDoiTuong, IDCaNhan, NguoiTaoDL) VALUES ('39791591-660b-4137-b30a-5250398c1e2a', 6, 'EDE2F0CC-2376-438A-B5FB-FACD867E38EF', 'd08ef0f1-9cb6-4b8f-966a-eba85114f597', N'Nguyễn Đình Tạo');
INSERT INTO CovidChinhThuc.dbo.ChiTiet_NguoiCoCong (ID_ThongTin, NguoiTaoDL) VALUES ('39791591-660b-4137-b30a-5250398c1e2a', N'Nguyễn Đình Tạo');
-- row: [273]);
INSERT INTO CovidChinhThuc.dbo.CaNhan (ID, HoTen, NgaySinh, CMND, SinhNam, DiaChi, IDPhuongXa, IDQuanHuyen, SoKhaiSinh, NguoiTaoDL) VALUES ('7f15b938-1e19-441d-b72e-7b0727ea0113', N'Võ Thị Bưởi', '1940-01-01', '211704312', 1940, N'Thượng Giang 1', 95, 7, NULL, N'Nguyễn Đình Tạo');
INSERT INTO CovidChinhThuc.dbo.ThongTinHoTro (ID, IDNoiDung, IDDoiTuong, IDCaNhan, NguoiTaoDL) VALUES ('37233fc7-c24e-4b08-a9bf-7aab012a1a76', 6, '3A65F299-2EFA-4982-BF70-81D7B5024935', '7f15b938-1e19-441d-b72e-7b0727ea0113', N'Nguyễn Đình Tạo');
INSERT INTO CovidChinhThuc.dbo.ChiTiet_NguoiCoCong (ID_ThongTin, NguoiTaoDL) VALUES ('37233fc7-c24e-4b08-a9bf-7aab012a1a76', N'Nguyễn Đình Tạo');
-- row: [274]);
INSERT INTO CovidChinhThuc.dbo.CaNhan (ID, HoTen, NgaySinh, CMND, SinhNam, DiaChi, IDPhuongXa, IDQuanHuyen, SoKhaiSinh, NguoiTaoDL) VALUES ('9ade8fe0-28a6-48ed-9c78-4e3fb0d25aaf', N'Võ Thị Ngọc', '1937-01-01', '210844216', 1937, N'Tả Giang 2', 95, 7, NULL, N'Nguyễn Đình Tạo');
INSERT INTO CovidChinhThuc.dbo.ThongTinHoTro (ID, IDNoiDung, IDDoiTuong, IDCaNhan, NguoiTaoDL) VALUES ('591ca81c-bd2c-4ed5-82f7-720836328121', 6, NULL, '9ade8fe0-28a6-48ed-9c78-4e3fb0d25aaf', N'Nguyễn Đình Tạo');
INSERT INTO CovidChinhThuc.dbo.ChiTiet_NguoiCoCong (ID_ThongTin, NguoiTaoDL) VALUES ('591ca81c-bd2c-4ed5-82f7-720836328121', N'Nguyễn Đình Tạo');
-- row: [275]);
INSERT INTO CovidChinhThuc.dbo.CaNhan (ID, HoTen, NgaySinh, CMND, SinhNam, DiaChi, IDPhuongXa, IDQuanHuyen, SoKhaiSinh, NguoiTaoDL) VALUES ('499e11b0-af09-446e-876b-efe90719c84e', N'Đinh Râu', '1945-01-01', '210811000', 1945, N'Làng Kon giọt 1', 102, 7, NULL, N'Nguyễn Đình Tạo');
INSERT INTO CovidChinhThuc.dbo.ThongTinHoTro (ID, IDNoiDung, IDDoiTuong, IDCaNhan, NguoiTaoDL) VALUES ('f02d63ea-17ea-47d8-aebc-8f04d1a9c963', 6, 'EDE2F0CC-2376-438A-B5FB-FACD867E38EF', '499e11b0-af09-446e-876b-efe90719c84e', N'Nguyễn Đình Tạo');
INSERT INTO CovidChinhThuc.dbo.ChiTiet_NguoiCoCong (ID_ThongTin, NguoiTaoDL) VALUES ('f02d63ea-17ea-47d8-aebc-8f04d1a9c963', N'Nguyễn Đình Tạo');
-- row: [276]);
INSERT INTO CovidChinhThuc.dbo.CaNhan (ID, HoTen, NgaySinh, CMND, SinhNam, DiaChi, IDPhuongXa, IDQuanHuyen, SoKhaiSinh, NguoiTaoDL) VALUES ('88bc81e7-2eaf-46a8-ba2a-22a9e89f1f58', N'Đinh Cơ', '1946-01-01', NULL, 1946, N'Làng Kon giọt 1', 102, 7, NULL, N'Nguyễn Đình Tạo');
INSERT INTO CovidChinhThuc.dbo.ThongTinHoTro (ID, IDNoiDung, IDDoiTuong, IDCaNhan, NguoiTaoDL) VALUES ('08fb6792-e4c1-4409-9250-1a4acd9b9464', 6, '78AC3F79-5C50-4ACB-B626-E51ED3D4E8E5', '88bc81e7-2eaf-46a8-ba2a-22a9e89f1f58', N'Nguyễn Đình Tạo');
INSERT INTO CovidChinhThuc.dbo.ChiTiet_NguoiCoCong (ID_ThongTin, NguoiTaoDL) VALUES ('08fb6792-e4c1-4409-9250-1a4acd9b9464', N'Nguyễn Đình Tạo');
-- row: [277]);
INSERT INTO CovidChinhThuc.dbo.CaNhan (ID, HoTen, NgaySinh, CMND, SinhNam, DiaChi, IDPhuongXa, IDQuanHuyen, SoKhaiSinh, NguoiTaoDL) VALUES ('d49920bd-20b8-471c-a089-a4279d8c4ddc', N'Đinh Thị Đào', '1948-01-01', NULL, 1948, N'Làng Kon giọt 1', 102, 7, NULL, N'Nguyễn Đình Tạo');
INSERT INTO CovidChinhThuc.dbo.ThongTinHoTro (ID, IDNoiDung, IDDoiTuong, IDCaNhan, NguoiTaoDL) VALUES ('a767026a-eafc-4f39-9647-6aaf441cadf9', 6, '78AC3F79-5C50-4ACB-B626-E51ED3D4E8E5', 'd49920bd-20b8-471c-a089-a4279d8c4ddc', N'Nguyễn Đình Tạo');
INSERT INTO CovidChinhThuc.dbo.ChiTiet_NguoiCoCong (ID_ThongTin, NguoiTaoDL) VALUES ('a767026a-eafc-4f39-9647-6aaf441cadf9', N'Nguyễn Đình Tạo');
-- row: [278]);
INSERT INTO CovidChinhThuc.dbo.CaNhan (ID, HoTen, NgaySinh, CMND, SinhNam, DiaChi, IDPhuongXa, IDQuanHuyen, SoKhaiSinh, NguoiTaoDL) VALUES ('2491cbec-163f-45e8-9565-0e3dea3234f8', N'Định Thị Lanh', '1959-01-01', '211644489', 1959, N'Làng Kon giọt 1', 102, 7, NULL, N'Nguyễn Đình Tạo');
INSERT INTO CovidChinhThuc.dbo.ThongTinHoTro (ID, IDNoiDung, IDDoiTuong, IDCaNhan, NguoiTaoDL) VALUES ('92ad68b8-d321-482f-9777-f22b1ca9302d', 6, '78AC3F79-5C50-4ACB-B626-E51ED3D4E8E5', '2491cbec-163f-45e8-9565-0e3dea3234f8', N'Nguyễn Đình Tạo');
INSERT INTO CovidChinhThuc.dbo.ChiTiet_NguoiCoCong (ID_ThongTin, NguoiTaoDL) VALUES ('92ad68b8-d321-482f-9777-f22b1ca9302d', N'Nguyễn Đình Tạo');
-- row: [279]);
INSERT INTO CovidChinhThuc.dbo.CaNhan (ID, HoTen, NgaySinh, CMND, SinhNam, DiaChi, IDPhuongXa, IDQuanHuyen, SoKhaiSinh, NguoiTaoDL) VALUES ('7aee0ecd-c517-4492-8f0a-5d27dfd12f5a', N'Đinh Thị Thái', '1958-01-01', '215350275', 1958, N'Làng Kon giọt 1', 102, 7, NULL, N'Nguyễn Đình Tạo');
INSERT INTO CovidChinhThuc.dbo.ThongTinHoTro (ID, IDNoiDung, IDDoiTuong, IDCaNhan, NguoiTaoDL) VALUES ('4d1f171e-6dd4-4055-8d0e-88ffb7ea058c', 6, '78AC3F79-5C50-4ACB-B626-E51ED3D4E8E5', '7aee0ecd-c517-4492-8f0a-5d27dfd12f5a', N'Nguyễn Đình Tạo');
INSERT INTO CovidChinhThuc.dbo.ChiTiet_NguoiCoCong (ID_ThongTin, NguoiTaoDL) VALUES ('4d1f171e-6dd4-4055-8d0e-88ffb7ea058c', N'Nguyễn Đình Tạo');
-- row: [280]);
INSERT INTO CovidChinhThuc.dbo.CaNhan (ID, HoTen, NgaySinh, CMND, SinhNam, DiaChi, IDPhuongXa, IDQuanHuyen, SoKhaiSinh, NguoiTaoDL) VALUES ('5a038e59-8017-4fdd-b987-c2c30333f87a', N'Đinh Sơn', '1953-01-01', '211768568', 1953, N'Làng Kon giọt 2', 102, 7, NULL, N'Nguyễn Đình Tạo');
INSERT INTO CovidChinhThuc.dbo.ThongTinHoTro (ID, IDNoiDung, IDDoiTuong, IDCaNhan, NguoiTaoDL) VALUES ('af81186a-55e1-4dab-8f99-326c388ccf0a', 6, '78AC3F79-5C50-4ACB-B626-E51ED3D4E8E5', '5a038e59-8017-4fdd-b987-c2c30333f87a', N'Nguyễn Đình Tạo');
INSERT INTO CovidChinhThuc.dbo.ChiTiet_NguoiCoCong (ID_ThongTin, NguoiTaoDL) VALUES ('af81186a-55e1-4dab-8f99-326c388ccf0a', N'Nguyễn Đình Tạo');
-- row: [281]);
INSERT INTO CovidChinhThuc.dbo.CaNhan (ID, HoTen, NgaySinh, CMND, SinhNam, DiaChi, IDPhuongXa, IDQuanHuyen, SoKhaiSinh, NguoiTaoDL) VALUES ('d7e550c4-7a7a-4970-9398-c9eb2d56c13e', N'Đinh Thị Krăng', '1948-01-01', '211538211', 1948, N'Làng Xà Tang', 102, 7, NULL, N'Nguyễn Đình Tạo');
INSERT INTO CovidChinhThuc.dbo.ThongTinHoTro (ID, IDNoiDung, IDDoiTuong, IDCaNhan, NguoiTaoDL) VALUES ('56ca7c3b-e7d6-4323-9b42-0798196e164b', 6, '78AC3F79-5C50-4ACB-B626-E51ED3D4E8E5', 'd7e550c4-7a7a-4970-9398-c9eb2d56c13e', N'Nguyễn Đình Tạo');
INSERT INTO CovidChinhThuc.dbo.ChiTiet_NguoiCoCong (ID_ThongTin, NguoiTaoDL) VALUES ('56ca7c3b-e7d6-4323-9b42-0798196e164b', N'Nguyễn Đình Tạo');
-- row: [282]);
INSERT INTO CovidChinhThuc.dbo.CaNhan (ID, HoTen, NgaySinh, CMND, SinhNam, DiaChi, IDPhuongXa, IDQuanHuyen, SoKhaiSinh, NguoiTaoDL) VALUES ('c5d71aae-4eaf-4ab4-9ba3-307e1a9d446a', N'Đinh Mỡ', '1941-01-01', '211310346', 1941, N'Làng Xà Tang', 102, 7, NULL, N'Nguyễn Đình Tạo');
INSERT INTO CovidChinhThuc.dbo.ThongTinHoTro (ID, IDNoiDung, IDDoiTuong, IDCaNhan, NguoiTaoDL) VALUES ('6a0b9c91-89b0-4105-b081-6413ec841887', 6, '78AC3F79-5C50-4ACB-B626-E51ED3D4E8E5', 'c5d71aae-4eaf-4ab4-9ba3-307e1a9d446a', N'Nguyễn Đình Tạo');
INSERT INTO CovidChinhThuc.dbo.ChiTiet_NguoiCoCong (ID_ThongTin, NguoiTaoDL) VALUES ('6a0b9c91-89b0-4105-b081-6413ec841887', N'Nguyễn Đình Tạo');
-- row: [283]);
INSERT INTO CovidChinhThuc.dbo.CaNhan (ID, HoTen, NgaySinh, CMND, SinhNam, DiaChi, IDPhuongXa, IDQuanHuyen, SoKhaiSinh, NguoiTaoDL) VALUES ('0f37121a-6d1d-4775-b99f-9f94114c5835', N'Đinh Lữ', '1953-01-01', '210810963', 1953, N'Làng Kon Giang', 102, 7, NULL, N'Nguyễn Đình Tạo');
INSERT INTO CovidChinhThuc.dbo.ThongTinHoTro (ID, IDNoiDung, IDDoiTuong, IDCaNhan, NguoiTaoDL) VALUES ('03eb7b16-755a-4bef-9ac7-8059ff4e2f47', 6, '78AC3F79-5C50-4ACB-B626-E51ED3D4E8E5', '0f37121a-6d1d-4775-b99f-9f94114c5835', N'Nguyễn Đình Tạo');
INSERT INTO CovidChinhThuc.dbo.ChiTiet_NguoiCoCong (ID_ThongTin, NguoiTaoDL) VALUES ('03eb7b16-755a-4bef-9ac7-8059ff4e2f47', N'Nguyễn Đình Tạo');
-- row: [284]);
INSERT INTO CovidChinhThuc.dbo.CaNhan (ID, HoTen, NgaySinh, CMND, SinhNam, DiaChi, IDPhuongXa, IDQuanHuyen, SoKhaiSinh, NguoiTaoDL) VALUES ('90523cb9-4949-436a-a734-80331cddfcd0', N'Đinh Lắp', '1944-01-01', '210862008', 1944, N'Làng Kon Giang', 102, 7, NULL, N'Nguyễn Đình Tạo');
INSERT INTO CovidChinhThuc.dbo.ThongTinHoTro (ID, IDNoiDung, IDDoiTuong, IDCaNhan, NguoiTaoDL) VALUES ('a5dea2ef-c552-4ca7-9ba8-ae9e4eb65efe', 6, '78AC3F79-5C50-4ACB-B626-E51ED3D4E8E5', '90523cb9-4949-436a-a734-80331cddfcd0', N'Nguyễn Đình Tạo');
INSERT INTO CovidChinhThuc.dbo.ChiTiet_NguoiCoCong (ID_ThongTin, NguoiTaoDL) VALUES ('a5dea2ef-c552-4ca7-9ba8-ae9e4eb65efe', N'Nguyễn Đình Tạo');
-- row: [285]);
INSERT INTO CovidChinhThuc.dbo.CaNhan (ID, HoTen, NgaySinh, CMND, SinhNam, DiaChi, IDPhuongXa, IDQuanHuyen, SoKhaiSinh, NguoiTaoDL) VALUES ('edc5181a-fe6e-45cb-b79f-821cedbf00b4', N'Đinh Thị Đên', '1940-01-01', '215330802', 1940, N'Làng Kon giọt 2', 102, 7, NULL, N'Nguyễn Đình Tạo');
INSERT INTO CovidChinhThuc.dbo.ThongTinHoTro (ID, IDNoiDung, IDDoiTuong, IDCaNhan, NguoiTaoDL) VALUES ('8e95cd5f-1d36-4282-b7fc-c18e7b94c0bd', 6, '41B0E9CD-732C-4E19-AAEC-3DC041CB6144', 'edc5181a-fe6e-45cb-b79f-821cedbf00b4', N'Nguyễn Đình Tạo');
INSERT INTO CovidChinhThuc.dbo.ChiTiet_NguoiCoCong (ID_ThongTin, NguoiTaoDL) VALUES ('8e95cd5f-1d36-4282-b7fc-c18e7b94c0bd', N'Nguyễn Đình Tạo');
-- row: [286]);
INSERT INTO CovidChinhThuc.dbo.CaNhan (ID, HoTen, NgaySinh, CMND, SinhNam, DiaChi, IDPhuongXa, IDQuanHuyen, SoKhaiSinh, NguoiTaoDL) VALUES ('ee02ba7a-460f-423f-ba1d-3df6247eb3e8', N'Đinh Ty', '1937-01-01', '211644480', 1937, N'Làng Kon giọt 2', 102, 7, NULL, N'Nguyễn Đình Tạo');
INSERT INTO CovidChinhThuc.dbo.ThongTinHoTro (ID, IDNoiDung, IDDoiTuong, IDCaNhan, NguoiTaoDL) VALUES ('1ff7d672-63e9-43e0-85eb-08408a4e2e6b', 6, '41B0E9CD-732C-4E19-AAEC-3DC041CB6144', 'ee02ba7a-460f-423f-ba1d-3df6247eb3e8', N'Nguyễn Đình Tạo');
INSERT INTO CovidChinhThuc.dbo.ChiTiet_NguoiCoCong (ID_ThongTin, NguoiTaoDL) VALUES ('1ff7d672-63e9-43e0-85eb-08408a4e2e6b', N'Nguyễn Đình Tạo');
-- row: [287]);
INSERT INTO CovidChinhThuc.dbo.CaNhan (ID, HoTen, NgaySinh, CMND, SinhNam, DiaChi, IDPhuongXa, IDQuanHuyen, SoKhaiSinh, NguoiTaoDL) VALUES ('16b26c26-85c4-44d2-9b7b-5c9c470b6852', N'Đinh Hương', '1933-01-01', '210862040', 1933, N'Làng Kon giọt 1', 102, 7, NULL, N'Nguyễn Đình Tạo');
INSERT INTO CovidChinhThuc.dbo.ThongTinHoTro (ID, IDNoiDung, IDDoiTuong, IDCaNhan, NguoiTaoDL) VALUES ('9340c420-652b-46ad-99ee-c7f36daeef26', 6, '41B0E9CD-732C-4E19-AAEC-3DC041CB6144', '16b26c26-85c4-44d2-9b7b-5c9c470b6852', N'Nguyễn Đình Tạo');
INSERT INTO CovidChinhThuc.dbo.ChiTiet_NguoiCoCong (ID_ThongTin, NguoiTaoDL) VALUES ('9340c420-652b-46ad-99ee-c7f36daeef26', N'Nguyễn Đình Tạo');
-- row: [288]);
INSERT INTO CovidChinhThuc.dbo.CaNhan (ID, HoTen, NgaySinh, CMND, SinhNam, DiaChi, IDPhuongXa, IDQuanHuyen, SoKhaiSinh, NguoiTaoDL) VALUES ('51bdbb12-c06c-4d5e-a8d0-223fef7aa526', N'Đinh Thị Ray', '1950-01-01', '211310292', 1950, N'Làng Kon giọt 1', 102, 7, NULL, N'Nguyễn Đình Tạo');
INSERT INTO CovidChinhThuc.dbo.ThongTinHoTro (ID, IDNoiDung, IDDoiTuong, IDCaNhan, NguoiTaoDL) VALUES ('37e5aadb-2f0a-4617-b3cf-2b59e650a19d', 6, '41B0E9CD-732C-4E19-AAEC-3DC041CB6144', '51bdbb12-c06c-4d5e-a8d0-223fef7aa526', N'Nguyễn Đình Tạo');
INSERT INTO CovidChinhThuc.dbo.ChiTiet_NguoiCoCong (ID_ThongTin, NguoiTaoDL) VALUES ('37e5aadb-2f0a-4617-b3cf-2b59e650a19d', N'Nguyễn Đình Tạo');
-- row: [289]);
INSERT INTO CovidChinhThuc.dbo.CaNhan (ID, HoTen, NgaySinh, CMND, SinhNam, DiaChi, IDPhuongXa, IDQuanHuyen, SoKhaiSinh, NguoiTaoDL) VALUES ('b4bcb78d-1039-49dc-99b6-86a71416b610', N'Đinh Thị Đói', '1940-01-01', '211768559', 1940, N'Làng Kon giọt 1', 102, 7, NULL, N'Nguyễn Đình Tạo');
INSERT INTO CovidChinhThuc.dbo.ThongTinHoTro (ID, IDNoiDung, IDDoiTuong, IDCaNhan, NguoiTaoDL) VALUES ('62b8de89-2370-472f-b151-389fb87cd56c', 6, '41B0E9CD-732C-4E19-AAEC-3DC041CB6144', 'b4bcb78d-1039-49dc-99b6-86a71416b610', N'Nguyễn Đình Tạo');
INSERT INTO CovidChinhThuc.dbo.ChiTiet_NguoiCoCong (ID_ThongTin, NguoiTaoDL) VALUES ('62b8de89-2370-472f-b151-389fb87cd56c', N'Nguyễn Đình Tạo');
-- row: [290]);
INSERT INTO CovidChinhThuc.dbo.CaNhan (ID, HoTen, NgaySinh, CMND, SinhNam, DiaChi, IDPhuongXa, IDQuanHuyen, SoKhaiSinh, NguoiTaoDL) VALUES ('46a1b857-c99a-4553-b437-4f2669d37f93', N'Đinh Thị Vôi', '1925-01-01', '211768558', 1925, N'Làng Kon giọt 1', 102, 7, NULL, N'Nguyễn Đình Tạo');
INSERT INTO CovidChinhThuc.dbo.ThongTinHoTro (ID, IDNoiDung, IDDoiTuong, IDCaNhan, NguoiTaoDL) VALUES ('236ab95b-b2ff-4ad5-a93e-4fde601f1941', 6, '41B0E9CD-732C-4E19-AAEC-3DC041CB6144', '46a1b857-c99a-4553-b437-4f2669d37f93', N'Nguyễn Đình Tạo');
INSERT INTO CovidChinhThuc.dbo.ChiTiet_NguoiCoCong (ID_ThongTin, NguoiTaoDL) VALUES ('236ab95b-b2ff-4ad5-a93e-4fde601f1941', N'Nguyễn Đình Tạo');
-- row: [291]);
INSERT INTO CovidChinhThuc.dbo.CaNhan (ID, HoTen, NgaySinh, CMND, SinhNam, DiaChi, IDPhuongXa, IDQuanHuyen, SoKhaiSinh, NguoiTaoDL) VALUES ('8a608d13-1582-46e4-aa27-c429e55595af', N'Đinh Thị Ngát', '1953-01-01', '211210264', 1953, N'Làng Kon Mon', 102, 7, NULL, N'Nguyễn Đình Tạo');
INSERT INTO CovidChinhThuc.dbo.ThongTinHoTro (ID, IDNoiDung, IDDoiTuong, IDCaNhan, NguoiTaoDL) VALUES ('10b26340-5881-40b5-9771-5876d42154e9', 6, '41B0E9CD-732C-4E19-AAEC-3DC041CB6144', '8a608d13-1582-46e4-aa27-c429e55595af', N'Nguyễn Đình Tạo');
INSERT INTO CovidChinhThuc.dbo.ChiTiet_NguoiCoCong (ID_ThongTin, NguoiTaoDL) VALUES ('10b26340-5881-40b5-9771-5876d42154e9', N'Nguyễn Đình Tạo');
-- row: [292]);
INSERT INTO CovidChinhThuc.dbo.CaNhan (ID, HoTen, NgaySinh, CMND, SinhNam, DiaChi, IDPhuongXa, IDQuanHuyen, SoKhaiSinh, NguoiTaoDL) VALUES ('150032b4-6916-4683-9e75-a72bfd459821', N'Đinh Thị Nghe', '1940-01-01', '211310278', 1940, N'Làng Kon Mon', 102, 7, NULL, N'Nguyễn Đình Tạo');
INSERT INTO CovidChinhThuc.dbo.ThongTinHoTro (ID, IDNoiDung, IDDoiTuong, IDCaNhan, NguoiTaoDL) VALUES ('4fe7686c-d630-43a9-9703-a0e9e8a74fc8', 6, '41B0E9CD-732C-4E19-AAEC-3DC041CB6144', '150032b4-6916-4683-9e75-a72bfd459821', N'Nguyễn Đình Tạo');
INSERT INTO CovidChinhThuc.dbo.ChiTiet_NguoiCoCong (ID_ThongTin, NguoiTaoDL) VALUES ('4fe7686c-d630-43a9-9703-a0e9e8a74fc8', N'Nguyễn Đình Tạo');
-- row: [293]);
INSERT INTO CovidChinhThuc.dbo.CaNhan (ID, HoTen, NgaySinh, CMND, SinhNam, DiaChi, IDPhuongXa, IDQuanHuyen, SoKhaiSinh, NguoiTaoDL) VALUES ('745a0089-603c-4259-a9bd-67f32168643f', N'Đinh Thị Sốt', '1944-01-01', '211310274', 1944, N'Làng Kon Mon', 102, 7, NULL, N'Nguyễn Đình Tạo');
INSERT INTO CovidChinhThuc.dbo.ThongTinHoTro (ID, IDNoiDung, IDDoiTuong, IDCaNhan, NguoiTaoDL) VALUES ('0a3c065e-15df-4ef3-b513-140842ccd770', 6, '41B0E9CD-732C-4E19-AAEC-3DC041CB6144', '745a0089-603c-4259-a9bd-67f32168643f', N'Nguyễn Đình Tạo');
INSERT INTO CovidChinhThuc.dbo.ChiTiet_NguoiCoCong (ID_ThongTin, NguoiTaoDL) VALUES ('0a3c065e-15df-4ef3-b513-140842ccd770', N'Nguyễn Đình Tạo');
-- row: [294]);
INSERT INTO CovidChinhThuc.dbo.CaNhan (ID, HoTen, NgaySinh, CMND, SinhNam, DiaChi, IDPhuongXa, IDQuanHuyen, SoKhaiSinh, NguoiTaoDL) VALUES ('d85c44a2-0413-460c-8f46-18b5204c4b0e', N'Đinh Ameo', '1934-01-01', '230136077', 1934, N'Làng Kon Giang', 102, 7, NULL, N'Nguyễn Đình Tạo');
INSERT INTO CovidChinhThuc.dbo.ThongTinHoTro (ID, IDNoiDung, IDDoiTuong, IDCaNhan, NguoiTaoDL) VALUES ('4020b2a9-fd1c-462e-8bdb-1f532b9821ee', 6, '41B0E9CD-732C-4E19-AAEC-3DC041CB6144', 'd85c44a2-0413-460c-8f46-18b5204c4b0e', N'Nguyễn Đình Tạo');
INSERT INTO CovidChinhThuc.dbo.ChiTiet_NguoiCoCong (ID_ThongTin, NguoiTaoDL) VALUES ('4020b2a9-fd1c-462e-8bdb-1f532b9821ee', N'Nguyễn Đình Tạo');
-- row: [295]);
INSERT INTO CovidChinhThuc.dbo.CaNhan (ID, HoTen, NgaySinh, CMND, SinhNam, DiaChi, IDPhuongXa, IDQuanHuyen, SoKhaiSinh, NguoiTaoDL) VALUES ('dc968bcd-c8a0-4c54-8840-4d75075fbae8', N'Đinh Byoch', '1943-01-01', '230136053', 1943, N'Làng Kon Giang', 102, 7, NULL, N'Nguyễn Đình Tạo');
INSERT INTO CovidChinhThuc.dbo.ThongTinHoTro (ID, IDNoiDung, IDDoiTuong, IDCaNhan, NguoiTaoDL) VALUES ('f82f70ac-3187-445a-b712-f9f9ed1fdecc', 6, '41B0E9CD-732C-4E19-AAEC-3DC041CB6144', 'dc968bcd-c8a0-4c54-8840-4d75075fbae8', N'Nguyễn Đình Tạo');
INSERT INTO CovidChinhThuc.dbo.ChiTiet_NguoiCoCong (ID_ThongTin, NguoiTaoDL) VALUES ('f82f70ac-3187-445a-b712-f9f9ed1fdecc', N'Nguyễn Đình Tạo');
-- row: [296]);
INSERT INTO CovidChinhThuc.dbo.CaNhan (ID, HoTen, NgaySinh, CMND, SinhNam, DiaChi, IDPhuongXa, IDQuanHuyen, SoKhaiSinh, NguoiTaoDL) VALUES ('fef831fa-d1d1-445a-9cef-0269a0e29154', N'Đinh Thị Chá', '1946-01-01', '210862036', 1946, N'Làng Kon Giang', 102, 7, NULL, N'Nguyễn Đình Tạo');
INSERT INTO CovidChinhThuc.dbo.ThongTinHoTro (ID, IDNoiDung, IDDoiTuong, IDCaNhan, NguoiTaoDL) VALUES ('c968eb84-bfac-48f1-ae4c-d7ab22529c68', 6, '41B0E9CD-732C-4E19-AAEC-3DC041CB6144', 'fef831fa-d1d1-445a-9cef-0269a0e29154', N'Nguyễn Đình Tạo');
INSERT INTO CovidChinhThuc.dbo.ChiTiet_NguoiCoCong (ID_ThongTin, NguoiTaoDL) VALUES ('c968eb84-bfac-48f1-ae4c-d7ab22529c68', N'Nguyễn Đình Tạo');
-- row: [297]);
INSERT INTO CovidChinhThuc.dbo.CaNhan (ID, HoTen, NgaySinh, CMND, SinhNam, DiaChi, IDPhuongXa, IDQuanHuyen, SoKhaiSinh, NguoiTaoDL) VALUES ('3f601771-95bb-4d36-9cc9-200aad98e681', N'Đinh Thị Lông', '1950-01-01', '210862021', 1950, N'Làng Kon Giang', 102, 7, NULL, N'Nguyễn Đình Tạo');
INSERT INTO CovidChinhThuc.dbo.ThongTinHoTro (ID, IDNoiDung, IDDoiTuong, IDCaNhan, NguoiTaoDL) VALUES ('c65f1a6e-4bb6-4962-895e-20bd643c6e5d', 6, '41B0E9CD-732C-4E19-AAEC-3DC041CB6144', '3f601771-95bb-4d36-9cc9-200aad98e681', N'Nguyễn Đình Tạo');
INSERT INTO CovidChinhThuc.dbo.ChiTiet_NguoiCoCong (ID_ThongTin, NguoiTaoDL) VALUES ('c65f1a6e-4bb6-4962-895e-20bd643c6e5d', N'Nguyễn Đình Tạo');
-- row: [298]);
INSERT INTO CovidChinhThuc.dbo.CaNhan (ID, HoTen, NgaySinh, CMND, SinhNam, DiaChi, IDPhuongXa, IDQuanHuyen, SoKhaiSinh, NguoiTaoDL) VALUES ('e0856981-3846-4cef-9c40-df8679f6eddc', N'Đinh Thị Lơ', '1949-01-01', '211768528', 1949, N'Làng Kon Giang', 102, 7, NULL, N'Nguyễn Đình Tạo');
INSERT INTO CovidChinhThuc.dbo.ThongTinHoTro (ID, IDNoiDung, IDDoiTuong, IDCaNhan, NguoiTaoDL) VALUES ('4ce8d3af-d177-4c1c-bb54-6dde95f7ef9f', 6, '41B0E9CD-732C-4E19-AAEC-3DC041CB6144', 'e0856981-3846-4cef-9c40-df8679f6eddc', N'Nguyễn Đình Tạo');
INSERT INTO CovidChinhThuc.dbo.ChiTiet_NguoiCoCong (ID_ThongTin, NguoiTaoDL) VALUES ('4ce8d3af-d177-4c1c-bb54-6dde95f7ef9f', N'Nguyễn Đình Tạo');
-- row: [299]);
INSERT INTO CovidChinhThuc.dbo.CaNhan (ID, HoTen, NgaySinh, CMND, SinhNam, DiaChi, IDPhuongXa, IDQuanHuyen, SoKhaiSinh, NguoiTaoDL) VALUES ('e36978b1-a89c-48e8-b480-fcd4748773c5', N'Đinh Tôn', '1943-01-01', '210862004', 1943, N'Làng Kon Giang', 102, 7, NULL, N'Nguyễn Đình Tạo');
INSERT INTO CovidChinhThuc.dbo.ThongTinHoTro (ID, IDNoiDung, IDDoiTuong, IDCaNhan, NguoiTaoDL) VALUES ('014ac85b-4209-477f-8fcb-af2077398954', 6, '41B0E9CD-732C-4E19-AAEC-3DC041CB6144', 'e36978b1-a89c-48e8-b480-fcd4748773c5', N'Nguyễn Đình Tạo');
INSERT INTO CovidChinhThuc.dbo.ChiTiet_NguoiCoCong (ID_ThongTin, NguoiTaoDL) VALUES ('014ac85b-4209-477f-8fcb-af2077398954', N'Nguyễn Đình Tạo');
-- row: [300]);
INSERT INTO CovidChinhThuc.dbo.CaNhan (ID, HoTen, NgaySinh, CMND, SinhNam, DiaChi, IDPhuongXa, IDQuanHuyen, SoKhaiSinh, NguoiTaoDL) VALUES ('ce2b734f-8d3f-410c-8130-e4db2e0c4b89', N'Đinh Thơm', '1925-01-01', '210810960', 1925, N'Làng Kon Giang', 102, 7, NULL, N'Nguyễn Đình Tạo');
INSERT INTO CovidChinhThuc.dbo.ThongTinHoTro (ID, IDNoiDung, IDDoiTuong, IDCaNhan, NguoiTaoDL) VALUES ('40427563-7bc2-43c8-b2a4-e6f15a64bd25', 6, '41B0E9CD-732C-4E19-AAEC-3DC041CB6144', 'ce2b734f-8d3f-410c-8130-e4db2e0c4b89', N'Nguyễn Đình Tạo');
INSERT INTO CovidChinhThuc.dbo.ChiTiet_NguoiCoCong (ID_ThongTin, NguoiTaoDL) VALUES ('40427563-7bc2-43c8-b2a4-e6f15a64bd25', N'Nguyễn Đình Tạo');
-- row: [301]);
INSERT INTO CovidChinhThuc.dbo.CaNhan (ID, HoTen, NgaySinh, CMND, SinhNam, DiaChi, IDPhuongXa, IDQuanHuyen, SoKhaiSinh, NguoiTaoDL) VALUES ('38c93d18-0d11-4ac5-9fa0-61c8a2d5d9dd', N'Đinh Thị Vâng', '1948-01-01', '210810959', 1948, N'Làng Kon Giang', 102, 7, NULL, N'Nguyễn Đình Tạo');
INSERT INTO CovidChinhThuc.dbo.ThongTinHoTro (ID, IDNoiDung, IDDoiTuong, IDCaNhan, NguoiTaoDL) VALUES ('57f3224e-fc32-46b5-bcbf-d8f62db37ac1', 6, '41B0E9CD-732C-4E19-AAEC-3DC041CB6144', '38c93d18-0d11-4ac5-9fa0-61c8a2d5d9dd', N'Nguyễn Đình Tạo');
INSERT INTO CovidChinhThuc.dbo.ChiTiet_NguoiCoCong (ID_ThongTin, NguoiTaoDL) VALUES ('57f3224e-fc32-46b5-bcbf-d8f62db37ac1', N'Nguyễn Đình Tạo');
-- row: [302]);
INSERT INTO CovidChinhThuc.dbo.CaNhan (ID, HoTen, NgaySinh, CMND, SinhNam, DiaChi, IDPhuongXa, IDQuanHuyen, SoKhaiSinh, NguoiTaoDL) VALUES ('a8ec0d68-965c-41a9-8a91-811ccffcc57e', N'Đinh Khét', '1943-01-01', '211310370', 1943, N'Làng Xà Tang', 102, 7, NULL, N'Nguyễn Đình Tạo');
INSERT INTO CovidChinhThuc.dbo.ThongTinHoTro (ID, IDNoiDung, IDDoiTuong, IDCaNhan, NguoiTaoDL) VALUES ('dfaf59bd-bb00-4bbf-9bcc-c70a12f4d6d5', 6, '41B0E9CD-732C-4E19-AAEC-3DC041CB6144', 'a8ec0d68-965c-41a9-8a91-811ccffcc57e', N'Nguyễn Đình Tạo');
INSERT INTO CovidChinhThuc.dbo.ChiTiet_NguoiCoCong (ID_ThongTin, NguoiTaoDL) VALUES ('dfaf59bd-bb00-4bbf-9bcc-c70a12f4d6d5', N'Nguyễn Đình Tạo');
-- row: [303]);
INSERT INTO CovidChinhThuc.dbo.CaNhan (ID, HoTen, NgaySinh, CMND, SinhNam, DiaChi, IDPhuongXa, IDQuanHuyen, SoKhaiSinh, NguoiTaoDL) VALUES ('0fd23500-0e37-435b-b19d-35cf068a0cfa', N'Bùi Thị Hồng Phương', '1956-01-01', '211030965', 1956, N'Phú Thịnh', 105, 7, NULL, N'Nguyễn Đình Tạo');
INSERT INTO CovidChinhThuc.dbo.ThongTinHoTro (ID, IDNoiDung, IDDoiTuong, IDCaNhan, NguoiTaoDL) VALUES ('112b43d2-0b93-47ab-9375-b28d3487b3a7', 6, NULL, '0fd23500-0e37-435b-b19d-35cf068a0cfa', N'Nguyễn Đình Tạo');
INSERT INTO CovidChinhThuc.dbo.ChiTiet_NguoiCoCong (ID_ThongTin, NguoiTaoDL) VALUES ('112b43d2-0b93-47ab-9375-b28d3487b3a7', N'Nguyễn Đình Tạo');
-- row: [304]);
INSERT INTO CovidChinhThuc.dbo.CaNhan (ID, HoTen, NgaySinh, CMND, SinhNam, DiaChi, IDPhuongXa, IDQuanHuyen, SoKhaiSinh, NguoiTaoDL) VALUES ('598406d8-6501-4191-b09d-d965a9364239', N'Cáp Thị Nhung', '1945-01-01', '210842861', 1945, N'Phú Thịnh', 105, 7, NULL, N'Nguyễn Đình Tạo');
INSERT INTO CovidChinhThuc.dbo.ThongTinHoTro (ID, IDNoiDung, IDDoiTuong, IDCaNhan, NguoiTaoDL) VALUES ('0a11f00c-61c2-46af-9204-8e30c825ab2f', 6, 'EDE2F0CC-2376-438A-B5FB-FACD867E38EF', '598406d8-6501-4191-b09d-d965a9364239', N'Nguyễn Đình Tạo');
INSERT INTO CovidChinhThuc.dbo.ChiTiet_NguoiCoCong (ID_ThongTin, NguoiTaoDL) VALUES ('0a11f00c-61c2-46af-9204-8e30c825ab2f', N'Nguyễn Đình Tạo');
-- row: [305]);
INSERT INTO CovidChinhThuc.dbo.CaNhan (ID, HoTen, NgaySinh, CMND, SinhNam, DiaChi, IDPhuongXa, IDQuanHuyen, SoKhaiSinh, NguoiTaoDL) VALUES ('76489774-b000-4ca5-812e-2461e9aa42ff', N'Châu Thị Tuyết', '1946-01-01', '211026690', 1946, N'Phú Thịnh', 105, 7, NULL, N'Nguyễn Đình Tạo');
INSERT INTO CovidChinhThuc.dbo.ThongTinHoTro (ID, IDNoiDung, IDDoiTuong, IDCaNhan, NguoiTaoDL) VALUES ('a6925b69-b67a-454b-bbf7-63c6a63751ad', 6, 'EDE2F0CC-2376-438A-B5FB-FACD867E38EF', '76489774-b000-4ca5-812e-2461e9aa42ff', N'Nguyễn Đình Tạo');
INSERT INTO CovidChinhThuc.dbo.ChiTiet_NguoiCoCong (ID_ThongTin, NguoiTaoDL) VALUES ('a6925b69-b67a-454b-bbf7-63c6a63751ad', N'Nguyễn Đình Tạo');
-- row: [306]);
INSERT INTO CovidChinhThuc.dbo.CaNhan (ID, HoTen, NgaySinh, CMND, SinhNam, DiaChi, IDPhuongXa, IDQuanHuyen, SoKhaiSinh, NguoiTaoDL) VALUES ('b7cb61d6-6068-464e-a1fd-9b0214390c1e', N'Đặng Thị Bảo', '1940-01-01', '210915629', 1940, N'Phú Mỹ', 105, 7, NULL, N'Nguyễn Đình Tạo');
INSERT INTO CovidChinhThuc.dbo.ThongTinHoTro (ID, IDNoiDung, IDDoiTuong, IDCaNhan, NguoiTaoDL) VALUES ('51cea09d-b725-409f-8d6b-a1d3120c8fdd', 6, 'EDE2F0CC-2376-438A-B5FB-FACD867E38EF', 'b7cb61d6-6068-464e-a1fd-9b0214390c1e', N'Nguyễn Đình Tạo');
INSERT INTO CovidChinhThuc.dbo.ChiTiet_NguoiCoCong (ID_ThongTin, NguoiTaoDL) VALUES ('51cea09d-b725-409f-8d6b-a1d3120c8fdd', N'Nguyễn Đình Tạo');
-- row: [307]);
INSERT INTO CovidChinhThuc.dbo.CaNhan (ID, HoTen, NgaySinh, CMND, SinhNam, DiaChi, IDPhuongXa, IDQuanHuyen, SoKhaiSinh, NguoiTaoDL) VALUES ('e91186f8-bdcc-46bb-b2eb-447c0ce08f4f', N'Đào Văn Thái', '1957-01-01', '211362469', 1957, N'Phú Thịnh', 105, 7, NULL, N'Nguyễn Đình Tạo');
INSERT INTO CovidChinhThuc.dbo.ThongTinHoTro (ID, IDNoiDung, IDDoiTuong, IDCaNhan, NguoiTaoDL) VALUES ('c9688376-2778-4b93-868c-bf68d17b04bf', 6, 'EDE2F0CC-2376-438A-B5FB-FACD867E38EF', 'e91186f8-bdcc-46bb-b2eb-447c0ce08f4f', N'Nguyễn Đình Tạo');
INSERT INTO CovidChinhThuc.dbo.ChiTiet_NguoiCoCong (ID_ThongTin, NguoiTaoDL) VALUES ('c9688376-2778-4b93-868c-bf68d17b04bf', N'Nguyễn Đình Tạo');
-- row: [308]);
INSERT INTO CovidChinhThuc.dbo.CaNhan (ID, HoTen, NgaySinh, CMND, SinhNam, DiaChi, IDPhuongXa, IDQuanHuyen, SoKhaiSinh, NguoiTaoDL) VALUES ('5b14f687-b748-4013-88b8-3a7057689189', N'Đoàn Thị Liễn', '1942-01-01', '210915401', 1942, N'Phú Mỹ', 105, 7, NULL, N'Nguyễn Đình Tạo');
INSERT INTO CovidChinhThuc.dbo.ThongTinHoTro (ID, IDNoiDung, IDDoiTuong, IDCaNhan, NguoiTaoDL) VALUES ('8602636e-7412-4979-b57a-58717018569d', 6, 'EDE2F0CC-2376-438A-B5FB-FACD867E38EF', '5b14f687-b748-4013-88b8-3a7057689189', N'Nguyễn Đình Tạo');
INSERT INTO CovidChinhThuc.dbo.ChiTiet_NguoiCoCong (ID_ThongTin, NguoiTaoDL) VALUES ('8602636e-7412-4979-b57a-58717018569d', N'Nguyễn Đình Tạo');
-- row: [309]);
INSERT INTO CovidChinhThuc.dbo.CaNhan (ID, HoTen, NgaySinh, CMND, SinhNam, DiaChi, IDPhuongXa, IDQuanHuyen, SoKhaiSinh, NguoiTaoDL) VALUES ('f36955ff-4124-4fbe-be7a-5b9996212262', N'Hà Thị Hương', '1940-01-01', '210915695', 1940, N'Phú Mỹ', 105, 7, NULL, N'Nguyễn Đình Tạo');
INSERT INTO CovidChinhThuc.dbo.ThongTinHoTro (ID, IDNoiDung, IDDoiTuong, IDCaNhan, NguoiTaoDL) VALUES ('96e51f58-d974-4a4a-9b2a-b227e9f2db51', 6, 'EDE2F0CC-2376-438A-B5FB-FACD867E38EF', 'f36955ff-4124-4fbe-be7a-5b9996212262', N'Nguyễn Đình Tạo');
INSERT INTO CovidChinhThuc.dbo.ChiTiet_NguoiCoCong (ID_ThongTin, NguoiTaoDL) VALUES ('96e51f58-d974-4a4a-9b2a-b227e9f2db51', N'Nguyễn Đình Tạo');
-- row: [310]);
INSERT INTO CovidChinhThuc.dbo.CaNhan (ID, HoTen, NgaySinh, CMND, SinhNam, DiaChi, IDPhuongXa, IDQuanHuyen, SoKhaiSinh, NguoiTaoDL) VALUES ('2ee106ac-4655-453a-9df2-49eb83860c66', N'Hồ Khắc Bá', '1953-01-01', '210915994', 1953, N'Phú Mỹ', 105, 7, NULL, N'Nguyễn Đình Tạo');
INSERT INTO CovidChinhThuc.dbo.ThongTinHoTro (ID, IDNoiDung, IDDoiTuong, IDCaNhan, NguoiTaoDL) VALUES ('dca0883d-6cc5-4d8b-94eb-0ad5fa86335d', 6, 'EDE2F0CC-2376-438A-B5FB-FACD867E38EF', '2ee106ac-4655-453a-9df2-49eb83860c66', N'Nguyễn Đình Tạo');
INSERT INTO CovidChinhThuc.dbo.ChiTiet_NguoiCoCong (ID_ThongTin, NguoiTaoDL) VALUES ('dca0883d-6cc5-4d8b-94eb-0ad5fa86335d', N'Nguyễn Đình Tạo');
-- row: [311]);
INSERT INTO CovidChinhThuc.dbo.CaNhan (ID, HoTen, NgaySinh, CMND, SinhNam, DiaChi, IDPhuongXa, IDQuanHuyen, SoKhaiSinh, NguoiTaoDL) VALUES ('208b1118-09ff-461b-b286-b0d40a67fde2', N'Hồ Thị Bích Hương', '1999-01-01', '211525018', 1999, N'Phú Mỹ', 105, 7, NULL, N'Nguyễn Đình Tạo');
INSERT INTO CovidChinhThuc.dbo.ThongTinHoTro (ID, IDNoiDung, IDDoiTuong, IDCaNhan, NguoiTaoDL) VALUES ('7f9d9787-7d3e-49e7-871a-b882702d49f8', 6, 'E4E24DC6-98AE-4685-985D-47C0B48DD6FD', '208b1118-09ff-461b-b286-b0d40a67fde2', N'Nguyễn Đình Tạo');
INSERT INTO CovidChinhThuc.dbo.ChiTiet_NguoiCoCong (ID_ThongTin, NguoiTaoDL) VALUES ('7f9d9787-7d3e-49e7-871a-b882702d49f8', N'Nguyễn Đình Tạo');
-- row: [312]);
INSERT INTO CovidChinhThuc.dbo.CaNhan (ID, HoTen, NgaySinh, CMND, SinhNam, DiaChi, IDPhuongXa, IDQuanHuyen, SoKhaiSinh, NguoiTaoDL) VALUES ('d667f4e2-f937-4aad-8ac1-b1673ad13e5b', N'Hồ Thị Cẩn', '1953-01-01', '210915305', 1953, N'Phú Mỹ', 105, 7, NULL, N'Nguyễn Đình Tạo');
INSERT INTO CovidChinhThuc.dbo.ThongTinHoTro (ID, IDNoiDung, IDDoiTuong, IDCaNhan, NguoiTaoDL) VALUES ('5c6bebc5-fffd-4807-8eb4-c75e85d4d1b2', 6, '2DE801FE-8F9D-4CB2-A1C0-E61F4503CB74', 'd667f4e2-f937-4aad-8ac1-b1673ad13e5b', N'Nguyễn Đình Tạo');
INSERT INTO CovidChinhThuc.dbo.ChiTiet_NguoiCoCong (ID_ThongTin, NguoiTaoDL) VALUES ('5c6bebc5-fffd-4807-8eb4-c75e85d4d1b2', N'Nguyễn Đình Tạo');
-- row: [313]);
INSERT INTO CovidChinhThuc.dbo.CaNhan (ID, HoTen, NgaySinh, CMND, SinhNam, DiaChi, IDPhuongXa, IDQuanHuyen, SoKhaiSinh, NguoiTaoDL) VALUES ('ae3f2478-cc94-43e1-a093-759a840c39ad', N'Hồ Thị Lễ', '1930-01-01', '210842581', 1930, N'Phú Thọ', 105, 7, NULL, N'Nguyễn Đình Tạo');
INSERT INTO CovidChinhThuc.dbo.ThongTinHoTro (ID, IDNoiDung, IDDoiTuong, IDCaNhan, NguoiTaoDL) VALUES ('754c68b0-99a6-453d-b7dd-cdc003e8ce5e', 6, '2DE801FE-8F9D-4CB2-A1C0-E61F4503CB74', 'ae3f2478-cc94-43e1-a093-759a840c39ad', N'Nguyễn Đình Tạo');
INSERT INTO CovidChinhThuc.dbo.ChiTiet_NguoiCoCong (ID_ThongTin, NguoiTaoDL) VALUES ('754c68b0-99a6-453d-b7dd-cdc003e8ce5e', N'Nguyễn Đình Tạo');
-- row: [314]);
INSERT INTO CovidChinhThuc.dbo.CaNhan (ID, HoTen, NgaySinh, CMND, SinhNam, DiaChi, IDPhuongXa, IDQuanHuyen, SoKhaiSinh, NguoiTaoDL) VALUES ('c5f4e0fd-3fad-46a2-bd56-0482c4a1fd2a', N'Huỳnh Thị Kim Hương', '1956-01-01', '210915961', 1956, N'Phú Thọ', 105, 7, NULL, N'Nguyễn Đình Tạo');
INSERT INTO CovidChinhThuc.dbo.ThongTinHoTro (ID, IDNoiDung, IDDoiTuong, IDCaNhan, NguoiTaoDL) VALUES ('a702632f-b43d-42fc-97b8-b1514ea06acd', 6, 'EDE2F0CC-2376-438A-B5FB-FACD867E38EF', 'c5f4e0fd-3fad-46a2-bd56-0482c4a1fd2a', N'Nguyễn Đình Tạo');
INSERT INTO CovidChinhThuc.dbo.ChiTiet_NguoiCoCong (ID_ThongTin, NguoiTaoDL) VALUES ('a702632f-b43d-42fc-97b8-b1514ea06acd', N'Nguyễn Đình Tạo');
-- row: [315]);
INSERT INTO CovidChinhThuc.dbo.CaNhan (ID, HoTen, NgaySinh, CMND, SinhNam, DiaChi, IDPhuongXa, IDQuanHuyen, SoKhaiSinh, NguoiTaoDL) VALUES ('647104b9-3401-480f-8169-556dee4b67fb', N'Huỳnh Thị Ngọc Hoa', '1952-01-01', '210034075', 1952, N'Phú Thịnh', 105, 7, NULL, N'Nguyễn Đình Tạo');
INSERT INTO CovidChinhThuc.dbo.ThongTinHoTro (ID, IDNoiDung, IDDoiTuong, IDCaNhan, NguoiTaoDL) VALUES ('35d011ca-80ca-4ae7-94bc-c204291623bf', 6, 'EDE2F0CC-2376-438A-B5FB-FACD867E38EF', '647104b9-3401-480f-8169-556dee4b67fb', N'Nguyễn Đình Tạo');
INSERT INTO CovidChinhThuc.dbo.ChiTiet_NguoiCoCong (ID_ThongTin, NguoiTaoDL) VALUES ('35d011ca-80ca-4ae7-94bc-c204291623bf', N'Nguyễn Đình Tạo');
-- row: [316]);
INSERT INTO CovidChinhThuc.dbo.CaNhan (ID, HoTen, NgaySinh, CMND, SinhNam, DiaChi, IDPhuongXa, IDQuanHuyen, SoKhaiSinh, NguoiTaoDL) VALUES ('de96297e-7f54-4504-b08c-51c54a642d3f', N'Huỳnh Văn Nam', '1951-01-01', '210927266', 1951, N'Phú Thọ', 105, 7, NULL, N'Nguyễn Đình Tạo');
INSERT INTO CovidChinhThuc.dbo.ThongTinHoTro (ID, IDNoiDung, IDDoiTuong, IDCaNhan, NguoiTaoDL) VALUES ('0af658eb-5b6a-4552-bba0-a1c7e348af8a', 6, 'EDE2F0CC-2376-438A-B5FB-FACD867E38EF', 'de96297e-7f54-4504-b08c-51c54a642d3f', N'Nguyễn Đình Tạo');
INSERT INTO CovidChinhThuc.dbo.ChiTiet_NguoiCoCong (ID_ThongTin, NguoiTaoDL) VALUES ('0af658eb-5b6a-4552-bba0-a1c7e348af8a', N'Nguyễn Đình Tạo');
-- row: [317]);
INSERT INTO CovidChinhThuc.dbo.CaNhan (ID, HoTen, NgaySinh, CMND, SinhNam, DiaChi, IDPhuongXa, IDQuanHuyen, SoKhaiSinh, NguoiTaoDL) VALUES ('46f1e1ab-5506-45fc-b7f4-02b26f333433', N'Huỳnh Văn Thắng', '1957-01-01', '210915841', 1957, N'Phú Mỹ', 105, 7, NULL, N'Nguyễn Đình Tạo');
INSERT INTO CovidChinhThuc.dbo.ThongTinHoTro (ID, IDNoiDung, IDDoiTuong, IDCaNhan, NguoiTaoDL) VALUES ('00a95f2d-9d33-4198-8963-c9a3fbe8af7d', 6, 'EDE2F0CC-2376-438A-B5FB-FACD867E38EF', '46f1e1ab-5506-45fc-b7f4-02b26f333433', N'Nguyễn Đình Tạo');
INSERT INTO CovidChinhThuc.dbo.ChiTiet_NguoiCoCong (ID_ThongTin, NguoiTaoDL) VALUES ('00a95f2d-9d33-4198-8963-c9a3fbe8af7d', N'Nguyễn Đình Tạo');
-- row: [318]);
INSERT INTO CovidChinhThuc.dbo.CaNhan (ID, HoTen, NgaySinh, CMND, SinhNam, DiaChi, IDPhuongXa, IDQuanHuyen, SoKhaiSinh, NguoiTaoDL) VALUES ('b1cae486-8305-4320-bacf-5f8153dd2421', N'Lê Chí Thành', '1939-01-01', '210034766', 1939, N'Phú Lâm', 105, 7, NULL, N'Nguyễn Đình Tạo');
INSERT INTO CovidChinhThuc.dbo.ThongTinHoTro (ID, IDNoiDung, IDDoiTuong, IDCaNhan, NguoiTaoDL) VALUES ('f8fea0d7-d48d-4493-9c9f-8bd48df07c17', 6, 'EDE2F0CC-2376-438A-B5FB-FACD867E38EF', 'b1cae486-8305-4320-bacf-5f8153dd2421', N'Nguyễn Đình Tạo');
INSERT INTO CovidChinhThuc.dbo.ChiTiet_NguoiCoCong (ID_ThongTin, NguoiTaoDL) VALUES ('f8fea0d7-d48d-4493-9c9f-8bd48df07c17', N'Nguyễn Đình Tạo');
-- row: [319]);
INSERT INTO CovidChinhThuc.dbo.CaNhan (ID, HoTen, NgaySinh, CMND, SinhNam, DiaChi, IDPhuongXa, IDQuanHuyen, SoKhaiSinh, NguoiTaoDL) VALUES ('d1f85f99-0f83-4a08-95aa-5dc324c5c370', N'Lê Liên', '1932-01-01', '210915853', 1932, N'Phú Lâm', 105, 7, NULL, N'Nguyễn Đình Tạo');
INSERT INTO CovidChinhThuc.dbo.ThongTinHoTro (ID, IDNoiDung, IDDoiTuong, IDCaNhan, NguoiTaoDL) VALUES ('0e48443e-5e0c-4c0e-8595-a5bd4bac9147', 6, 'EDE2F0CC-2376-438A-B5FB-FACD867E38EF', 'd1f85f99-0f83-4a08-95aa-5dc324c5c370', N'Nguyễn Đình Tạo');
INSERT INTO CovidChinhThuc.dbo.ChiTiet_NguoiCoCong (ID_ThongTin, NguoiTaoDL) VALUES ('0e48443e-5e0c-4c0e-8595-a5bd4bac9147', N'Nguyễn Đình Tạo');
-- row: [320]);
INSERT INTO CovidChinhThuc.dbo.CaNhan (ID, HoTen, NgaySinh, CMND, SinhNam, DiaChi, IDPhuongXa, IDQuanHuyen, SoKhaiSinh, NguoiTaoDL) VALUES ('e4407f1b-62c1-45b5-9d16-f15a714b35f2', N'Lê Thanh Bình', '1944-01-01', '210915083', 1944, N'Phú Mỹ', 105, 7, NULL, N'Nguyễn Đình Tạo');
INSERT INTO CovidChinhThuc.dbo.ThongTinHoTro (ID, IDNoiDung, IDDoiTuong, IDCaNhan, NguoiTaoDL) VALUES ('69bc890e-f114-4186-b8fd-310a78cc518e', 6, 'EDE2F0CC-2376-438A-B5FB-FACD867E38EF', 'e4407f1b-62c1-45b5-9d16-f15a714b35f2', N'Nguyễn Đình Tạo');
INSERT INTO CovidChinhThuc.dbo.ChiTiet_NguoiCoCong (ID_ThongTin, NguoiTaoDL) VALUES ('69bc890e-f114-4186-b8fd-310a78cc518e', N'Nguyễn Đình Tạo');
-- row: [321]);
INSERT INTO CovidChinhThuc.dbo.CaNhan (ID, HoTen, NgaySinh, CMND, SinhNam, DiaChi, IDPhuongXa, IDQuanHuyen, SoKhaiSinh, NguoiTaoDL) VALUES ('1691f938-3a5a-4e39-be06-a892c2bc9ce8', N'Lê Thị Hồng Liên', '1953-01-01', '210915673', 1953, N'Phú Mỹ', 105, 7, NULL, N'Nguyễn Đình Tạo');
INSERT INTO CovidChinhThuc.dbo.ThongTinHoTro (ID, IDNoiDung, IDDoiTuong, IDCaNhan, NguoiTaoDL) VALUES ('e6d46d94-9ac7-4df6-ac10-a1c4c4e2e40a', 6, '2DE801FE-8F9D-4CB2-A1C0-E61F4503CB74', '1691f938-3a5a-4e39-be06-a892c2bc9ce8', N'Nguyễn Đình Tạo');
INSERT INTO CovidChinhThuc.dbo.ChiTiet_NguoiCoCong (ID_ThongTin, NguoiTaoDL) VALUES ('e6d46d94-9ac7-4df6-ac10-a1c4c4e2e40a', N'Nguyễn Đình Tạo');
-- row: [322]);
INSERT INTO CovidChinhThuc.dbo.CaNhan (ID, HoTen, NgaySinh, CMND, SinhNam, DiaChi, IDPhuongXa, IDQuanHuyen, SoKhaiSinh, NguoiTaoDL) VALUES ('2e120f2f-09e6-4832-9829-fd40f8368158', N'Lê Thị Liễu', '1952-01-01', '210915672', 1952, N'Phú Mỹ', 105, 7, NULL, N'Nguyễn Đình Tạo');
INSERT INTO CovidChinhThuc.dbo.ThongTinHoTro (ID, IDNoiDung, IDDoiTuong, IDCaNhan, NguoiTaoDL) VALUES ('4a9a2a8e-c6db-4f7e-a3ef-8b8132f3368e', 6, 'EDE2F0CC-2376-438A-B5FB-FACD867E38EF', '2e120f2f-09e6-4832-9829-fd40f8368158', N'Nguyễn Đình Tạo');
INSERT INTO CovidChinhThuc.dbo.ChiTiet_NguoiCoCong (ID_ThongTin, NguoiTaoDL) VALUES ('4a9a2a8e-c6db-4f7e-a3ef-8b8132f3368e', N'Nguyễn Đình Tạo');
-- row: [323]);
INSERT INTO CovidChinhThuc.dbo.CaNhan (ID, HoTen, NgaySinh, CMND, SinhNam, DiaChi, IDPhuongXa, IDQuanHuyen, SoKhaiSinh, NguoiTaoDL) VALUES ('0aab2b43-59aa-4150-abd6-eb9a3a2537e4', N'Lê Thị Tàu', '1956-01-01', '210915874', 1956, N'Phú Mỹ', 105, 7, NULL, N'Nguyễn Đình Tạo');
INSERT INTO CovidChinhThuc.dbo.ThongTinHoTro (ID, IDNoiDung, IDDoiTuong, IDCaNhan, NguoiTaoDL) VALUES ('07e1a77d-38a1-4761-a8bb-719beb1c497e', 6, '2DE801FE-8F9D-4CB2-A1C0-E61F4503CB74', '0aab2b43-59aa-4150-abd6-eb9a3a2537e4', N'Nguyễn Đình Tạo');
INSERT INTO CovidChinhThuc.dbo.ChiTiet_NguoiCoCong (ID_ThongTin, NguoiTaoDL) VALUES ('07e1a77d-38a1-4761-a8bb-719beb1c497e', N'Nguyễn Đình Tạo');
-- row: [324]);
INSERT INTO CovidChinhThuc.dbo.CaNhan (ID, HoTen, NgaySinh, CMND, SinhNam, DiaChi, IDPhuongXa, IDQuanHuyen, SoKhaiSinh, NguoiTaoDL) VALUES ('45c4e09a-fbaa-4488-b9c4-8ac2db6dd251', N'Lê Thị Xuân', '1939-01-01', '210915684', 1939, N'Phú Mỹ', 105, 7, NULL, N'Nguyễn Đình Tạo');
INSERT INTO CovidChinhThuc.dbo.ThongTinHoTro (ID, IDNoiDung, IDDoiTuong, IDCaNhan, NguoiTaoDL) VALUES ('0cfc756d-5bfb-412b-a4b2-b21a8a4da215', 6, 'EDE2F0CC-2376-438A-B5FB-FACD867E38EF', '45c4e09a-fbaa-4488-b9c4-8ac2db6dd251', N'Nguyễn Đình Tạo');
INSERT INTO CovidChinhThuc.dbo.ChiTiet_NguoiCoCong (ID_ThongTin, NguoiTaoDL) VALUES ('0cfc756d-5bfb-412b-a4b2-b21a8a4da215', N'Nguyễn Đình Tạo');
-- row: [325]);
INSERT INTO CovidChinhThuc.dbo.CaNhan (ID, HoTen, NgaySinh, CMND, SinhNam, DiaChi, IDPhuongXa, IDQuanHuyen, SoKhaiSinh, NguoiTaoDL) VALUES ('29471103-eb91-4841-8d8c-1f79ef5bc615', N'Lê Việt Cường', '1955-01-01', '210140073', 1955, N'Phú Mỹ', 105, 7, NULL, N'Nguyễn Đình Tạo');
INSERT INTO CovidChinhThuc.dbo.ThongTinHoTro (ID, IDNoiDung, IDDoiTuong, IDCaNhan, NguoiTaoDL) VALUES ('56fbe847-769e-4739-84d4-36326c5b897a', 6, 'EDE2F0CC-2376-438A-B5FB-FACD867E38EF', '29471103-eb91-4841-8d8c-1f79ef5bc615', N'Nguyễn Đình Tạo');
INSERT INTO CovidChinhThuc.dbo.ChiTiet_NguoiCoCong (ID_ThongTin, NguoiTaoDL) VALUES ('56fbe847-769e-4739-84d4-36326c5b897a', N'Nguyễn Đình Tạo');
-- row: [326]);
INSERT INTO CovidChinhThuc.dbo.CaNhan (ID, HoTen, NgaySinh, CMND, SinhNam, DiaChi, IDPhuongXa, IDQuanHuyen, SoKhaiSinh, NguoiTaoDL) VALUES ('5ff1d882-492f-4969-ac98-81f3b6f7a3a8', N'Lý Thị Bích Hiển', '1999-01-01', '215330805', 1999, N'Phú Thịnh', 105, 7, NULL, N'Nguyễn Đình Tạo');
INSERT INTO CovidChinhThuc.dbo.ThongTinHoTro (ID, IDNoiDung, IDDoiTuong, IDCaNhan, NguoiTaoDL) VALUES ('9efe16ba-ceaf-41a4-8edb-11368bffdde3', 6, 'E4E24DC6-98AE-4685-985D-47C0B48DD6FD', '5ff1d882-492f-4969-ac98-81f3b6f7a3a8', N'Nguyễn Đình Tạo');
INSERT INTO CovidChinhThuc.dbo.ChiTiet_NguoiCoCong (ID_ThongTin, NguoiTaoDL) VALUES ('9efe16ba-ceaf-41a4-8edb-11368bffdde3', N'Nguyễn Đình Tạo');
-- row: [327]);
INSERT INTO CovidChinhThuc.dbo.CaNhan (ID, HoTen, NgaySinh, CMND, SinhNam, DiaChi, IDPhuongXa, IDQuanHuyen, SoKhaiSinh, NguoiTaoDL) VALUES ('7770b48d-3f79-4bf8-b827-1056176e9cae', N'Lý Thị Hồng', '1951-01-01', '210915463', 1951, N'Phú Thịnh', 105, 7, NULL, N'Nguyễn Đình Tạo');
INSERT INTO CovidChinhThuc.dbo.ThongTinHoTro (ID, IDNoiDung, IDDoiTuong, IDCaNhan, NguoiTaoDL) VALUES ('22a5f9f4-67d1-4203-ab12-23e56db9ca72', 6, 'EDE2F0CC-2376-438A-B5FB-FACD867E38EF', '7770b48d-3f79-4bf8-b827-1056176e9cae', N'Nguyễn Đình Tạo');
INSERT INTO CovidChinhThuc.dbo.ChiTiet_NguoiCoCong (ID_ThongTin, NguoiTaoDL) VALUES ('22a5f9f4-67d1-4203-ab12-23e56db9ca72', N'Nguyễn Đình Tạo');
-- row: [328]);
INSERT INTO CovidChinhThuc.dbo.CaNhan (ID, HoTen, NgaySinh, CMND, SinhNam, DiaChi, IDPhuongXa, IDQuanHuyen, SoKhaiSinh, NguoiTaoDL) VALUES ('b0744f86-e59d-4a9a-88e5-569b1480808e', N'Lý Thị Lẹt', '1934-01-01', '210842589', 1934, N'Phú Thọ', 105, 7, NULL, N'Nguyễn Đình Tạo');
INSERT INTO CovidChinhThuc.dbo.ThongTinHoTro (ID, IDNoiDung, IDDoiTuong, IDCaNhan, NguoiTaoDL) VALUES ('07af8a59-88a9-4926-9e13-4e15d24b45f1', 6, '3A65F299-2EFA-4982-BF70-81D7B5024935', 'b0744f86-e59d-4a9a-88e5-569b1480808e', N'Nguyễn Đình Tạo');
INSERT INTO CovidChinhThuc.dbo.ChiTiet_NguoiCoCong (ID_ThongTin, NguoiTaoDL) VALUES ('07af8a59-88a9-4926-9e13-4e15d24b45f1', N'Nguyễn Đình Tạo');
-- row: [329]);
INSERT INTO CovidChinhThuc.dbo.CaNhan (ID, HoTen, NgaySinh, CMND, SinhNam, DiaChi, IDPhuongXa, IDQuanHuyen, SoKhaiSinh, NguoiTaoDL) VALUES ('3c04bf5e-354c-4d87-86b3-8e29068c7ff2', N'Lý Thị Năm', '1930-01-01', '210915829', 1930, N'Phú Mỹ', 105, 7, NULL, N'Nguyễn Đình Tạo');
INSERT INTO CovidChinhThuc.dbo.ThongTinHoTro (ID, IDNoiDung, IDDoiTuong, IDCaNhan, NguoiTaoDL) VALUES ('6d942ba8-6024-461f-af41-09ab20fc0f83', 6, 'EDE2F0CC-2376-438A-B5FB-FACD867E38EF', '3c04bf5e-354c-4d87-86b3-8e29068c7ff2', N'Nguyễn Đình Tạo');
INSERT INTO CovidChinhThuc.dbo.ChiTiet_NguoiCoCong (ID_ThongTin, NguoiTaoDL) VALUES ('6d942ba8-6024-461f-af41-09ab20fc0f83', N'Nguyễn Đình Tạo');
-- row: [330]);
INSERT INTO CovidChinhThuc.dbo.CaNhan (ID, HoTen, NgaySinh, CMND, SinhNam, DiaChi, IDPhuongXa, IDQuanHuyen, SoKhaiSinh, NguoiTaoDL) VALUES ('af0228ba-4f66-43f2-8495-18eecc1b1fe9', N'Mạc Tấn Lưu', '1955-01-01', '210841964', 1955, N'Phú Thọ', 105, 7, NULL, N'Nguyễn Đình Tạo');
INSERT INTO CovidChinhThuc.dbo.ThongTinHoTro (ID, IDNoiDung, IDDoiTuong, IDCaNhan, NguoiTaoDL) VALUES ('e9baf569-3af3-4f65-9a92-3f4b86a750ce', 6, 'EDE2F0CC-2376-438A-B5FB-FACD867E38EF', 'af0228ba-4f66-43f2-8495-18eecc1b1fe9', N'Nguyễn Đình Tạo');
INSERT INTO CovidChinhThuc.dbo.ChiTiet_NguoiCoCong (ID_ThongTin, NguoiTaoDL) VALUES ('e9baf569-3af3-4f65-9a92-3f4b86a750ce', N'Nguyễn Đình Tạo');
-- row: [331]);
INSERT INTO CovidChinhThuc.dbo.CaNhan (ID, HoTen, NgaySinh, CMND, SinhNam, DiaChi, IDPhuongXa, IDQuanHuyen, SoKhaiSinh, NguoiTaoDL) VALUES ('20fe2cbc-1ef0-4051-9334-485f6b2f4082', N'Mai Thị Sang', '1948-01-01', '210915959', 1948, N'Phú Mỹ', 105, 7, NULL, N'Nguyễn Đình Tạo');
INSERT INTO CovidChinhThuc.dbo.ThongTinHoTro (ID, IDNoiDung, IDDoiTuong, IDCaNhan, NguoiTaoDL) VALUES ('65b737f3-ebbf-4fa9-b5d8-e7d13e8f9810', 6, 'EDE2F0CC-2376-438A-B5FB-FACD867E38EF', '20fe2cbc-1ef0-4051-9334-485f6b2f4082', N'Nguyễn Đình Tạo');
INSERT INTO CovidChinhThuc.dbo.ChiTiet_NguoiCoCong (ID_ThongTin, NguoiTaoDL) VALUES ('65b737f3-ebbf-4fa9-b5d8-e7d13e8f9810', N'Nguyễn Đình Tạo');
-- row: [332]);
INSERT INTO CovidChinhThuc.dbo.CaNhan (ID, HoTen, NgaySinh, CMND, SinhNam, DiaChi, IDPhuongXa, IDQuanHuyen, SoKhaiSinh, NguoiTaoDL) VALUES ('d9c6c28d-1a9e-4988-a7ba-6823cdfcb4a4', N'Mai Thị Thảo', '1936-01-01', '210915809', 1936, N'Phú Mỹ', 105, 7, NULL, N'Nguyễn Đình Tạo');
INSERT INTO CovidChinhThuc.dbo.ThongTinHoTro (ID, IDNoiDung, IDDoiTuong, IDCaNhan, NguoiTaoDL) VALUES ('fdaa89d8-ef35-49a0-9f4e-93884aa9576d', 6, 'EDE2F0CC-2376-438A-B5FB-FACD867E38EF', 'd9c6c28d-1a9e-4988-a7ba-6823cdfcb4a4', N'Nguyễn Đình Tạo');
INSERT INTO CovidChinhThuc.dbo.ChiTiet_NguoiCoCong (ID_ThongTin, NguoiTaoDL) VALUES ('fdaa89d8-ef35-49a0-9f4e-93884aa9576d', N'Nguyễn Đình Tạo');
-- row: [333]);
INSERT INTO CovidChinhThuc.dbo.CaNhan (ID, HoTen, NgaySinh, CMND, SinhNam, DiaChi, IDPhuongXa, IDQuanHuyen, SoKhaiSinh, NguoiTaoDL) VALUES ('f6ce548e-cf3e-41aa-a2ae-289dacf7f253', N'Ngô Hoàng Đức', '1951-01-01', '210927018', 1951, N'Phú Thịnh', 105, 7, NULL, N'Nguyễn Đình Tạo');
INSERT INTO CovidChinhThuc.dbo.ThongTinHoTro (ID, IDNoiDung, IDDoiTuong, IDCaNhan, NguoiTaoDL) VALUES ('fa8bc9dc-415d-44f1-bc73-99b4d007e65d', 6, 'EDE2F0CC-2376-438A-B5FB-FACD867E38EF', 'f6ce548e-cf3e-41aa-a2ae-289dacf7f253', N'Nguyễn Đình Tạo');
INSERT INTO CovidChinhThuc.dbo.ChiTiet_NguoiCoCong (ID_ThongTin, NguoiTaoDL) VALUES ('fa8bc9dc-415d-44f1-bc73-99b4d007e65d', N'Nguyễn Đình Tạo');
-- row: [334]);
INSERT INTO CovidChinhThuc.dbo.CaNhan (ID, HoTen, NgaySinh, CMND, SinhNam, DiaChi, IDPhuongXa, IDQuanHuyen, SoKhaiSinh, NguoiTaoDL) VALUES ('f1d2c339-5022-40a5-a7be-f34ac2fce23a', N'Ngô Thị Nhu', '1943-01-01', '210842067', 1943, N'Phú Thọ', 105, 7, NULL, N'Nguyễn Đình Tạo');
INSERT INTO CovidChinhThuc.dbo.ThongTinHoTro (ID, IDNoiDung, IDDoiTuong, IDCaNhan, NguoiTaoDL) VALUES ('b9f38ac6-409d-4ac9-9948-7a484a16c527', 6, 'EDE2F0CC-2376-438A-B5FB-FACD867E38EF', 'f1d2c339-5022-40a5-a7be-f34ac2fce23a', N'Nguyễn Đình Tạo');
INSERT INTO CovidChinhThuc.dbo.ChiTiet_NguoiCoCong (ID_ThongTin, NguoiTaoDL) VALUES ('b9f38ac6-409d-4ac9-9948-7a484a16c527', N'Nguyễn Đình Tạo');
-- row: [335]);
INSERT INTO CovidChinhThuc.dbo.CaNhan (ID, HoTen, NgaySinh, CMND, SinhNam, DiaChi, IDPhuongXa, IDQuanHuyen, SoKhaiSinh, NguoiTaoDL) VALUES ('9da7f0c3-848e-48f7-bc30-890740662fbc', N'Nguyễn Nghĩa', '1925-01-01', '210915377', 1925, N'Phú Mỹ', 105, 7, NULL, N'Nguyễn Đình Tạo');
INSERT INTO CovidChinhThuc.dbo.ThongTinHoTro (ID, IDNoiDung, IDDoiTuong, IDCaNhan, NguoiTaoDL) VALUES ('c33cd916-8195-471f-be5c-309057d65bbe', 6, '3A65F299-2EFA-4982-BF70-81D7B5024935', '9da7f0c3-848e-48f7-bc30-890740662fbc', N'Nguyễn Đình Tạo');
INSERT INTO CovidChinhThuc.dbo.ChiTiet_NguoiCoCong (ID_ThongTin, NguoiTaoDL) VALUES ('c33cd916-8195-471f-be5c-309057d65bbe', N'Nguyễn Đình Tạo');
-- row: [336]);
INSERT INTO CovidChinhThuc.dbo.CaNhan (ID, HoTen, NgaySinh, CMND, SinhNam, DiaChi, IDPhuongXa, IDQuanHuyen, SoKhaiSinh, NguoiTaoDL) VALUES ('8dcfabb5-efa6-4e11-95a1-57e9e6610a4e', N'Nguyễn Ngọc Hưng', '1999-01-01', NULL, 1999, N'Phú Mỹ', 105, 7, N'917', N'Nguyễn Đình Tạo');
INSERT INTO CovidChinhThuc.dbo.ThongTinHoTro (ID, IDNoiDung, IDDoiTuong, IDCaNhan, NguoiTaoDL) VALUES ('6776090c-5627-4c2a-9244-041491f61f25', 6, 'E4E24DC6-98AE-4685-985D-47C0B48DD6FD', '8dcfabb5-efa6-4e11-95a1-57e9e6610a4e', N'Nguyễn Đình Tạo');
INSERT INTO CovidChinhThuc.dbo.ChiTiet_NguoiCoCong (ID_ThongTin, NguoiTaoDL) VALUES ('6776090c-5627-4c2a-9244-041491f61f25', N'Nguyễn Đình Tạo');
-- row: [337]);
INSERT INTO CovidChinhThuc.dbo.CaNhan (ID, HoTen, NgaySinh, CMND, SinhNam, DiaChi, IDPhuongXa, IDQuanHuyen, SoKhaiSinh, NguoiTaoDL) VALUES ('512eac72-0897-44c6-8e8b-3f3128115f22', N'Nguyễn Thanh Tú', '1980-07-01', '211849343', 1980, N'Phú Thịnh', 105, 7, NULL, N'Nguyễn Đình Tạo');
INSERT INTO CovidChinhThuc.dbo.ThongTinHoTro (ID, IDNoiDung, IDDoiTuong, IDCaNhan, NguoiTaoDL) VALUES ('4d0c5d7e-a181-44e7-98cc-02f11dbfca76', 6, 'E4E24DC6-98AE-4685-985D-47C0B48DD6FD', '512eac72-0897-44c6-8e8b-3f3128115f22', N'Nguyễn Đình Tạo');
INSERT INTO CovidChinhThuc.dbo.ChiTiet_NguoiCoCong (ID_ThongTin, NguoiTaoDL) VALUES ('4d0c5d7e-a181-44e7-98cc-02f11dbfca76', N'Nguyễn Đình Tạo');
-- row: [338]);
INSERT INTO CovidChinhThuc.dbo.CaNhan (ID, HoTen, NgaySinh, CMND, SinhNam, DiaChi, IDPhuongXa, IDQuanHuyen, SoKhaiSinh, NguoiTaoDL) VALUES ('74707f12-25dc-4f83-971e-af22bca3af54', N'Nguyễn Thị Bích Thuỷ', '1955-01-01', '210021237', 1955, N'Phú Mỹ', 105, 7, NULL, N'Nguyễn Đình Tạo');
INSERT INTO CovidChinhThuc.dbo.ThongTinHoTro (ID, IDNoiDung, IDDoiTuong, IDCaNhan, NguoiTaoDL) VALUES ('3242bc19-2e5e-48c7-aa90-ec78a7d01d70', 6, 'EDE2F0CC-2376-438A-B5FB-FACD867E38EF', '74707f12-25dc-4f83-971e-af22bca3af54', N'Nguyễn Đình Tạo');
INSERT INTO CovidChinhThuc.dbo.ChiTiet_NguoiCoCong (ID_ThongTin, NguoiTaoDL) VALUES ('3242bc19-2e5e-48c7-aa90-ec78a7d01d70', N'Nguyễn Đình Tạo');
-- row: [339]);
INSERT INTO CovidChinhThuc.dbo.CaNhan (ID, HoTen, NgaySinh, CMND, SinhNam, DiaChi, IDPhuongXa, IDQuanHuyen, SoKhaiSinh, NguoiTaoDL) VALUES ('45e68904-443e-44f2-a6b7-171da8dd9827', N'Nguyễn Thị Chính', '1946-01-01', '210034469', 1946, N'Phú Thọ', 105, 7, NULL, N'Nguyễn Đình Tạo');
INSERT INTO CovidChinhThuc.dbo.ThongTinHoTro (ID, IDNoiDung, IDDoiTuong, IDCaNhan, NguoiTaoDL) VALUES ('8d464ec5-5a88-428e-8d6a-4ad246c34f48', 6, NULL, '45e68904-443e-44f2-a6b7-171da8dd9827', N'Nguyễn Đình Tạo');
INSERT INTO CovidChinhThuc.dbo.ChiTiet_NguoiCoCong (ID_ThongTin, NguoiTaoDL) VALUES ('8d464ec5-5a88-428e-8d6a-4ad246c34f48', N'Nguyễn Đình Tạo');
-- row: [340]);
INSERT INTO CovidChinhThuc.dbo.CaNhan (ID, HoTen, NgaySinh, CMND, SinhNam, DiaChi, IDPhuongXa, IDQuanHuyen, SoKhaiSinh, NguoiTaoDL) VALUES ('7f5d0f3c-6069-48f7-b4fc-719d430dd6e5', N'Nguyễn Thị Đặng', '1924-01-01', '210915718', 1924, N'Phú Thọ', 105, 7, NULL, N'Nguyễn Đình Tạo');
INSERT INTO CovidChinhThuc.dbo.ThongTinHoTro (ID, IDNoiDung, IDDoiTuong, IDCaNhan, NguoiTaoDL) VALUES ('1f1b9bf5-7a3f-4629-97d2-a37dc91bbf15', 6, '3A65F299-2EFA-4982-BF70-81D7B5024935', '7f5d0f3c-6069-48f7-b4fc-719d430dd6e5', N'Nguyễn Đình Tạo');
INSERT INTO CovidChinhThuc.dbo.ChiTiet_NguoiCoCong (ID_ThongTin, NguoiTaoDL) VALUES ('1f1b9bf5-7a3f-4629-97d2-a37dc91bbf15', N'Nguyễn Đình Tạo');
-- row: [341]);
INSERT INTO CovidChinhThuc.dbo.CaNhan (ID, HoTen, NgaySinh, CMND, SinhNam, DiaChi, IDPhuongXa, IDQuanHuyen, SoKhaiSinh, NguoiTaoDL) VALUES ('15b94d69-10de-4bf3-b264-d90bb6a93c86', N'Nguyễn Thị Hà', '1950-01-01', '210915762', 1950, N'Phú Mỹ', 105, 7, NULL, N'Nguyễn Đình Tạo');
INSERT INTO CovidChinhThuc.dbo.ThongTinHoTro (ID, IDNoiDung, IDDoiTuong, IDCaNhan, NguoiTaoDL) VALUES ('7fc9beca-ae4b-4b50-b025-455cf15cea46', 6, '2DE801FE-8F9D-4CB2-A1C0-E61F4503CB74', '15b94d69-10de-4bf3-b264-d90bb6a93c86', N'Nguyễn Đình Tạo');
INSERT INTO CovidChinhThuc.dbo.ChiTiet_NguoiCoCong (ID_ThongTin, NguoiTaoDL) VALUES ('7fc9beca-ae4b-4b50-b025-455cf15cea46', N'Nguyễn Đình Tạo');
-- row: [342]);
INSERT INTO CovidChinhThuc.dbo.CaNhan (ID, HoTen, NgaySinh, CMND, SinhNam, DiaChi, IDPhuongXa, IDQuanHuyen, SoKhaiSinh, NguoiTaoDL) VALUES ('d91817e0-1859-4822-a25e-8f72dfcaf1b2', N'Nguyễn Thị Hằng', '1952-01-01', '210547389', 1952, N'Phú Thịnh', 105, 7, NULL, N'Nguyễn Đình Tạo');
INSERT INTO CovidChinhThuc.dbo.ThongTinHoTro (ID, IDNoiDung, IDDoiTuong, IDCaNhan, NguoiTaoDL) VALUES ('cf4e1d3f-f4b2-4590-bb0a-d52f926ab78b', 6, NULL, 'd91817e0-1859-4822-a25e-8f72dfcaf1b2', N'Nguyễn Đình Tạo');
INSERT INTO CovidChinhThuc.dbo.ChiTiet_NguoiCoCong (ID_ThongTin, NguoiTaoDL) VALUES ('cf4e1d3f-f4b2-4590-bb0a-d52f926ab78b', N'Nguyễn Đình Tạo');
-- row: [343]);
INSERT INTO CovidChinhThuc.dbo.CaNhan (ID, HoTen, NgaySinh, CMND, SinhNam, DiaChi, IDPhuongXa, IDQuanHuyen, SoKhaiSinh, NguoiTaoDL) VALUES ('0815f406-9e4e-4db0-8838-3a987ed7e9d2', N'Nguyễn Thị Hoa', '1953-01-01', '210220120', 1953, N'Phú Mỹ', 105, 7, NULL, N'Nguyễn Đình Tạo');
INSERT INTO CovidChinhThuc.dbo.ThongTinHoTro (ID, IDNoiDung, IDDoiTuong, IDCaNhan, NguoiTaoDL) VALUES ('7eafb63e-a57d-43d1-9acd-f29b0a6fa791', 6, 'EDE2F0CC-2376-438A-B5FB-FACD867E38EF', '0815f406-9e4e-4db0-8838-3a987ed7e9d2', N'Nguyễn Đình Tạo');
INSERT INTO CovidChinhThuc.dbo.ChiTiet_NguoiCoCong (ID_ThongTin, NguoiTaoDL) VALUES ('7eafb63e-a57d-43d1-9acd-f29b0a6fa791', N'Nguyễn Đình Tạo');
-- row: [344]);
INSERT INTO CovidChinhThuc.dbo.CaNhan (ID, HoTen, NgaySinh, CMND, SinhNam, DiaChi, IDPhuongXa, IDQuanHuyen, SoKhaiSinh, NguoiTaoDL) VALUES ('61766c18-a97c-4a43-8831-0b0e20c36c3b', N'Nguyễn Thị Hưởng', '1936-01-01', '210841817', 1936, N'Phú Thọ', 105, 7, NULL, N'Nguyễn Đình Tạo');
INSERT INTO CovidChinhThuc.dbo.ThongTinHoTro (ID, IDNoiDung, IDDoiTuong, IDCaNhan, NguoiTaoDL) VALUES ('e46584da-c3a4-43a4-9f2b-cb945af904b3', 6, '3A65F299-2EFA-4982-BF70-81D7B5024935', '61766c18-a97c-4a43-8831-0b0e20c36c3b', N'Nguyễn Đình Tạo');
INSERT INTO CovidChinhThuc.dbo.ChiTiet_NguoiCoCong (ID_ThongTin, NguoiTaoDL) VALUES ('e46584da-c3a4-43a4-9f2b-cb945af904b3', N'Nguyễn Đình Tạo');
-- row: [345]);
INSERT INTO CovidChinhThuc.dbo.CaNhan (ID, HoTen, NgaySinh, CMND, SinhNam, DiaChi, IDPhuongXa, IDQuanHuyen, SoKhaiSinh, NguoiTaoDL) VALUES ('b67a2bcb-97d5-4ace-8ad6-0c9e8fb8abff', N'Nguyễn Thị Kim Cúc', '1955-01-01', '210572398', 1955, N'Phú Thịnh', 105, 7, NULL, N'Nguyễn Đình Tạo');
INSERT INTO CovidChinhThuc.dbo.ThongTinHoTro (ID, IDNoiDung, IDDoiTuong, IDCaNhan, NguoiTaoDL) VALUES ('3f102f09-df02-4e6e-a6bb-17ff6d893551', 6, NULL, 'b67a2bcb-97d5-4ace-8ad6-0c9e8fb8abff', N'Nguyễn Đình Tạo');
INSERT INTO CovidChinhThuc.dbo.ChiTiet_NguoiCoCong (ID_ThongTin, NguoiTaoDL) VALUES ('3f102f09-df02-4e6e-a6bb-17ff6d893551', N'Nguyễn Đình Tạo');
-- row: [346]);
INSERT INTO CovidChinhThuc.dbo.CaNhan (ID, HoTen, NgaySinh, CMND, SinhNam, DiaChi, IDPhuongXa, IDQuanHuyen, SoKhaiSinh, NguoiTaoDL) VALUES ('0d6027ae-172b-4fcb-87bf-6a0148f0cabe', N'Nguyễn Thị Kim Hương', '1933-01-01', '210915885', 1933, N'Phú Mỹ', 105, 7, NULL, N'Nguyễn Đình Tạo');
INSERT INTO CovidChinhThuc.dbo.ThongTinHoTro (ID, IDNoiDung, IDDoiTuong, IDCaNhan, NguoiTaoDL) VALUES ('eb5ba739-c120-4937-86ca-5563f2bf8202', 6, '3A65F299-2EFA-4982-BF70-81D7B5024935', '0d6027ae-172b-4fcb-87bf-6a0148f0cabe', N'Nguyễn Đình Tạo');
INSERT INTO CovidChinhThuc.dbo.ChiTiet_NguoiCoCong (ID_ThongTin, NguoiTaoDL) VALUES ('eb5ba739-c120-4937-86ca-5563f2bf8202', N'Nguyễn Đình Tạo');
-- row: [347]);
INSERT INTO CovidChinhThuc.dbo.CaNhan (ID, HoTen, NgaySinh, CMND, SinhNam, DiaChi, IDPhuongXa, IDQuanHuyen, SoKhaiSinh, NguoiTaoDL) VALUES ('142f1d22-7957-4747-ad43-e2b044846150', N'Nguyễn Thị Lai', '1951-01-01', '210915892', 1951, N'Phú Thọ', 105, 7, NULL, N'Nguyễn Đình Tạo');
INSERT INTO CovidChinhThuc.dbo.ThongTinHoTro (ID, IDNoiDung, IDDoiTuong, IDCaNhan, NguoiTaoDL) VALUES ('2f72d352-cf9f-4d03-9b6c-c49d5120ae5a', 6, 'EDE2F0CC-2376-438A-B5FB-FACD867E38EF', '142f1d22-7957-4747-ad43-e2b044846150', N'Nguyễn Đình Tạo');
INSERT INTO CovidChinhThuc.dbo.ChiTiet_NguoiCoCong (ID_ThongTin, NguoiTaoDL) VALUES ('2f72d352-cf9f-4d03-9b6c-c49d5120ae5a', N'Nguyễn Đình Tạo');
-- row: [348]);
INSERT INTO CovidChinhThuc.dbo.CaNhan (ID, HoTen, NgaySinh, CMND, SinhNam, DiaChi, IDPhuongXa, IDQuanHuyen, SoKhaiSinh, NguoiTaoDL) VALUES ('eae86e19-bc9b-450e-90aa-69e8a7622af9', N'Nguyễn Thị Lắm', '1928-12-31', '210841348', 1928, N'Phú Hiệp', 105, 7, NULL, N'Nguyễn Đình Tạo');
INSERT INTO CovidChinhThuc.dbo.ThongTinHoTro (ID, IDNoiDung, IDDoiTuong, IDCaNhan, NguoiTaoDL) VALUES ('a4f048e8-8088-4e80-9557-e893d65bee3c', 6, '3A65F299-2EFA-4982-BF70-81D7B5024935', 'eae86e19-bc9b-450e-90aa-69e8a7622af9', N'Nguyễn Đình Tạo');
INSERT INTO CovidChinhThuc.dbo.ChiTiet_NguoiCoCong (ID_ThongTin, NguoiTaoDL) VALUES ('a4f048e8-8088-4e80-9557-e893d65bee3c', N'Nguyễn Đình Tạo');
-- row: [349]);
INSERT INTO CovidChinhThuc.dbo.CaNhan (ID, HoTen, NgaySinh, CMND, SinhNam, DiaChi, IDPhuongXa, IDQuanHuyen, SoKhaiSinh, NguoiTaoDL) VALUES ('6f95e2a7-a9aa-49e2-83b0-809cb44f5126', N'Nguyễn Thị Lang', '1958-01-01', '210034869', 1958, N'Phú Mỹ', 105, 7, NULL, N'Nguyễn Đình Tạo');
INSERT INTO CovidChinhThuc.dbo.ThongTinHoTro (ID, IDNoiDung, IDDoiTuong, IDCaNhan, NguoiTaoDL) VALUES ('bc91872b-188a-4f13-a76f-8f7263ab315f', 6, 'EDE2F0CC-2376-438A-B5FB-FACD867E38EF', '6f95e2a7-a9aa-49e2-83b0-809cb44f5126', N'Nguyễn Đình Tạo');
INSERT INTO CovidChinhThuc.dbo.ChiTiet_NguoiCoCong (ID_ThongTin, NguoiTaoDL) VALUES ('bc91872b-188a-4f13-a76f-8f7263ab315f', N'Nguyễn Đình Tạo');
-- row: [350]);
INSERT INTO CovidChinhThuc.dbo.CaNhan (ID, HoTen, NgaySinh, CMND, SinhNam, DiaChi, IDPhuongXa, IDQuanHuyen, SoKhaiSinh, NguoiTaoDL) VALUES ('09db8517-5b06-4fca-bd29-649291692121', N'Nguyễn Thị Lẫu', '1932-01-01', '210841149', 1932, N'Phú Hiệp', 105, 7, NULL, N'Nguyễn Đình Tạo');
INSERT INTO CovidChinhThuc.dbo.ThongTinHoTro (ID, IDNoiDung, IDDoiTuong, IDCaNhan, NguoiTaoDL) VALUES ('fab525e4-08c1-4456-967c-c45d2799d2f8', 6, '3A65F299-2EFA-4982-BF70-81D7B5024935', '09db8517-5b06-4fca-bd29-649291692121', N'Nguyễn Đình Tạo');
INSERT INTO CovidChinhThuc.dbo.ChiTiet_NguoiCoCong (ID_ThongTin, NguoiTaoDL) VALUES ('fab525e4-08c1-4456-967c-c45d2799d2f8', N'Nguyễn Đình Tạo');
-- row: [351]);
INSERT INTO CovidChinhThuc.dbo.CaNhan (ID, HoTen, NgaySinh, CMND, SinhNam, DiaChi, IDPhuongXa, IDQuanHuyen, SoKhaiSinh, NguoiTaoDL) VALUES ('6536bc78-37b6-4363-8469-223b15e3ac58', N'Nguyễn Thị Lê', '1933-01-01', '210915919', 1933, N'Phú Thịnh', 105, 7, NULL, N'Nguyễn Đình Tạo');
INSERT INTO CovidChinhThuc.dbo.ThongTinHoTro (ID, IDNoiDung, IDDoiTuong, IDCaNhan, NguoiTaoDL) VALUES ('17b9ddc1-c3f9-4f54-abfc-691544b68ca0', 6, 'EDE2F0CC-2376-438A-B5FB-FACD867E38EF', '6536bc78-37b6-4363-8469-223b15e3ac58', N'Nguyễn Đình Tạo');
INSERT INTO CovidChinhThuc.dbo.ChiTiet_NguoiCoCong (ID_ThongTin, NguoiTaoDL) VALUES ('17b9ddc1-c3f9-4f54-abfc-691544b68ca0', N'Nguyễn Đình Tạo');
-- row: [352]);
INSERT INTO CovidChinhThuc.dbo.CaNhan (ID, HoTen, NgaySinh, CMND, SinhNam, DiaChi, IDPhuongXa, IDQuanHuyen, SoKhaiSinh, NguoiTaoDL) VALUES ('6aa837f2-4ba2-4d13-a55d-015115972a55', N'Nguyễn Thị Liên', '1957-01-01', '211692442', 1957, N'Phú Mỹ', 105, 7, NULL, N'Nguyễn Đình Tạo');
INSERT INTO CovidChinhThuc.dbo.ThongTinHoTro (ID, IDNoiDung, IDDoiTuong, IDCaNhan, NguoiTaoDL) VALUES ('ade174a4-2cd1-4bd7-8574-1f1222ab24f4', 6, 'EDE2F0CC-2376-438A-B5FB-FACD867E38EF', '6aa837f2-4ba2-4d13-a55d-015115972a55', N'Nguyễn Đình Tạo');
INSERT INTO CovidChinhThuc.dbo.ChiTiet_NguoiCoCong (ID_ThongTin, NguoiTaoDL) VALUES ('ade174a4-2cd1-4bd7-8574-1f1222ab24f4', N'Nguyễn Đình Tạo');
-- row: [353]);
INSERT INTO CovidChinhThuc.dbo.CaNhan (ID, HoTen, NgaySinh, CMND, SinhNam, DiaChi, IDPhuongXa, IDQuanHuyen, SoKhaiSinh, NguoiTaoDL) VALUES ('122af995-af6f-4bf2-a1ab-d7d2935aae5e', N'Nguyễn Thị Mai', '1956-01-01', '210915757', 1956, N'Phú Mỹ', 105, 7, NULL, N'Nguyễn Đình Tạo');
INSERT INTO CovidChinhThuc.dbo.ThongTinHoTro (ID, IDNoiDung, IDDoiTuong, IDCaNhan, NguoiTaoDL) VALUES ('a5c121d8-8489-48cc-b8ef-ac3d550add64', 6, '2DE801FE-8F9D-4CB2-A1C0-E61F4503CB74', '122af995-af6f-4bf2-a1ab-d7d2935aae5e', N'Nguyễn Đình Tạo');
INSERT INTO CovidChinhThuc.dbo.ChiTiet_NguoiCoCong (ID_ThongTin, NguoiTaoDL) VALUES ('a5c121d8-8489-48cc-b8ef-ac3d550add64', N'Nguyễn Đình Tạo');
-- row: [354]);
INSERT INTO CovidChinhThuc.dbo.CaNhan (ID, HoTen, NgaySinh, CMND, SinhNam, DiaChi, IDPhuongXa, IDQuanHuyen, SoKhaiSinh, NguoiTaoDL) VALUES ('8f60ed77-b35c-4ea6-9128-c48b7ea999c9', N'Nguyễn Thị Nơi', '1953-01-01', '210915703', 1953, N'Phú Mỹ', 105, 7, NULL, N'Nguyễn Đình Tạo');
INSERT INTO CovidChinhThuc.dbo.ThongTinHoTro (ID, IDNoiDung, IDDoiTuong, IDCaNhan, NguoiTaoDL) VALUES ('c1ae482b-5707-41d5-8161-517e197bf443', 6, '2DE801FE-8F9D-4CB2-A1C0-E61F4503CB74', '8f60ed77-b35c-4ea6-9128-c48b7ea999c9', N'Nguyễn Đình Tạo');
INSERT INTO CovidChinhThuc.dbo.ChiTiet_NguoiCoCong (ID_ThongTin, NguoiTaoDL) VALUES ('c1ae482b-5707-41d5-8161-517e197bf443', N'Nguyễn Đình Tạo');
-- row: [355]);
INSERT INTO CovidChinhThuc.dbo.CaNhan (ID, HoTen, NgaySinh, CMND, SinhNam, DiaChi, IDPhuongXa, IDQuanHuyen, SoKhaiSinh, NguoiTaoDL) VALUES ('cb0f7061-aa84-4f7e-ba20-9c57ba6fc48d', N'Nguyễn Thị Phải', '1944-01-01', '210841323', 1944, N'Phú Hiệp', 105, 7, NULL, N'Nguyễn Đình Tạo');
INSERT INTO CovidChinhThuc.dbo.ThongTinHoTro (ID, IDNoiDung, IDDoiTuong, IDCaNhan, NguoiTaoDL) VALUES ('c88df5ef-3757-4ce6-8cec-d1f90411f958', 6, '3A65F299-2EFA-4982-BF70-81D7B5024935', 'cb0f7061-aa84-4f7e-ba20-9c57ba6fc48d', N'Nguyễn Đình Tạo');
INSERT INTO CovidChinhThuc.dbo.ChiTiet_NguoiCoCong (ID_ThongTin, NguoiTaoDL) VALUES ('c88df5ef-3757-4ce6-8cec-d1f90411f958', N'Nguyễn Đình Tạo');
-- row: [356]);
INSERT INTO CovidChinhThuc.dbo.CaNhan (ID, HoTen, NgaySinh, CMND, SinhNam, DiaChi, IDPhuongXa, IDQuanHuyen, SoKhaiSinh, NguoiTaoDL) VALUES ('2e0db955-78ca-4da4-aebf-11e51aa1d324', N'Nguyễn Thị Sen', '1953-01-01', '210034732', 1953, N'Phú Mỹ', 105, 7, NULL, N'Nguyễn Đình Tạo');
INSERT INTO CovidChinhThuc.dbo.ThongTinHoTro (ID, IDNoiDung, IDDoiTuong, IDCaNhan, NguoiTaoDL) VALUES ('ed63e87f-8c52-445e-939f-7b7052c9cb75', 6, 'EDE2F0CC-2376-438A-B5FB-FACD867E38EF', '2e0db955-78ca-4da4-aebf-11e51aa1d324', N'Nguyễn Đình Tạo');
INSERT INTO CovidChinhThuc.dbo.ChiTiet_NguoiCoCong (ID_ThongTin, NguoiTaoDL) VALUES ('ed63e87f-8c52-445e-939f-7b7052c9cb75', N'Nguyễn Đình Tạo');
-- row: [357]);
INSERT INTO CovidChinhThuc.dbo.CaNhan (ID, HoTen, NgaySinh, CMND, SinhNam, DiaChi, IDPhuongXa, IDQuanHuyen, SoKhaiSinh, NguoiTaoDL) VALUES ('b6a49dd2-044d-420f-9b46-c4fc5d4a80cb', N'Nguyễn Thị Sơn', '1951-01-01', '210915244', 1951, N'Phú Thọ', 105, 7, NULL, N'Nguyễn Đình Tạo');
INSERT INTO CovidChinhThuc.dbo.ThongTinHoTro (ID, IDNoiDung, IDDoiTuong, IDCaNhan, NguoiTaoDL) VALUES ('8a573f4e-3d5c-470d-9fb4-6283e0c56e17', 6, 'EDE2F0CC-2376-438A-B5FB-FACD867E38EF', 'b6a49dd2-044d-420f-9b46-c4fc5d4a80cb', N'Nguyễn Đình Tạo');
INSERT INTO CovidChinhThuc.dbo.ChiTiet_NguoiCoCong (ID_ThongTin, NguoiTaoDL) VALUES ('8a573f4e-3d5c-470d-9fb4-6283e0c56e17', N'Nguyễn Đình Tạo');
-- row: [358]);
INSERT INTO CovidChinhThuc.dbo.CaNhan (ID, HoTen, NgaySinh, CMND, SinhNam, DiaChi, IDPhuongXa, IDQuanHuyen, SoKhaiSinh, NguoiTaoDL) VALUES ('97f089b6-8245-43e3-8419-090249118ee1', N'Nguyễn Thị Thanh', '1948-01-01', '210842036', 1948, N'Phú Thọ', 105, 7, NULL, N'Nguyễn Đình Tạo');
INSERT INTO CovidChinhThuc.dbo.ThongTinHoTro (ID, IDNoiDung, IDDoiTuong, IDCaNhan, NguoiTaoDL) VALUES ('f758c8d8-3b4a-4dac-8050-a0b7b1f0eba6', 6, 'EDE2F0CC-2376-438A-B5FB-FACD867E38EF', '97f089b6-8245-43e3-8419-090249118ee1', N'Nguyễn Đình Tạo');
INSERT INTO CovidChinhThuc.dbo.ChiTiet_NguoiCoCong (ID_ThongTin, NguoiTaoDL) VALUES ('f758c8d8-3b4a-4dac-8050-a0b7b1f0eba6', N'Nguyễn Đình Tạo');
-- row: [359]);
INSERT INTO CovidChinhThuc.dbo.CaNhan (ID, HoTen, NgaySinh, CMND, SinhNam, DiaChi, IDPhuongXa, IDQuanHuyen, SoKhaiSinh, NguoiTaoDL) VALUES ('d7482825-7022-49f4-b4fc-e86d1c22efb2', N'Nguyễn Thị Tình', '1930-01-01', '210915378', 1930, N'Phú Mỹ', 105, 7, NULL, N'Nguyễn Đình Tạo');
INSERT INTO CovidChinhThuc.dbo.ThongTinHoTro (ID, IDNoiDung, IDDoiTuong, IDCaNhan, NguoiTaoDL) VALUES ('7e8a3284-8b15-4c95-878b-9e487881694f', 6, '3A65F299-2EFA-4982-BF70-81D7B5024935', 'd7482825-7022-49f4-b4fc-e86d1c22efb2', N'Nguyễn Đình Tạo');
INSERT INTO CovidChinhThuc.dbo.ChiTiet_NguoiCoCong (ID_ThongTin, NguoiTaoDL) VALUES ('7e8a3284-8b15-4c95-878b-9e487881694f', N'Nguyễn Đình Tạo');
-- row: [360]);
INSERT INTO CovidChinhThuc.dbo.CaNhan (ID, HoTen, NgaySinh, CMND, SinhNam, DiaChi, IDPhuongXa, IDQuanHuyen, SoKhaiSinh, NguoiTaoDL) VALUES ('494fdf07-a28e-49e2-8f60-b5d4353990e2', N'Nguyễn Thị Ty', '1924-01-01', '210915392', 1924, N'Phú Mỹ', 105, 7, NULL, N'Nguyễn Đình Tạo');
INSERT INTO CovidChinhThuc.dbo.ThongTinHoTro (ID, IDNoiDung, IDDoiTuong, IDCaNhan, NguoiTaoDL) VALUES ('edbde5ef-691d-482c-b440-b9b9965769a6', 6, 'EDE2F0CC-2376-438A-B5FB-FACD867E38EF', '494fdf07-a28e-49e2-8f60-b5d4353990e2', N'Nguyễn Đình Tạo');
INSERT INTO CovidChinhThuc.dbo.ChiTiet_NguoiCoCong (ID_ThongTin, NguoiTaoDL) VALUES ('edbde5ef-691d-482c-b440-b9b9965769a6', N'Nguyễn Đình Tạo');
-- row: [361]);
INSERT INTO CovidChinhThuc.dbo.CaNhan (ID, HoTen, NgaySinh, CMND, SinhNam, DiaChi, IDPhuongXa, IDQuanHuyen, SoKhaiSinh, NguoiTaoDL) VALUES ('00b13ff6-4d5c-4cdd-9ba1-451a2437aa84', N'Nguyễn Văn Bảy', '1957-01-01', '211362470', 1957, N'Phú Mỹ', 105, 7, NULL, N'Nguyễn Đình Tạo');
INSERT INTO CovidChinhThuc.dbo.ThongTinHoTro (ID, IDNoiDung, IDDoiTuong, IDCaNhan, NguoiTaoDL) VALUES ('b3cfcfb9-e274-489c-8bdd-705eba6f13b2', 6, 'EDE2F0CC-2376-438A-B5FB-FACD867E38EF', '00b13ff6-4d5c-4cdd-9ba1-451a2437aa84', N'Nguyễn Đình Tạo');
INSERT INTO CovidChinhThuc.dbo.ChiTiet_NguoiCoCong (ID_ThongTin, NguoiTaoDL) VALUES ('b3cfcfb9-e274-489c-8bdd-705eba6f13b2', N'Nguyễn Đình Tạo');
-- row: [362]);
INSERT INTO CovidChinhThuc.dbo.CaNhan (ID, HoTen, NgaySinh, CMND, SinhNam, DiaChi, IDPhuongXa, IDQuanHuyen, SoKhaiSinh, NguoiTaoDL) VALUES ('9035c19a-6cce-412b-af5c-9b0a759d670d', N'Nguyễn Văn Học', '1956-01-01', '210915818', 1956, N'Phú Mỹ', 105, 7, NULL, N'Nguyễn Đình Tạo');
INSERT INTO CovidChinhThuc.dbo.ThongTinHoTro (ID, IDNoiDung, IDDoiTuong, IDCaNhan, NguoiTaoDL) VALUES ('93646450-d53d-4a1c-b870-53791bd49cce', 6, 'EDE2F0CC-2376-438A-B5FB-FACD867E38EF', '9035c19a-6cce-412b-af5c-9b0a759d670d', N'Nguyễn Đình Tạo');
INSERT INTO CovidChinhThuc.dbo.ChiTiet_NguoiCoCong (ID_ThongTin, NguoiTaoDL) VALUES ('93646450-d53d-4a1c-b870-53791bd49cce', N'Nguyễn Đình Tạo');
-- row: [363]);
INSERT INTO CovidChinhThuc.dbo.CaNhan (ID, HoTen, NgaySinh, CMND, SinhNam, DiaChi, IDPhuongXa, IDQuanHuyen, SoKhaiSinh, NguoiTaoDL) VALUES ('1947f6c6-e21e-4d19-b75a-14b4eefdef45', N'Nguyễn Văn Minh', '1954-01-01', '211026687', 1954, N'Phú Mỹ', 105, 7, NULL, N'Nguyễn Đình Tạo');
INSERT INTO CovidChinhThuc.dbo.ThongTinHoTro (ID, IDNoiDung, IDDoiTuong, IDCaNhan, NguoiTaoDL) VALUES ('7f3168f6-1bc5-46b4-872f-21d42512e40e', 6, 'EDE2F0CC-2376-438A-B5FB-FACD867E38EF', '1947f6c6-e21e-4d19-b75a-14b4eefdef45', N'Nguyễn Đình Tạo');
INSERT INTO CovidChinhThuc.dbo.ChiTiet_NguoiCoCong (ID_ThongTin, NguoiTaoDL) VALUES ('7f3168f6-1bc5-46b4-872f-21d42512e40e', N'Nguyễn Đình Tạo');
-- row: [364]);
INSERT INTO CovidChinhThuc.dbo.CaNhan (ID, HoTen, NgaySinh, CMND, SinhNam, DiaChi, IDPhuongXa, IDQuanHuyen, SoKhaiSinh, NguoiTaoDL) VALUES ('9ed2db16-80c9-47f4-ab06-7861ce34b361', N'Nguyễn Văn Quân', '1957-01-01', '210915517', 1957, N'Phú Mỹ', 105, 7, NULL, N'Nguyễn Đình Tạo');
INSERT INTO CovidChinhThuc.dbo.ThongTinHoTro (ID, IDNoiDung, IDDoiTuong, IDCaNhan, NguoiTaoDL) VALUES ('af0d5a99-6e02-449c-9b0d-dc5667e9d5a3', 6, 'EDE2F0CC-2376-438A-B5FB-FACD867E38EF', '9ed2db16-80c9-47f4-ab06-7861ce34b361', N'Nguyễn Đình Tạo');
INSERT INTO CovidChinhThuc.dbo.ChiTiet_NguoiCoCong (ID_ThongTin, NguoiTaoDL) VALUES ('af0d5a99-6e02-449c-9b0d-dc5667e9d5a3', N'Nguyễn Đình Tạo');
-- row: [365]);
INSERT INTO CovidChinhThuc.dbo.CaNhan (ID, HoTen, NgaySinh, CMND, SinhNam, DiaChi, IDPhuongXa, IDQuanHuyen, SoKhaiSinh, NguoiTaoDL) VALUES ('fd50fe1f-1aa2-4eea-b7f3-3f826f049a0e', N'Nguyễn Văn Thân', '1956-01-01', NULL, 1956, N'Phú Thịnh', 105, 7, NULL, N'Nguyễn Đình Tạo');
INSERT INTO CovidChinhThuc.dbo.ThongTinHoTro (ID, IDNoiDung, IDDoiTuong, IDCaNhan, NguoiTaoDL) VALUES ('3f6af129-3595-4949-b551-d72520df6cff', 6, 'EDE2F0CC-2376-438A-B5FB-FACD867E38EF', 'fd50fe1f-1aa2-4eea-b7f3-3f826f049a0e', N'Nguyễn Đình Tạo');
INSERT INTO CovidChinhThuc.dbo.ChiTiet_NguoiCoCong (ID_ThongTin, NguoiTaoDL) VALUES ('3f6af129-3595-4949-b551-d72520df6cff', N'Nguyễn Đình Tạo');
-- row: [366]);
INSERT INTO CovidChinhThuc.dbo.CaNhan (ID, HoTen, NgaySinh, CMND, SinhNam, DiaChi, IDPhuongXa, IDQuanHuyen, SoKhaiSinh, NguoiTaoDL) VALUES ('08d0f5ed-2dc8-40ff-8002-01bfc7669c60', N'Nguyễn Văn Thơ', '1957-01-01', '211727213', 1957, N'Phú Thọ', 105, 7, NULL, N'Nguyễn Đình Tạo');
INSERT INTO CovidChinhThuc.dbo.ThongTinHoTro (ID, IDNoiDung, IDDoiTuong, IDCaNhan, NguoiTaoDL) VALUES ('d48a09a6-a255-462a-a3da-e52ef5afa3de', 6, 'EDE2F0CC-2376-438A-B5FB-FACD867E38EF', '08d0f5ed-2dc8-40ff-8002-01bfc7669c60', N'Nguyễn Đình Tạo');
INSERT INTO CovidChinhThuc.dbo.ChiTiet_NguoiCoCong (ID_ThongTin, NguoiTaoDL) VALUES ('d48a09a6-a255-462a-a3da-e52ef5afa3de', N'Nguyễn Đình Tạo');
-- row: [367]);
INSERT INTO CovidChinhThuc.dbo.CaNhan (ID, HoTen, NgaySinh, CMND, SinhNam, DiaChi, IDPhuongXa, IDQuanHuyen, SoKhaiSinh, NguoiTaoDL) VALUES ('841a13dc-0a11-4415-bf60-427047f8b41c', N'Nguyễn Vĩnh Khiêm', '1953-01-01', '210842988', 1953, N'Phú Mỹ', 105, 7, NULL, N'Nguyễn Đình Tạo');
INSERT INTO CovidChinhThuc.dbo.ThongTinHoTro (ID, IDNoiDung, IDDoiTuong, IDCaNhan, NguoiTaoDL) VALUES ('220fe642-b822-4b5b-b132-42a75c887e59', 6, '2DE801FE-8F9D-4CB2-A1C0-E61F4503CB74', '841a13dc-0a11-4415-bf60-427047f8b41c', N'Nguyễn Đình Tạo');
INSERT INTO CovidChinhThuc.dbo.ChiTiet_NguoiCoCong (ID_ThongTin, NguoiTaoDL) VALUES ('220fe642-b822-4b5b-b132-42a75c887e59', N'Nguyễn Đình Tạo');
-- row: [368]);
INSERT INTO CovidChinhThuc.dbo.CaNhan (ID, HoTen, NgaySinh, CMND, SinhNam, DiaChi, IDPhuongXa, IDQuanHuyen, SoKhaiSinh, NguoiTaoDL) VALUES ('32e38113-259d-41d2-9ec0-ecbffe1563fe', N'Nguyễn Xuân Đào', '1958-01-01', '211705867', 1958, N'Phú Thịnh', 105, 7, NULL, N'Nguyễn Đình Tạo');
INSERT INTO CovidChinhThuc.dbo.ThongTinHoTro (ID, IDNoiDung, IDDoiTuong, IDCaNhan, NguoiTaoDL) VALUES ('efc3ff97-14f9-4ebd-a4af-31c346df296b', 6, '78AC3F79-5C50-4ACB-B626-E51ED3D4E8E5', '32e38113-259d-41d2-9ec0-ecbffe1563fe', N'Nguyễn Đình Tạo');
INSERT INTO CovidChinhThuc.dbo.ChiTiet_NguoiCoCong (ID_ThongTin, NguoiTaoDL) VALUES ('efc3ff97-14f9-4ebd-a4af-31c346df296b', N'Nguyễn Đình Tạo');
-- row: [369]);
INSERT INTO CovidChinhThuc.dbo.CaNhan (ID, HoTen, NgaySinh, CMND, SinhNam, DiaChi, IDPhuongXa, IDQuanHuyen, SoKhaiSinh, NguoiTaoDL) VALUES ('8f6ae85f-2050-4421-b7b5-4a741f055bbf', N'Nguyễn Xuân Tài', '1958-01-01', '210915473', 1958, N'Phú Mỹ', 105, 7, NULL, N'Nguyễn Đình Tạo');
INSERT INTO CovidChinhThuc.dbo.ThongTinHoTro (ID, IDNoiDung, IDDoiTuong, IDCaNhan, NguoiTaoDL) VALUES ('fd3ff46f-ba32-451f-854d-ee08cae2b3a9', 6, 'EDE2F0CC-2376-438A-B5FB-FACD867E38EF', '8f6ae85f-2050-4421-b7b5-4a741f055bbf', N'Nguyễn Đình Tạo');
INSERT INTO CovidChinhThuc.dbo.ChiTiet_NguoiCoCong (ID_ThongTin, NguoiTaoDL) VALUES ('fd3ff46f-ba32-451f-854d-ee08cae2b3a9', N'Nguyễn Đình Tạo');
-- row: [370]);
INSERT INTO CovidChinhThuc.dbo.CaNhan (ID, HoTen, NgaySinh, CMND, SinhNam, DiaChi, IDPhuongXa, IDQuanHuyen, SoKhaiSinh, NguoiTaoDL) VALUES ('47b25260-9888-4d78-9eb0-10fab7e5e63d', N'Phạm Thị Tám', '1937-01-01', '210840809', 1937, N'Phú Hiệp', 105, 7, NULL, N'Nguyễn Đình Tạo');
INSERT INTO CovidChinhThuc.dbo.ThongTinHoTro (ID, IDNoiDung, IDDoiTuong, IDCaNhan, NguoiTaoDL) VALUES ('bf6fa76e-cc4d-4195-8e0b-e6438ed8edce', 6, '3A65F299-2EFA-4982-BF70-81D7B5024935', '47b25260-9888-4d78-9eb0-10fab7e5e63d', N'Nguyễn Đình Tạo');
INSERT INTO CovidChinhThuc.dbo.ChiTiet_NguoiCoCong (ID_ThongTin, NguoiTaoDL) VALUES ('bf6fa76e-cc4d-4195-8e0b-e6438ed8edce', N'Nguyễn Đình Tạo');
-- row: [371]);
INSERT INTO CovidChinhThuc.dbo.CaNhan (ID, HoTen, NgaySinh, CMND, SinhNam, DiaChi, IDPhuongXa, IDQuanHuyen, SoKhaiSinh, NguoiTaoDL) VALUES ('49ae6bb0-8fb8-4bc8-9d62-eb2abb41c7f3', N'Phan Thị Hoa', '1952-01-01', '210915549', 1952, N'Phú Mỹ', 105, 7, NULL, N'Nguyễn Đình Tạo');
INSERT INTO CovidChinhThuc.dbo.ThongTinHoTro (ID, IDNoiDung, IDDoiTuong, IDCaNhan, NguoiTaoDL) VALUES ('3da4087d-60e5-4e57-9957-bf45ed6104ff', 6, '2DE801FE-8F9D-4CB2-A1C0-E61F4503CB74', '49ae6bb0-8fb8-4bc8-9d62-eb2abb41c7f3', N'Nguyễn Đình Tạo');
INSERT INTO CovidChinhThuc.dbo.ChiTiet_NguoiCoCong (ID_ThongTin, NguoiTaoDL) VALUES ('3da4087d-60e5-4e57-9957-bf45ed6104ff', N'Nguyễn Đình Tạo');
-- row: [372]);
INSERT INTO CovidChinhThuc.dbo.CaNhan (ID, HoTen, NgaySinh, CMND, SinhNam, DiaChi, IDPhuongXa, IDQuanHuyen, SoKhaiSinh, NguoiTaoDL) VALUES ('0ff4fb9d-bc4f-4d39-8518-60948e307e97', N'Phan Thị Thanh Nga', '1946-01-01', NULL, 1946, N'Phú Thịnh', 105, 7, NULL, N'Nguyễn Đình Tạo');
INSERT INTO CovidChinhThuc.dbo.ThongTinHoTro (ID, IDNoiDung, IDDoiTuong, IDCaNhan, NguoiTaoDL) VALUES ('9d5c8a69-8ff4-40d4-95ac-c6f408876846', 6, 'EDE2F0CC-2376-438A-B5FB-FACD867E38EF', '0ff4fb9d-bc4f-4d39-8518-60948e307e97', N'Nguyễn Đình Tạo');
INSERT INTO CovidChinhThuc.dbo.ChiTiet_NguoiCoCong (ID_ThongTin, NguoiTaoDL) VALUES ('9d5c8a69-8ff4-40d4-95ac-c6f408876846', N'Nguyễn Đình Tạo');
-- row: [373]);
INSERT INTO CovidChinhThuc.dbo.CaNhan (ID, HoTen, NgaySinh, CMND, SinhNam, DiaChi, IDPhuongXa, IDQuanHuyen, SoKhaiSinh, NguoiTaoDL) VALUES ('f47c43a4-f56d-47bf-91e8-4138c822bcb5', N'Phù Thị Ngọc Xuân', '1953-01-01', '211692279', 1953, N'Phú Lâm', 105, 7, NULL, N'Nguyễn Đình Tạo');
INSERT INTO CovidChinhThuc.dbo.ThongTinHoTro (ID, IDNoiDung, IDDoiTuong, IDCaNhan, NguoiTaoDL) VALUES ('e9d4f394-54a9-43e4-b0e5-53f1e14aec2d', 6, 'EDE2F0CC-2376-438A-B5FB-FACD867E38EF', 'f47c43a4-f56d-47bf-91e8-4138c822bcb5', N'Nguyễn Đình Tạo');
INSERT INTO CovidChinhThuc.dbo.ChiTiet_NguoiCoCong (ID_ThongTin, NguoiTaoDL) VALUES ('e9d4f394-54a9-43e4-b0e5-53f1e14aec2d', N'Nguyễn Đình Tạo');
-- row: [374]);
INSERT INTO CovidChinhThuc.dbo.CaNhan (ID, HoTen, NgaySinh, CMND, SinhNam, DiaChi, IDPhuongXa, IDQuanHuyen, SoKhaiSinh, NguoiTaoDL) VALUES ('361bcac5-bdde-4ea5-8007-6b32af82903f', N'Trần Ngọc Tân', '1955-01-01', '210915847', 1955, N'Phú Thịnh', 105, 7, NULL, N'Nguyễn Đình Tạo');
INSERT INTO CovidChinhThuc.dbo.ThongTinHoTro (ID, IDNoiDung, IDDoiTuong, IDCaNhan, NguoiTaoDL) VALUES ('777312d3-138b-4f35-9744-5c60238f6ae9', 6, 'EDE2F0CC-2376-438A-B5FB-FACD867E38EF', '361bcac5-bdde-4ea5-8007-6b32af82903f', N'Nguyễn Đình Tạo');
INSERT INTO CovidChinhThuc.dbo.ChiTiet_NguoiCoCong (ID_ThongTin, NguoiTaoDL) VALUES ('777312d3-138b-4f35-9744-5c60238f6ae9', N'Nguyễn Đình Tạo');
-- row: [375]);
INSERT INTO CovidChinhThuc.dbo.CaNhan (ID, HoTen, NgaySinh, CMND, SinhNam, DiaChi, IDPhuongXa, IDQuanHuyen, SoKhaiSinh, NguoiTaoDL) VALUES ('9edb4faa-c023-42eb-8c95-e5d3432357a1', N'Trần Phi Hùng', '1954-01-01', '211194053', 1954, N'Phú Thịnh', 105, 7, NULL, N'Nguyễn Đình Tạo');
INSERT INTO CovidChinhThuc.dbo.ThongTinHoTro (ID, IDNoiDung, IDDoiTuong, IDCaNhan, NguoiTaoDL) VALUES ('b71c153f-941e-4d26-a6ef-644d7bfcef17', 6, 'EDE2F0CC-2376-438A-B5FB-FACD867E38EF', '9edb4faa-c023-42eb-8c95-e5d3432357a1', N'Nguyễn Đình Tạo');
INSERT INTO CovidChinhThuc.dbo.ChiTiet_NguoiCoCong (ID_ThongTin, NguoiTaoDL) VALUES ('b71c153f-941e-4d26-a6ef-644d7bfcef17', N'Nguyễn Đình Tạo');
-- row: [376]);
INSERT INTO CovidChinhThuc.dbo.CaNhan (ID, HoTen, NgaySinh, CMND, SinhNam, DiaChi, IDPhuongXa, IDQuanHuyen, SoKhaiSinh, NguoiTaoDL) VALUES ('681b476d-cbc9-48e2-9dab-3e32bf3f5d91', N'Trần Phù Dung', '1926-01-01', '210842757', 1926, N'Phú Lâm', 105, 7, NULL, N'Nguyễn Đình Tạo');
INSERT INTO CovidChinhThuc.dbo.ThongTinHoTro (ID, IDNoiDung, IDDoiTuong, IDCaNhan, NguoiTaoDL) VALUES ('360962fa-ab68-46b1-9e33-afaae9325be6', 6, '3A65F299-2EFA-4982-BF70-81D7B5024935', '681b476d-cbc9-48e2-9dab-3e32bf3f5d91', N'Nguyễn Đình Tạo');
INSERT INTO CovidChinhThuc.dbo.ChiTiet_NguoiCoCong (ID_ThongTin, NguoiTaoDL) VALUES ('360962fa-ab68-46b1-9e33-afaae9325be6', N'Nguyễn Đình Tạo');
-- row: [377]);
INSERT INTO CovidChinhThuc.dbo.CaNhan (ID, HoTen, NgaySinh, CMND, SinhNam, DiaChi, IDPhuongXa, IDQuanHuyen, SoKhaiSinh, NguoiTaoDL) VALUES ('e9704b6d-cd98-47ca-a7b6-97a47bf44336', N'Trần Quốc Tuấn', '1953-01-01', '211362513', 1953, N'Phú Mỹ', 105, 7, NULL, N'Nguyễn Đình Tạo');
INSERT INTO CovidChinhThuc.dbo.ThongTinHoTro (ID, IDNoiDung, IDDoiTuong, IDCaNhan, NguoiTaoDL) VALUES ('e27eaa47-c8e5-48fb-8f0f-443e9926e0a4', 6, 'EDE2F0CC-2376-438A-B5FB-FACD867E38EF', 'e9704b6d-cd98-47ca-a7b6-97a47bf44336', N'Nguyễn Đình Tạo');
INSERT INTO CovidChinhThuc.dbo.ChiTiet_NguoiCoCong (ID_ThongTin, NguoiTaoDL) VALUES ('e27eaa47-c8e5-48fb-8f0f-443e9926e0a4', N'Nguyễn Đình Tạo');
-- row: [378]);
INSERT INTO CovidChinhThuc.dbo.CaNhan (ID, HoTen, NgaySinh, CMND, SinhNam, DiaChi, IDPhuongXa, IDQuanHuyen, SoKhaiSinh, NguoiTaoDL) VALUES ('04c202b7-f867-4a40-bdfa-c466617bba37', N'Trần Thái', '1953-01-01', '210974563', 1953, N'Phú Mỹ', 105, 7, NULL, N'Nguyễn Đình Tạo');
INSERT INTO CovidChinhThuc.dbo.ThongTinHoTro (ID, IDNoiDung, IDDoiTuong, IDCaNhan, NguoiTaoDL) VALUES ('9bbcab8f-f1e0-4754-a0e1-de832f92fc9a', 6, 'EDE2F0CC-2376-438A-B5FB-FACD867E38EF', '04c202b7-f867-4a40-bdfa-c466617bba37', N'Nguyễn Đình Tạo');
INSERT INTO CovidChinhThuc.dbo.ChiTiet_NguoiCoCong (ID_ThongTin, NguoiTaoDL) VALUES ('9bbcab8f-f1e0-4754-a0e1-de832f92fc9a', N'Nguyễn Đình Tạo');
-- row: [379]);
INSERT INTO CovidChinhThuc.dbo.CaNhan (ID, HoTen, NgaySinh, CMND, SinhNam, DiaChi, IDPhuongXa, IDQuanHuyen, SoKhaiSinh, NguoiTaoDL) VALUES ('3f8d9b05-eb4a-4c2b-ab52-5b5e0a7f4695', N'Trần Thị Bê', '1929-01-01', '210842016', 1929, N'Phú Thọ', 105, 7, NULL, N'Nguyễn Đình Tạo');
INSERT INTO CovidChinhThuc.dbo.ThongTinHoTro (ID, IDNoiDung, IDDoiTuong, IDCaNhan, NguoiTaoDL) VALUES ('c941ebb8-dce6-493e-82f0-23a2d0a104e6', 6, 'EDE2F0CC-2376-438A-B5FB-FACD867E38EF', '3f8d9b05-eb4a-4c2b-ab52-5b5e0a7f4695', N'Nguyễn Đình Tạo');
INSERT INTO CovidChinhThuc.dbo.ChiTiet_NguoiCoCong (ID_ThongTin, NguoiTaoDL) VALUES ('c941ebb8-dce6-493e-82f0-23a2d0a104e6', N'Nguyễn Đình Tạo');
-- row: [380]);
INSERT INTO CovidChinhThuc.dbo.CaNhan (ID, HoTen, NgaySinh, CMND, SinhNam, DiaChi, IDPhuongXa, IDQuanHuyen, SoKhaiSinh, NguoiTaoDL) VALUES ('aa559275-d0d3-4929-8ac9-a5d747f19e86', N'Trần Thị Đào', '1921-01-01', '210915714', 1921, N'Phú Mỹ', 105, 7, NULL, N'Nguyễn Đình Tạo');
INSERT INTO CovidChinhThuc.dbo.ThongTinHoTro (ID, IDNoiDung, IDDoiTuong, IDCaNhan, NguoiTaoDL) VALUES ('907d6455-7946-4879-b9c0-0c0705dea30e', 6, '2DE801FE-8F9D-4CB2-A1C0-E61F4503CB74', 'aa559275-d0d3-4929-8ac9-a5d747f19e86', N'Nguyễn Đình Tạo');
INSERT INTO CovidChinhThuc.dbo.ChiTiet_NguoiCoCong (ID_ThongTin, NguoiTaoDL) VALUES ('907d6455-7946-4879-b9c0-0c0705dea30e', N'Nguyễn Đình Tạo');
-- row: [381]);
INSERT INTO CovidChinhThuc.dbo.CaNhan (ID, HoTen, NgaySinh, CMND, SinhNam, DiaChi, IDPhuongXa, IDQuanHuyen, SoKhaiSinh, NguoiTaoDL) VALUES ('b09b3d95-8eae-416b-9a1b-e749d24666e9', N'Trần Thị Hiên', '1933-01-01', '210915519', 1933, N'Phú Mỹ', 105, 7, NULL, N'Nguyễn Đình Tạo');
INSERT INTO CovidChinhThuc.dbo.ThongTinHoTro (ID, IDNoiDung, IDDoiTuong, IDCaNhan, NguoiTaoDL) VALUES ('b425725c-4b2e-48f3-b8ce-27a0916f3780', 6, 'EDE2F0CC-2376-438A-B5FB-FACD867E38EF', 'b09b3d95-8eae-416b-9a1b-e749d24666e9', N'Nguyễn Đình Tạo');
INSERT INTO CovidChinhThuc.dbo.ChiTiet_NguoiCoCong (ID_ThongTin, NguoiTaoDL) VALUES ('b425725c-4b2e-48f3-b8ce-27a0916f3780', N'Nguyễn Đình Tạo');
-- row: [382]);
INSERT INTO CovidChinhThuc.dbo.CaNhan (ID, HoTen, NgaySinh, CMND, SinhNam, DiaChi, IDPhuongXa, IDQuanHuyen, SoKhaiSinh, NguoiTaoDL) VALUES ('904b7378-8a4d-431b-8ae0-94dba8c5b131', N'Trần Thị Mai', '1957-01-01', '211644794', 1957, N'Phú Lâm', 105, 7, NULL, N'Nguyễn Đình Tạo');
INSERT INTO CovidChinhThuc.dbo.ThongTinHoTro (ID, IDNoiDung, IDDoiTuong, IDCaNhan, NguoiTaoDL) VALUES ('77fd9a30-4e6c-4001-8ea7-0fe89cdb3bde', 6, 'EDE2F0CC-2376-438A-B5FB-FACD867E38EF', '904b7378-8a4d-431b-8ae0-94dba8c5b131', N'Nguyễn Đình Tạo');
INSERT INTO CovidChinhThuc.dbo.ChiTiet_NguoiCoCong (ID_ThongTin, NguoiTaoDL) VALUES ('77fd9a30-4e6c-4001-8ea7-0fe89cdb3bde', N'Nguyễn Đình Tạo');
-- row: [383]);
INSERT INTO CovidChinhThuc.dbo.CaNhan (ID, HoTen, NgaySinh, CMND, SinhNam, DiaChi, IDPhuongXa, IDQuanHuyen, SoKhaiSinh, NguoiTaoDL) VALUES ('ecffd7fd-e6ae-4d35-9b7b-9439f46db9e9', N'Trần Thị Minh', '1950-01-01', '210842908', 1950, N'Phú Mỹ', 105, 7, NULL, N'Nguyễn Đình Tạo');
INSERT INTO CovidChinhThuc.dbo.ThongTinHoTro (ID, IDNoiDung, IDDoiTuong, IDCaNhan, NguoiTaoDL) VALUES ('6f1bd266-2ffb-41e7-b3e2-feb4b52e57b3', 6, '2DE801FE-8F9D-4CB2-A1C0-E61F4503CB74', 'ecffd7fd-e6ae-4d35-9b7b-9439f46db9e9', N'Nguyễn Đình Tạo');
INSERT INTO CovidChinhThuc.dbo.ChiTiet_NguoiCoCong (ID_ThongTin, NguoiTaoDL) VALUES ('6f1bd266-2ffb-41e7-b3e2-feb4b52e57b3', N'Nguyễn Đình Tạo');
-- row: [384]);
INSERT INTO CovidChinhThuc.dbo.CaNhan (ID, HoTen, NgaySinh, CMND, SinhNam, DiaChi, IDPhuongXa, IDQuanHuyen, SoKhaiSinh, NguoiTaoDL) VALUES ('50983611-cecd-4d80-8c82-db4070966a89', N'Trần Thị Mỹ Lâm', '1925-01-01', '210842975', 1925, N'Phú Mỹ', 105, 7, NULL, N'Nguyễn Đình Tạo');
INSERT INTO CovidChinhThuc.dbo.ThongTinHoTro (ID, IDNoiDung, IDDoiTuong, IDCaNhan, NguoiTaoDL) VALUES ('3cc9a438-af3b-4552-9ede-5baca855e0ee', 6, 'EDE2F0CC-2376-438A-B5FB-FACD867E38EF', '50983611-cecd-4d80-8c82-db4070966a89', N'Nguyễn Đình Tạo');
INSERT INTO CovidChinhThuc.dbo.ChiTiet_NguoiCoCong (ID_ThongTin, NguoiTaoDL) VALUES ('3cc9a438-af3b-4552-9ede-5baca855e0ee', N'Nguyễn Đình Tạo');
-- row: [385]);
INSERT INTO CovidChinhThuc.dbo.CaNhan (ID, HoTen, NgaySinh, CMND, SinhNam, DiaChi, IDPhuongXa, IDQuanHuyen, SoKhaiSinh, NguoiTaoDL) VALUES ('13eb3918-4064-43a4-bc7a-7c75c3043163', N'Trần Thị Phương', '1956-01-01', '210842766', 1956, N'Phú Mỹ', 105, 7, NULL, N'Nguyễn Đình Tạo');
INSERT INTO CovidChinhThuc.dbo.ThongTinHoTro (ID, IDNoiDung, IDDoiTuong, IDCaNhan, NguoiTaoDL) VALUES ('602a99ca-4317-46f0-b4ed-97f2e3a50673', 6, '2DE801FE-8F9D-4CB2-A1C0-E61F4503CB74', '13eb3918-4064-43a4-bc7a-7c75c3043163', N'Nguyễn Đình Tạo');
INSERT INTO CovidChinhThuc.dbo.ChiTiet_NguoiCoCong (ID_ThongTin, NguoiTaoDL) VALUES ('602a99ca-4317-46f0-b4ed-97f2e3a50673', N'Nguyễn Đình Tạo');
-- row: [386]);
INSERT INTO CovidChinhThuc.dbo.CaNhan (ID, HoTen, NgaySinh, CMND, SinhNam, DiaChi, IDPhuongXa, IDQuanHuyen, SoKhaiSinh, NguoiTaoDL) VALUES ('ff45e6e5-6dd5-4b84-a0db-8f88d8e809a7', N'Trần Thị Sang', '1947-01-01', '210915738', 1947, N'Phú Thịnh', 105, 7, NULL, N'Nguyễn Đình Tạo');
INSERT INTO CovidChinhThuc.dbo.ThongTinHoTro (ID, IDNoiDung, IDDoiTuong, IDCaNhan, NguoiTaoDL) VALUES ('e4614a95-8f7f-4ad8-947a-f251dd744507', 6, 'EDE2F0CC-2376-438A-B5FB-FACD867E38EF', 'ff45e6e5-6dd5-4b84-a0db-8f88d8e809a7', N'Nguyễn Đình Tạo');
INSERT INTO CovidChinhThuc.dbo.ChiTiet_NguoiCoCong (ID_ThongTin, NguoiTaoDL) VALUES ('e4614a95-8f7f-4ad8-947a-f251dd744507', N'Nguyễn Đình Tạo');
-- row: [387]);
INSERT INTO CovidChinhThuc.dbo.CaNhan (ID, HoTen, NgaySinh, CMND, SinhNam, DiaChi, IDPhuongXa, IDQuanHuyen, SoKhaiSinh, NguoiTaoDL) VALUES ('3939cfec-eddc-4a70-91f4-5cab5b8d588d', N'Trần Thị Tàu', '1954-01-01', '210915439', 1954, N'Phú Mỹ', 105, 7, NULL, N'Nguyễn Đình Tạo');
INSERT INTO CovidChinhThuc.dbo.ThongTinHoTro (ID, IDNoiDung, IDDoiTuong, IDCaNhan, NguoiTaoDL) VALUES ('bf4e5799-ae20-4f01-a5ef-597b7322f330', 6, 'EDE2F0CC-2376-438A-B5FB-FACD867E38EF', '3939cfec-eddc-4a70-91f4-5cab5b8d588d', N'Nguyễn Đình Tạo');
INSERT INTO CovidChinhThuc.dbo.ChiTiet_NguoiCoCong (ID_ThongTin, NguoiTaoDL) VALUES ('bf4e5799-ae20-4f01-a5ef-597b7322f330', N'Nguyễn Đình Tạo');
-- row: [388]);
INSERT INTO CovidChinhThuc.dbo.CaNhan (ID, HoTen, NgaySinh, CMND, SinhNam, DiaChi, IDPhuongXa, IDQuanHuyen, SoKhaiSinh, NguoiTaoDL) VALUES ('37affed9-aa76-487c-bc0d-a346bc294f51', N'Trần Thị Thanh Xuân', '1953-01-01', '210915394', 1953, N'Phú Mỹ', 105, 7, NULL, N'Nguyễn Đình Tạo');
INSERT INTO CovidChinhThuc.dbo.ThongTinHoTro (ID, IDNoiDung, IDDoiTuong, IDCaNhan, NguoiTaoDL) VALUES ('2c985bca-9b23-404d-ab39-9c62b2247284', 6, 'EDE2F0CC-2376-438A-B5FB-FACD867E38EF', '37affed9-aa76-487c-bc0d-a346bc294f51', N'Nguyễn Đình Tạo');
INSERT INTO CovidChinhThuc.dbo.ChiTiet_NguoiCoCong (ID_ThongTin, NguoiTaoDL) VALUES ('2c985bca-9b23-404d-ab39-9c62b2247284', N'Nguyễn Đình Tạo');
-- row: [389]);
INSERT INTO CovidChinhThuc.dbo.CaNhan (ID, HoTen, NgaySinh, CMND, SinhNam, DiaChi, IDPhuongXa, IDQuanHuyen, SoKhaiSinh, NguoiTaoDL) VALUES ('3d8ef056-1868-4f3f-840a-9bafa68de3a3', N'Trần Thị Thuý Triều', '1952-01-01', '210214639', 1952, N'Phú Mỹ', 105, 7, NULL, N'Nguyễn Đình Tạo');
INSERT INTO CovidChinhThuc.dbo.ThongTinHoTro (ID, IDNoiDung, IDDoiTuong, IDCaNhan, NguoiTaoDL) VALUES ('8935bcf4-fbf5-47df-8148-1cffdb5e58e1', 6, 'EDE2F0CC-2376-438A-B5FB-FACD867E38EF', '3d8ef056-1868-4f3f-840a-9bafa68de3a3', N'Nguyễn Đình Tạo');
INSERT INTO CovidChinhThuc.dbo.ChiTiet_NguoiCoCong (ID_ThongTin, NguoiTaoDL) VALUES ('8935bcf4-fbf5-47df-8148-1cffdb5e58e1', N'Nguyễn Đình Tạo');
-- row: [390]);
INSERT INTO CovidChinhThuc.dbo.CaNhan (ID, HoTen, NgaySinh, CMND, SinhNam, DiaChi, IDPhuongXa, IDQuanHuyen, SoKhaiSinh, NguoiTaoDL) VALUES ('28615c05-912b-4a65-8d51-4c864e994ea5', N'Trương Thị Mười', '1951-01-01', '210037536', 1951, N'Phú Thịnh', 105, 7, NULL, N'Nguyễn Đình Tạo');
INSERT INTO CovidChinhThuc.dbo.ThongTinHoTro (ID, IDNoiDung, IDDoiTuong, IDCaNhan, NguoiTaoDL) VALUES ('a390e1c3-0a25-4611-8366-9d4fb1790bfa', 6, NULL, '28615c05-912b-4a65-8d51-4c864e994ea5', N'Nguyễn Đình Tạo');
INSERT INTO CovidChinhThuc.dbo.ChiTiet_NguoiCoCong (ID_ThongTin, NguoiTaoDL) VALUES ('a390e1c3-0a25-4611-8366-9d4fb1790bfa', N'Nguyễn Đình Tạo');
-- row: [391]);
INSERT INTO CovidChinhThuc.dbo.CaNhan (ID, HoTen, NgaySinh, CMND, SinhNam, DiaChi, IDPhuongXa, IDQuanHuyen, SoKhaiSinh, NguoiTaoDL) VALUES ('e155cea6-cba1-4379-9b2c-58c995e700bc', N'Trương Thị Xúc', '1930-01-01', '210915943', 1930, N'Phú Lâm', 105, 7, NULL, N'Nguyễn Đình Tạo');
INSERT INTO CovidChinhThuc.dbo.ThongTinHoTro (ID, IDNoiDung, IDDoiTuong, IDCaNhan, NguoiTaoDL) VALUES ('daccc46d-a97b-40d4-90bc-f0273fef079f', 6, '3A65F299-2EFA-4982-BF70-81D7B5024935', 'e155cea6-cba1-4379-9b2c-58c995e700bc', N'Nguyễn Đình Tạo');
INSERT INTO CovidChinhThuc.dbo.ChiTiet_NguoiCoCong (ID_ThongTin, NguoiTaoDL) VALUES ('daccc46d-a97b-40d4-90bc-f0273fef079f', N'Nguyễn Đình Tạo');
-- row: [392]);
INSERT INTO CovidChinhThuc.dbo.CaNhan (ID, HoTen, NgaySinh, CMND, SinhNam, DiaChi, IDPhuongXa, IDQuanHuyen, SoKhaiSinh, NguoiTaoDL) VALUES ('978c6126-d3be-4940-88e7-68ea519e6b49', N'Văn Thị Nông', '1953-01-01', '210951723', 1953, N'Phú Mỹ', 105, 7, NULL, N'Nguyễn Đình Tạo');
INSERT INTO CovidChinhThuc.dbo.ThongTinHoTro (ID, IDNoiDung, IDDoiTuong, IDCaNhan, NguoiTaoDL) VALUES ('52486733-1a7d-459a-940b-6bd88602da4c', 6, 'EDE2F0CC-2376-438A-B5FB-FACD867E38EF', '978c6126-d3be-4940-88e7-68ea519e6b49', N'Nguyễn Đình Tạo');
INSERT INTO CovidChinhThuc.dbo.ChiTiet_NguoiCoCong (ID_ThongTin, NguoiTaoDL) VALUES ('52486733-1a7d-459a-940b-6bd88602da4c', N'Nguyễn Đình Tạo');
-- row: [393]);
INSERT INTO CovidChinhThuc.dbo.CaNhan (ID, HoTen, NgaySinh, CMND, SinhNam, DiaChi, IDPhuongXa, IDQuanHuyen, SoKhaiSinh, NguoiTaoDL) VALUES ('9bfb7d30-da92-4480-b431-a673260a3c6f', N'Võ Ngọc Hoàng', '1950-01-01', '210915037', 1950, N'Phú Thọ', 105, 7, NULL, N'Nguyễn Đình Tạo');
INSERT INTO CovidChinhThuc.dbo.ThongTinHoTro (ID, IDNoiDung, IDDoiTuong, IDCaNhan, NguoiTaoDL) VALUES ('f4a0aaa7-5e57-489f-8518-3127412e7cf8', 6, 'EDE2F0CC-2376-438A-B5FB-FACD867E38EF', '9bfb7d30-da92-4480-b431-a673260a3c6f', N'Nguyễn Đình Tạo');
INSERT INTO CovidChinhThuc.dbo.ChiTiet_NguoiCoCong (ID_ThongTin, NguoiTaoDL) VALUES ('f4a0aaa7-5e57-489f-8518-3127412e7cf8', N'Nguyễn Đình Tạo');
-- row: [394]);
INSERT INTO CovidChinhThuc.dbo.CaNhan (ID, HoTen, NgaySinh, CMND, SinhNam, DiaChi, IDPhuongXa, IDQuanHuyen, SoKhaiSinh, NguoiTaoDL) VALUES ('e2d1759a-3ba3-4aed-bb12-07f44307a09e', N'Võ Thị Mẹo', '1936-01-01', '210842860', 1936, N'Phú Mỹ', 105, 7, NULL, N'Nguyễn Đình Tạo');
INSERT INTO CovidChinhThuc.dbo.ThongTinHoTro (ID, IDNoiDung, IDDoiTuong, IDCaNhan, NguoiTaoDL) VALUES ('717c199e-417f-46ec-824d-8342cd089603', 6, '2DE801FE-8F9D-4CB2-A1C0-E61F4503CB74', 'e2d1759a-3ba3-4aed-bb12-07f44307a09e', N'Nguyễn Đình Tạo');
INSERT INTO CovidChinhThuc.dbo.ChiTiet_NguoiCoCong (ID_ThongTin, NguoiTaoDL) VALUES ('717c199e-417f-46ec-824d-8342cd089603', N'Nguyễn Đình Tạo');
-- row: [395]);
INSERT INTO CovidChinhThuc.dbo.CaNhan (ID, HoTen, NgaySinh, CMND, SinhNam, DiaChi, IDPhuongXa, IDQuanHuyen, SoKhaiSinh, NguoiTaoDL) VALUES ('0ec35326-92f9-47a3-85d3-3dea143930c2', N'Võ Văn Hùng', '1958-01-01', '210974566', 1958, N'Phú Mỹ', 105, 7, NULL, N'Nguyễn Đình Tạo');
INSERT INTO CovidChinhThuc.dbo.ThongTinHoTro (ID, IDNoiDung, IDDoiTuong, IDCaNhan, NguoiTaoDL) VALUES ('9f43bcae-a4b2-4a10-a0fa-278e100bcc6f', 6, 'EDE2F0CC-2376-438A-B5FB-FACD867E38EF', '0ec35326-92f9-47a3-85d3-3dea143930c2', N'Nguyễn Đình Tạo');
INSERT INTO CovidChinhThuc.dbo.ChiTiet_NguoiCoCong (ID_ThongTin, NguoiTaoDL) VALUES ('9f43bcae-a4b2-4a10-a0fa-278e100bcc6f', N'Nguyễn Đình Tạo');
-- row: [396]);
INSERT INTO CovidChinhThuc.dbo.CaNhan (ID, HoTen, NgaySinh, CMND, SinhNam, DiaChi, IDPhuongXa, IDQuanHuyen, SoKhaiSinh, NguoiTaoDL) VALUES ('106f7bb3-2c4e-4acf-b5ef-c90cd56001be', N'Võ Văn Sỹ', '1931-01-01', '210915353', 1931, N'Phú Mỹ', 105, 7, NULL, N'Nguyễn Đình Tạo');
INSERT INTO CovidChinhThuc.dbo.ThongTinHoTro (ID, IDNoiDung, IDDoiTuong, IDCaNhan, NguoiTaoDL) VALUES ('74ed7026-1876-4543-9c33-46678ae9d352', 6, '3A65F299-2EFA-4982-BF70-81D7B5024935', '106f7bb3-2c4e-4acf-b5ef-c90cd56001be', N'Nguyễn Đình Tạo');
INSERT INTO CovidChinhThuc.dbo.ChiTiet_NguoiCoCong (ID_ThongTin, NguoiTaoDL) VALUES ('74ed7026-1876-4543-9c33-46678ae9d352', N'Nguyễn Đình Tạo');
-- row: [397]);
INSERT INTO CovidChinhThuc.dbo.CaNhan (ID, HoTen, NgaySinh, CMND, SinhNam, DiaChi, IDPhuongXa, IDQuanHuyen, SoKhaiSinh, NguoiTaoDL) VALUES ('0bfde4a5-ca1f-4cc8-bfc2-a64ce7aeee05', N'Võ Văn Trung', '1950-01-01', '210842784', 1950, N'Phú Mỹ', 105, 7, NULL, N'Nguyễn Đình Tạo');
INSERT INTO CovidChinhThuc.dbo.ThongTinHoTro (ID, IDNoiDung, IDDoiTuong, IDCaNhan, NguoiTaoDL) VALUES ('f96bf9d5-b99e-41b7-8480-f293931543b7', 6, 'EDE2F0CC-2376-438A-B5FB-FACD867E38EF', '0bfde4a5-ca1f-4cc8-bfc2-a64ce7aeee05', N'Nguyễn Đình Tạo');
INSERT INTO CovidChinhThuc.dbo.ChiTiet_NguoiCoCong (ID_ThongTin, NguoiTaoDL) VALUES ('f96bf9d5-b99e-41b7-8480-f293931543b7', N'Nguyễn Đình Tạo');
-- row: [398]);
INSERT INTO CovidChinhThuc.dbo.CaNhan (ID, HoTen, NgaySinh, CMND, SinhNam, DiaChi, IDPhuongXa, IDQuanHuyen, SoKhaiSinh, NguoiTaoDL) VALUES ('0f84b06a-18c7-48ab-b5ae-e1866acbf73e', N'Bùi Quang Hà', '1954-01-01', '210974708', 1954, N'Phú An', 103, 7, NULL, N'Nguyễn Đình Tạo');
INSERT INTO CovidChinhThuc.dbo.ThongTinHoTro (ID, IDNoiDung, IDDoiTuong, IDCaNhan, NguoiTaoDL) VALUES ('b5b6516c-7aa0-4603-a2a5-7020e49cf7cf', 6, '3A65F299-2EFA-4982-BF70-81D7B5024935', '0f84b06a-18c7-48ab-b5ae-e1866acbf73e', N'Nguyễn Đình Tạo');
INSERT INTO CovidChinhThuc.dbo.ChiTiet_NguoiCoCong (ID_ThongTin, NguoiTaoDL) VALUES ('b5b6516c-7aa0-4603-a2a5-7020e49cf7cf', N'Nguyễn Đình Tạo');
-- row: [399]);
INSERT INTO CovidChinhThuc.dbo.CaNhan (ID, HoTen, NgaySinh, CMND, SinhNam, DiaChi, IDPhuongXa, IDQuanHuyen, SoKhaiSinh, NguoiTaoDL) VALUES ('45a477d3-8cac-410f-be83-7133e58ba5f9', N'Bùi Văn Hùng', '1954-01-01', '211704925', 1954, N'Phú Hòa', 103, 7, NULL, N'Nguyễn Đình Tạo');
INSERT INTO CovidChinhThuc.dbo.ThongTinHoTro (ID, IDNoiDung, IDDoiTuong, IDCaNhan, NguoiTaoDL) VALUES ('deeee454-2e5f-4b0b-81c7-7fe471963efa', 6, '3A65F299-2EFA-4982-BF70-81D7B5024935', '45a477d3-8cac-410f-be83-7133e58ba5f9', N'Nguyễn Đình Tạo');
INSERT INTO CovidChinhThuc.dbo.ChiTiet_NguoiCoCong (ID_ThongTin, NguoiTaoDL) VALUES ('deeee454-2e5f-4b0b-81c7-7fe471963efa', N'Nguyễn Đình Tạo');
-- row: [400]);
INSERT INTO CovidChinhThuc.dbo.CaNhan (ID, HoTen, NgaySinh, CMND, SinhNam, DiaChi, IDPhuongXa, IDQuanHuyen, SoKhaiSinh, NguoiTaoDL) VALUES ('9963999a-ced7-45ec-bbb1-1411cf8f1e2c', N'Đặng Xuân Thương', '1949-01-01', '211326632', 1949, N'Phú An', 103, 7, NULL, N'Nguyễn Đình Tạo');
INSERT INTO CovidChinhThuc.dbo.ThongTinHoTro (ID, IDNoiDung, IDDoiTuong, IDCaNhan, NguoiTaoDL) VALUES ('624d3555-3fca-4fd2-9125-18932c77c1b1', 6, 'EDE2F0CC-2376-438A-B5FB-FACD867E38EF', '9963999a-ced7-45ec-bbb1-1411cf8f1e2c', N'Nguyễn Đình Tạo');
INSERT INTO CovidChinhThuc.dbo.ChiTiet_NguoiCoCong (ID_ThongTin, NguoiTaoDL) VALUES ('624d3555-3fca-4fd2-9125-18932c77c1b1', N'Nguyễn Đình Tạo');
-- row: [401]);
INSERT INTO CovidChinhThuc.dbo.CaNhan (ID, HoTen, NgaySinh, CMND, SinhNam, DiaChi, IDPhuongXa, IDQuanHuyen, SoKhaiSinh, NguoiTaoDL) VALUES ('20556d70-da6b-4bc8-9f5c-13a09a668cbc', N'Đinh Thị Diệu', '1975-01-01', '215242164', 1975, N'Đồng Sim', 103, 7, NULL, N'Nguyễn Đình Tạo');
INSERT INTO CovidChinhThuc.dbo.ThongTinHoTro (ID, IDNoiDung, IDDoiTuong, IDCaNhan, NguoiTaoDL) VALUES ('ddd64c4d-c619-4954-9ab6-1783e0ec1fdc', 6, 'E4E24DC6-98AE-4685-985D-47C0B48DD6FD', '20556d70-da6b-4bc8-9f5c-13a09a668cbc', N'Nguyễn Đình Tạo');
INSERT INTO CovidChinhThuc.dbo.ChiTiet_NguoiCoCong (ID_ThongTin, NguoiTaoDL) VALUES ('ddd64c4d-c619-4954-9ab6-1783e0ec1fdc', N'Nguyễn Đình Tạo');
-- row: [402]);
INSERT INTO CovidChinhThuc.dbo.CaNhan (ID, HoTen, NgaySinh, CMND, SinhNam, DiaChi, IDPhuongXa, IDQuanHuyen, SoKhaiSinh, NguoiTaoDL) VALUES ('2b79961b-87bd-4c74-9e70-07009f80f2cf', N'Đinh Túc', '1956-06-01', '211671829', 1956, N'Đồng Sim', 103, 7, NULL, N'Nguyễn Đình Tạo');
INSERT INTO CovidChinhThuc.dbo.ThongTinHoTro (ID, IDNoiDung, IDDoiTuong, IDCaNhan, NguoiTaoDL) VALUES ('e8ea5834-0e6b-4726-b05a-3577a7dd84eb', 6, '78AC3F79-5C50-4ACB-B626-E51ED3D4E8E5', '2b79961b-87bd-4c74-9e70-07009f80f2cf', N'Nguyễn Đình Tạo');
INSERT INTO CovidChinhThuc.dbo.ChiTiet_NguoiCoCong (ID_ThongTin, NguoiTaoDL) VALUES ('e8ea5834-0e6b-4726-b05a-3577a7dd84eb', N'Nguyễn Đình Tạo');
-- row: [403]);
INSERT INTO CovidChinhThuc.dbo.CaNhan (ID, HoTen, NgaySinh, CMND, SinhNam, DiaChi, IDPhuongXa, IDQuanHuyen, SoKhaiSinh, NguoiTaoDL) VALUES ('1d7cf3c9-9c75-4948-aa31-cd299cdde2dd', N'Đỗ Hữu Thiết', '1930-01-01', '210917130', 1930, N'Phú Hòa', 103, 7, NULL, N'Nguyễn Đình Tạo');
INSERT INTO CovidChinhThuc.dbo.ThongTinHoTro (ID, IDNoiDung, IDDoiTuong, IDCaNhan, NguoiTaoDL) VALUES ('fcd99d0a-4f2c-4c87-a1e9-e2bc1a696b96', 6, 'EDE2F0CC-2376-438A-B5FB-FACD867E38EF', '1d7cf3c9-9c75-4948-aa31-cd299cdde2dd', N'Nguyễn Đình Tạo');
INSERT INTO CovidChinhThuc.dbo.ChiTiet_NguoiCoCong (ID_ThongTin, NguoiTaoDL) VALUES ('fcd99d0a-4f2c-4c87-a1e9-e2bc1a696b96', N'Nguyễn Đình Tạo');
-- row: [404]);
INSERT INTO CovidChinhThuc.dbo.CaNhan (ID, HoTen, NgaySinh, CMND, SinhNam, DiaChi, IDPhuongXa, IDQuanHuyen, SoKhaiSinh, NguoiTaoDL) VALUES ('12110da1-298d-4c30-8ff3-cab559088bf6', N'Đỗ Thị Ân', '1938-01-01', '210917419', 1938, N'Phú Hòa', 103, 7, NULL, N'Nguyễn Đình Tạo');
INSERT INTO CovidChinhThuc.dbo.ThongTinHoTro (ID, IDNoiDung, IDDoiTuong, IDCaNhan, NguoiTaoDL) VALUES ('c1dfa83d-80ac-48f9-8dcc-18c5b18b9ded', 6, '2DE801FE-8F9D-4CB2-A1C0-E61F4503CB74', '12110da1-298d-4c30-8ff3-cab559088bf6', N'Nguyễn Đình Tạo');
INSERT INTO CovidChinhThuc.dbo.ChiTiet_NguoiCoCong (ID_ThongTin, NguoiTaoDL) VALUES ('c1dfa83d-80ac-48f9-8dcc-18c5b18b9ded', N'Nguyễn Đình Tạo');
-- row: [405]);
INSERT INTO CovidChinhThuc.dbo.CaNhan (ID, HoTen, NgaySinh, CMND, SinhNam, DiaChi, IDPhuongXa, IDQuanHuyen, SoKhaiSinh, NguoiTaoDL) VALUES ('c5c4336b-1e7c-45bd-bfee-e63751963a87', N'Đỗ Văn Xây', '1957-01-01', '211191858', 1957, N'Phú An', 103, 7, NULL, N'Nguyễn Đình Tạo');
INSERT INTO CovidChinhThuc.dbo.ThongTinHoTro (ID, IDNoiDung, IDDoiTuong, IDCaNhan, NguoiTaoDL) VALUES ('04e716d8-66fc-44ac-8db5-53b412d37a76', 6, 'EDE2F0CC-2376-438A-B5FB-FACD867E38EF', 'c5c4336b-1e7c-45bd-bfee-e63751963a87', N'Nguyễn Đình Tạo');
INSERT INTO CovidChinhThuc.dbo.ChiTiet_NguoiCoCong (ID_ThongTin, NguoiTaoDL) VALUES ('04e716d8-66fc-44ac-8db5-53b412d37a76', N'Nguyễn Đình Tạo');
-- row: [406]);
INSERT INTO CovidChinhThuc.dbo.CaNhan (ID, HoTen, NgaySinh, CMND, SinhNam, DiaChi, IDPhuongXa, IDQuanHuyen, SoKhaiSinh, NguoiTaoDL) VALUES ('8efd7a40-59ae-48a4-8581-e9dbe3f6044e', N'Đoàn Minh Hoàng', '1937-01-01', '210917841', 1937, N'Phú An', 103, 7, NULL, N'Nguyễn Đình Tạo');
INSERT INTO CovidChinhThuc.dbo.ThongTinHoTro (ID, IDNoiDung, IDDoiTuong, IDCaNhan, NguoiTaoDL) VALUES ('965557e4-3d60-4b13-bfe1-3b72344f8ca1', 6, '3A65F299-2EFA-4982-BF70-81D7B5024935', '8efd7a40-59ae-48a4-8581-e9dbe3f6044e', N'Nguyễn Đình Tạo');
INSERT INTO CovidChinhThuc.dbo.ChiTiet_NguoiCoCong (ID_ThongTin, NguoiTaoDL) VALUES ('965557e4-3d60-4b13-bfe1-3b72344f8ca1', N'Nguyễn Đình Tạo');
-- row: [407]);
INSERT INTO CovidChinhThuc.dbo.CaNhan (ID, HoTen, NgaySinh, CMND, SinhNam, DiaChi, IDPhuongXa, IDQuanHuyen, SoKhaiSinh, NguoiTaoDL) VALUES ('a6d4cef8-08f6-47c1-92f0-1bfea4b742b6', N'Lê Đình Chi', '1958-01-01', '215329929', 1958, N'Phú Hòa', 103, 7, NULL, N'Nguyễn Đình Tạo');
INSERT INTO CovidChinhThuc.dbo.ThongTinHoTro (ID, IDNoiDung, IDDoiTuong, IDCaNhan, NguoiTaoDL) VALUES ('429fff3b-2961-438a-aa5a-05caabb464fe', 6, 'EDE2F0CC-2376-438A-B5FB-FACD867E38EF', 'a6d4cef8-08f6-47c1-92f0-1bfea4b742b6', N'Nguyễn Đình Tạo');
INSERT INTO CovidChinhThuc.dbo.ChiTiet_NguoiCoCong (ID_ThongTin, NguoiTaoDL) VALUES ('429fff3b-2961-438a-aa5a-05caabb464fe', N'Nguyễn Đình Tạo');
-- row: [408]);
INSERT INTO CovidChinhThuc.dbo.CaNhan (ID, HoTen, NgaySinh, CMND, SinhNam, DiaChi, IDPhuongXa, IDQuanHuyen, SoKhaiSinh, NguoiTaoDL) VALUES ('a68f62c4-6d8e-45ba-aa0c-94876cda2f6c', N'Nguyễn Chí Nam', '1957-01-01', '210974829', 1957, N'Phú Hòa', 103, 7, NULL, N'Nguyễn Đình Tạo');
INSERT INTO CovidChinhThuc.dbo.ThongTinHoTro (ID, IDNoiDung, IDDoiTuong, IDCaNhan, NguoiTaoDL) VALUES ('b0c3ed1e-5295-4ee2-bfcb-7f78b42f604b', 6, 'EDE2F0CC-2376-438A-B5FB-FACD867E38EF', 'a68f62c4-6d8e-45ba-aa0c-94876cda2f6c', N'Nguyễn Đình Tạo');
INSERT INTO CovidChinhThuc.dbo.ChiTiet_NguoiCoCong (ID_ThongTin, NguoiTaoDL) VALUES ('b0c3ed1e-5295-4ee2-bfcb-7f78b42f604b', N'Nguyễn Đình Tạo');
-- row: [409]);
INSERT INTO CovidChinhThuc.dbo.CaNhan (ID, HoTen, NgaySinh, CMND, SinhNam, DiaChi, IDPhuongXa, IDQuanHuyen, SoKhaiSinh, NguoiTaoDL) VALUES ('5dbd3ef6-21f4-4cf0-939e-aff94569bb41', N'Nguyễn Thị Ánh Tuyết', '1955-01-01', '210034354', 1955, N'Phú An', 103, 7, NULL, N'Nguyễn Đình Tạo');
INSERT INTO CovidChinhThuc.dbo.ThongTinHoTro (ID, IDNoiDung, IDDoiTuong, IDCaNhan, NguoiTaoDL) VALUES ('d6425a7a-43ab-4cb3-bfd6-c6d5f2940750', 6, 'EDE2F0CC-2376-438A-B5FB-FACD867E38EF', '5dbd3ef6-21f4-4cf0-939e-aff94569bb41', N'Nguyễn Đình Tạo');
INSERT INTO CovidChinhThuc.dbo.ChiTiet_NguoiCoCong (ID_ThongTin, NguoiTaoDL) VALUES ('d6425a7a-43ab-4cb3-bfd6-c6d5f2940750', N'Nguyễn Đình Tạo');
-- row: [410]);
INSERT INTO CovidChinhThuc.dbo.CaNhan (ID, HoTen, NgaySinh, CMND, SinhNam, DiaChi, IDPhuongXa, IDQuanHuyen, SoKhaiSinh, NguoiTaoDL) VALUES ('4f06d1d8-ec4a-4727-a7de-49dc5772da02', N'Nguyễn Thị Bất', '1938-01-01', '210317892', 1938, N'Phú An', 103, 7, NULL, N'Nguyễn Đình Tạo');
INSERT INTO CovidChinhThuc.dbo.ThongTinHoTro (ID, IDNoiDung, IDDoiTuong, IDCaNhan, NguoiTaoDL) VALUES ('dcb5846a-6198-409d-8777-921244d4bf24', 6, '3A65F299-2EFA-4982-BF70-81D7B5024935', '4f06d1d8-ec4a-4727-a7de-49dc5772da02', N'Nguyễn Đình Tạo');
INSERT INTO CovidChinhThuc.dbo.ChiTiet_NguoiCoCong (ID_ThongTin, NguoiTaoDL) VALUES ('dcb5846a-6198-409d-8777-921244d4bf24', N'Nguyễn Đình Tạo');
-- row: [411]);
INSERT INTO CovidChinhThuc.dbo.CaNhan (ID, HoTen, NgaySinh, CMND, SinhNam, DiaChi, IDPhuongXa, IDQuanHuyen, SoKhaiSinh, NguoiTaoDL) VALUES ('1352d674-8b2a-4bbf-b93b-b9b319d68ca4', N'Nguyễn Thị Chọn', '1954-06-01', '210020085', 1954, N'Phú An', 103, 7, NULL, N'Nguyễn Đình Tạo');
INSERT INTO CovidChinhThuc.dbo.ThongTinHoTro (ID, IDNoiDung, IDDoiTuong, IDCaNhan, NguoiTaoDL) VALUES ('aaf64b35-91a0-4c94-ab4c-73400d608c02', 6, 'EDE2F0CC-2376-438A-B5FB-FACD867E38EF', '1352d674-8b2a-4bbf-b93b-b9b319d68ca4', N'Nguyễn Đình Tạo');
INSERT INTO CovidChinhThuc.dbo.ChiTiet_NguoiCoCong (ID_ThongTin, NguoiTaoDL) VALUES ('aaf64b35-91a0-4c94-ab4c-73400d608c02', N'Nguyễn Đình Tạo');
-- row: [412]);
INSERT INTO CovidChinhThuc.dbo.CaNhan (ID, HoTen, NgaySinh, CMND, SinhNam, DiaChi, IDPhuongXa, IDQuanHuyen, SoKhaiSinh, NguoiTaoDL) VALUES ('f41b0a88-cb39-4148-a9f7-416ca5bf93a5', N'Nguyễn Thị Đặng', '1946-01-01', '210866341', 1946, N'Phú An', 103, 7, NULL, N'Nguyễn Đình Tạo');
INSERT INTO CovidChinhThuc.dbo.ThongTinHoTro (ID, IDNoiDung, IDDoiTuong, IDCaNhan, NguoiTaoDL) VALUES ('a811986e-c6b7-4c20-ab80-d30374ffdf39', 6, 'EDE2F0CC-2376-438A-B5FB-FACD867E38EF', 'f41b0a88-cb39-4148-a9f7-416ca5bf93a5', N'Nguyễn Đình Tạo');
INSERT INTO CovidChinhThuc.dbo.ChiTiet_NguoiCoCong (ID_ThongTin, NguoiTaoDL) VALUES ('a811986e-c6b7-4c20-ab80-d30374ffdf39', N'Nguyễn Đình Tạo');
-- row: [413]);
INSERT INTO CovidChinhThuc.dbo.CaNhan (ID, HoTen, NgaySinh, CMND, SinhNam, DiaChi, IDPhuongXa, IDQuanHuyen, SoKhaiSinh, NguoiTaoDL) VALUES ('92c6678d-11bc-49d7-8917-9701277bd7cf', N'Nguyễn Thị Hòa', '1956-01-01', '210945207', 1956, N'Phú An', 103, 7, NULL, N'Nguyễn Đình Tạo');
INSERT INTO CovidChinhThuc.dbo.ThongTinHoTro (ID, IDNoiDung, IDDoiTuong, IDCaNhan, NguoiTaoDL) VALUES ('a5a840c8-3c05-4804-8c7b-47f281d76b12', 6, '3A65F299-2EFA-4982-BF70-81D7B5024935', '92c6678d-11bc-49d7-8917-9701277bd7cf', N'Nguyễn Đình Tạo');
INSERT INTO CovidChinhThuc.dbo.ChiTiet_NguoiCoCong (ID_ThongTin, NguoiTaoDL) VALUES ('a5a840c8-3c05-4804-8c7b-47f281d76b12', N'Nguyễn Đình Tạo');
-- row: [414]);
INSERT INTO CovidChinhThuc.dbo.CaNhan (ID, HoTen, NgaySinh, CMND, SinhNam, DiaChi, IDPhuongXa, IDQuanHuyen, SoKhaiSinh, NguoiTaoDL) VALUES ('d4387c77-ae89-45d2-8b48-7734f6361c85', N'Nguyễn Thị Hương', '1954-01-01', '210945508', 1954, N'Phú An', 103, 7, NULL, N'Nguyễn Đình Tạo');
INSERT INTO CovidChinhThuc.dbo.ThongTinHoTro (ID, IDNoiDung, IDDoiTuong, IDCaNhan, NguoiTaoDL) VALUES ('bd24f384-7eac-4f15-b836-611b0d52df27', 6, 'EDE2F0CC-2376-438A-B5FB-FACD867E38EF', 'd4387c77-ae89-45d2-8b48-7734f6361c85', N'Nguyễn Đình Tạo');
INSERT INTO CovidChinhThuc.dbo.ChiTiet_NguoiCoCong (ID_ThongTin, NguoiTaoDL) VALUES ('bd24f384-7eac-4f15-b836-611b0d52df27', N'Nguyễn Đình Tạo');
-- row: [415]);
INSERT INTO CovidChinhThuc.dbo.CaNhan (ID, HoTen, NgaySinh, CMND, SinhNam, DiaChi, IDPhuongXa, IDQuanHuyen, SoKhaiSinh, NguoiTaoDL) VALUES ('f8191c0a-4d89-42b0-a07b-2c5a57595c2b', N'Nguyễn Thị Mai', '1956-06-01', '210140128', 1956, N'Phú An', 103, 7, NULL, N'Nguyễn Đình Tạo');
INSERT INTO CovidChinhThuc.dbo.ThongTinHoTro (ID, IDNoiDung, IDDoiTuong, IDCaNhan, NguoiTaoDL) VALUES ('2bd4069a-9a3c-4f05-93fe-14dfc3eaede9', 6, 'EDE2F0CC-2376-438A-B5FB-FACD867E38EF', 'f8191c0a-4d89-42b0-a07b-2c5a57595c2b', N'Nguyễn Đình Tạo');
INSERT INTO CovidChinhThuc.dbo.ChiTiet_NguoiCoCong (ID_ThongTin, NguoiTaoDL) VALUES ('2bd4069a-9a3c-4f05-93fe-14dfc3eaede9', N'Nguyễn Đình Tạo');
-- row: [416]);
INSERT INTO CovidChinhThuc.dbo.CaNhan (ID, HoTen, NgaySinh, CMND, SinhNam, DiaChi, IDPhuongXa, IDQuanHuyen, SoKhaiSinh, NguoiTaoDL) VALUES ('a76693f4-4765-465e-8449-e2c05e4ab768', N'Nguyễn Thị Phượng', '1955-01-01', '210927754', 1955, N'Phú An', 103, 7, NULL, N'Nguyễn Đình Tạo');
INSERT INTO CovidChinhThuc.dbo.ThongTinHoTro (ID, IDNoiDung, IDDoiTuong, IDCaNhan, NguoiTaoDL) VALUES ('9e803bbb-3853-4288-bedc-35932c7a8090', 6, '3A65F299-2EFA-4982-BF70-81D7B5024935', 'a76693f4-4765-465e-8449-e2c05e4ab768', N'Nguyễn Đình Tạo');
INSERT INTO CovidChinhThuc.dbo.ChiTiet_NguoiCoCong (ID_ThongTin, NguoiTaoDL) VALUES ('9e803bbb-3853-4288-bedc-35932c7a8090', N'Nguyễn Đình Tạo');
-- row: [417]);
INSERT INTO CovidChinhThuc.dbo.CaNhan (ID, HoTen, NgaySinh, CMND, SinhNam, DiaChi, IDPhuongXa, IDQuanHuyen, SoKhaiSinh, NguoiTaoDL) VALUES ('922c501d-097d-437c-8820-f282698ccd16', N'Nguyễn Thị Quỳnh', '1955-01-01', '211103301', 1955, N'Phú An', 103, 7, NULL, N'Nguyễn Đình Tạo');
INSERT INTO CovidChinhThuc.dbo.ThongTinHoTro (ID, IDNoiDung, IDDoiTuong, IDCaNhan, NguoiTaoDL) VALUES ('f5d8f29f-a2d9-415e-83e3-695af0f1482f', 6, 'EDE2F0CC-2376-438A-B5FB-FACD867E38EF', '922c501d-097d-437c-8820-f282698ccd16', N'Nguyễn Đình Tạo');
INSERT INTO CovidChinhThuc.dbo.ChiTiet_NguoiCoCong (ID_ThongTin, NguoiTaoDL) VALUES ('f5d8f29f-a2d9-415e-83e3-695af0f1482f', N'Nguyễn Đình Tạo');
-- row: [418]);
INSERT INTO CovidChinhThuc.dbo.CaNhan (ID, HoTen, NgaySinh, CMND, SinhNam, DiaChi, IDPhuongXa, IDQuanHuyen, SoKhaiSinh, NguoiTaoDL) VALUES ('bdb5523e-86af-49f3-a4c9-21faea42c031', N'Nguyễn Văn Chỉnh', '1957-01-01', '210963779', 1957, N'Phú Hòa', 103, 7, NULL, N'Nguyễn Đình Tạo');
INSERT INTO CovidChinhThuc.dbo.ThongTinHoTro (ID, IDNoiDung, IDDoiTuong, IDCaNhan, NguoiTaoDL) VALUES ('36c41362-3e87-4764-883e-f82295a7ede7', 6, 'EDE2F0CC-2376-438A-B5FB-FACD867E38EF', 'bdb5523e-86af-49f3-a4c9-21faea42c031', N'Nguyễn Đình Tạo');
INSERT INTO CovidChinhThuc.dbo.ChiTiet_NguoiCoCong (ID_ThongTin, NguoiTaoDL) VALUES ('36c41362-3e87-4764-883e-f82295a7ede7', N'Nguyễn Đình Tạo');
-- row: [419]);
INSERT INTO CovidChinhThuc.dbo.CaNhan (ID, HoTen, NgaySinh, CMND, SinhNam, DiaChi, IDPhuongXa, IDQuanHuyen, SoKhaiSinh, NguoiTaoDL) VALUES ('53b922be-0b3c-49bb-8934-685d68c7b74a', N'Phan Văn Ninh', '1980-01-01', NULL, 1980, N'Phú An', 103, 7, N'1109', N'Nguyễn Đình Tạo');
INSERT INTO CovidChinhThuc.dbo.ThongTinHoTro (ID, IDNoiDung, IDDoiTuong, IDCaNhan, NguoiTaoDL) VALUES ('adb8cc60-adbc-440e-bb3d-ae321dbcdd04', 6, 'E4E24DC6-98AE-4685-985D-47C0B48DD6FD', '53b922be-0b3c-49bb-8934-685d68c7b74a', N'Nguyễn Đình Tạo');
INSERT INTO CovidChinhThuc.dbo.ChiTiet_NguoiCoCong (ID_ThongTin, NguoiTaoDL) VALUES ('adb8cc60-adbc-440e-bb3d-ae321dbcdd04', N'Nguyễn Đình Tạo');
-- row: [420]);
INSERT INTO CovidChinhThuc.dbo.CaNhan (ID, HoTen, NgaySinh, CMND, SinhNam, DiaChi, IDPhuongXa, IDQuanHuyen, SoKhaiSinh, NguoiTaoDL) VALUES ('8a601334-b6b5-4a1d-b9a8-5ef2cd3987f6', N'Phùng Thị Út', '1954-01-01', '210037787', 1954, N'Phú Hòa', 103, 7, NULL, N'Nguyễn Đình Tạo');
INSERT INTO CovidChinhThuc.dbo.ThongTinHoTro (ID, IDNoiDung, IDDoiTuong, IDCaNhan, NguoiTaoDL) VALUES ('3f91e680-9e45-4745-8b13-ccf2383baca5', 6, 'EDE2F0CC-2376-438A-B5FB-FACD867E38EF', '8a601334-b6b5-4a1d-b9a8-5ef2cd3987f6', N'Nguyễn Đình Tạo');
INSERT INTO CovidChinhThuc.dbo.ChiTiet_NguoiCoCong (ID_ThongTin, NguoiTaoDL) VALUES ('3f91e680-9e45-4745-8b13-ccf2383baca5', N'Nguyễn Đình Tạo');
-- row: [421]);
INSERT INTO CovidChinhThuc.dbo.CaNhan (ID, HoTen, NgaySinh, CMND, SinhNam, DiaChi, IDPhuongXa, IDQuanHuyen, SoKhaiSinh, NguoiTaoDL) VALUES ('e4efb99b-bd33-4cc4-8ad5-67fd7c0ede9f', N'Trần Thị Thanh Tâm', '1953-01-01', '210037581', 1953, N'Phú An', 103, 7, NULL, N'Nguyễn Đình Tạo');
INSERT INTO CovidChinhThuc.dbo.ThongTinHoTro (ID, IDNoiDung, IDDoiTuong, IDCaNhan, NguoiTaoDL) VALUES ('d4f40b58-320b-4a7c-b3bd-c655c66494b5', 6, 'EDE2F0CC-2376-438A-B5FB-FACD867E38EF', 'e4efb99b-bd33-4cc4-8ad5-67fd7c0ede9f', N'Nguyễn Đình Tạo');
INSERT INTO CovidChinhThuc.dbo.ChiTiet_NguoiCoCong (ID_ThongTin, NguoiTaoDL) VALUES ('d4f40b58-320b-4a7c-b3bd-c655c66494b5', N'Nguyễn Đình Tạo');
-- row: [422]);
INSERT INTO CovidChinhThuc.dbo.CaNhan (ID, HoTen, NgaySinh, CMND, SinhNam, DiaChi, IDPhuongXa, IDQuanHuyen, SoKhaiSinh, NguoiTaoDL) VALUES ('9db7a0be-2423-4d45-87d7-ac6178a742ca', N'Trương Thị Ngọc', '1959-01-01', '210917520', 1959, N'Phú Hòa', 103, 7, NULL, N'Nguyễn Đình Tạo');
INSERT INTO CovidChinhThuc.dbo.ThongTinHoTro (ID, IDNoiDung, IDDoiTuong, IDCaNhan, NguoiTaoDL) VALUES ('c7a198a6-9e68-4f69-b4c2-37b5dadeef73', 6, '3A65F299-2EFA-4982-BF70-81D7B5024935', '9db7a0be-2423-4d45-87d7-ac6178a742ca', N'Nguyễn Đình Tạo');
INSERT INTO CovidChinhThuc.dbo.ChiTiet_NguoiCoCong (ID_ThongTin, NguoiTaoDL) VALUES ('c7a198a6-9e68-4f69-b4c2-37b5dadeef73', N'Nguyễn Đình Tạo');
-- row: [423]);
INSERT INTO CovidChinhThuc.dbo.CaNhan (ID, HoTen, NgaySinh, CMND, SinhNam, DiaChi, IDPhuongXa, IDQuanHuyen, SoKhaiSinh, NguoiTaoDL) VALUES ('589ba4f8-6dc4-4570-87ae-4143f193fe8c', N'Võ Bảo Việt', '1957-01-01', '211671840', 1957, N'Phú An', 103, 7, NULL, N'Nguyễn Đình Tạo');
INSERT INTO CovidChinhThuc.dbo.ThongTinHoTro (ID, IDNoiDung, IDDoiTuong, IDCaNhan, NguoiTaoDL) VALUES ('4ec08a4e-3d8b-44b6-b3dc-775f4222e93b', 6, 'EDE2F0CC-2376-438A-B5FB-FACD867E38EF', '589ba4f8-6dc4-4570-87ae-4143f193fe8c', N'Nguyễn Đình Tạo');
INSERT INTO CovidChinhThuc.dbo.ChiTiet_NguoiCoCong (ID_ThongTin, NguoiTaoDL) VALUES ('4ec08a4e-3d8b-44b6-b3dc-775f4222e93b', N'Nguyễn Đình Tạo');
-- row: [424]);
INSERT INTO CovidChinhThuc.dbo.CaNhan (ID, HoTen, NgaySinh, CMND, SinhNam, DiaChi, IDPhuongXa, IDQuanHuyen, SoKhaiSinh, NguoiTaoDL) VALUES ('ab02f47c-0fa7-4da2-8b6f-8990cb2755cb', N'Đỗ Văn Mỹ', '1932-01-01', '210873080', 1932, N'Thủ Thiện Hạ', 104, 7, NULL, N'Nguyễn Đình Tạo');
INSERT INTO CovidChinhThuc.dbo.ThongTinHoTro (ID, IDNoiDung, IDDoiTuong, IDCaNhan, NguoiTaoDL) VALUES ('948caaff-7bef-49c5-bb85-ed1635ad7274', 6, 'EDE2F0CC-2376-438A-B5FB-FACD867E38EF', 'ab02f47c-0fa7-4da2-8b6f-8990cb2755cb', N'Nguyễn Đình Tạo');
INSERT INTO CovidChinhThuc.dbo.ChiTiet_NguoiCoCong (ID_ThongTin, NguoiTaoDL) VALUES ('948caaff-7bef-49c5-bb85-ed1635ad7274', N'Nguyễn Đình Tạo');
-- row: [425]);
INSERT INTO CovidChinhThuc.dbo.CaNhan (ID, HoTen, NgaySinh, CMND, SinhNam, DiaChi, IDPhuongXa, IDQuanHuyen, SoKhaiSinh, NguoiTaoDL) VALUES ('5de04744-38b2-4401-8793-56d6fdd41e3a', N'Đoàn Hồng Sơn', '1963-01-01', '210920708', 1963, N'Thủ Thiện Thượng', 104, 7, NULL, N'Nguyễn Đình Tạo');
INSERT INTO CovidChinhThuc.dbo.ThongTinHoTro (ID, IDNoiDung, IDDoiTuong, IDCaNhan, NguoiTaoDL) VALUES ('3d60ae39-1eea-45fd-9ff4-ca6b765fea0a', 6, 'EDE2F0CC-2376-438A-B5FB-FACD867E38EF', '5de04744-38b2-4401-8793-56d6fdd41e3a', N'Nguyễn Đình Tạo');
INSERT INTO CovidChinhThuc.dbo.ChiTiet_NguoiCoCong (ID_ThongTin, NguoiTaoDL) VALUES ('3d60ae39-1eea-45fd-9ff4-ca6b765fea0a', N'Nguyễn Đình Tạo');
-- row: [426]);
INSERT INTO CovidChinhThuc.dbo.CaNhan (ID, HoTen, NgaySinh, CMND, SinhNam, DiaChi, IDPhuongXa, IDQuanHuyen, SoKhaiSinh, NguoiTaoDL) VALUES ('a5fb64eb-6b75-411d-8b07-3576e1318b24', N'Hồ Thị Năm', '1949-01-01', '218873573', 1949, N'Thôn 3', 104, 7, NULL, N'Nguyễn Đình Tạo');
INSERT INTO CovidChinhThuc.dbo.ThongTinHoTro (ID, IDNoiDung, IDDoiTuong, IDCaNhan, NguoiTaoDL) VALUES ('eb4a7f67-a04e-4f8a-a5af-d5e6f2f8f18a', 6, 'EDE2F0CC-2376-438A-B5FB-FACD867E38EF', 'a5fb64eb-6b75-411d-8b07-3576e1318b24', N'Nguyễn Đình Tạo');
INSERT INTO CovidChinhThuc.dbo.ChiTiet_NguoiCoCong (ID_ThongTin, NguoiTaoDL) VALUES ('eb4a7f67-a04e-4f8a-a5af-d5e6f2f8f18a', N'Nguyễn Đình Tạo');
-- row: [427]);
INSERT INTO CovidChinhThuc.dbo.CaNhan (ID, HoTen, NgaySinh, CMND, SinhNam, DiaChi, IDPhuongXa, IDQuanHuyen, SoKhaiSinh, NguoiTaoDL) VALUES ('c995bfdb-0da0-43ee-92fa-02dd8fd361ac', N'Hồ Thị Nguyệt', '1957-01-01', '210963803', 1957, N'Thôn 3', 104, 7, NULL, N'Nguyễn Đình Tạo');
INSERT INTO CovidChinhThuc.dbo.ThongTinHoTro (ID, IDNoiDung, IDDoiTuong, IDCaNhan, NguoiTaoDL) VALUES ('cac298aa-a53d-434d-a748-15c754e03ffd', 6, 'EDE2F0CC-2376-438A-B5FB-FACD867E38EF', 'c995bfdb-0da0-43ee-92fa-02dd8fd361ac', N'Nguyễn Đình Tạo');
INSERT INTO CovidChinhThuc.dbo.ChiTiet_NguoiCoCong (ID_ThongTin, NguoiTaoDL) VALUES ('cac298aa-a53d-434d-a748-15c754e03ffd', N'Nguyễn Đình Tạo');
-- row: [428]);
INSERT INTO CovidChinhThuc.dbo.CaNhan (ID, HoTen, NgaySinh, CMND, SinhNam, DiaChi, IDPhuongXa, IDQuanHuyen, SoKhaiSinh, NguoiTaoDL) VALUES ('f4bc58fc-4324-480a-9f66-e84747a33b93', N'Huỳnh Tiến Dũng', '1957-01-01', '211877573', 1957, N'Thôn 3', 104, 7, NULL, N'Nguyễn Đình Tạo');
INSERT INTO CovidChinhThuc.dbo.ThongTinHoTro (ID, IDNoiDung, IDDoiTuong, IDCaNhan, NguoiTaoDL) VALUES ('4b76fa6f-3fc1-4809-9e5a-cb6408bd4bdb', 6, 'EDE2F0CC-2376-438A-B5FB-FACD867E38EF', 'f4bc58fc-4324-480a-9f66-e84747a33b93', N'Nguyễn Đình Tạo');
INSERT INTO CovidChinhThuc.dbo.ChiTiet_NguoiCoCong (ID_ThongTin, NguoiTaoDL) VALUES ('4b76fa6f-3fc1-4809-9e5a-cb6408bd4bdb', N'Nguyễn Đình Tạo');
-- row: [429]);
INSERT INTO CovidChinhThuc.dbo.CaNhan (ID, HoTen, NgaySinh, CMND, SinhNam, DiaChi, IDPhuongXa, IDQuanHuyen, SoKhaiSinh, NguoiTaoDL) VALUES ('50c90c45-3645-4288-a6e2-6b48c9688f8c', N'Lê Hổ', '1962-01-01', '210173550', 1962, N'Lai Nghi', 104, 7, NULL, N'Nguyễn Đình Tạo');
INSERT INTO CovidChinhThuc.dbo.ThongTinHoTro (ID, IDNoiDung, IDDoiTuong, IDCaNhan, NguoiTaoDL) VALUES ('e65b67af-860c-4746-a684-c68b5b6132b5', 6, '78AC3F79-5C50-4ACB-B626-E51ED3D4E8E5', '50c90c45-3645-4288-a6e2-6b48c9688f8c', N'Nguyễn Đình Tạo');
INSERT INTO CovidChinhThuc.dbo.ChiTiet_NguoiCoCong (ID_ThongTin, NguoiTaoDL) VALUES ('e65b67af-860c-4746-a684-c68b5b6132b5', N'Nguyễn Đình Tạo');
-- row: [430]);
INSERT INTO CovidChinhThuc.dbo.CaNhan (ID, HoTen, NgaySinh, CMND, SinhNam, DiaChi, IDPhuongXa, IDQuanHuyen, SoKhaiSinh, NguoiTaoDL) VALUES ('4bae6c24-8e87-4127-a032-db1cd91a9359', N'Lê Thanh Vân', '1949-01-01', '210034813', 1949, N'Thủ Thiện Hạ', 104, 7, NULL, N'Nguyễn Đình Tạo');
INSERT INTO CovidChinhThuc.dbo.ThongTinHoTro (ID, IDNoiDung, IDDoiTuong, IDCaNhan, NguoiTaoDL) VALUES ('33055f03-791c-42e7-85a6-eac519703ed5', 6, 'EDE2F0CC-2376-438A-B5FB-FACD867E38EF', '4bae6c24-8e87-4127-a032-db1cd91a9359', N'Nguyễn Đình Tạo');
INSERT INTO CovidChinhThuc.dbo.ChiTiet_NguoiCoCong (ID_ThongTin, NguoiTaoDL) VALUES ('33055f03-791c-42e7-85a6-eac519703ed5', N'Nguyễn Đình Tạo');
-- row: [431]);
INSERT INTO CovidChinhThuc.dbo.CaNhan (ID, HoTen, NgaySinh, CMND, SinhNam, DiaChi, IDPhuongXa, IDQuanHuyen, SoKhaiSinh, NguoiTaoDL) VALUES ('68bd0a03-38f0-4e8a-98a1-36e71e607929', N'Mai Thị Hương', '1955-01-01', '210037662', 1955, N'Thôn 1', 104, 7, NULL, N'Nguyễn Đình Tạo');
INSERT INTO CovidChinhThuc.dbo.ThongTinHoTro (ID, IDNoiDung, IDDoiTuong, IDCaNhan, NguoiTaoDL) VALUES ('29a9a962-6f70-4b06-bf7b-05830c4d72d5', 6, 'EDE2F0CC-2376-438A-B5FB-FACD867E38EF', '68bd0a03-38f0-4e8a-98a1-36e71e607929', N'Nguyễn Đình Tạo');
INSERT INTO CovidChinhThuc.dbo.ChiTiet_NguoiCoCong (ID_ThongTin, NguoiTaoDL) VALUES ('29a9a962-6f70-4b06-bf7b-05830c4d72d5', N'Nguyễn Đình Tạo');
-- row: [432]);
INSERT INTO CovidChinhThuc.dbo.CaNhan (ID, HoTen, NgaySinh, CMND, SinhNam, DiaChi, IDPhuongXa, IDQuanHuyen, SoKhaiSinh, NguoiTaoDL) VALUES ('864a2e69-8e3d-420b-be73-f03aaa034d3c', N'Nguyễn Chí Hiếu', '1955-01-01', '211604174', 1955, N'Thôn 3', 104, 7, NULL, N'Nguyễn Đình Tạo');
INSERT INTO CovidChinhThuc.dbo.ThongTinHoTro (ID, IDNoiDung, IDDoiTuong, IDCaNhan, NguoiTaoDL) VALUES ('8da4692c-a53d-42e7-a561-91892448a4cf', 6, 'EDE2F0CC-2376-438A-B5FB-FACD867E38EF', '864a2e69-8e3d-420b-be73-f03aaa034d3c', N'Nguyễn Đình Tạo');
INSERT INTO CovidChinhThuc.dbo.ChiTiet_NguoiCoCong (ID_ThongTin, NguoiTaoDL) VALUES ('8da4692c-a53d-42e7-a561-91892448a4cf', N'Nguyễn Đình Tạo');
-- row: [433]);
INSERT INTO CovidChinhThuc.dbo.CaNhan (ID, HoTen, NgaySinh, CMND, SinhNam, DiaChi, IDPhuongXa, IDQuanHuyen, SoKhaiSinh, NguoiTaoDL) VALUES ('7934099e-7d65-430a-ade6-67a1dd9e0571', N'Nguyễn Công Quý', '1984-01-01', '211766170', 1984, N'Lai Nghi', 104, 7, NULL, N'Nguyễn Đình Tạo');
INSERT INTO CovidChinhThuc.dbo.ThongTinHoTro (ID, IDNoiDung, IDDoiTuong, IDCaNhan, NguoiTaoDL) VALUES ('5c15583f-0b39-484b-95a4-a160b6a130e4', 6, 'EDE2F0CC-2376-438A-B5FB-FACD867E38EF', '7934099e-7d65-430a-ade6-67a1dd9e0571', N'Nguyễn Đình Tạo');
INSERT INTO CovidChinhThuc.dbo.ChiTiet_NguoiCoCong (ID_ThongTin, NguoiTaoDL) VALUES ('5c15583f-0b39-484b-95a4-a160b6a130e4', N'Nguyễn Đình Tạo');
-- row: [434]);
INSERT INTO CovidChinhThuc.dbo.CaNhan (ID, HoTen, NgaySinh, CMND, SinhNam, DiaChi, IDPhuongXa, IDQuanHuyen, SoKhaiSinh, NguoiTaoDL) VALUES ('71498646-e335-4221-8bba-6012b8b25101', N'Nguyễn Quang Đại', '1959-01-01', '211089083', 1959, N'Thôn 1', 104, 7, NULL, N'Nguyễn Đình Tạo');
INSERT INTO CovidChinhThuc.dbo.ThongTinHoTro (ID, IDNoiDung, IDDoiTuong, IDCaNhan, NguoiTaoDL) VALUES ('e7694ef6-9ea8-4b83-b8d5-b49b9863e922', 6, 'EDE2F0CC-2376-438A-B5FB-FACD867E38EF', '71498646-e335-4221-8bba-6012b8b25101', N'Nguyễn Đình Tạo');
INSERT INTO CovidChinhThuc.dbo.ChiTiet_NguoiCoCong (ID_ThongTin, NguoiTaoDL) VALUES ('e7694ef6-9ea8-4b83-b8d5-b49b9863e922', N'Nguyễn Đình Tạo');
-- row: [435]);
INSERT INTO CovidChinhThuc.dbo.CaNhan (ID, HoTen, NgaySinh, CMND, SinhNam, DiaChi, IDPhuongXa, IDQuanHuyen, SoKhaiSinh, NguoiTaoDL) VALUES ('f461d3b8-a4e2-4b24-96b2-9b9e291ad2bd', N'Nguyễn Thanh Ba', '1967-01-01', '211049574', 1967, N'Thôn 3', 104, 7, NULL, N'Nguyễn Đình Tạo');
INSERT INTO CovidChinhThuc.dbo.ThongTinHoTro (ID, IDNoiDung, IDDoiTuong, IDCaNhan, NguoiTaoDL) VALUES ('4c0dc80c-f462-4f6f-968d-5cadd2d0393f', 6, 'EDE2F0CC-2376-438A-B5FB-FACD867E38EF', 'f461d3b8-a4e2-4b24-96b2-9b9e291ad2bd', N'Nguyễn Đình Tạo');
INSERT INTO CovidChinhThuc.dbo.ChiTiet_NguoiCoCong (ID_ThongTin, NguoiTaoDL) VALUES ('4c0dc80c-f462-4f6f-968d-5cadd2d0393f', N'Nguyễn Đình Tạo');
-- row: [436]);
INSERT INTO CovidChinhThuc.dbo.CaNhan (ID, HoTen, NgaySinh, CMND, SinhNam, DiaChi, IDPhuongXa, IDQuanHuyen, SoKhaiSinh, NguoiTaoDL) VALUES ('6e6c5c1a-bf73-4e2d-b8cf-72bb017e3c64', N'Nguyễn Thị Cảnh', '1953-01-01', '210866850', 1953, N'Thôn 1', 104, 7, NULL, N'Nguyễn Đình Tạo');
INSERT INTO CovidChinhThuc.dbo.ThongTinHoTro (ID, IDNoiDung, IDDoiTuong, IDCaNhan, NguoiTaoDL) VALUES ('9c7894cf-dee2-40dc-a8cb-db6b39d24270', 6, NULL, '6e6c5c1a-bf73-4e2d-b8cf-72bb017e3c64', N'Nguyễn Đình Tạo');
INSERT INTO CovidChinhThuc.dbo.ChiTiet_NguoiCoCong (ID_ThongTin, NguoiTaoDL) VALUES ('9c7894cf-dee2-40dc-a8cb-db6b39d24270', N'Nguyễn Đình Tạo');
-- row: [437]);
INSERT INTO CovidChinhThuc.dbo.CaNhan (ID, HoTen, NgaySinh, CMND, SinhNam, DiaChi, IDPhuongXa, IDQuanHuyen, SoKhaiSinh, NguoiTaoDL) VALUES ('96dab982-ed00-4600-a99a-ffbf9dd0ad5e', N'Nguyễn Thị Đức', '1953-01-01', '210877633', 1953, N'Thủ Thiện Hạ', 104, 7, NULL, N'Nguyễn Đình Tạo');
INSERT INTO CovidChinhThuc.dbo.ThongTinHoTro (ID, IDNoiDung, IDDoiTuong, IDCaNhan, NguoiTaoDL) VALUES ('c4eeb5c7-d267-45d9-924a-2e43c976a38e', 6, 'EDE2F0CC-2376-438A-B5FB-FACD867E38EF', '96dab982-ed00-4600-a99a-ffbf9dd0ad5e', N'Nguyễn Đình Tạo');
INSERT INTO CovidChinhThuc.dbo.ChiTiet_NguoiCoCong (ID_ThongTin, NguoiTaoDL) VALUES ('c4eeb5c7-d267-45d9-924a-2e43c976a38e', N'Nguyễn Đình Tạo');
-- row: [438]);
INSERT INTO CovidChinhThuc.dbo.CaNhan (ID, HoTen, NgaySinh, CMND, SinhNam, DiaChi, IDPhuongXa, IDQuanHuyen, SoKhaiSinh, NguoiTaoDL) VALUES ('5a49a87c-e391-46f7-a960-425d9d3742b8', N'Nguyễn Thị Thạnh', '1941-01-01', '210348732', 1941, N'Thôn 3', 104, 7, NULL, N'Nguyễn Đình Tạo');
INSERT INTO CovidChinhThuc.dbo.ThongTinHoTro (ID, IDNoiDung, IDDoiTuong, IDCaNhan, NguoiTaoDL) VALUES ('bf2bf26d-8670-4ed9-8b46-23099cdcce32', 6, '3A65F299-2EFA-4982-BF70-81D7B5024935', '5a49a87c-e391-46f7-a960-425d9d3742b8', N'Nguyễn Đình Tạo');
INSERT INTO CovidChinhThuc.dbo.ChiTiet_NguoiCoCong (ID_ThongTin, NguoiTaoDL) VALUES ('bf2bf26d-8670-4ed9-8b46-23099cdcce32', N'Nguyễn Đình Tạo');
-- row: [439]);
INSERT INTO CovidChinhThuc.dbo.CaNhan (ID, HoTen, NgaySinh, CMND, SinhNam, DiaChi, IDPhuongXa, IDQuanHuyen, SoKhaiSinh, NguoiTaoDL) VALUES ('e7f81b8a-9ea2-4d81-aaf4-ced49ea961a0', N'Nguyễn Trọng Thiên', '1955-01-01', '210028460', 1955, N'Thôn 1', 104, 7, NULL, N'Nguyễn Đình Tạo');
INSERT INTO CovidChinhThuc.dbo.ThongTinHoTro (ID, IDNoiDung, IDDoiTuong, IDCaNhan, NguoiTaoDL) VALUES ('f43a92b0-9a8e-4ba9-b278-b57860c441d8', 6, 'EDE2F0CC-2376-438A-B5FB-FACD867E38EF', 'e7f81b8a-9ea2-4d81-aaf4-ced49ea961a0', N'Nguyễn Đình Tạo');
INSERT INTO CovidChinhThuc.dbo.ChiTiet_NguoiCoCong (ID_ThongTin, NguoiTaoDL) VALUES ('f43a92b0-9a8e-4ba9-b278-b57860c441d8', N'Nguyễn Đình Tạo');
-- row: [440]);
INSERT INTO CovidChinhThuc.dbo.CaNhan (ID, HoTen, NgaySinh, CMND, SinhNam, DiaChi, IDPhuongXa, IDQuanHuyen, SoKhaiSinh, NguoiTaoDL) VALUES ('cb7fbd4f-0bf9-488b-a6ca-b8936a2cab5b', N'Nguyễn Văn Kỷ', '1955-01-01', '210348295', 1955, N'Thôn 3', 104, 7, NULL, N'Nguyễn Đình Tạo');
INSERT INTO CovidChinhThuc.dbo.ThongTinHoTro (ID, IDNoiDung, IDDoiTuong, IDCaNhan, NguoiTaoDL) VALUES ('937558b1-7dbb-4a29-9dd9-1c2c886efbdc', 6, '78AC3F79-5C50-4ACB-B626-E51ED3D4E8E5', 'cb7fbd4f-0bf9-488b-a6ca-b8936a2cab5b', N'Nguyễn Đình Tạo');
INSERT INTO CovidChinhThuc.dbo.ChiTiet_NguoiCoCong (ID_ThongTin, NguoiTaoDL) VALUES ('937558b1-7dbb-4a29-9dd9-1c2c886efbdc', N'Nguyễn Đình Tạo');
-- row: [441]);
INSERT INTO CovidChinhThuc.dbo.CaNhan (ID, HoTen, NgaySinh, CMND, SinhNam, DiaChi, IDPhuongXa, IDQuanHuyen, SoKhaiSinh, NguoiTaoDL) VALUES ('8afba8b3-95b1-46f2-910e-caf16463df7c', N'Nguyễn Văn Thạnh', '1950-01-01', '211191703', 1950, N'Thôn 2', 104, 7, NULL, N'Nguyễn Đình Tạo');
INSERT INTO CovidChinhThuc.dbo.ThongTinHoTro (ID, IDNoiDung, IDDoiTuong, IDCaNhan, NguoiTaoDL) VALUES ('e31b815b-ece4-4acb-b6b4-40d7fa85cf2f', 6, 'EDE2F0CC-2376-438A-B5FB-FACD867E38EF', '8afba8b3-95b1-46f2-910e-caf16463df7c', N'Nguyễn Đình Tạo');
INSERT INTO CovidChinhThuc.dbo.ChiTiet_NguoiCoCong (ID_ThongTin, NguoiTaoDL) VALUES ('e31b815b-ece4-4acb-b6b4-40d7fa85cf2f', N'Nguyễn Đình Tạo');
-- row: [442]);
INSERT INTO CovidChinhThuc.dbo.CaNhan (ID, HoTen, NgaySinh, CMND, SinhNam, DiaChi, IDPhuongXa, IDQuanHuyen, SoKhaiSinh, NguoiTaoDL) VALUES ('c0c4604d-e1ef-4b32-8d25-aede153d3823', N'Nguyễn Xuân Cẩm', '1947-01-01', '215399259', 1947, N'Thủ Thiện Hạ', 104, 7, NULL, N'Nguyễn Đình Tạo');
INSERT INTO CovidChinhThuc.dbo.ThongTinHoTro (ID, IDNoiDung, IDDoiTuong, IDCaNhan, NguoiTaoDL) VALUES ('950f6927-fcf2-4e0d-b5fa-994b0b50ae8f', 6, '78AC3F79-5C50-4ACB-B626-E51ED3D4E8E5', 'c0c4604d-e1ef-4b32-8d25-aede153d3823', N'Nguyễn Đình Tạo');
INSERT INTO CovidChinhThuc.dbo.ChiTiet_NguoiCoCong (ID_ThongTin, NguoiTaoDL) VALUES ('950f6927-fcf2-4e0d-b5fa-994b0b50ae8f', N'Nguyễn Đình Tạo');
-- row: [443]);
INSERT INTO CovidChinhThuc.dbo.CaNhan (ID, HoTen, NgaySinh, CMND, SinhNam, DiaChi, IDPhuongXa, IDQuanHuyen, SoKhaiSinh, NguoiTaoDL) VALUES ('61008b40-5525-4b64-8d8c-3b5ca8e80605', N'Phạm Thị Bích Ngọc', '1954-01-01', '211361803', 1954, N'Thủ Thiện Hạ', 104, 7, NULL, N'Nguyễn Đình Tạo');
INSERT INTO CovidChinhThuc.dbo.ThongTinHoTro (ID, IDNoiDung, IDDoiTuong, IDCaNhan, NguoiTaoDL) VALUES ('43f23e0f-86cd-4cd7-8cc0-c2740562391f', 6, 'EDE2F0CC-2376-438A-B5FB-FACD867E38EF', '61008b40-5525-4b64-8d8c-3b5ca8e80605', N'Nguyễn Đình Tạo');
INSERT INTO CovidChinhThuc.dbo.ChiTiet_NguoiCoCong (ID_ThongTin, NguoiTaoDL) VALUES ('43f23e0f-86cd-4cd7-8cc0-c2740562391f', N'Nguyễn Đình Tạo');
-- row: [444]);
INSERT INTO CovidChinhThuc.dbo.CaNhan (ID, HoTen, NgaySinh, CMND, SinhNam, DiaChi, IDPhuongXa, IDQuanHuyen, SoKhaiSinh, NguoiTaoDL) VALUES ('50e0bd0a-3913-477c-ba25-7691fa31d803', N'Phan Thị Cảnh', '1952-01-01', '210034213', 1952, N'Thôn 2', 104, 7, NULL, N'Nguyễn Đình Tạo');
INSERT INTO CovidChinhThuc.dbo.ThongTinHoTro (ID, IDNoiDung, IDDoiTuong, IDCaNhan, NguoiTaoDL) VALUES ('d344c387-301b-49d4-9b8b-71dd19e68f48', 6, NULL, '50e0bd0a-3913-477c-ba25-7691fa31d803', N'Nguyễn Đình Tạo');
INSERT INTO CovidChinhThuc.dbo.ChiTiet_NguoiCoCong (ID_ThongTin, NguoiTaoDL) VALUES ('d344c387-301b-49d4-9b8b-71dd19e68f48', N'Nguyễn Đình Tạo');
-- row: [445]);
INSERT INTO CovidChinhThuc.dbo.CaNhan (ID, HoTen, NgaySinh, CMND, SinhNam, DiaChi, IDPhuongXa, IDQuanHuyen, SoKhaiSinh, NguoiTaoDL) VALUES ('9df616c7-ecda-46b6-b7b0-3fc4247a0c54', N'Phùng Ngọc Bảy', '1948-01-01', '210873646', 1948, N'Thôn 3', 104, 7, NULL, N'Nguyễn Đình Tạo');
INSERT INTO CovidChinhThuc.dbo.ThongTinHoTro (ID, IDNoiDung, IDDoiTuong, IDCaNhan, NguoiTaoDL) VALUES ('e8f4554e-7cec-4ffa-8b84-426cd7193f87', 6, 'EDE2F0CC-2376-438A-B5FB-FACD867E38EF', '9df616c7-ecda-46b6-b7b0-3fc4247a0c54', N'Nguyễn Đình Tạo');
INSERT INTO CovidChinhThuc.dbo.ChiTiet_NguoiCoCong (ID_ThongTin, NguoiTaoDL) VALUES ('e8f4554e-7cec-4ffa-8b84-426cd7193f87', N'Nguyễn Đình Tạo');
-- row: [446]);
INSERT INTO CovidChinhThuc.dbo.CaNhan (ID, HoTen, NgaySinh, CMND, SinhNam, DiaChi, IDPhuongXa, IDQuanHuyen, SoKhaiSinh, NguoiTaoDL) VALUES ('4f9ccb6f-f439-4626-aee1-26d6b60effe2', N'Phùng Ngọc Hiếu', '1945-01-01', '210873828', 1945, N'Thôn 3', 104, 7, NULL, N'Nguyễn Đình Tạo');
INSERT INTO CovidChinhThuc.dbo.ThongTinHoTro (ID, IDNoiDung, IDDoiTuong, IDCaNhan, NguoiTaoDL) VALUES ('d7bfdecb-9ed4-4033-9a44-87141a3292af', 6, 'EDE2F0CC-2376-438A-B5FB-FACD867E38EF', '4f9ccb6f-f439-4626-aee1-26d6b60effe2', N'Nguyễn Đình Tạo');
INSERT INTO CovidChinhThuc.dbo.ChiTiet_NguoiCoCong (ID_ThongTin, NguoiTaoDL) VALUES ('d7bfdecb-9ed4-4033-9a44-87141a3292af', N'Nguyễn Đình Tạo');
-- row: [447]);
INSERT INTO CovidChinhThuc.dbo.CaNhan (ID, HoTen, NgaySinh, CMND, SinhNam, DiaChi, IDPhuongXa, IDQuanHuyen, SoKhaiSinh, NguoiTaoDL) VALUES ('6732f0e7-de3f-4197-b2cb-e9637dc32f9c', N'Trần Cư', '1959-01-01', '211244339', 1959, N'Thôn 3', 104, 7, NULL, N'Nguyễn Đình Tạo');
INSERT INTO CovidChinhThuc.dbo.ThongTinHoTro (ID, IDNoiDung, IDDoiTuong, IDCaNhan, NguoiTaoDL) VALUES ('9a79b53d-5cf3-4223-9f7d-a5357466d780', 6, 'EDE2F0CC-2376-438A-B5FB-FACD867E38EF', '6732f0e7-de3f-4197-b2cb-e9637dc32f9c', N'Nguyễn Đình Tạo');
INSERT INTO CovidChinhThuc.dbo.ChiTiet_NguoiCoCong (ID_ThongTin, NguoiTaoDL) VALUES ('9a79b53d-5cf3-4223-9f7d-a5357466d780', N'Nguyễn Đình Tạo');
-- row: [448]);
INSERT INTO CovidChinhThuc.dbo.CaNhan (ID, HoTen, NgaySinh, CMND, SinhNam, DiaChi, IDPhuongXa, IDQuanHuyen, SoKhaiSinh, NguoiTaoDL) VALUES ('2bd82571-38ae-4ecd-8706-aac7729c0d09', N'Trần Thị Bá', '1953-01-01', '210140058', 1953, N'Thủ Thiện Thượng', 104, 7, NULL, N'Nguyễn Đình Tạo');
INSERT INTO CovidChinhThuc.dbo.ThongTinHoTro (ID, IDNoiDung, IDDoiTuong, IDCaNhan, NguoiTaoDL) VALUES ('71bbe176-07ad-402b-ab4b-aad2f669fda9', 6, 'EDE2F0CC-2376-438A-B5FB-FACD867E38EF', '2bd82571-38ae-4ecd-8706-aac7729c0d09', N'Nguyễn Đình Tạo');
INSERT INTO CovidChinhThuc.dbo.ChiTiet_NguoiCoCong (ID_ThongTin, NguoiTaoDL) VALUES ('71bbe176-07ad-402b-ab4b-aad2f669fda9', N'Nguyễn Đình Tạo');
-- row: [449]);
INSERT INTO CovidChinhThuc.dbo.CaNhan (ID, HoTen, NgaySinh, CMND, SinhNam, DiaChi, IDPhuongXa, IDQuanHuyen, SoKhaiSinh, NguoiTaoDL) VALUES ('94b0739b-cbe6-4a66-88c3-c542a6066c3a', N'Trịnh Minh Sử', '1961-01-01', '211613900', 1961, N'Lai Nghi', 104, 7, NULL, N'Nguyễn Đình Tạo');
INSERT INTO CovidChinhThuc.dbo.ThongTinHoTro (ID, IDNoiDung, IDDoiTuong, IDCaNhan, NguoiTaoDL) VALUES ('a0698524-c315-413e-8b72-fe2a149c2d99', 6, 'EDE2F0CC-2376-438A-B5FB-FACD867E38EF', '94b0739b-cbe6-4a66-88c3-c542a6066c3a', N'Nguyễn Đình Tạo');
INSERT INTO CovidChinhThuc.dbo.ChiTiet_NguoiCoCong (ID_ThongTin, NguoiTaoDL) VALUES ('a0698524-c315-413e-8b72-fe2a149c2d99', N'Nguyễn Đình Tạo');
-- row: [450]);
INSERT INTO CovidChinhThuc.dbo.CaNhan (ID, HoTen, NgaySinh, CMND, SinhNam, DiaChi, IDPhuongXa, IDQuanHuyen, SoKhaiSinh, NguoiTaoDL) VALUES ('11620ea8-49bf-42d4-8cd3-8ad1bb6a6fa6', N'Trương Thị Hồng', '1990-01-01', '215081436', 1990, N'Thôn 1', 104, 7, NULL, N'Nguyễn Đình Tạo');
INSERT INTO CovidChinhThuc.dbo.ThongTinHoTro (ID, IDNoiDung, IDDoiTuong, IDCaNhan, NguoiTaoDL) VALUES ('485cbe4a-6b55-44ba-96a5-c7f5be5fbbe6', 6, 'E4E24DC6-98AE-4685-985D-47C0B48DD6FD', '11620ea8-49bf-42d4-8cd3-8ad1bb6a6fa6', N'Nguyễn Đình Tạo');
INSERT INTO CovidChinhThuc.dbo.ChiTiet_NguoiCoCong (ID_ThongTin, NguoiTaoDL) VALUES ('485cbe4a-6b55-44ba-96a5-c7f5be5fbbe6', N'Nguyễn Đình Tạo');
-- row: [451]);
INSERT INTO CovidChinhThuc.dbo.CaNhan (ID, HoTen, NgaySinh, CMND, SinhNam, DiaChi, IDPhuongXa, IDQuanHuyen, SoKhaiSinh, NguoiTaoDL) VALUES ('a7e06afd-9cf3-4c3a-9063-eb7331a25203', N'Trương Văn Hưu', '1942-01-01', '210031670', 1942, N'Thủ Thiện Hạ', 104, 7, NULL, N'Nguyễn Đình Tạo');
INSERT INTO CovidChinhThuc.dbo.ThongTinHoTro (ID, IDNoiDung, IDDoiTuong, IDCaNhan, NguoiTaoDL) VALUES ('511f6a52-a07c-4384-b0b7-a3c10082ce62', 6, 'EDE2F0CC-2376-438A-B5FB-FACD867E38EF', 'a7e06afd-9cf3-4c3a-9063-eb7331a25203', N'Nguyễn Đình Tạo');
INSERT INTO CovidChinhThuc.dbo.ChiTiet_NguoiCoCong (ID_ThongTin, NguoiTaoDL) VALUES ('511f6a52-a07c-4384-b0b7-a3c10082ce62', N'Nguyễn Đình Tạo');
-- row: [452]);
INSERT INTO CovidChinhThuc.dbo.CaNhan (ID, HoTen, NgaySinh, CMND, SinhNam, DiaChi, IDPhuongXa, IDQuanHuyen, SoKhaiSinh, NguoiTaoDL) VALUES ('c8dfafce-2b7d-4a1c-80e4-a6005ae8b229', N'Võ Thị Loan', '1950-01-01', '210028356', 1950, N'Thủ Thiện Hạ', 104, 7, NULL, N'Nguyễn Đình Tạo');
INSERT INTO CovidChinhThuc.dbo.ThongTinHoTro (ID, IDNoiDung, IDDoiTuong, IDCaNhan, NguoiTaoDL) VALUES ('2e61e133-5210-4cb9-ae4e-c09cdf57c8c1', 6, 'EDE2F0CC-2376-438A-B5FB-FACD867E38EF', 'c8dfafce-2b7d-4a1c-80e4-a6005ae8b229', N'Nguyễn Đình Tạo');
INSERT INTO CovidChinhThuc.dbo.ChiTiet_NguoiCoCong (ID_ThongTin, NguoiTaoDL) VALUES ('2e61e133-5210-4cb9-ae4e-c09cdf57c8c1', N'Nguyễn Đình Tạo');
-- row: [453]);
INSERT INTO CovidChinhThuc.dbo.CaNhan (ID, HoTen, NgaySinh, CMND, SinhNam, DiaChi, IDPhuongXa, IDQuanHuyen, SoKhaiSinh, NguoiTaoDL) VALUES ('6fe11cce-0bfa-47d7-a595-a6bef88ba836', N'Bùi Cát', '1932-01-01', '210840656', 1932, N'Phú Văn', 91, 7, NULL, N'Nguyễn Đình Tạo');
INSERT INTO CovidChinhThuc.dbo.ThongTinHoTro (ID, IDNoiDung, IDDoiTuong, IDCaNhan, NguoiTaoDL) VALUES ('d4b22a92-27eb-49de-8b1d-684ae159aad9', 6, '41B0E9CD-732C-4E19-AAEC-3DC041CB6144', '6fe11cce-0bfa-47d7-a595-a6bef88ba836', N'Nguyễn Đình Tạo');
INSERT INTO CovidChinhThuc.dbo.ChiTiet_NguoiCoCong (ID_ThongTin, NguoiTaoDL) VALUES ('d4b22a92-27eb-49de-8b1d-684ae159aad9', N'Nguyễn Đình Tạo');
-- row: [454]);
INSERT INTO CovidChinhThuc.dbo.CaNhan (ID, HoTen, NgaySinh, CMND, SinhNam, DiaChi, IDPhuongXa, IDQuanHuyen, SoKhaiSinh, NguoiTaoDL) VALUES ('da259b38-2d45-45b7-9a21-1aa60e1b27f5', N'Bùi Ngọc Ửng', '1958-01-01', '210034822', 1958, N'Phú Xuân', 91, 7, NULL, N'Nguyễn Đình Tạo');
INSERT INTO CovidChinhThuc.dbo.ThongTinHoTro (ID, IDNoiDung, IDDoiTuong, IDCaNhan, NguoiTaoDL) VALUES ('b5d9a962-02ce-4a6b-8049-2bc6fb34f469', 6, 'EDE2F0CC-2376-438A-B5FB-FACD867E38EF', 'da259b38-2d45-45b7-9a21-1aa60e1b27f5', N'Nguyễn Đình Tạo');
INSERT INTO CovidChinhThuc.dbo.ChiTiet_NguoiCoCong (ID_ThongTin, NguoiTaoDL) VALUES ('b5d9a962-02ce-4a6b-8049-2bc6fb34f469', N'Nguyễn Đình Tạo');
-- row: [455]);
INSERT INTO CovidChinhThuc.dbo.CaNhan (ID, HoTen, NgaySinh, CMND, SinhNam, DiaChi, IDPhuongXa, IDQuanHuyen, SoKhaiSinh, NguoiTaoDL) VALUES ('6868a8fa-2041-4766-bff3-c5b815eabff3', N'Bùi Quang Vinh', '1954-01-01', '210140123', 1954, N'Khối 3', 91, 7, NULL, N'Nguyễn Đình Tạo');
INSERT INTO CovidChinhThuc.dbo.ThongTinHoTro (ID, IDNoiDung, IDDoiTuong, IDCaNhan, NguoiTaoDL) VALUES ('af4d1385-d807-4048-84cc-c65e3c4414ae', 6, NULL, '6868a8fa-2041-4766-bff3-c5b815eabff3', N'Nguyễn Đình Tạo');
INSERT INTO CovidChinhThuc.dbo.ChiTiet_NguoiCoCong (ID_ThongTin, NguoiTaoDL) VALUES ('af4d1385-d807-4048-84cc-c65e3c4414ae', N'Nguyễn Đình Tạo');
-- row: [456]);
INSERT INTO CovidChinhThuc.dbo.CaNhan (ID, HoTen, NgaySinh, CMND, SinhNam, DiaChi, IDPhuongXa, IDQuanHuyen, SoKhaiSinh, NguoiTaoDL) VALUES ('9cd5e1c8-3afd-42d5-8420-ad65a4c8e7d2', N'Bùi Thị Bích Liên', '1947-01-01', '210927907', 1947, N'Khối 3', 91, 7, NULL, N'Nguyễn Đình Tạo');
INSERT INTO CovidChinhThuc.dbo.ThongTinHoTro (ID, IDNoiDung, IDDoiTuong, IDCaNhan, NguoiTaoDL) VALUES ('700fb7ea-c98e-4ff6-82d1-719c5af1e5c3', 6, NULL, '9cd5e1c8-3afd-42d5-8420-ad65a4c8e7d2', N'Nguyễn Đình Tạo');
INSERT INTO CovidChinhThuc.dbo.ChiTiet_NguoiCoCong (ID_ThongTin, NguoiTaoDL) VALUES ('700fb7ea-c98e-4ff6-82d1-719c5af1e5c3', N'Nguyễn Đình Tạo');
-- row: [457]);
INSERT INTO CovidChinhThuc.dbo.CaNhan (ID, HoTen, NgaySinh, CMND, SinhNam, DiaChi, IDPhuongXa, IDQuanHuyen, SoKhaiSinh, NguoiTaoDL) VALUES ('e547840a-1da0-40f1-a96c-1cefb80212e7', N'Cao Thị Hóa', '1943-01-01', '210941144', 1943, N'Khối 5', 91, 7, NULL, N'Nguyễn Đình Tạo');
INSERT INTO CovidChinhThuc.dbo.ThongTinHoTro (ID, IDNoiDung, IDDoiTuong, IDCaNhan, NguoiTaoDL) VALUES ('44dbab7d-dd70-45a5-8293-4fddc0b728ea', 6, NULL, 'e547840a-1da0-40f1-a96c-1cefb80212e7', N'Nguyễn Đình Tạo');
INSERT INTO CovidChinhThuc.dbo.ChiTiet_NguoiCoCong (ID_ThongTin, NguoiTaoDL) VALUES ('44dbab7d-dd70-45a5-8293-4fddc0b728ea', N'Nguyễn Đình Tạo');
-- row: [458]);
INSERT INTO CovidChinhThuc.dbo.CaNhan (ID, HoTen, NgaySinh, CMND, SinhNam, DiaChi, IDPhuongXa, IDQuanHuyen, SoKhaiSinh, NguoiTaoDL) VALUES ('6b06d44a-6aeb-4a89-ba10-22a516e84145', N'Cao Thị Lập', '1925-01-01', '210916594', 1925, N'Phú Xuân', 91, 7, NULL, N'Nguyễn Đình Tạo');
INSERT INTO CovidChinhThuc.dbo.ThongTinHoTro (ID, IDNoiDung, IDDoiTuong, IDCaNhan, NguoiTaoDL) VALUES ('932d5412-ca4c-4937-ab12-28f96ee72324', 6, 'EDE2F0CC-2376-438A-B5FB-FACD867E38EF', '6b06d44a-6aeb-4a89-ba10-22a516e84145', N'Nguyễn Đình Tạo');
INSERT INTO CovidChinhThuc.dbo.ChiTiet_NguoiCoCong (ID_ThongTin, NguoiTaoDL) VALUES ('932d5412-ca4c-4937-ab12-28f96ee72324', N'Nguyễn Đình Tạo');
-- row: [459]);
INSERT INTO CovidChinhThuc.dbo.CaNhan (ID, HoTen, NgaySinh, CMND, SinhNam, DiaChi, IDPhuongXa, IDQuanHuyen, SoKhaiSinh, NguoiTaoDL) VALUES ('782d996c-0f9f-4eb6-8772-e91add459cf9', N'Cao Thị Quang', '1948-01-01', '211032472', 1948, N'Thuận Nghĩa', 91, 7, NULL, N'Nguyễn Đình Tạo');
INSERT INTO CovidChinhThuc.dbo.ThongTinHoTro (ID, IDNoiDung, IDDoiTuong, IDCaNhan, NguoiTaoDL) VALUES ('51a1ea25-6514-4150-a041-517a4c084287', 6, 'EDE2F0CC-2376-438A-B5FB-FACD867E38EF', '782d996c-0f9f-4eb6-8772-e91add459cf9', N'Nguyễn Đình Tạo');
INSERT INTO CovidChinhThuc.dbo.ChiTiet_NguoiCoCong (ID_ThongTin, NguoiTaoDL) VALUES ('51a1ea25-6514-4150-a041-517a4c084287', N'Nguyễn Đình Tạo');
-- row: [460]);
INSERT INTO CovidChinhThuc.dbo.CaNhan (ID, HoTen, NgaySinh, CMND, SinhNam, DiaChi, IDPhuongXa, IDQuanHuyen, SoKhaiSinh, NguoiTaoDL) VALUES ('961cb96b-1680-4b2e-adaf-a732bd484b13', N'Cao Văn Triển', '1958-01-01', '211026249', 1958, N'Thuận Nghĩa', 91, 7, NULL, N'Nguyễn Đình Tạo');
INSERT INTO CovidChinhThuc.dbo.ThongTinHoTro (ID, IDNoiDung, IDDoiTuong, IDCaNhan, NguoiTaoDL) VALUES ('7a7587e9-15af-45f7-b3d8-e1404a683ff0', 6, 'EDE2F0CC-2376-438A-B5FB-FACD867E38EF', '961cb96b-1680-4b2e-adaf-a732bd484b13', N'Nguyễn Đình Tạo');
INSERT INTO CovidChinhThuc.dbo.ChiTiet_NguoiCoCong (ID_ThongTin, NguoiTaoDL) VALUES ('7a7587e9-15af-45f7-b3d8-e1404a683ff0', N'Nguyễn Đình Tạo');
-- row: [461]);
INSERT INTO CovidChinhThuc.dbo.CaNhan (ID, HoTen, NgaySinh, CMND, SinhNam, DiaChi, IDPhuongXa, IDQuanHuyen, SoKhaiSinh, NguoiTaoDL) VALUES ('11c0a5da-5aed-4978-bcfc-0e5e55aabe77', N'Châu Thị Phúc', '1955-01-01', '210912444', 1955, N'Hòa Lạc', 91, 7, NULL, N'Nguyễn Đình Tạo');
INSERT INTO CovidChinhThuc.dbo.ThongTinHoTro (ID, IDNoiDung, IDDoiTuong, IDCaNhan, NguoiTaoDL) VALUES ('fa4824cf-11b0-4313-91de-cebab20798bb', 6, 'EDE2F0CC-2376-438A-B5FB-FACD867E38EF', '11c0a5da-5aed-4978-bcfc-0e5e55aabe77', N'Nguyễn Đình Tạo');
INSERT INTO CovidChinhThuc.dbo.ChiTiet_NguoiCoCong (ID_ThongTin, NguoiTaoDL) VALUES ('fa4824cf-11b0-4313-91de-cebab20798bb', N'Nguyễn Đình Tạo');
-- row: [462]);
INSERT INTO CovidChinhThuc.dbo.CaNhan (ID, HoTen, NgaySinh, CMND, SinhNam, DiaChi, IDPhuongXa, IDQuanHuyen, SoKhaiSinh, NguoiTaoDL) VALUES ('15271905-e209-4ede-bb1d-2dc39f2a3dc9', N'Đặng Thị Được', '1944-01-01', '210912334', 1944, N'Hòa Lạc', 91, 7, NULL, N'Nguyễn Đình Tạo');
INSERT INTO CovidChinhThuc.dbo.ThongTinHoTro (ID, IDNoiDung, IDDoiTuong, IDCaNhan, NguoiTaoDL) VALUES ('9d72f54d-c0e4-44b2-bf36-18466ad6a928', 6, '2DE801FE-8F9D-4CB2-A1C0-E61F4503CB74', '15271905-e209-4ede-bb1d-2dc39f2a3dc9', N'Nguyễn Đình Tạo');
INSERT INTO CovidChinhThuc.dbo.ChiTiet_NguoiCoCong (ID_ThongTin, NguoiTaoDL) VALUES ('9d72f54d-c0e4-44b2-bf36-18466ad6a928', N'Nguyễn Đình Tạo');
-- row: [463]);
INSERT INTO CovidChinhThuc.dbo.CaNhan (ID, HoTen, NgaySinh, CMND, SinhNam, DiaChi, IDPhuongXa, IDQuanHuyen, SoKhaiSinh, NguoiTaoDL) VALUES ('aa11db52-ded8-4c96-9c23-21781af2fa48', N'Đặng Thị Láy', '1944-01-01', '210867416', 1944, N'Khối 2', 91, 7, NULL, N'Nguyễn Đình Tạo');
INSERT INTO CovidChinhThuc.dbo.ThongTinHoTro (ID, IDNoiDung, IDDoiTuong, IDCaNhan, NguoiTaoDL) VALUES ('8d96b202-8628-4e23-b18b-42cb03507981', 6, NULL, 'aa11db52-ded8-4c96-9c23-21781af2fa48', N'Nguyễn Đình Tạo');
INSERT INTO CovidChinhThuc.dbo.ChiTiet_NguoiCoCong (ID_ThongTin, NguoiTaoDL) VALUES ('8d96b202-8628-4e23-b18b-42cb03507981', N'Nguyễn Đình Tạo');
-- row: [464]);
INSERT INTO CovidChinhThuc.dbo.CaNhan (ID, HoTen, NgaySinh, CMND, SinhNam, DiaChi, IDPhuongXa, IDQuanHuyen, SoKhaiSinh, NguoiTaoDL) VALUES ('5d1c6dcd-a9d7-4385-827d-46e43ad9ddc6', N'Đặng Thị Mai', '1952-01-01', '210358141', 1952, N'Phú Xuân', 91, 7, NULL, N'Nguyễn Đình Tạo');
INSERT INTO CovidChinhThuc.dbo.ThongTinHoTro (ID, IDNoiDung, IDDoiTuong, IDCaNhan, NguoiTaoDL) VALUES ('1b998e59-bfb2-49de-97c9-dfd8d9f10284', 6, 'EDE2F0CC-2376-438A-B5FB-FACD867E38EF', '5d1c6dcd-a9d7-4385-827d-46e43ad9ddc6', N'Nguyễn Đình Tạo');
INSERT INTO CovidChinhThuc.dbo.ChiTiet_NguoiCoCong (ID_ThongTin, NguoiTaoDL) VALUES ('1b998e59-bfb2-49de-97c9-dfd8d9f10284', N'Nguyễn Đình Tạo');
-- row: [465]);
INSERT INTO CovidChinhThuc.dbo.CaNhan (ID, HoTen, NgaySinh, CMND, SinhNam, DiaChi, IDPhuongXa, IDQuanHuyen, SoKhaiSinh, NguoiTaoDL) VALUES ('b267d0ba-f058-4a05-96ca-6b451e04a6a0', N'Đặng Thị Thân', '1955-01-01', '210034357', 1955, N'Khối 4', 91, 7, NULL, N'Nguyễn Đình Tạo');
INSERT INTO CovidChinhThuc.dbo.ThongTinHoTro (ID, IDNoiDung, IDDoiTuong, IDCaNhan, NguoiTaoDL) VALUES ('90f7a1d0-d82c-4176-8994-fe18c72e607c', 6, 'EDE2F0CC-2376-438A-B5FB-FACD867E38EF', 'b267d0ba-f058-4a05-96ca-6b451e04a6a0', N'Nguyễn Đình Tạo');
INSERT INTO CovidChinhThuc.dbo.ChiTiet_NguoiCoCong (ID_ThongTin, NguoiTaoDL) VALUES ('90f7a1d0-d82c-4176-8994-fe18c72e607c', N'Nguyễn Đình Tạo');
-- row: [466]);
INSERT INTO CovidChinhThuc.dbo.CaNhan (ID, HoTen, NgaySinh, CMND, SinhNam, DiaChi, IDPhuongXa, IDQuanHuyen, SoKhaiSinh, NguoiTaoDL) VALUES ('85579181-97cd-4f20-b0a4-eab1b319344f', N'Đặng Thị Thuyền', '1945-01-01', '215253409', 1945, N'Khối 1A', 91, 7, NULL, N'Nguyễn Đình Tạo');
INSERT INTO CovidChinhThuc.dbo.ThongTinHoTro (ID, IDNoiDung, IDDoiTuong, IDCaNhan, NguoiTaoDL) VALUES ('0e34f65a-ddd8-408e-83b7-58c18f76a0ca', 6, 'EDE2F0CC-2376-438A-B5FB-FACD867E38EF', '85579181-97cd-4f20-b0a4-eab1b319344f', N'Nguyễn Đình Tạo');
INSERT INTO CovidChinhThuc.dbo.ChiTiet_NguoiCoCong (ID_ThongTin, NguoiTaoDL) VALUES ('0e34f65a-ddd8-408e-83b7-58c18f76a0ca', N'Nguyễn Đình Tạo');
-- row: [467]);
INSERT INTO CovidChinhThuc.dbo.CaNhan (ID, HoTen, NgaySinh, CMND, SinhNam, DiaChi, IDPhuongXa, IDQuanHuyen, SoKhaiSinh, NguoiTaoDL) VALUES ('118da5bd-b828-445a-85bd-22ee3944ef42', N'Đặng Thị Tỵ', '1952-01-01', '210034159', 1952, N'Khối 4', 91, 7, NULL, N'Nguyễn Đình Tạo');
INSERT INTO CovidChinhThuc.dbo.ThongTinHoTro (ID, IDNoiDung, IDDoiTuong, IDCaNhan, NguoiTaoDL) VALUES ('54cbf218-e8a4-4c7a-9bca-262086ad6555', 6, 'EDE2F0CC-2376-438A-B5FB-FACD867E38EF', '118da5bd-b828-445a-85bd-22ee3944ef42', N'Nguyễn Đình Tạo');
INSERT INTO CovidChinhThuc.dbo.ChiTiet_NguoiCoCong (ID_ThongTin, NguoiTaoDL) VALUES ('54cbf218-e8a4-4c7a-9bca-262086ad6555', N'Nguyễn Đình Tạo');
-- row: [468]);
INSERT INTO CovidChinhThuc.dbo.CaNhan (ID, HoTen, NgaySinh, CMND, SinhNam, DiaChi, IDPhuongXa, IDQuanHuyen, SoKhaiSinh, NguoiTaoDL) VALUES ('b861273d-e9bb-48c1-afd2-2ea8294e824f', N'Đặng Thị Xuôi', '1955-01-01', '210927264', 1955, N'Khối 4', 91, 7, NULL, N'Nguyễn Đình Tạo');
INSERT INTO CovidChinhThuc.dbo.ThongTinHoTro (ID, IDNoiDung, IDDoiTuong, IDCaNhan, NguoiTaoDL) VALUES ('c2d8f43c-6e45-42fe-aeda-6cd8485b021b', 6, 'EDE2F0CC-2376-438A-B5FB-FACD867E38EF', 'b861273d-e9bb-48c1-afd2-2ea8294e824f', N'Nguyễn Đình Tạo');
INSERT INTO CovidChinhThuc.dbo.ChiTiet_NguoiCoCong (ID_ThongTin, NguoiTaoDL) VALUES ('c2d8f43c-6e45-42fe-aeda-6cd8485b021b', N'Nguyễn Đình Tạo');
-- row: [469]);
INSERT INTO CovidChinhThuc.dbo.CaNhan (ID, HoTen, NgaySinh, CMND, SinhNam, DiaChi, IDPhuongXa, IDQuanHuyen, SoKhaiSinh, NguoiTaoDL) VALUES ('67083d40-1321-4dfc-aa38-6e7dd07fd77d', N'Đặng Văn Minh', '1955-01-01', '211080904', 1955, N'Khối 3', 91, 7, NULL, N'Nguyễn Đình Tạo');
INSERT INTO CovidChinhThuc.dbo.ThongTinHoTro (ID, IDNoiDung, IDDoiTuong, IDCaNhan, NguoiTaoDL) VALUES ('41ce1221-39f1-494e-a8ca-ff2c2ef21441', 6, 'EDE2F0CC-2376-438A-B5FB-FACD867E38EF', '67083d40-1321-4dfc-aa38-6e7dd07fd77d', N'Nguyễn Đình Tạo');
INSERT INTO CovidChinhThuc.dbo.ChiTiet_NguoiCoCong (ID_ThongTin, NguoiTaoDL) VALUES ('41ce1221-39f1-494e-a8ca-ff2c2ef21441', N'Nguyễn Đình Tạo');
-- row: [470]);
INSERT INTO CovidChinhThuc.dbo.CaNhan (ID, HoTen, NgaySinh, CMND, SinhNam, DiaChi, IDPhuongXa, IDQuanHuyen, SoKhaiSinh, NguoiTaoDL) VALUES ('6654e6a7-1115-44a9-878c-d9d665129fea', N'Đào Duy Phẩm', '1956-01-01', '211026349', 1956, N'Khối 5', 91, 7, NULL, N'Nguyễn Đình Tạo');
INSERT INTO CovidChinhThuc.dbo.ThongTinHoTro (ID, IDNoiDung, IDDoiTuong, IDCaNhan, NguoiTaoDL) VALUES ('96630284-1041-448f-adce-611e1c1cf7be', 6, NULL, '6654e6a7-1115-44a9-878c-d9d665129fea', N'Nguyễn Đình Tạo');
INSERT INTO CovidChinhThuc.dbo.ChiTiet_NguoiCoCong (ID_ThongTin, NguoiTaoDL) VALUES ('96630284-1041-448f-adce-611e1c1cf7be', N'Nguyễn Đình Tạo');
-- row: [471]);
INSERT INTO CovidChinhThuc.dbo.CaNhan (ID, HoTen, NgaySinh, CMND, SinhNam, DiaChi, IDPhuongXa, IDQuanHuyen, SoKhaiSinh, NguoiTaoDL) VALUES ('c8d848f1-22ed-4002-b6a0-d10145064433', N'Đỗ Văn Tòng', '1952-01-01', '211692684', 1952, N'Khối 3', 91, 7, NULL, N'Nguyễn Đình Tạo');
INSERT INTO CovidChinhThuc.dbo.ThongTinHoTro (ID, IDNoiDung, IDDoiTuong, IDCaNhan, NguoiTaoDL) VALUES ('61003ae1-b592-4030-a590-8a3a40d8408a', 6, 'EDE2F0CC-2376-438A-B5FB-FACD867E38EF', 'c8d848f1-22ed-4002-b6a0-d10145064433', N'Nguyễn Đình Tạo');
INSERT INTO CovidChinhThuc.dbo.ChiTiet_NguoiCoCong (ID_ThongTin, NguoiTaoDL) VALUES ('61003ae1-b592-4030-a590-8a3a40d8408a', N'Nguyễn Đình Tạo');
-- row: [472]);
INSERT INTO CovidChinhThuc.dbo.CaNhan (ID, HoTen, NgaySinh, CMND, SinhNam, DiaChi, IDPhuongXa, IDQuanHuyen, SoKhaiSinh, NguoiTaoDL) VALUES ('a555594b-0069-4da4-9cbb-2d6b438d4450', N'Đoàn Minh Thanh', '1954-01-01', '211471992', 1954, N'Khối 3', 91, 7, NULL, N'Nguyễn Đình Tạo');
INSERT INTO CovidChinhThuc.dbo.ThongTinHoTro (ID, IDNoiDung, IDDoiTuong, IDCaNhan, NguoiTaoDL) VALUES ('4c55f789-6343-4a94-95f9-5674097a6acd', 6, 'EDE2F0CC-2376-438A-B5FB-FACD867E38EF', 'a555594b-0069-4da4-9cbb-2d6b438d4450', N'Nguyễn Đình Tạo');
INSERT INTO CovidChinhThuc.dbo.ChiTiet_NguoiCoCong (ID_ThongTin, NguoiTaoDL) VALUES ('4c55f789-6343-4a94-95f9-5674097a6acd', N'Nguyễn Đình Tạo');
-- row: [473]);
INSERT INTO CovidChinhThuc.dbo.CaNhan (ID, HoTen, NgaySinh, CMND, SinhNam, DiaChi, IDPhuongXa, IDQuanHuyen, SoKhaiSinh, NguoiTaoDL) VALUES ('e4e1431d-aefa-4919-876a-dfa0c62a132e', N'Đoàn Văn Quý', '1957-01-01', '211418085', 1957, N'Khối 1A', 91, 7, NULL, N'Nguyễn Đình Tạo');
INSERT INTO CovidChinhThuc.dbo.ThongTinHoTro (ID, IDNoiDung, IDDoiTuong, IDCaNhan, NguoiTaoDL) VALUES ('bf3fd2db-e864-45fc-b693-fc0888e554b3', 6, 'EDE2F0CC-2376-438A-B5FB-FACD867E38EF', 'e4e1431d-aefa-4919-876a-dfa0c62a132e', N'Nguyễn Đình Tạo');
INSERT INTO CovidChinhThuc.dbo.ChiTiet_NguoiCoCong (ID_ThongTin, NguoiTaoDL) VALUES ('bf3fd2db-e864-45fc-b693-fc0888e554b3', N'Nguyễn Đình Tạo');
-- row: [474]);
INSERT INTO CovidChinhThuc.dbo.CaNhan (ID, HoTen, NgaySinh, CMND, SinhNam, DiaChi, IDPhuongXa, IDQuanHuyen, SoKhaiSinh, NguoiTaoDL) VALUES ('9e9b8d82-e8cb-4d37-9123-c4b2ce307ba6', N'Dương Văn Năm', '1954-01-01', '215508884', 1954, N'Khối 3', 91, 7, NULL, N'Nguyễn Đình Tạo');
INSERT INTO CovidChinhThuc.dbo.ThongTinHoTro (ID, IDNoiDung, IDDoiTuong, IDCaNhan, NguoiTaoDL) VALUES ('a5399f72-1a34-43c2-9df0-b59bffa3577d', 6, NULL, '9e9b8d82-e8cb-4d37-9123-c4b2ce307ba6', N'Nguyễn Đình Tạo');
INSERT INTO CovidChinhThuc.dbo.ChiTiet_NguoiCoCong (ID_ThongTin, NguoiTaoDL) VALUES ('a5399f72-1a34-43c2-9df0-b59bffa3577d', N'Nguyễn Đình Tạo');
-- row: [475]);
INSERT INTO CovidChinhThuc.dbo.CaNhan (ID, HoTen, NgaySinh, CMND, SinhNam, DiaChi, IDPhuongXa, IDQuanHuyen, SoKhaiSinh, NguoiTaoDL) VALUES ('bad21a6a-9526-447b-a1a7-dc1c35642d67', N'Hà Quang Cảnh', '1951-01-01', '210034772', 1951, N'Khối 1A', 91, 7, NULL, N'Nguyễn Đình Tạo');
INSERT INTO CovidChinhThuc.dbo.ThongTinHoTro (ID, IDNoiDung, IDDoiTuong, IDCaNhan, NguoiTaoDL) VALUES ('2b98a13d-a096-41b1-b150-4d0145c7231a', 6, NULL, 'bad21a6a-9526-447b-a1a7-dc1c35642d67', N'Nguyễn Đình Tạo');
INSERT INTO CovidChinhThuc.dbo.ChiTiet_NguoiCoCong (ID_ThongTin, NguoiTaoDL) VALUES ('2b98a13d-a096-41b1-b150-4d0145c7231a', N'Nguyễn Đình Tạo');
-- row: [476]);
INSERT INTO CovidChinhThuc.dbo.CaNhan (ID, HoTen, NgaySinh, CMND, SinhNam, DiaChi, IDPhuongXa, IDQuanHuyen, SoKhaiSinh, NguoiTaoDL) VALUES ('d88a756d-f9fa-4db9-aff0-71f177a4fab3', N'Hà (Hàng) Thị Trang', '1956-01-01', '211692685', 1956, N'Khối 3', 91, 7, NULL, N'Nguyễn Đình Tạo');
INSERT INTO CovidChinhThuc.dbo.ThongTinHoTro (ID, IDNoiDung, IDDoiTuong, IDCaNhan, NguoiTaoDL) VALUES ('5890d879-699f-4990-8960-29bd9f3f457d', 6, 'EDE2F0CC-2376-438A-B5FB-FACD867E38EF', 'd88a756d-f9fa-4db9-aff0-71f177a4fab3', N'Nguyễn Đình Tạo');
INSERT INTO CovidChinhThuc.dbo.ChiTiet_NguoiCoCong (ID_ThongTin, NguoiTaoDL) VALUES ('5890d879-699f-4990-8960-29bd9f3f457d', N'Nguyễn Đình Tạo');
-- row: [477]);
INSERT INTO CovidChinhThuc.dbo.CaNhan (ID, HoTen, NgaySinh, CMND, SinhNam, DiaChi, IDPhuongXa, IDQuanHuyen, SoKhaiSinh, NguoiTaoDL) VALUES ('f1e5a862-a8aa-44f1-8ca2-a026522e0977', N'Hồ Doãn Tăng', '1950-01-01', '210927042', 1950, N'Khối 3', 91, 7, NULL, N'Nguyễn Đình Tạo');
INSERT INTO CovidChinhThuc.dbo.ThongTinHoTro (ID, IDNoiDung, IDDoiTuong, IDCaNhan, NguoiTaoDL) VALUES ('4880d382-cf9d-4d5a-85c9-4a7f16794027', 6, 'EDE2F0CC-2376-438A-B5FB-FACD867E38EF', 'f1e5a862-a8aa-44f1-8ca2-a026522e0977', N'Nguyễn Đình Tạo');
INSERT INTO CovidChinhThuc.dbo.ChiTiet_NguoiCoCong (ID_ThongTin, NguoiTaoDL) VALUES ('4880d382-cf9d-4d5a-85c9-4a7f16794027', N'Nguyễn Đình Tạo');
-- row: [478]);
INSERT INTO CovidChinhThuc.dbo.CaNhan (ID, HoTen, NgaySinh, CMND, SinhNam, DiaChi, IDPhuongXa, IDQuanHuyen, SoKhaiSinh, NguoiTaoDL) VALUES ('2ccdad46-565b-45ba-833a-23d240b6e254', N'Hồ Hữu Hạnh', '1952-01-01', '210000298', 1952, N'Phú Văn', 91, 7, NULL, N'Nguyễn Đình Tạo');
INSERT INTO CovidChinhThuc.dbo.ThongTinHoTro (ID, IDNoiDung, IDDoiTuong, IDCaNhan, NguoiTaoDL) VALUES ('57032c6e-2b13-409a-a682-8552f050abce', 6, '2DE801FE-8F9D-4CB2-A1C0-E61F4503CB74', '2ccdad46-565b-45ba-833a-23d240b6e254', N'Nguyễn Đình Tạo');
INSERT INTO CovidChinhThuc.dbo.ChiTiet_NguoiCoCong (ID_ThongTin, NguoiTaoDL) VALUES ('57032c6e-2b13-409a-a682-8552f050abce', N'Nguyễn Đình Tạo');
-- row: [479]);
INSERT INTO CovidChinhThuc.dbo.CaNhan (ID, HoTen, NgaySinh, CMND, SinhNam, DiaChi, IDPhuongXa, IDQuanHuyen, SoKhaiSinh, NguoiTaoDL) VALUES ('fa07f0ae-5da7-4056-83b0-aed4e11da265', N'Hồ Thị Tám', '1928-01-01', '210868207', 1928, N'Khối 1A', 91, 7, NULL, N'Nguyễn Đình Tạo');
INSERT INTO CovidChinhThuc.dbo.ThongTinHoTro (ID, IDNoiDung, IDDoiTuong, IDCaNhan, NguoiTaoDL) VALUES ('bc2a85d6-f1e7-41eb-89e0-1d2d17b64cbd', 6, 'EDE2F0CC-2376-438A-B5FB-FACD867E38EF', 'fa07f0ae-5da7-4056-83b0-aed4e11da265', N'Nguyễn Đình Tạo');
INSERT INTO CovidChinhThuc.dbo.ChiTiet_NguoiCoCong (ID_ThongTin, NguoiTaoDL) VALUES ('bc2a85d6-f1e7-41eb-89e0-1d2d17b64cbd', N'Nguyễn Đình Tạo');
-- row: [480]);
INSERT INTO CovidChinhThuc.dbo.CaNhan (ID, HoTen, NgaySinh, CMND, SinhNam, DiaChi, IDPhuongXa, IDQuanHuyen, SoKhaiSinh, NguoiTaoDL) VALUES ('950071e5-ba3e-4f4c-bdb7-f619bfdad828', N'Hồ Thị Trà', '1951-01-01', '210034599', 1951, N'Khối 3', 91, 7, NULL, N'Nguyễn Đình Tạo');
INSERT INTO CovidChinhThuc.dbo.ThongTinHoTro (ID, IDNoiDung, IDDoiTuong, IDCaNhan, NguoiTaoDL) VALUES ('531713e1-147e-4609-9147-115945ac8969', 6, '41B0E9CD-732C-4E19-AAEC-3DC041CB6144', '950071e5-ba3e-4f4c-bdb7-f619bfdad828', N'Nguyễn Đình Tạo');
INSERT INTO CovidChinhThuc.dbo.ChiTiet_NguoiCoCong (ID_ThongTin, NguoiTaoDL) VALUES ('531713e1-147e-4609-9147-115945ac8969', N'Nguyễn Đình Tạo');
-- row: [481]);
INSERT INTO CovidChinhThuc.dbo.CaNhan (ID, HoTen, NgaySinh, CMND, SinhNam, DiaChi, IDPhuongXa, IDQuanHuyen, SoKhaiSinh, NguoiTaoDL) VALUES ('caaf62a4-0fe7-419a-af6a-d27d4567a160', N'Hồ Thị Yến', '1949-01-01', '210933778', 1949, N'Khối 5', 91, 7, NULL, N'Nguyễn Đình Tạo');
INSERT INTO CovidChinhThuc.dbo.ThongTinHoTro (ID, IDNoiDung, IDDoiTuong, IDCaNhan, NguoiTaoDL) VALUES ('02299afd-36f5-4703-97d3-745e266932c3', 6, 'EDE2F0CC-2376-438A-B5FB-FACD867E38EF', 'caaf62a4-0fe7-419a-af6a-d27d4567a160', N'Nguyễn Đình Tạo');
INSERT INTO CovidChinhThuc.dbo.ChiTiet_NguoiCoCong (ID_ThongTin, NguoiTaoDL) VALUES ('02299afd-36f5-4703-97d3-745e266932c3', N'Nguyễn Đình Tạo');
-- row: [482]);
INSERT INTO CovidChinhThuc.dbo.CaNhan (ID, HoTen, NgaySinh, CMND, SinhNam, DiaChi, IDPhuongXa, IDQuanHuyen, SoKhaiSinh, NguoiTaoDL) VALUES ('0f58a14e-7abb-40aa-ab5d-87b2032bb204', N'Hồ Văn Hạnh', '1952-01-01', '210000298', 1952, N'Phú Văn', 91, 7, NULL, N'Nguyễn Đình Tạo');
INSERT INTO CovidChinhThuc.dbo.ThongTinHoTro (ID, IDNoiDung, IDDoiTuong, IDCaNhan, NguoiTaoDL) VALUES ('21a3fbd7-c667-464f-8d5e-0230f6dfd9e9', 6, 'EDE2F0CC-2376-438A-B5FB-FACD867E38EF', '0f58a14e-7abb-40aa-ab5d-87b2032bb204', N'Nguyễn Đình Tạo');
INSERT INTO CovidChinhThuc.dbo.ChiTiet_NguoiCoCong (ID_ThongTin, NguoiTaoDL) VALUES ('21a3fbd7-c667-464f-8d5e-0230f6dfd9e9', N'Nguyễn Đình Tạo');
-- row: [483]);
INSERT INTO CovidChinhThuc.dbo.CaNhan (ID, HoTen, NgaySinh, CMND, SinhNam, DiaChi, IDPhuongXa, IDQuanHuyen, SoKhaiSinh, NguoiTaoDL) VALUES ('a188aa37-4816-4fc3-af8f-901309c87f0f', N'Hoàng Văn Dước', '1946-01-01', '210007601', 1946, N'Khối 3', 91, 7, NULL, N'Nguyễn Đình Tạo');
INSERT INTO CovidChinhThuc.dbo.ThongTinHoTro (ID, IDNoiDung, IDDoiTuong, IDCaNhan, NguoiTaoDL) VALUES ('920d639a-7ea6-43e7-a355-868fc564018f', 6, NULL, 'a188aa37-4816-4fc3-af8f-901309c87f0f', N'Nguyễn Đình Tạo');
INSERT INTO CovidChinhThuc.dbo.ChiTiet_NguoiCoCong (ID_ThongTin, NguoiTaoDL) VALUES ('920d639a-7ea6-43e7-a355-868fc564018f', N'Nguyễn Đình Tạo');
-- row: [484]);
INSERT INTO CovidChinhThuc.dbo.CaNhan (ID, HoTen, NgaySinh, CMND, SinhNam, DiaChi, IDPhuongXa, IDQuanHuyen, SoKhaiSinh, NguoiTaoDL) VALUES ('c590bb78-5053-450b-8ff8-7330cfe37f43', N'Huỳnh Hữu Ân', '1948-01-01', '211671372', 1948, N'Khối 3', 91, 7, NULL, N'Nguyễn Đình Tạo');
INSERT INTO CovidChinhThuc.dbo.ThongTinHoTro (ID, IDNoiDung, IDDoiTuong, IDCaNhan, NguoiTaoDL) VALUES ('79487ab3-90dc-4b7d-a797-fb1bf51e1108', 6, 'EDE2F0CC-2376-438A-B5FB-FACD867E38EF', 'c590bb78-5053-450b-8ff8-7330cfe37f43', N'Nguyễn Đình Tạo');
INSERT INTO CovidChinhThuc.dbo.ChiTiet_NguoiCoCong (ID_ThongTin, NguoiTaoDL) VALUES ('79487ab3-90dc-4b7d-a797-fb1bf51e1108', N'Nguyễn Đình Tạo');
-- row: [485]);
INSERT INTO CovidChinhThuc.dbo.CaNhan (ID, HoTen, NgaySinh, CMND, SinhNam, DiaChi, IDPhuongXa, IDQuanHuyen, SoKhaiSinh, NguoiTaoDL) VALUES ('9ecec3cf-7161-4af1-bbb1-3497cbd9aeaf', N'Huỳnh Tấn Lực', '1953-01-01', '211140751', 1953, N'Khối 3', 91, 7, NULL, N'Nguyễn Đình Tạo');
INSERT INTO CovidChinhThuc.dbo.ThongTinHoTro (ID, IDNoiDung, IDDoiTuong, IDCaNhan, NguoiTaoDL) VALUES ('6b84bef0-6c74-452b-bf20-4e64f301aeb1', 6, NULL, '9ecec3cf-7161-4af1-bbb1-3497cbd9aeaf', N'Nguyễn Đình Tạo');
INSERT INTO CovidChinhThuc.dbo.ChiTiet_NguoiCoCong (ID_ThongTin, NguoiTaoDL) VALUES ('6b84bef0-6c74-452b-bf20-4e64f301aeb1', N'Nguyễn Đình Tạo');
-- row: [486]);
INSERT INTO CovidChinhThuc.dbo.CaNhan (ID, HoTen, NgaySinh, CMND, SinhNam, DiaChi, IDPhuongXa, IDQuanHuyen, SoKhaiSinh, NguoiTaoDL) VALUES ('5eb805b7-68de-4fc0-9fe9-cb4759f8757f', N'Huỳnh Thị Lan', '1953-01-01', '210034802', 1953, N'Khối 4', 91, 7, NULL, N'Nguyễn Đình Tạo');
INSERT INTO CovidChinhThuc.dbo.ThongTinHoTro (ID, IDNoiDung, IDDoiTuong, IDCaNhan, NguoiTaoDL) VALUES ('977a5f8e-8924-4292-9e68-6ce4c70fc3b7', 6, 'EDE2F0CC-2376-438A-B5FB-FACD867E38EF', '5eb805b7-68de-4fc0-9fe9-cb4759f8757f', N'Nguyễn Đình Tạo');
INSERT INTO CovidChinhThuc.dbo.ChiTiet_NguoiCoCong (ID_ThongTin, NguoiTaoDL) VALUES ('977a5f8e-8924-4292-9e68-6ce4c70fc3b7', N'Nguyễn Đình Tạo');
-- row: [487]);
INSERT INTO CovidChinhThuc.dbo.CaNhan (ID, HoTen, NgaySinh, CMND, SinhNam, DiaChi, IDPhuongXa, IDQuanHuyen, SoKhaiSinh, NguoiTaoDL) VALUES ('7ba41617-3a36-4adb-a576-bc548c0bcda5', N'Huỳnh Thị Mạng', '1952-01-01', '024371029', 1952, N'Khối 2', 91, 7, NULL, N'Nguyễn Đình Tạo');
INSERT INTO CovidChinhThuc.dbo.ThongTinHoTro (ID, IDNoiDung, IDDoiTuong, IDCaNhan, NguoiTaoDL) VALUES ('5a558e2b-63bf-4bff-853a-26976391aa3c', 6, 'DF559633-EE29-45FD-BD59-1153DDD55C4B', '7ba41617-3a36-4adb-a576-bc548c0bcda5', N'Nguyễn Đình Tạo');
INSERT INTO CovidChinhThuc.dbo.ChiTiet_NguoiCoCong (ID_ThongTin, NguoiTaoDL) VALUES ('5a558e2b-63bf-4bff-853a-26976391aa3c', N'Nguyễn Đình Tạo');
-- row: [488]);
INSERT INTO CovidChinhThuc.dbo.CaNhan (ID, HoTen, NgaySinh, CMND, SinhNam, DiaChi, IDPhuongXa, IDQuanHuyen, SoKhaiSinh, NguoiTaoDL) VALUES ('b395d07d-7c78-4670-89e7-9f45970ea300', N'Huỳnh Thị Mẽo', '1949-01-01', '211068751', 1949, N'Khối 1A', 91, 7, NULL, N'Nguyễn Đình Tạo');
INSERT INTO CovidChinhThuc.dbo.ThongTinHoTro (ID, IDNoiDung, IDDoiTuong, IDCaNhan, NguoiTaoDL) VALUES ('c69f42ad-4c44-4f6d-986a-aaf7da7aa513', 6, '78AC3F79-5C50-4ACB-B626-E51ED3D4E8E5', 'b395d07d-7c78-4670-89e7-9f45970ea300', N'Nguyễn Đình Tạo');
INSERT INTO CovidChinhThuc.dbo.ChiTiet_NguoiCoCong (ID_ThongTin, NguoiTaoDL) VALUES ('c69f42ad-4c44-4f6d-986a-aaf7da7aa513', N'Nguyễn Đình Tạo');
-- row: [489]);
INSERT INTO CovidChinhThuc.dbo.CaNhan (ID, HoTen, NgaySinh, CMND, SinhNam, DiaChi, IDPhuongXa, IDQuanHuyen, SoKhaiSinh, NguoiTaoDL) VALUES ('bcd9b3fc-b7bb-4567-95bd-ca99528990d2', N'Huỳnh Thị Phân', '1932-01-01', '210768955', 1932, N'Khối 1A', 91, 7, NULL, N'Nguyễn Đình Tạo');
INSERT INTO CovidChinhThuc.dbo.ThongTinHoTro (ID, IDNoiDung, IDDoiTuong, IDCaNhan, NguoiTaoDL) VALUES ('39534ddd-22fa-4eec-8565-b7d56f27cc14', 6, '41B0E9CD-732C-4E19-AAEC-3DC041CB6144', 'bcd9b3fc-b7bb-4567-95bd-ca99528990d2', N'Nguyễn Đình Tạo');
INSERT INTO CovidChinhThuc.dbo.ChiTiet_NguoiCoCong (ID_ThongTin, NguoiTaoDL) VALUES ('39534ddd-22fa-4eec-8565-b7d56f27cc14', N'Nguyễn Đình Tạo');
-- row: [490]);
INSERT INTO CovidChinhThuc.dbo.CaNhan (ID, HoTen, NgaySinh, CMND, SinhNam, DiaChi, IDPhuongXa, IDQuanHuyen, SoKhaiSinh, NguoiTaoDL) VALUES ('ebc8d66e-d01e-43fd-80d3-bf5810aba317', N'Huỳnh Thị Thanh Hường', '1943-01-01', '215438478', 1943, N'Khối 2', 91, 7, NULL, N'Nguyễn Đình Tạo');
INSERT INTO CovidChinhThuc.dbo.ThongTinHoTro (ID, IDNoiDung, IDDoiTuong, IDCaNhan, NguoiTaoDL) VALUES ('78dfd985-4a38-4524-a15b-d7f020ccb597', 6, 'EDE2F0CC-2376-438A-B5FB-FACD867E38EF', 'ebc8d66e-d01e-43fd-80d3-bf5810aba317', N'Nguyễn Đình Tạo');
INSERT INTO CovidChinhThuc.dbo.ChiTiet_NguoiCoCong (ID_ThongTin, NguoiTaoDL) VALUES ('78dfd985-4a38-4524-a15b-d7f020ccb597', N'Nguyễn Đình Tạo');
-- row: [491]);
INSERT INTO CovidChinhThuc.dbo.CaNhan (ID, HoTen, NgaySinh, CMND, SinhNam, DiaChi, IDPhuongXa, IDQuanHuyen, SoKhaiSinh, NguoiTaoDL) VALUES ('0b48ba79-8ba0-43ee-ae98-7c9274c14b43', N'Huỳnh Thị Xuân', '1953-01-01', '211703592', 1953, N'Hòa Lạc', 91, 7, NULL, N'Nguyễn Đình Tạo');
INSERT INTO CovidChinhThuc.dbo.ThongTinHoTro (ID, IDNoiDung, IDDoiTuong, IDCaNhan, NguoiTaoDL) VALUES ('76fdbcf7-5827-4344-b1ba-d2e4c2e0d36d', 6, 'EDE2F0CC-2376-438A-B5FB-FACD867E38EF', '0b48ba79-8ba0-43ee-ae98-7c9274c14b43', N'Nguyễn Đình Tạo');
INSERT INTO CovidChinhThuc.dbo.ChiTiet_NguoiCoCong (ID_ThongTin, NguoiTaoDL) VALUES ('76fdbcf7-5827-4344-b1ba-d2e4c2e0d36d', N'Nguyễn Đình Tạo');
-- row: [492]);
INSERT INTO CovidChinhThuc.dbo.CaNhan (ID, HoTen, NgaySinh, CMND, SinhNam, DiaChi, IDPhuongXa, IDQuanHuyen, SoKhaiSinh, NguoiTaoDL) VALUES ('cd2e7348-bf13-4785-b64f-88955f14addc', N'Huỳnh Văn Dước', '1946-01-01', '210007601', 1946, N'Khối 3', 91, 7, NULL, N'Nguyễn Đình Tạo');
INSERT INTO CovidChinhThuc.dbo.ThongTinHoTro (ID, IDNoiDung, IDDoiTuong, IDCaNhan, NguoiTaoDL) VALUES ('1aa9db55-5e03-42d4-a0a9-ce5e69f6185c', 6, 'EDE2F0CC-2376-438A-B5FB-FACD867E38EF', 'cd2e7348-bf13-4785-b64f-88955f14addc', N'Nguyễn Đình Tạo');
INSERT INTO CovidChinhThuc.dbo.ChiTiet_NguoiCoCong (ID_ThongTin, NguoiTaoDL) VALUES ('1aa9db55-5e03-42d4-a0a9-ce5e69f6185c', N'Nguyễn Đình Tạo');
-- row: [493]);
INSERT INTO CovidChinhThuc.dbo.CaNhan (ID, HoTen, NgaySinh, CMND, SinhNam, DiaChi, IDPhuongXa, IDQuanHuyen, SoKhaiSinh, NguoiTaoDL) VALUES ('4a29874e-2606-4e31-9e5e-17f398fc6167', N'Lâm Đạo Phước', '1931-01-01', '210867541', 1931, N'Khối 2', 91, 7, NULL, N'Nguyễn Đình Tạo');
INSERT INTO CovidChinhThuc.dbo.ThongTinHoTro (ID, IDNoiDung, IDDoiTuong, IDCaNhan, NguoiTaoDL) VALUES ('335325f3-01ae-438e-a14d-02302fcbc3c3', 6, 'EDE2F0CC-2376-438A-B5FB-FACD867E38EF', '4a29874e-2606-4e31-9e5e-17f398fc6167', N'Nguyễn Đình Tạo');
INSERT INTO CovidChinhThuc.dbo.ChiTiet_NguoiCoCong (ID_ThongTin, NguoiTaoDL) VALUES ('335325f3-01ae-438e-a14d-02302fcbc3c3', N'Nguyễn Đình Tạo');
-- row: [494]);
INSERT INTO CovidChinhThuc.dbo.CaNhan (ID, HoTen, NgaySinh, CMND, SinhNam, DiaChi, IDPhuongXa, IDQuanHuyen, SoKhaiSinh, NguoiTaoDL) VALUES ('5c88cb3a-319b-4256-845e-6fde66db9384', N'Lâm Thị Hồng Thanh', '1953-01-01', '210034776', 1953, N'Khối 5', 91, 7, NULL, N'Nguyễn Đình Tạo');
INSERT INTO CovidChinhThuc.dbo.ThongTinHoTro (ID, IDNoiDung, IDDoiTuong, IDCaNhan, NguoiTaoDL) VALUES ('0a41c94f-ca65-4830-b4f2-91b9a4d4cb0b', 6, 'EDE2F0CC-2376-438A-B5FB-FACD867E38EF', '5c88cb3a-319b-4256-845e-6fde66db9384', N'Nguyễn Đình Tạo');
INSERT INTO CovidChinhThuc.dbo.ChiTiet_NguoiCoCong (ID_ThongTin, NguoiTaoDL) VALUES ('0a41c94f-ca65-4830-b4f2-91b9a4d4cb0b', N'Nguyễn Đình Tạo');
-- row: [495]);
INSERT INTO CovidChinhThuc.dbo.CaNhan (ID, HoTen, NgaySinh, CMND, SinhNam, DiaChi, IDPhuongXa, IDQuanHuyen, SoKhaiSinh, NguoiTaoDL) VALUES ('02cfe0e1-1cb4-427f-b8ef-8063852ecbac', N'Lâm Tòng Ba', '1952-01-01', '215195495', 1952, N'Khối 1', 91, 7, NULL, N'Nguyễn Đình Tạo');
INSERT INTO CovidChinhThuc.dbo.ThongTinHoTro (ID, IDNoiDung, IDDoiTuong, IDCaNhan, NguoiTaoDL) VALUES ('a893efd6-b355-4760-a837-99f558080754', 6, NULL, '02cfe0e1-1cb4-427f-b8ef-8063852ecbac', N'Nguyễn Đình Tạo');
INSERT INTO CovidChinhThuc.dbo.ChiTiet_NguoiCoCong (ID_ThongTin, NguoiTaoDL) VALUES ('a893efd6-b355-4760-a837-99f558080754', N'Nguyễn Đình Tạo');
-- row: [496]);
INSERT INTO CovidChinhThuc.dbo.CaNhan (ID, HoTen, NgaySinh, CMND, SinhNam, DiaChi, IDPhuongXa, IDQuanHuyen, SoKhaiSinh, NguoiTaoDL) VALUES ('36622387-883e-4f5b-8323-a29cd4fa46ed', N'Lê Hoàng Thanh', '1978-01-01', '211645714', 1978, N'Khối 3', 91, 7, NULL, N'Nguyễn Đình Tạo');
INSERT INTO CovidChinhThuc.dbo.ThongTinHoTro (ID, IDNoiDung, IDDoiTuong, IDCaNhan, NguoiTaoDL) VALUES ('ff1a41a2-e1fd-405e-ac7e-f681ecdedfd7', 6, 'E4E24DC6-98AE-4685-985D-47C0B48DD6FD', '36622387-883e-4f5b-8323-a29cd4fa46ed', N'Nguyễn Đình Tạo');
INSERT INTO CovidChinhThuc.dbo.ChiTiet_NguoiCoCong (ID_ThongTin, NguoiTaoDL) VALUES ('ff1a41a2-e1fd-405e-ac7e-f681ecdedfd7', N'Nguyễn Đình Tạo');
-- row: [497]);
INSERT INTO CovidChinhThuc.dbo.CaNhan (ID, HoTen, NgaySinh, CMND, SinhNam, DiaChi, IDPhuongXa, IDQuanHuyen, SoKhaiSinh, NguoiTaoDL) VALUES ('4154f321-3f81-4b12-9a00-1f28cf6192dd', N'Lê Hữu Ngạn', '1951-01-01', '231261198', 1951, N'Phú Xuân', 91, 7, NULL, N'Nguyễn Đình Tạo');
INSERT INTO CovidChinhThuc.dbo.ThongTinHoTro (ID, IDNoiDung, IDDoiTuong, IDCaNhan, NguoiTaoDL) VALUES ('d0786284-25d1-4e77-92c7-365db417efd5', 6, 'EDE2F0CC-2376-438A-B5FB-FACD867E38EF', '4154f321-3f81-4b12-9a00-1f28cf6192dd', N'Nguyễn Đình Tạo');
INSERT INTO CovidChinhThuc.dbo.ChiTiet_NguoiCoCong (ID_ThongTin, NguoiTaoDL) VALUES ('d0786284-25d1-4e77-92c7-365db417efd5', N'Nguyễn Đình Tạo');
-- row: [498]);
INSERT INTO CovidChinhThuc.dbo.CaNhan (ID, HoTen, NgaySinh, CMND, SinhNam, DiaChi, IDPhuongXa, IDQuanHuyen, SoKhaiSinh, NguoiTaoDL) VALUES ('40b6c373-0090-4ade-9164-1a1f4ec465a7', N'Lê Khương Hoành', '1949-01-01', '210034033', 1949, N'Khối 3', 91, 7, NULL, N'Nguyễn Đình Tạo');
INSERT INTO CovidChinhThuc.dbo.ThongTinHoTro (ID, IDNoiDung, IDDoiTuong, IDCaNhan, NguoiTaoDL) VALUES ('c5207933-7d96-48eb-a4b3-d87ece5976d4', 6, 'EDE2F0CC-2376-438A-B5FB-FACD867E38EF', '40b6c373-0090-4ade-9164-1a1f4ec465a7', N'Nguyễn Đình Tạo');
INSERT INTO CovidChinhThuc.dbo.ChiTiet_NguoiCoCong (ID_ThongTin, NguoiTaoDL) VALUES ('c5207933-7d96-48eb-a4b3-d87ece5976d4', N'Nguyễn Đình Tạo');
-- row: [499]);
INSERT INTO CovidChinhThuc.dbo.CaNhan (ID, HoTen, NgaySinh, CMND, SinhNam, DiaChi, IDPhuongXa, IDQuanHuyen, SoKhaiSinh, NguoiTaoDL) VALUES ('fb3476dd-26ab-4bf9-8e15-d0cbf4bc9276', N'Lê Minh Châu', '1947-01-01', '210140071', 1947, N'Khối 3', 91, 7, NULL, N'Nguyễn Đình Tạo');
INSERT INTO CovidChinhThuc.dbo.ThongTinHoTro (ID, IDNoiDung, IDDoiTuong, IDCaNhan, NguoiTaoDL) VALUES ('1c6ea4e4-4a58-42b0-b7ad-f90a94c62149', 6, 'EDE2F0CC-2376-438A-B5FB-FACD867E38EF', 'fb3476dd-26ab-4bf9-8e15-d0cbf4bc9276', N'Nguyễn Đình Tạo');
INSERT INTO CovidChinhThuc.dbo.ChiTiet_NguoiCoCong (ID_ThongTin, NguoiTaoDL) VALUES ('1c6ea4e4-4a58-42b0-b7ad-f90a94c62149', N'Nguyễn Đình Tạo');
-- row: [500]);
INSERT INTO CovidChinhThuc.dbo.CaNhan (ID, HoTen, NgaySinh, CMND, SinhNam, DiaChi, IDPhuongXa, IDQuanHuyen, SoKhaiSinh, NguoiTaoDL) VALUES ('e3791783-e03a-4323-9be6-c2160e50d1ef', N'Lê Thị Chính', '1939-01-01', '210868495', 1939, N'Khối 3', 91, 7, NULL, N'Nguyễn Đình Tạo');
INSERT INTO CovidChinhThuc.dbo.ThongTinHoTro (ID, IDNoiDung, IDDoiTuong, IDCaNhan, NguoiTaoDL) VALUES ('543c8d6f-36c5-4698-89e7-4e8a6f9dbe5b', 6, 'EDE2F0CC-2376-438A-B5FB-FACD867E38EF', 'e3791783-e03a-4323-9be6-c2160e50d1ef', N'Nguyễn Đình Tạo');
INSERT INTO CovidChinhThuc.dbo.ChiTiet_NguoiCoCong (ID_ThongTin, NguoiTaoDL) VALUES ('543c8d6f-36c5-4698-89e7-4e8a6f9dbe5b', N'Nguyễn Đình Tạo');
-- row: [501]);
INSERT INTO CovidChinhThuc.dbo.CaNhan (ID, HoTen, NgaySinh, CMND, SinhNam, DiaChi, IDPhuongXa, IDQuanHuyen, SoKhaiSinh, NguoiTaoDL) VALUES ('382a86c4-5aac-4acc-8ff6-e36bf8aac7af', N'Lê Thị Dị', '1930-01-01', '210768525', 1930, N'Khối 4', 91, 7, NULL, N'Nguyễn Đình Tạo');
INSERT INTO CovidChinhThuc.dbo.ThongTinHoTro (ID, IDNoiDung, IDDoiTuong, IDCaNhan, NguoiTaoDL) VALUES ('3a2900b7-f88a-423b-bd6c-ca77c95ae58a', 6, '3A65F299-2EFA-4982-BF70-81D7B5024935', '382a86c4-5aac-4acc-8ff6-e36bf8aac7af', N'Nguyễn Đình Tạo');
INSERT INTO CovidChinhThuc.dbo.ChiTiet_NguoiCoCong (ID_ThongTin, NguoiTaoDL) VALUES ('3a2900b7-f88a-423b-bd6c-ca77c95ae58a', N'Nguyễn Đình Tạo');
-- row: [502]);
INSERT INTO CovidChinhThuc.dbo.CaNhan (ID, HoTen, NgaySinh, CMND, SinhNam, DiaChi, IDPhuongXa, IDQuanHuyen, SoKhaiSinh, NguoiTaoDL) VALUES ('31439c9a-4028-4f93-b039-16b15d36e3d8', N'Lê Thị Dư', '1949-01-01', '210867852', 1949, N'khối 1A', 91, 7, NULL, N'Nguyễn Đình Tạo');
INSERT INTO CovidChinhThuc.dbo.ThongTinHoTro (ID, IDNoiDung, IDDoiTuong, IDCaNhan, NguoiTaoDL) VALUES ('e35973b0-0a2b-4cbc-a44c-a8676e7bf615', 6, 'EDE2F0CC-2376-438A-B5FB-FACD867E38EF', '31439c9a-4028-4f93-b039-16b15d36e3d8', N'Nguyễn Đình Tạo');
INSERT INTO CovidChinhThuc.dbo.ChiTiet_NguoiCoCong (ID_ThongTin, NguoiTaoDL) VALUES ('e35973b0-0a2b-4cbc-a44c-a8676e7bf615', N'Nguyễn Đình Tạo');
-- row: [503]);
INSERT INTO CovidChinhThuc.dbo.CaNhan (ID, HoTen, NgaySinh, CMND, SinhNam, DiaChi, IDPhuongXa, IDQuanHuyen, SoKhaiSinh, NguoiTaoDL) VALUES ('c741797e-d900-470b-8cb1-eea7cfc00ae0', N'Lê Thị Mai Trinh', '1996-01-01', '215438152', 1996, N'Khối 1A', 91, 7, NULL, N'Nguyễn Đình Tạo');
INSERT INTO CovidChinhThuc.dbo.ThongTinHoTro (ID, IDNoiDung, IDDoiTuong, IDCaNhan, NguoiTaoDL) VALUES ('6393057e-52de-4b27-b91a-659da21d5bff', 6, 'E4E24DC6-98AE-4685-985D-47C0B48DD6FD', 'c741797e-d900-470b-8cb1-eea7cfc00ae0', N'Nguyễn Đình Tạo');
INSERT INTO CovidChinhThuc.dbo.ChiTiet_NguoiCoCong (ID_ThongTin, NguoiTaoDL) VALUES ('6393057e-52de-4b27-b91a-659da21d5bff', N'Nguyễn Đình Tạo');
-- row: [504]);
INSERT INTO CovidChinhThuc.dbo.CaNhan (ID, HoTen, NgaySinh, CMND, SinhNam, DiaChi, IDPhuongXa, IDQuanHuyen, SoKhaiSinh, NguoiTaoDL) VALUES ('2bce057c-505a-4137-b7cd-5c62966b914c', N'Lê Thị Mỹ Hạnh', '1954-01-01', '210927216', 1954, N'Khối 4', 91, 7, NULL, N'Nguyễn Đình Tạo');
INSERT INTO CovidChinhThuc.dbo.ThongTinHoTro (ID, IDNoiDung, IDDoiTuong, IDCaNhan, NguoiTaoDL) VALUES ('f93b3701-3081-4e47-ae21-a56d85a72f29', 6, 'EDE2F0CC-2376-438A-B5FB-FACD867E38EF', '2bce057c-505a-4137-b7cd-5c62966b914c', N'Nguyễn Đình Tạo');
INSERT INTO CovidChinhThuc.dbo.ChiTiet_NguoiCoCong (ID_ThongTin, NguoiTaoDL) VALUES ('f93b3701-3081-4e47-ae21-a56d85a72f29', N'Nguyễn Đình Tạo');
-- row: [505]);
INSERT INTO CovidChinhThuc.dbo.CaNhan (ID, HoTen, NgaySinh, CMND, SinhNam, DiaChi, IDPhuongXa, IDQuanHuyen, SoKhaiSinh, NguoiTaoDL) VALUES ('ba646719-d607-47a6-b64f-491e0ef222c7', N'Lê Thị Nhuận', '1953-01-01', '210034010', 1953, N'Khối 3', 91, 7, NULL, N'Nguyễn Đình Tạo');
INSERT INTO CovidChinhThuc.dbo.ThongTinHoTro (ID, IDNoiDung, IDDoiTuong, IDCaNhan, NguoiTaoDL) VALUES ('b219d08f-ee15-4be4-abab-cffe607005af', 6, 'EDE2F0CC-2376-438A-B5FB-FACD867E38EF', 'ba646719-d607-47a6-b64f-491e0ef222c7', N'Nguyễn Đình Tạo');
INSERT INTO CovidChinhThuc.dbo.ChiTiet_NguoiCoCong (ID_ThongTin, NguoiTaoDL) VALUES ('b219d08f-ee15-4be4-abab-cffe607005af', N'Nguyễn Đình Tạo');
-- row: [506]);
INSERT INTO CovidChinhThuc.dbo.CaNhan (ID, HoTen, NgaySinh, CMND, SinhNam, DiaChi, IDPhuongXa, IDQuanHuyen, SoKhaiSinh, NguoiTaoDL) VALUES ('04ac10a6-1d5c-48ee-97b3-ca6ad18dcdd2', N'Lê Thị Thảnh', '1954-01-01', '210926273', 1954, N'Khối 3', 91, 7, NULL, N'Nguyễn Đình Tạo');
INSERT INTO CovidChinhThuc.dbo.ThongTinHoTro (ID, IDNoiDung, IDDoiTuong, IDCaNhan, NguoiTaoDL) VALUES ('0d0dc3b4-b908-4416-9749-323a8158295b', 6, 'EDE2F0CC-2376-438A-B5FB-FACD867E38EF', '04ac10a6-1d5c-48ee-97b3-ca6ad18dcdd2', N'Nguyễn Đình Tạo');
INSERT INTO CovidChinhThuc.dbo.ChiTiet_NguoiCoCong (ID_ThongTin, NguoiTaoDL) VALUES ('0d0dc3b4-b908-4416-9749-323a8158295b', N'Nguyễn Đình Tạo');
-- row: [507]);
INSERT INTO CovidChinhThuc.dbo.CaNhan (ID, HoTen, NgaySinh, CMND, SinhNam, DiaChi, IDPhuongXa, IDQuanHuyen, SoKhaiSinh, NguoiTaoDL) VALUES ('8feff6a8-261f-4b71-8ac8-89998b50dcae', N'Lê Thị Thanh Xuân', '1950-01-01', '210037649', 1950, N'Khối 3', 91, 7, NULL, N'Nguyễn Đình Tạo');
INSERT INTO CovidChinhThuc.dbo.ThongTinHoTro (ID, IDNoiDung, IDDoiTuong, IDCaNhan, NguoiTaoDL) VALUES ('a6a54d64-879b-43ef-a415-f4dba4df11c1', 6, 'EDE2F0CC-2376-438A-B5FB-FACD867E38EF', '8feff6a8-261f-4b71-8ac8-89998b50dcae', N'Nguyễn Đình Tạo');
INSERT INTO CovidChinhThuc.dbo.ChiTiet_NguoiCoCong (ID_ThongTin, NguoiTaoDL) VALUES ('a6a54d64-879b-43ef-a415-f4dba4df11c1', N'Nguyễn Đình Tạo');
-- row: [508]);
INSERT INTO CovidChinhThuc.dbo.CaNhan (ID, HoTen, NgaySinh, CMND, SinhNam, DiaChi, IDPhuongXa, IDQuanHuyen, SoKhaiSinh, NguoiTaoDL) VALUES ('1e7bb05a-d0c8-413a-a1a8-abf7316ae460', N'Lê Văn Chức', '1947-01-01', '211644879', 1947, N'Khối 3', 91, 7, NULL, N'Nguyễn Đình Tạo');
INSERT INTO CovidChinhThuc.dbo.ThongTinHoTro (ID, IDNoiDung, IDDoiTuong, IDCaNhan, NguoiTaoDL) VALUES ('8cda358d-2de4-47c2-b2e7-752109bd6040', 6, '78AC3F79-5C50-4ACB-B626-E51ED3D4E8E5', '1e7bb05a-d0c8-413a-a1a8-abf7316ae460', N'Nguyễn Đình Tạo');
INSERT INTO CovidChinhThuc.dbo.ChiTiet_NguoiCoCong (ID_ThongTin, NguoiTaoDL) VALUES ('8cda358d-2de4-47c2-b2e7-752109bd6040', N'Nguyễn Đình Tạo');
-- row: [509]);
INSERT INTO CovidChinhThuc.dbo.CaNhan (ID, HoTen, NgaySinh, CMND, SinhNam, DiaChi, IDPhuongXa, IDQuanHuyen, SoKhaiSinh, NguoiTaoDL) VALUES ('107cec1b-ef55-40a4-8c1b-af237526b91d', N'Lương Quốc Thống', '1946-01-01', '210034096', 1946, N'Khối 5', 91, 7, NULL, N'Nguyễn Đình Tạo');
INSERT INTO CovidChinhThuc.dbo.ThongTinHoTro (ID, IDNoiDung, IDDoiTuong, IDCaNhan, NguoiTaoDL) VALUES ('fa54bb94-fa24-40ca-8458-e369ff5a7f06', 6, 'EDE2F0CC-2376-438A-B5FB-FACD867E38EF', '107cec1b-ef55-40a4-8c1b-af237526b91d', N'Nguyễn Đình Tạo');
INSERT INTO CovidChinhThuc.dbo.ChiTiet_NguoiCoCong (ID_ThongTin, NguoiTaoDL) VALUES ('fa54bb94-fa24-40ca-8458-e369ff5a7f06', N'Nguyễn Đình Tạo');
-- row: [510]);
INSERT INTO CovidChinhThuc.dbo.CaNhan (ID, HoTen, NgaySinh, CMND, SinhNam, DiaChi, IDPhuongXa, IDQuanHuyen, SoKhaiSinh, NguoiTaoDL) VALUES ('997461a0-0dcb-4cf8-9262-4bafb7968a8a', N'Lưu Thị Hoa', '1950-01-01', '210030074', 1950, N'Khối 3', 91, 7, NULL, N'Nguyễn Đình Tạo');
INSERT INTO CovidChinhThuc.dbo.ThongTinHoTro (ID, IDNoiDung, IDDoiTuong, IDCaNhan, NguoiTaoDL) VALUES ('edba3a30-d2f9-46e7-a6af-72968e896f10', 6, NULL, '997461a0-0dcb-4cf8-9262-4bafb7968a8a', N'Nguyễn Đình Tạo');
INSERT INTO CovidChinhThuc.dbo.ChiTiet_NguoiCoCong (ID_ThongTin, NguoiTaoDL) VALUES ('edba3a30-d2f9-46e7-a6af-72968e896f10', N'Nguyễn Đình Tạo');
-- row: [511]);
INSERT INTO CovidChinhThuc.dbo.CaNhan (ID, HoTen, NgaySinh, CMND, SinhNam, DiaChi, IDPhuongXa, IDQuanHuyen, SoKhaiSinh, NguoiTaoDL) VALUES ('d3290ad6-d342-4421-9c98-edc0c1fd8527', N'Lý Trung', '1933-01-01', '210912569', 1933, N'Hòa Lạc', 91, 7, NULL, N'Nguyễn Đình Tạo');
INSERT INTO CovidChinhThuc.dbo.ThongTinHoTro (ID, IDNoiDung, IDDoiTuong, IDCaNhan, NguoiTaoDL) VALUES ('edee85a2-3310-45b9-949c-bd60d0fadb4c', 6, 'EDE2F0CC-2376-438A-B5FB-FACD867E38EF', 'd3290ad6-d342-4421-9c98-edc0c1fd8527', N'Nguyễn Đình Tạo');
INSERT INTO CovidChinhThuc.dbo.ChiTiet_NguoiCoCong (ID_ThongTin, NguoiTaoDL) VALUES ('edee85a2-3310-45b9-949c-bd60d0fadb4c', N'Nguyễn Đình Tạo');
-- row: [512]);
INSERT INTO CovidChinhThuc.dbo.CaNhan (ID, HoTen, NgaySinh, CMND, SinhNam, DiaChi, IDPhuongXa, IDQuanHuyen, SoKhaiSinh, NguoiTaoDL) VALUES ('b43c2b0b-2312-4688-90d6-84d002d3518a', N'Mạc Văn Tráng', '1962-01-01', '210868469', 1962, N'Khối 4', 91, 7, NULL, N'Nguyễn Đình Tạo');
INSERT INTO CovidChinhThuc.dbo.ThongTinHoTro (ID, IDNoiDung, IDDoiTuong, IDCaNhan, NguoiTaoDL) VALUES ('550ceab9-4ec0-4c35-9ddd-63481e9d218c', 6, 'EDE2F0CC-2376-438A-B5FB-FACD867E38EF', 'b43c2b0b-2312-4688-90d6-84d002d3518a', N'Nguyễn Đình Tạo');
INSERT INTO CovidChinhThuc.dbo.ChiTiet_NguoiCoCong (ID_ThongTin, NguoiTaoDL) VALUES ('550ceab9-4ec0-4c35-9ddd-63481e9d218c', N'Nguyễn Đình Tạo');
-- row: [513]);
INSERT INTO CovidChinhThuc.dbo.CaNhan (ID, HoTen, NgaySinh, CMND, SinhNam, DiaChi, IDPhuongXa, IDQuanHuyen, SoKhaiSinh, NguoiTaoDL) VALUES ('6e9d4434-35c8-41b1-83d1-926de4fb67ca', N'Mai Thị Thạnh', '1955-01-01', '210028910', 1955, N'Khối 1A', 91, 7, NULL, N'Nguyễn Đình Tạo');
INSERT INTO CovidChinhThuc.dbo.ThongTinHoTro (ID, IDNoiDung, IDDoiTuong, IDCaNhan, NguoiTaoDL) VALUES ('2590e04c-3511-45db-afa3-f69b55739ef4', 6, 'EDE2F0CC-2376-438A-B5FB-FACD867E38EF', '6e9d4434-35c8-41b1-83d1-926de4fb67ca', N'Nguyễn Đình Tạo');
INSERT INTO CovidChinhThuc.dbo.ChiTiet_NguoiCoCong (ID_ThongTin, NguoiTaoDL) VALUES ('2590e04c-3511-45db-afa3-f69b55739ef4', N'Nguyễn Đình Tạo');
-- row: [514]);
INSERT INTO CovidChinhThuc.dbo.CaNhan (ID, HoTen, NgaySinh, CMND, SinhNam, DiaChi, IDPhuongXa, IDQuanHuyen, SoKhaiSinh, NguoiTaoDL) VALUES ('73eafc53-b2ea-4b3e-a7a4-5e8e40901dc1', N'Ngô Nhất Tâm', '1955-01-01', '210956018', 1955, N'Phú Xuân', 91, 7, NULL, N'Nguyễn Đình Tạo');
INSERT INTO CovidChinhThuc.dbo.ThongTinHoTro (ID, IDNoiDung, IDDoiTuong, IDCaNhan, NguoiTaoDL) VALUES ('84b91825-7345-46ab-a811-9026fbc36fc2', 6, 'EDE2F0CC-2376-438A-B5FB-FACD867E38EF', '73eafc53-b2ea-4b3e-a7a4-5e8e40901dc1', N'Nguyễn Đình Tạo');
INSERT INTO CovidChinhThuc.dbo.ChiTiet_NguoiCoCong (ID_ThongTin, NguoiTaoDL) VALUES ('84b91825-7345-46ab-a811-9026fbc36fc2', N'Nguyễn Đình Tạo');
-- row: [515]);
INSERT INTO CovidChinhThuc.dbo.CaNhan (ID, HoTen, NgaySinh, CMND, SinhNam, DiaChi, IDPhuongXa, IDQuanHuyen, SoKhaiSinh, NguoiTaoDL) VALUES ('7af0014e-a131-41d8-a779-796243bc1420', N'Ngô Thị Hiếu', '1937-01-01', '211916493', 1937, N'Phú Xuân', 91, 7, NULL, N'Nguyễn Đình Tạo');
INSERT INTO CovidChinhThuc.dbo.ThongTinHoTro (ID, IDNoiDung, IDDoiTuong, IDCaNhan, NguoiTaoDL) VALUES ('2e5b2989-a204-4df6-8071-bcfcf4612019', 6, '2DE801FE-8F9D-4CB2-A1C0-E61F4503CB74', '7af0014e-a131-41d8-a779-796243bc1420', N'Nguyễn Đình Tạo');
INSERT INTO CovidChinhThuc.dbo.ChiTiet_NguoiCoCong (ID_ThongTin, NguoiTaoDL) VALUES ('2e5b2989-a204-4df6-8071-bcfcf4612019', N'Nguyễn Đình Tạo');
-- row: [516]);
INSERT INTO CovidChinhThuc.dbo.CaNhan (ID, HoTen, NgaySinh, CMND, SinhNam, DiaChi, IDPhuongXa, IDQuanHuyen, SoKhaiSinh, NguoiTaoDL) VALUES ('78ac5ef4-23f7-47d5-af33-495631fbb5c2', N'Ngô Thị Hồng', '1955-01-01', '210034807', 1955, N'Khối 3', 91, 7, NULL, N'Nguyễn Đình Tạo');
INSERT INTO CovidChinhThuc.dbo.ThongTinHoTro (ID, IDNoiDung, IDDoiTuong, IDCaNhan, NguoiTaoDL) VALUES ('511c80ca-ccf9-47a8-a922-d7bc73ff77ac', 6, 'EDE2F0CC-2376-438A-B5FB-FACD867E38EF', '78ac5ef4-23f7-47d5-af33-495631fbb5c2', N'Nguyễn Đình Tạo');
INSERT INTO CovidChinhThuc.dbo.ChiTiet_NguoiCoCong (ID_ThongTin, NguoiTaoDL) VALUES ('511c80ca-ccf9-47a8-a922-d7bc73ff77ac', N'Nguyễn Đình Tạo');
-- row: [517]);
INSERT INTO CovidChinhThuc.dbo.CaNhan (ID, HoTen, NgaySinh, CMND, SinhNam, DiaChi, IDPhuongXa, IDQuanHuyen, SoKhaiSinh, NguoiTaoDL) VALUES ('1b2feb0e-5f2d-4498-9bd5-5ff121dccae1', N'Nguyễn Chí Quang', '1955-01-01', '210140265', 1955, N'Khối 4', 91, 7, NULL, N'Nguyễn Đình Tạo');
INSERT INTO CovidChinhThuc.dbo.ThongTinHoTro (ID, IDNoiDung, IDDoiTuong, IDCaNhan, NguoiTaoDL) VALUES ('3c80fb2a-f24b-41ba-87d2-029b34bf3521', 6, 'EDE2F0CC-2376-438A-B5FB-FACD867E38EF', '1b2feb0e-5f2d-4498-9bd5-5ff121dccae1', N'Nguyễn Đình Tạo');
INSERT INTO CovidChinhThuc.dbo.ChiTiet_NguoiCoCong (ID_ThongTin, NguoiTaoDL) VALUES ('3c80fb2a-f24b-41ba-87d2-029b34bf3521', N'Nguyễn Đình Tạo');
-- row: [518]);
INSERT INTO CovidChinhThuc.dbo.CaNhan (ID, HoTen, NgaySinh, CMND, SinhNam, DiaChi, IDPhuongXa, IDQuanHuyen, SoKhaiSinh, NguoiTaoDL) VALUES ('a17754ae-2a0e-4c01-9b59-2bd29f3bdf1e', N'Nguyễn Chí Thanh', '1955-01-01', '210381070', 1955, N'Khối 4', 91, 7, NULL, N'Nguyễn Đình Tạo');
INSERT INTO CovidChinhThuc.dbo.ThongTinHoTro (ID, IDNoiDung, IDDoiTuong, IDCaNhan, NguoiTaoDL) VALUES ('57b6c12a-6b88-4622-8deb-0f2f52bfdf0e', 6, NULL, 'a17754ae-2a0e-4c01-9b59-2bd29f3bdf1e', N'Nguyễn Đình Tạo');
INSERT INTO CovidChinhThuc.dbo.ChiTiet_NguoiCoCong (ID_ThongTin, NguoiTaoDL) VALUES ('57b6c12a-6b88-4622-8deb-0f2f52bfdf0e', N'Nguyễn Đình Tạo');
-- row: [519]);
INSERT INTO CovidChinhThuc.dbo.CaNhan (ID, HoTen, NgaySinh, CMND, SinhNam, DiaChi, IDPhuongXa, IDQuanHuyen, SoKhaiSinh, NguoiTaoDL) VALUES ('76188afb-71ac-4b6a-a1c4-60d0f0f9ffc8', N'Nguyễn Công Chức', '1943-01-01', '215142586', 1943, N'Khối 3', 91, 7, NULL, N'Nguyễn Đình Tạo');
INSERT INTO CovidChinhThuc.dbo.ThongTinHoTro (ID, IDNoiDung, IDDoiTuong, IDCaNhan, NguoiTaoDL) VALUES ('638fc639-4f8a-4b8c-b322-3e23016a895a', 6, 'EDE2F0CC-2376-438A-B5FB-FACD867E38EF', '76188afb-71ac-4b6a-a1c4-60d0f0f9ffc8', N'Nguyễn Đình Tạo');
INSERT INTO CovidChinhThuc.dbo.ChiTiet_NguoiCoCong (ID_ThongTin, NguoiTaoDL) VALUES ('638fc639-4f8a-4b8c-b322-3e23016a895a', N'Nguyễn Đình Tạo');
-- row: [520]);
INSERT INTO CovidChinhThuc.dbo.CaNhan (ID, HoTen, NgaySinh, CMND, SinhNam, DiaChi, IDPhuongXa, IDQuanHuyen, SoKhaiSinh, NguoiTaoDL) VALUES ('aa91213b-7320-498b-9ede-0fb8d142293a', N'Nguyễn Đình Chi', '1955-01-01', '210857320', 1955, N'Thuận Nghĩa', 91, 7, NULL, N'Nguyễn Đình Tạo');
INSERT INTO CovidChinhThuc.dbo.ThongTinHoTro (ID, IDNoiDung, IDDoiTuong, IDCaNhan, NguoiTaoDL) VALUES ('0614d32f-2d12-45ba-87f5-d92ddbf809a6', 6, '78AC3F79-5C50-4ACB-B626-E51ED3D4E8E5', 'aa91213b-7320-498b-9ede-0fb8d142293a', N'Nguyễn Đình Tạo');
INSERT INTO CovidChinhThuc.dbo.ChiTiet_NguoiCoCong (ID_ThongTin, NguoiTaoDL) VALUES ('0614d32f-2d12-45ba-87f5-d92ddbf809a6', N'Nguyễn Đình Tạo');
-- row: [521]);
INSERT INTO CovidChinhThuc.dbo.CaNhan (ID, HoTen, NgaySinh, CMND, SinhNam, DiaChi, IDPhuongXa, IDQuanHuyen, SoKhaiSinh, NguoiTaoDL) VALUES ('57b11784-93b3-45fd-a190-134d0356878a', N'Nguyễn Đình Thi', '1937-01-01', '210034485', 1937, N'Khối 3', 91, 7, NULL, N'Nguyễn Đình Tạo');
INSERT INTO CovidChinhThuc.dbo.ThongTinHoTro (ID, IDNoiDung, IDDoiTuong, IDCaNhan, NguoiTaoDL) VALUES ('9ca0277d-ffcb-40a9-8454-7e390cd966ad', 6, '41B0E9CD-732C-4E19-AAEC-3DC041CB6144', '57b11784-93b3-45fd-a190-134d0356878a', N'Nguyễn Đình Tạo');
INSERT INTO CovidChinhThuc.dbo.ChiTiet_NguoiCoCong (ID_ThongTin, NguoiTaoDL) VALUES ('9ca0277d-ffcb-40a9-8454-7e390cd966ad', N'Nguyễn Đình Tạo');
-- row: [522]);
INSERT INTO CovidChinhThuc.dbo.CaNhan (ID, HoTen, NgaySinh, CMND, SinhNam, DiaChi, IDPhuongXa, IDQuanHuyen, SoKhaiSinh, NguoiTaoDL) VALUES ('97824093-4d50-4091-a104-da8b07758b9e', N'Nguyễn Đức Tường', '1941-01-01', '210037104', 1941, N'Khối 3', 91, 7, NULL, N'Nguyễn Đình Tạo');
INSERT INTO CovidChinhThuc.dbo.ThongTinHoTro (ID, IDNoiDung, IDDoiTuong, IDCaNhan, NguoiTaoDL) VALUES ('5d24b5db-626b-4e55-829b-e66f2304d2b7', 6, 'EDE2F0CC-2376-438A-B5FB-FACD867E38EF', '97824093-4d50-4091-a104-da8b07758b9e', N'Nguyễn Đình Tạo');
INSERT INTO CovidChinhThuc.dbo.ChiTiet_NguoiCoCong (ID_ThongTin, NguoiTaoDL) VALUES ('5d24b5db-626b-4e55-829b-e66f2304d2b7', N'Nguyễn Đình Tạo');
-- row: [523]);
INSERT INTO CovidChinhThuc.dbo.CaNhan (ID, HoTen, NgaySinh, CMND, SinhNam, DiaChi, IDPhuongXa, IDQuanHuyen, SoKhaiSinh, NguoiTaoDL) VALUES ('b37d505a-b9b5-48fa-a1b9-ac6d7ad31051', N'Nguyễn Hữu Đức', '1944-01-01', '215530719', 1944, N'khối 1A', 91, 7, NULL, N'Nguyễn Đình Tạo');
INSERT INTO CovidChinhThuc.dbo.ThongTinHoTro (ID, IDNoiDung, IDDoiTuong, IDCaNhan, NguoiTaoDL) VALUES ('10eda3c3-2ece-416d-bae2-745a90c0fe66', 6, 'EDE2F0CC-2376-438A-B5FB-FACD867E38EF', 'b37d505a-b9b5-48fa-a1b9-ac6d7ad31051', N'Nguyễn Đình Tạo');
INSERT INTO CovidChinhThuc.dbo.ChiTiet_NguoiCoCong (ID_ThongTin, NguoiTaoDL) VALUES ('10eda3c3-2ece-416d-bae2-745a90c0fe66', N'Nguyễn Đình Tạo');
-- row: [524]);
INSERT INTO CovidChinhThuc.dbo.CaNhan (ID, HoTen, NgaySinh, CMND, SinhNam, DiaChi, IDPhuongXa, IDQuanHuyen, SoKhaiSinh, NguoiTaoDL) VALUES ('8ccfa045-5515-4d11-a956-1d57b150d45c', N'Nguyễn Khánh Mười', '1933-01-01', '211671271', 1933, N'Khối 2', 91, 7, NULL, N'Nguyễn Đình Tạo');
INSERT INTO CovidChinhThuc.dbo.ThongTinHoTro (ID, IDNoiDung, IDDoiTuong, IDCaNhan, NguoiTaoDL) VALUES ('bcbe109d-edb7-4088-bc63-ae34b171cb13', 6, 'EDE2F0CC-2376-438A-B5FB-FACD867E38EF', '8ccfa045-5515-4d11-a956-1d57b150d45c', N'Nguyễn Đình Tạo');
INSERT INTO CovidChinhThuc.dbo.ChiTiet_NguoiCoCong (ID_ThongTin, NguoiTaoDL) VALUES ('bcbe109d-edb7-4088-bc63-ae34b171cb13', N'Nguyễn Đình Tạo');
-- row: [525]);
INSERT INTO CovidChinhThuc.dbo.CaNhan (ID, HoTen, NgaySinh, CMND, SinhNam, DiaChi, IDPhuongXa, IDQuanHuyen, SoKhaiSinh, NguoiTaoDL) VALUES ('17f9654a-296d-4f98-b014-658c99216bb8', N'Nguyễn Minh Thái', '1959-01-01', '231085379', 1959, N'Khối 5', 91, 7, NULL, N'Nguyễn Đình Tạo');
INSERT INTO CovidChinhThuc.dbo.ThongTinHoTro (ID, IDNoiDung, IDDoiTuong, IDCaNhan, NguoiTaoDL) VALUES ('8b6a0f5f-cf85-4ac5-b303-72f7ffb96059', 6, 'EDE2F0CC-2376-438A-B5FB-FACD867E38EF', '17f9654a-296d-4f98-b014-658c99216bb8', N'Nguyễn Đình Tạo');
INSERT INTO CovidChinhThuc.dbo.ChiTiet_NguoiCoCong (ID_ThongTin, NguoiTaoDL) VALUES ('8b6a0f5f-cf85-4ac5-b303-72f7ffb96059', N'Nguyễn Đình Tạo');
-- row: [526]);
INSERT INTO CovidChinhThuc.dbo.CaNhan (ID, HoTen, NgaySinh, CMND, SinhNam, DiaChi, IDPhuongXa, IDQuanHuyen, SoKhaiSinh, NguoiTaoDL) VALUES ('de4ab174-9931-428e-ae13-3eaca7ef28ab', N'Nguyễn Ngọc Điều', '1948-01-01', '210034607', 1948, N'Khối 2', 91, 7, NULL, N'Nguyễn Đình Tạo');
INSERT INTO CovidChinhThuc.dbo.ThongTinHoTro (ID, IDNoiDung, IDDoiTuong, IDCaNhan, NguoiTaoDL) VALUES ('e5b4de7a-a16e-4757-8791-23f21fd09ff0', 6, 'EDE2F0CC-2376-438A-B5FB-FACD867E38EF', 'de4ab174-9931-428e-ae13-3eaca7ef28ab', N'Nguyễn Đình Tạo');
INSERT INTO CovidChinhThuc.dbo.ChiTiet_NguoiCoCong (ID_ThongTin, NguoiTaoDL) VALUES ('e5b4de7a-a16e-4757-8791-23f21fd09ff0', N'Nguyễn Đình Tạo');
-- row: [527]);
INSERT INTO CovidChinhThuc.dbo.CaNhan (ID, HoTen, NgaySinh, CMND, SinhNam, DiaChi, IDPhuongXa, IDQuanHuyen, SoKhaiSinh, NguoiTaoDL) VALUES ('5adf4a1a-a9c0-4e1e-b4f5-216f95a6c580', N'Nguyễn Ngọc Lâm', '1933-01-01', '215081158', 1933, N'khối 1A', 91, 7, NULL, N'Nguyễn Đình Tạo');
INSERT INTO CovidChinhThuc.dbo.ThongTinHoTro (ID, IDNoiDung, IDDoiTuong, IDCaNhan, NguoiTaoDL) VALUES ('b0ba3df0-a03a-4847-b86a-feef3fb5be51', 6, 'EDE2F0CC-2376-438A-B5FB-FACD867E38EF', '5adf4a1a-a9c0-4e1e-b4f5-216f95a6c580', N'Nguyễn Đình Tạo');
INSERT INTO CovidChinhThuc.dbo.ChiTiet_NguoiCoCong (ID_ThongTin, NguoiTaoDL) VALUES ('b0ba3df0-a03a-4847-b86a-feef3fb5be51', N'Nguyễn Đình Tạo');
-- row: [528]);
INSERT INTO CovidChinhThuc.dbo.CaNhan (ID, HoTen, NgaySinh, CMND, SinhNam, DiaChi, IDPhuongXa, IDQuanHuyen, SoKhaiSinh, NguoiTaoDL) VALUES ('0688bb09-9022-429d-90f1-9f47b8d897ca', N'Nguyễn Ngọc Vinh', '1948-01-01', '210768759', 1948, N'Khối 4', 91, 7, NULL, N'Nguyễn Đình Tạo');
INSERT INTO CovidChinhThuc.dbo.ThongTinHoTro (ID, IDNoiDung, IDDoiTuong, IDCaNhan, NguoiTaoDL) VALUES ('ef115ae6-98d6-4fe3-bd67-04f5f57d7f9b', 6, '78AC3F79-5C50-4ACB-B626-E51ED3D4E8E5', '0688bb09-9022-429d-90f1-9f47b8d897ca', N'Nguyễn Đình Tạo');
INSERT INTO CovidChinhThuc.dbo.ChiTiet_NguoiCoCong (ID_ThongTin, NguoiTaoDL) VALUES ('ef115ae6-98d6-4fe3-bd67-04f5f57d7f9b', N'Nguyễn Đình Tạo');
-- row: [529]);
INSERT INTO CovidChinhThuc.dbo.CaNhan (ID, HoTen, NgaySinh, CMND, SinhNam, DiaChi, IDPhuongXa, IDQuanHuyen, SoKhaiSinh, NguoiTaoDL) VALUES ('395f7522-6664-4707-99ab-4504eab6a90f', N'Nguyễn Phấn', '1945-01-01', '210034342', 1945, N'Khối 2', 91, 7, NULL, N'Nguyễn Đình Tạo');
INSERT INTO CovidChinhThuc.dbo.ThongTinHoTro (ID, IDNoiDung, IDDoiTuong, IDCaNhan, NguoiTaoDL) VALUES ('103be80a-a4e1-41ae-b862-4ad76c4c34b2', 6, 'EDE2F0CC-2376-438A-B5FB-FACD867E38EF', '395f7522-6664-4707-99ab-4504eab6a90f', N'Nguyễn Đình Tạo');
INSERT INTO CovidChinhThuc.dbo.ChiTiet_NguoiCoCong (ID_ThongTin, NguoiTaoDL) VALUES ('103be80a-a4e1-41ae-b862-4ad76c4c34b2', N'Nguyễn Đình Tạo');
-- row: [530]);
INSERT INTO CovidChinhThuc.dbo.CaNhan (ID, HoTen, NgaySinh, CMND, SinhNam, DiaChi, IDPhuongXa, IDQuanHuyen, SoKhaiSinh, NguoiTaoDL) VALUES ('61498d23-f4a6-407f-8769-46416a3a1128', N'Nguyễn Phi Long', '1947-01-01', '215361832', 1947, N'Khối 2', 91, 7, NULL, N'Nguyễn Đình Tạo');
INSERT INTO CovidChinhThuc.dbo.ThongTinHoTro (ID, IDNoiDung, IDDoiTuong, IDCaNhan, NguoiTaoDL) VALUES ('0dc56c4c-b8ef-4a4c-93ab-2115431a453f', 6, 'EDE2F0CC-2376-438A-B5FB-FACD867E38EF', '61498d23-f4a6-407f-8769-46416a3a1128', N'Nguyễn Đình Tạo');
INSERT INTO CovidChinhThuc.dbo.ChiTiet_NguoiCoCong (ID_ThongTin, NguoiTaoDL) VALUES ('0dc56c4c-b8ef-4a4c-93ab-2115431a453f', N'Nguyễn Đình Tạo');
-- row: [531]);
INSERT INTO CovidChinhThuc.dbo.CaNhan (ID, HoTen, NgaySinh, CMND, SinhNam, DiaChi, IDPhuongXa, IDQuanHuyen, SoKhaiSinh, NguoiTaoDL) VALUES ('dd41fd27-afee-4d5b-99a8-91bffa1654a0', N'Nguyễn Phước Hoà', '1941-01-01', '211089098', 1941, N'Khối 3', 91, 7, NULL, N'Nguyễn Đình Tạo');
INSERT INTO CovidChinhThuc.dbo.ThongTinHoTro (ID, IDNoiDung, IDDoiTuong, IDCaNhan, NguoiTaoDL) VALUES ('700d967c-bc81-46bc-8daa-56979caacd2d', 6, 'EDE2F0CC-2376-438A-B5FB-FACD867E38EF', 'dd41fd27-afee-4d5b-99a8-91bffa1654a0', N'Nguyễn Đình Tạo');
INSERT INTO CovidChinhThuc.dbo.ChiTiet_NguoiCoCong (ID_ThongTin, NguoiTaoDL) VALUES ('700d967c-bc81-46bc-8daa-56979caacd2d', N'Nguyễn Đình Tạo');
-- row: [532]);
INSERT INTO CovidChinhThuc.dbo.CaNhan (ID, HoTen, NgaySinh, CMND, SinhNam, DiaChi, IDPhuongXa, IDQuanHuyen, SoKhaiSinh, NguoiTaoDL) VALUES ('f32ea7e6-15a4-4fef-aeb8-41ccb3c1c98a', N'Nguyễn Sa', '1947-01-01', '210912030', 1947, N'Hòa Lạc', 91, 7, NULL, N'Nguyễn Đình Tạo');
INSERT INTO CovidChinhThuc.dbo.ThongTinHoTro (ID, IDNoiDung, IDDoiTuong, IDCaNhan, NguoiTaoDL) VALUES ('7eb64331-1406-4725-94aa-77c2f0cbe180', 6, 'EDE2F0CC-2376-438A-B5FB-FACD867E38EF', 'f32ea7e6-15a4-4fef-aeb8-41ccb3c1c98a', N'Nguyễn Đình Tạo');
INSERT INTO CovidChinhThuc.dbo.ChiTiet_NguoiCoCong (ID_ThongTin, NguoiTaoDL) VALUES ('7eb64331-1406-4725-94aa-77c2f0cbe180', N'Nguyễn Đình Tạo');
-- row: [533]);
INSERT INTO CovidChinhThuc.dbo.CaNhan (ID, HoTen, NgaySinh, CMND, SinhNam, DiaChi, IDPhuongXa, IDQuanHuyen, SoKhaiSinh, NguoiTaoDL) VALUES ('e2796bdf-3d8b-49f6-88fa-042ad27aadb0', N'Nguyễn Tấn Mẫn', '1982-01-01', '211849979', 1982, N'khối 4', 91, 7, NULL, N'Nguyễn Đình Tạo');
INSERT INTO CovidChinhThuc.dbo.ThongTinHoTro (ID, IDNoiDung, IDDoiTuong, IDCaNhan, NguoiTaoDL) VALUES ('0a2ad462-a278-4d04-a907-6d8b844149a6', 6, 'E4E24DC6-98AE-4685-985D-47C0B48DD6FD', 'e2796bdf-3d8b-49f6-88fa-042ad27aadb0', N'Nguyễn Đình Tạo');
INSERT INTO CovidChinhThuc.dbo.ChiTiet_NguoiCoCong (ID_ThongTin, NguoiTaoDL) VALUES ('0a2ad462-a278-4d04-a907-6d8b844149a6', N'Nguyễn Đình Tạo');
-- row: [534]);
INSERT INTO CovidChinhThuc.dbo.CaNhan (ID, HoTen, NgaySinh, CMND, SinhNam, DiaChi, IDPhuongXa, IDQuanHuyen, SoKhaiSinh, NguoiTaoDL) VALUES ('a025d9a3-d4ea-4b27-8e11-93da3eb46792', N'Nguyễn Tấn Toàn', '1983-01-01', '215262013', 1983, N'Khối 3', 91, 7, NULL, N'Nguyễn Đình Tạo');
INSERT INTO CovidChinhThuc.dbo.ThongTinHoTro (ID, IDNoiDung, IDDoiTuong, IDCaNhan, NguoiTaoDL) VALUES ('cf6b36f8-2a3e-4327-8298-56926bd2f95e', 6, 'E4E24DC6-98AE-4685-985D-47C0B48DD6FD', 'a025d9a3-d4ea-4b27-8e11-93da3eb46792', N'Nguyễn Đình Tạo');
INSERT INTO CovidChinhThuc.dbo.ChiTiet_NguoiCoCong (ID_ThongTin, NguoiTaoDL) VALUES ('cf6b36f8-2a3e-4327-8298-56926bd2f95e', N'Nguyễn Đình Tạo');
-- row: [535]);
INSERT INTO CovidChinhThuc.dbo.CaNhan (ID, HoTen, NgaySinh, CMND, SinhNam, DiaChi, IDPhuongXa, IDQuanHuyen, SoKhaiSinh, NguoiTaoDL) VALUES ('4e9e1406-1551-4c30-881c-4eed62e39fb8', N'Nguyễn Thanh Bình', '1945-01-01', '210008739', 1945, N'Khối 3', 91, 7, NULL, N'Nguyễn Đình Tạo');
INSERT INTO CovidChinhThuc.dbo.ThongTinHoTro (ID, IDNoiDung, IDDoiTuong, IDCaNhan, NguoiTaoDL) VALUES ('73f7f713-7713-4f37-9ade-71247e7df911', 6, 'EDE2F0CC-2376-438A-B5FB-FACD867E38EF', '4e9e1406-1551-4c30-881c-4eed62e39fb8', N'Nguyễn Đình Tạo');
INSERT INTO CovidChinhThuc.dbo.ChiTiet_NguoiCoCong (ID_ThongTin, NguoiTaoDL) VALUES ('73f7f713-7713-4f37-9ade-71247e7df911', N'Nguyễn Đình Tạo');
-- row: [536]);
INSERT INTO CovidChinhThuc.dbo.CaNhan (ID, HoTen, NgaySinh, CMND, SinhNam, DiaChi, IDPhuongXa, IDQuanHuyen, SoKhaiSinh, NguoiTaoDL) VALUES ('399adfe1-8347-46c1-81da-256ba8a0812e', N'Nguyễn Thanh Phong', '1939-01-01', '210034279', 1939, N'Khối 5', 91, 7, NULL, N'Nguyễn Đình Tạo');
INSERT INTO CovidChinhThuc.dbo.ThongTinHoTro (ID, IDNoiDung, IDDoiTuong, IDCaNhan, NguoiTaoDL) VALUES ('4805051f-d891-425e-a023-f7b0203e5b66', 6, 'EDE2F0CC-2376-438A-B5FB-FACD867E38EF', '399adfe1-8347-46c1-81da-256ba8a0812e', N'Nguyễn Đình Tạo');
INSERT INTO CovidChinhThuc.dbo.ChiTiet_NguoiCoCong (ID_ThongTin, NguoiTaoDL) VALUES ('4805051f-d891-425e-a023-f7b0203e5b66', N'Nguyễn Đình Tạo');
-- row: [537]);
INSERT INTO CovidChinhThuc.dbo.CaNhan (ID, HoTen, NgaySinh, CMND, SinhNam, DiaChi, IDPhuongXa, IDQuanHuyen, SoKhaiSinh, NguoiTaoDL) VALUES ('96bee195-9a8a-40ac-8bee-8c4f04892540', N'Nguyễn Thị Ba', '1947-01-01', '210034856', 1947, N'Khối 3', 91, 7, NULL, N'Nguyễn Đình Tạo');
INSERT INTO CovidChinhThuc.dbo.ThongTinHoTro (ID, IDNoiDung, IDDoiTuong, IDCaNhan, NguoiTaoDL) VALUES ('1f5efb1f-5803-46cb-9e72-ed97b89b1bb6', 6, 'EDE2F0CC-2376-438A-B5FB-FACD867E38EF', '96bee195-9a8a-40ac-8bee-8c4f04892540', N'Nguyễn Đình Tạo');
INSERT INTO CovidChinhThuc.dbo.ChiTiet_NguoiCoCong (ID_ThongTin, NguoiTaoDL) VALUES ('1f5efb1f-5803-46cb-9e72-ed97b89b1bb6', N'Nguyễn Đình Tạo');
-- row: [538]);
INSERT INTO CovidChinhThuc.dbo.CaNhan (ID, HoTen, NgaySinh, CMND, SinhNam, DiaChi, IDPhuongXa, IDQuanHuyen, SoKhaiSinh, NguoiTaoDL) VALUES ('f0d4c0ae-9713-4b48-b1f4-28a5caafc735', N'Nguyễn Thị Bích Liên', '1956-01-01', '210878154', 1956, N'Khối 1', 91, 7, NULL, N'Nguyễn Đình Tạo');
INSERT INTO CovidChinhThuc.dbo.ThongTinHoTro (ID, IDNoiDung, IDDoiTuong, IDCaNhan, NguoiTaoDL) VALUES ('7b7be3a4-96db-4205-afc3-085b01c6f801', 6, 'EDE2F0CC-2376-438A-B5FB-FACD867E38EF', 'f0d4c0ae-9713-4b48-b1f4-28a5caafc735', N'Nguyễn Đình Tạo');
INSERT INTO CovidChinhThuc.dbo.ChiTiet_NguoiCoCong (ID_ThongTin, NguoiTaoDL) VALUES ('7b7be3a4-96db-4205-afc3-085b01c6f801', N'Nguyễn Đình Tạo');
-- row: [539]);
INSERT INTO CovidChinhThuc.dbo.CaNhan (ID, HoTen, NgaySinh, CMND, SinhNam, DiaChi, IDPhuongXa, IDQuanHuyen, SoKhaiSinh, NguoiTaoDL) VALUES ('e822c63c-8e5e-47c8-ac3e-f8c6e4920f03', N'Nguyễn Thị Bích Liên', '1954-06-01', '211026641', 1954, N'Khối 3', 91, 7, NULL, N'Nguyễn Đình Tạo');
INSERT INTO CovidChinhThuc.dbo.ThongTinHoTro (ID, IDNoiDung, IDDoiTuong, IDCaNhan, NguoiTaoDL) VALUES ('59d5739a-18e4-4f74-a590-aae1047dc4b6', 6, 'EDE2F0CC-2376-438A-B5FB-FACD867E38EF', 'e822c63c-8e5e-47c8-ac3e-f8c6e4920f03', N'Nguyễn Đình Tạo');
INSERT INTO CovidChinhThuc.dbo.ChiTiet_NguoiCoCong (ID_ThongTin, NguoiTaoDL) VALUES ('59d5739a-18e4-4f74-a590-aae1047dc4b6', N'Nguyễn Đình Tạo');
-- row: [540]);
INSERT INTO CovidChinhThuc.dbo.CaNhan (ID, HoTen, NgaySinh, CMND, SinhNam, DiaChi, IDPhuongXa, IDQuanHuyen, SoKhaiSinh, NguoiTaoDL) VALUES ('c0bcdab6-eb99-4274-b4c8-0189811a0a73', N'Nguyễn Thị Bông', '1956-01-01', '210034904', 1956, N'Khối 2', 91, 7, NULL, N'Nguyễn Đình Tạo');
INSERT INTO CovidChinhThuc.dbo.ThongTinHoTro (ID, IDNoiDung, IDDoiTuong, IDCaNhan, NguoiTaoDL) VALUES ('c67627c5-5fe9-4cf1-9f3c-7b21287e9f05', 6, 'EDE2F0CC-2376-438A-B5FB-FACD867E38EF', 'c0bcdab6-eb99-4274-b4c8-0189811a0a73', N'Nguyễn Đình Tạo');
INSERT INTO CovidChinhThuc.dbo.ChiTiet_NguoiCoCong (ID_ThongTin, NguoiTaoDL) VALUES ('c67627c5-5fe9-4cf1-9f3c-7b21287e9f05', N'Nguyễn Đình Tạo');
-- row: [541]);
INSERT INTO CovidChinhThuc.dbo.CaNhan (ID, HoTen, NgaySinh, CMND, SinhNam, DiaChi, IDPhuongXa, IDQuanHuyen, SoKhaiSinh, NguoiTaoDL) VALUES ('478cef4b-1577-4a70-8bb9-56a80c060c81', N'Nguyễn Thị Cát', '1945-01-01', '210846067', 1945, N'Khối 3', 91, 7, NULL, N'Nguyễn Đình Tạo');
INSERT INTO CovidChinhThuc.dbo.ThongTinHoTro (ID, IDNoiDung, IDDoiTuong, IDCaNhan, NguoiTaoDL) VALUES ('82c69761-dcc9-4776-8380-296f65a5958e', 6, 'EDE2F0CC-2376-438A-B5FB-FACD867E38EF', '478cef4b-1577-4a70-8bb9-56a80c060c81', N'Nguyễn Đình Tạo');
INSERT INTO CovidChinhThuc.dbo.ChiTiet_NguoiCoCong (ID_ThongTin, NguoiTaoDL) VALUES ('82c69761-dcc9-4776-8380-296f65a5958e', N'Nguyễn Đình Tạo');
-- row: [542]);
INSERT INTO CovidChinhThuc.dbo.CaNhan (ID, HoTen, NgaySinh, CMND, SinhNam, DiaChi, IDPhuongXa, IDQuanHuyen, SoKhaiSinh, NguoiTaoDL) VALUES ('21e45291-fc52-4ac5-bc83-922f8448eb1b', N'Nguyễn Thị Châu', '1933-01-01', '210857694', 1933, N'Khối 3', 91, 7, NULL, N'Nguyễn Đình Tạo');
INSERT INTO CovidChinhThuc.dbo.ThongTinHoTro (ID, IDNoiDung, IDDoiTuong, IDCaNhan, NguoiTaoDL) VALUES ('48c71ef6-4bcb-4b24-b733-a234efc3f4f9', 6, '41B0E9CD-732C-4E19-AAEC-3DC041CB6144', '21e45291-fc52-4ac5-bc83-922f8448eb1b', N'Nguyễn Đình Tạo');
INSERT INTO CovidChinhThuc.dbo.ChiTiet_NguoiCoCong (ID_ThongTin, NguoiTaoDL) VALUES ('48c71ef6-4bcb-4b24-b733-a234efc3f4f9', N'Nguyễn Đình Tạo');
-- row: [543]);
INSERT INTO CovidChinhThuc.dbo.CaNhan (ID, HoTen, NgaySinh, CMND, SinhNam, DiaChi, IDPhuongXa, IDQuanHuyen, SoKhaiSinh, NguoiTaoDL) VALUES ('fd6bad3a-7449-4fc2-a2e6-23eb7c014d82', N'Nguyễn Thị Cúc', '1934-01-01', '210768481', 1934, N'Khối 4', 91, 7, NULL, N'Nguyễn Đình Tạo');
INSERT INTO CovidChinhThuc.dbo.ThongTinHoTro (ID, IDNoiDung, IDDoiTuong, IDCaNhan, NguoiTaoDL) VALUES ('7b610162-e084-4850-8093-5ff5cc0b21f0', 6, '2DE801FE-8F9D-4CB2-A1C0-E61F4503CB74', 'fd6bad3a-7449-4fc2-a2e6-23eb7c014d82', N'Nguyễn Đình Tạo');
INSERT INTO CovidChinhThuc.dbo.ChiTiet_NguoiCoCong (ID_ThongTin, NguoiTaoDL) VALUES ('7b610162-e084-4850-8093-5ff5cc0b21f0', N'Nguyễn Đình Tạo');
-- row: [544]);
INSERT INTO CovidChinhThuc.dbo.CaNhan (ID, HoTen, NgaySinh, CMND, SinhNam, DiaChi, IDPhuongXa, IDQuanHuyen, SoKhaiSinh, NguoiTaoDL) VALUES ('b4d4ce27-b205-4ade-91a5-c818d0aa54f7', N'Nguyễn Thị Cúc', '1946-01-01', '210034472', 1946, N'Khối 2', 91, 7, NULL, N'Nguyễn Đình Tạo');
INSERT INTO CovidChinhThuc.dbo.ThongTinHoTro (ID, IDNoiDung, IDDoiTuong, IDCaNhan, NguoiTaoDL) VALUES ('2444606f-3e25-4faa-8d0d-25d583bddeec', 6, 'EDE2F0CC-2376-438A-B5FB-FACD867E38EF', 'b4d4ce27-b205-4ade-91a5-c818d0aa54f7', N'Nguyễn Đình Tạo');
INSERT INTO CovidChinhThuc.dbo.ChiTiet_NguoiCoCong (ID_ThongTin, NguoiTaoDL) VALUES ('2444606f-3e25-4faa-8d0d-25d583bddeec', N'Nguyễn Đình Tạo');
-- row: [545]);
INSERT INTO CovidChinhThuc.dbo.CaNhan (ID, HoTen, NgaySinh, CMND, SinhNam, DiaChi, IDPhuongXa, IDQuanHuyen, SoKhaiSinh, NguoiTaoDL) VALUES ('12dd1717-f330-4b8e-945f-4f81ac0c3fa1', N'Nguyễn Thị Dân', '1958-01-01', '210926257', 1958, N'Khối 3', 91, 7, NULL, N'Nguyễn Đình Tạo');
INSERT INTO CovidChinhThuc.dbo.ThongTinHoTro (ID, IDNoiDung, IDDoiTuong, IDCaNhan, NguoiTaoDL) VALUES ('aec9937b-1416-4467-b40d-6f54955fcc8a', 6, 'EDE2F0CC-2376-438A-B5FB-FACD867E38EF', '12dd1717-f330-4b8e-945f-4f81ac0c3fa1', N'Nguyễn Đình Tạo');
INSERT INTO CovidChinhThuc.dbo.ChiTiet_NguoiCoCong (ID_ThongTin, NguoiTaoDL) VALUES ('aec9937b-1416-4467-b40d-6f54955fcc8a', N'Nguyễn Đình Tạo');
-- row: [546]);
INSERT INTO CovidChinhThuc.dbo.CaNhan (ID, HoTen, NgaySinh, CMND, SinhNam, DiaChi, IDPhuongXa, IDQuanHuyen, SoKhaiSinh, NguoiTaoDL) VALUES ('d3b5ca24-bc25-475f-be6c-4439b8e11c9b', N'Nguyễn Thị Đào', '1954-01-01', '210927171', 1954, N'Khối 2', 91, 7, NULL, N'Nguyễn Đình Tạo');
INSERT INTO CovidChinhThuc.dbo.ThongTinHoTro (ID, IDNoiDung, IDDoiTuong, IDCaNhan, NguoiTaoDL) VALUES ('babada7b-316d-4285-95cd-bb87033555af', 6, 'EDE2F0CC-2376-438A-B5FB-FACD867E38EF', 'd3b5ca24-bc25-475f-be6c-4439b8e11c9b', N'Nguyễn Đình Tạo');
INSERT INTO CovidChinhThuc.dbo.ChiTiet_NguoiCoCong (ID_ThongTin, NguoiTaoDL) VALUES ('babada7b-316d-4285-95cd-bb87033555af', N'Nguyễn Đình Tạo');
-- row: [547]);
INSERT INTO CovidChinhThuc.dbo.CaNhan (ID, HoTen, NgaySinh, CMND, SinhNam, DiaChi, IDPhuongXa, IDQuanHuyen, SoKhaiSinh, NguoiTaoDL) VALUES ('67969d45-f4e2-4418-aa0d-d4e1a91e8c46', N'Nguyễn Thị Đấu', '1957-01-01', '210917125', 1957, N'Phú Xuân', 91, 7, NULL, N'Nguyễn Đình Tạo');
INSERT INTO CovidChinhThuc.dbo.ThongTinHoTro (ID, IDNoiDung, IDDoiTuong, IDCaNhan, NguoiTaoDL) VALUES ('90847077-77e6-43e2-8161-4526bf4551af', 6, '3A65F299-2EFA-4982-BF70-81D7B5024935', '67969d45-f4e2-4418-aa0d-d4e1a91e8c46', N'Nguyễn Đình Tạo');
INSERT INTO CovidChinhThuc.dbo.ChiTiet_NguoiCoCong (ID_ThongTin, NguoiTaoDL) VALUES ('90847077-77e6-43e2-8161-4526bf4551af', N'Nguyễn Đình Tạo');
-- row: [548]);
INSERT INTO CovidChinhThuc.dbo.CaNhan (ID, HoTen, NgaySinh, CMND, SinhNam, DiaChi, IDPhuongXa, IDQuanHuyen, SoKhaiSinh, NguoiTaoDL) VALUES ('e7fac257-adad-4c04-8b01-bfc354436a3f', N'Nguyễn Thị Dày', '1935-01-01', '210912188', 1935, N'Hòa Lạc', 91, 7, NULL, N'Nguyễn Đình Tạo');
INSERT INTO CovidChinhThuc.dbo.ThongTinHoTro (ID, IDNoiDung, IDDoiTuong, IDCaNhan, NguoiTaoDL) VALUES ('ae5f47c7-428e-4eac-b1ee-2f8b650c4967', 6, NULL, 'e7fac257-adad-4c04-8b01-bfc354436a3f', N'Nguyễn Đình Tạo');
INSERT INTO CovidChinhThuc.dbo.ChiTiet_NguoiCoCong (ID_ThongTin, NguoiTaoDL) VALUES ('ae5f47c7-428e-4eac-b1ee-2f8b650c4967', N'Nguyễn Đình Tạo');
-- row: [549]);
INSERT INTO CovidChinhThuc.dbo.CaNhan (ID, HoTen, NgaySinh, CMND, SinhNam, DiaChi, IDPhuongXa, IDQuanHuyen, SoKhaiSinh, NguoiTaoDL) VALUES ('19ea49fa-a791-432c-877b-f6d1a250374e', N'Nguyễn Thị Gặp', '1951-01-01', '210927352', 1951, N'Khối 3', 91, 7, NULL, N'Nguyễn Đình Tạo');
INSERT INTO CovidChinhThuc.dbo.ThongTinHoTro (ID, IDNoiDung, IDDoiTuong, IDCaNhan, NguoiTaoDL) VALUES ('09b621fe-b5d2-4051-8de8-199f99842905', 6, 'EDE2F0CC-2376-438A-B5FB-FACD867E38EF', '19ea49fa-a791-432c-877b-f6d1a250374e', N'Nguyễn Đình Tạo');
INSERT INTO CovidChinhThuc.dbo.ChiTiet_NguoiCoCong (ID_ThongTin, NguoiTaoDL) VALUES ('09b621fe-b5d2-4051-8de8-199f99842905', N'Nguyễn Đình Tạo');
-- row: [550]);
INSERT INTO CovidChinhThuc.dbo.CaNhan (ID, HoTen, NgaySinh, CMND, SinhNam, DiaChi, IDPhuongXa, IDQuanHuyen, SoKhaiSinh, NguoiTaoDL) VALUES ('74618c6f-840f-4a12-87a5-fbb323b126f9', N'Nguyễn Thị Hà', '1956-01-01', '210933787', 1956, N'Hòa Lạc', 91, 7, NULL, N'Nguyễn Đình Tạo');
INSERT INTO CovidChinhThuc.dbo.ThongTinHoTro (ID, IDNoiDung, IDDoiTuong, IDCaNhan, NguoiTaoDL) VALUES ('f95cd644-8691-4c1a-9769-184292ab617d', 6, 'EDE2F0CC-2376-438A-B5FB-FACD867E38EF', '74618c6f-840f-4a12-87a5-fbb323b126f9', N'Nguyễn Đình Tạo');
INSERT INTO CovidChinhThuc.dbo.ChiTiet_NguoiCoCong (ID_ThongTin, NguoiTaoDL) VALUES ('f95cd644-8691-4c1a-9769-184292ab617d', N'Nguyễn Đình Tạo');
-- row: [551]);
INSERT INTO CovidChinhThuc.dbo.CaNhan (ID, HoTen, NgaySinh, CMND, SinhNam, DiaChi, IDPhuongXa, IDQuanHuyen, SoKhaiSinh, NguoiTaoDL) VALUES ('565a3cbf-4410-452f-8a36-597319e6ba0c', N'Nguyễn Thị Hoa', '1954-01-01', '210844547', 1954, N'Phú Văn', 91, 7, NULL, N'Nguyễn Đình Tạo');
INSERT INTO CovidChinhThuc.dbo.ThongTinHoTro (ID, IDNoiDung, IDDoiTuong, IDCaNhan, NguoiTaoDL) VALUES ('4bacb85d-2894-4162-94a9-c0e8444d80f5', 6, 'EDE2F0CC-2376-438A-B5FB-FACD867E38EF', '565a3cbf-4410-452f-8a36-597319e6ba0c', N'Nguyễn Đình Tạo');
INSERT INTO CovidChinhThuc.dbo.ChiTiet_NguoiCoCong (ID_ThongTin, NguoiTaoDL) VALUES ('4bacb85d-2894-4162-94a9-c0e8444d80f5', N'Nguyễn Đình Tạo');
-- row: [552]);
INSERT INTO CovidChinhThuc.dbo.CaNhan (ID, HoTen, NgaySinh, CMND, SinhNam, DiaChi, IDPhuongXa, IDQuanHuyen, SoKhaiSinh, NguoiTaoDL) VALUES ('41b73624-f32f-4dc9-9dca-191727bce887', N'Nguyễn Thị Kim Châu', '1953-01-01', '210768771', 1953, N'Khối 5', 91, 7, NULL, N'Nguyễn Đình Tạo');
INSERT INTO CovidChinhThuc.dbo.ThongTinHoTro (ID, IDNoiDung, IDDoiTuong, IDCaNhan, NguoiTaoDL) VALUES ('3cec524d-802f-40cd-b70d-b05ea558c7ff', 6, 'EDE2F0CC-2376-438A-B5FB-FACD867E38EF', '41b73624-f32f-4dc9-9dca-191727bce887', N'Nguyễn Đình Tạo');
INSERT INTO CovidChinhThuc.dbo.ChiTiet_NguoiCoCong (ID_ThongTin, NguoiTaoDL) VALUES ('3cec524d-802f-40cd-b70d-b05ea558c7ff', N'Nguyễn Đình Tạo');
-- row: [553]);
INSERT INTO CovidChinhThuc.dbo.CaNhan (ID, HoTen, NgaySinh, CMND, SinhNam, DiaChi, IDPhuongXa, IDQuanHuyen, SoKhaiSinh, NguoiTaoDL) VALUES ('f99f3ed0-df48-427a-aeda-8bf36ba67fde', N'Nguyễn Thị Kim Liên', '1948-01-01', '210034311', 1948, N'Khối 2', 91, 7, NULL, N'Nguyễn Đình Tạo');
INSERT INTO CovidChinhThuc.dbo.ThongTinHoTro (ID, IDNoiDung, IDDoiTuong, IDCaNhan, NguoiTaoDL) VALUES ('b681e342-e3d1-416f-9958-2aae8f8c1fa1', 6, 'EDE2F0CC-2376-438A-B5FB-FACD867E38EF', 'f99f3ed0-df48-427a-aeda-8bf36ba67fde', N'Nguyễn Đình Tạo');
INSERT INTO CovidChinhThuc.dbo.ChiTiet_NguoiCoCong (ID_ThongTin, NguoiTaoDL) VALUES ('b681e342-e3d1-416f-9958-2aae8f8c1fa1', N'Nguyễn Đình Tạo');
-- row: [554]);
INSERT INTO CovidChinhThuc.dbo.CaNhan (ID, HoTen, NgaySinh, CMND, SinhNam, DiaChi, IDPhuongXa, IDQuanHuyen, SoKhaiSinh, NguoiTaoDL) VALUES ('57b56508-d6c7-4ed7-97d4-ba8afbb523d4', N'Nguyễn Thị Kim Tiến', '1950-01-01', '210927192', 1950, N'Khối 3', 91, 7, NULL, N'Nguyễn Đình Tạo');
INSERT INTO CovidChinhThuc.dbo.ThongTinHoTro (ID, IDNoiDung, IDDoiTuong, IDCaNhan, NguoiTaoDL) VALUES ('0bf505d4-64ce-4a53-8833-87144beca22d', 6, 'EDE2F0CC-2376-438A-B5FB-FACD867E38EF', '57b56508-d6c7-4ed7-97d4-ba8afbb523d4', N'Nguyễn Đình Tạo');
INSERT INTO CovidChinhThuc.dbo.ChiTiet_NguoiCoCong (ID_ThongTin, NguoiTaoDL) VALUES ('0bf505d4-64ce-4a53-8833-87144beca22d', N'Nguyễn Đình Tạo');
-- row: [555]);
INSERT INTO CovidChinhThuc.dbo.CaNhan (ID, HoTen, NgaySinh, CMND, SinhNam, DiaChi, IDPhuongXa, IDQuanHuyen, SoKhaiSinh, NguoiTaoDL) VALUES ('bfd5bf47-f17d-4f34-b08c-e18eab7b2f1f', N'Nguyễn Thị Lan', '1949-01-01', '210037539', 1949, N'Khối 2', 91, 7, NULL, N'Nguyễn Đình Tạo');
INSERT INTO CovidChinhThuc.dbo.ThongTinHoTro (ID, IDNoiDung, IDDoiTuong, IDCaNhan, NguoiTaoDL) VALUES ('8edc7627-53f3-4d95-a1d9-cd4e6cb81400', 6, 'EDE2F0CC-2376-438A-B5FB-FACD867E38EF', 'bfd5bf47-f17d-4f34-b08c-e18eab7b2f1f', N'Nguyễn Đình Tạo');
INSERT INTO CovidChinhThuc.dbo.ChiTiet_NguoiCoCong (ID_ThongTin, NguoiTaoDL) VALUES ('8edc7627-53f3-4d95-a1d9-cd4e6cb81400', N'Nguyễn Đình Tạo');
-- row: [556]);
INSERT INTO CovidChinhThuc.dbo.CaNhan (ID, HoTen, NgaySinh, CMND, SinhNam, DiaChi, IDPhuongXa, IDQuanHuyen, SoKhaiSinh, NguoiTaoDL) VALUES ('fd282679-8579-4d91-80bf-682cfd76d694', N'Nguyễn Thị Láng', '1929-01-01', '250969572', 1929, N'Hòa Lạc', 91, 7, NULL, N'Nguyễn Đình Tạo');
INSERT INTO CovidChinhThuc.dbo.ThongTinHoTro (ID, IDNoiDung, IDDoiTuong, IDCaNhan, NguoiTaoDL) VALUES ('4d6529ac-a8d4-4904-a77b-40e109b94972', 6, '41B0E9CD-732C-4E19-AAEC-3DC041CB6144', 'fd282679-8579-4d91-80bf-682cfd76d694', N'Nguyễn Đình Tạo');
INSERT INTO CovidChinhThuc.dbo.ChiTiet_NguoiCoCong (ID_ThongTin, NguoiTaoDL) VALUES ('4d6529ac-a8d4-4904-a77b-40e109b94972', N'Nguyễn Đình Tạo');
-- row: [557]);
INSERT INTO CovidChinhThuc.dbo.CaNhan (ID, HoTen, NgaySinh, CMND, SinhNam, DiaChi, IDPhuongXa, IDQuanHuyen, SoKhaiSinh, NguoiTaoDL) VALUES ('0ee677c5-b1b1-49f5-9192-723b17163fa9', N'Nguyễn Thị Liệp', '1920-01-01', '210868216', 1920, N'Khối 1A', 91, 7, NULL, N'Nguyễn Đình Tạo');
INSERT INTO CovidChinhThuc.dbo.ThongTinHoTro (ID, IDNoiDung, IDDoiTuong, IDCaNhan, NguoiTaoDL) VALUES ('7c84545c-5362-4c83-a553-1cb359e0d4e0', 6, '3A65F299-2EFA-4982-BF70-81D7B5024935', '0ee677c5-b1b1-49f5-9192-723b17163fa9', N'Nguyễn Đình Tạo');
INSERT INTO CovidChinhThuc.dbo.ChiTiet_NguoiCoCong (ID_ThongTin, NguoiTaoDL) VALUES ('7c84545c-5362-4c83-a553-1cb359e0d4e0', N'Nguyễn Đình Tạo');
-- row: [558]);
INSERT INTO CovidChinhThuc.dbo.CaNhan (ID, HoTen, NgaySinh, CMND, SinhNam, DiaChi, IDPhuongXa, IDQuanHuyen, SoKhaiSinh, NguoiTaoDL) VALUES ('1a76dd8c-7c48-4d75-b7c2-2876f611f558', N'Nguyễn Thị Minh', '1956-01-01', '210339768', 1956, N'Khối 3', 91, 7, NULL, N'Nguyễn Đình Tạo');
INSERT INTO CovidChinhThuc.dbo.ThongTinHoTro (ID, IDNoiDung, IDDoiTuong, IDCaNhan, NguoiTaoDL) VALUES ('3c86db8c-c8bd-42cc-a927-54d2901d140a', 6, 'EDE2F0CC-2376-438A-B5FB-FACD867E38EF', '1a76dd8c-7c48-4d75-b7c2-2876f611f558', N'Nguyễn Đình Tạo');
INSERT INTO CovidChinhThuc.dbo.ChiTiet_NguoiCoCong (ID_ThongTin, NguoiTaoDL) VALUES ('3c86db8c-c8bd-42cc-a927-54d2901d140a', N'Nguyễn Đình Tạo');
-- row: [559]);
INSERT INTO CovidChinhThuc.dbo.CaNhan (ID, HoTen, NgaySinh, CMND, SinhNam, DiaChi, IDPhuongXa, IDQuanHuyen, SoKhaiSinh, NguoiTaoDL) VALUES ('4436f926-b8dd-4386-a4f1-5dc02a004b4f', N'Nguyễn Thị Mùi', '1954-01-01', '210034185', 1954, N'Khối 3', 91, 7, NULL, N'Nguyễn Đình Tạo');
INSERT INTO CovidChinhThuc.dbo.ThongTinHoTro (ID, IDNoiDung, IDDoiTuong, IDCaNhan, NguoiTaoDL) VALUES ('f7323341-e84c-4176-8f2e-4adb68539189', 6, 'EDE2F0CC-2376-438A-B5FB-FACD867E38EF', '4436f926-b8dd-4386-a4f1-5dc02a004b4f', N'Nguyễn Đình Tạo');
INSERT INTO CovidChinhThuc.dbo.ChiTiet_NguoiCoCong (ID_ThongTin, NguoiTaoDL) VALUES ('f7323341-e84c-4176-8f2e-4adb68539189', N'Nguyễn Đình Tạo');
-- row: [560]);
INSERT INTO CovidChinhThuc.dbo.CaNhan (ID, HoTen, NgaySinh, CMND, SinhNam, DiaChi, IDPhuongXa, IDQuanHuyen, SoKhaiSinh, NguoiTaoDL) VALUES ('8794ad5c-1d94-4bc3-8d1e-094d7d896ea3', N'Nguyễn Thị Năm', '1921-01-01', '210807816', 1921, N'Khối 5', 91, 7, NULL, N'Nguyễn Đình Tạo');
INSERT INTO CovidChinhThuc.dbo.ThongTinHoTro (ID, IDNoiDung, IDDoiTuong, IDCaNhan, NguoiTaoDL) VALUES ('fb768601-7c36-48b2-913b-32663e92f985', 6, '3A65F299-2EFA-4982-BF70-81D7B5024935', '8794ad5c-1d94-4bc3-8d1e-094d7d896ea3', N'Nguyễn Đình Tạo');
INSERT INTO CovidChinhThuc.dbo.ChiTiet_NguoiCoCong (ID_ThongTin, NguoiTaoDL) VALUES ('fb768601-7c36-48b2-913b-32663e92f985', N'Nguyễn Đình Tạo');
-- row: [561]);
INSERT INTO CovidChinhThuc.dbo.CaNhan (ID, HoTen, NgaySinh, CMND, SinhNam, DiaChi, IDPhuongXa, IDQuanHuyen, SoKhaiSinh, NguoiTaoDL) VALUES ('e78a0ada-23da-46ab-b5a5-aee2d9854c49', N'Nguyễn Thị Ngọc Sương', '1950-01-01', '210034366', 1950, N'Khối 3', 91, 7, NULL, N'Nguyễn Đình Tạo');
INSERT INTO CovidChinhThuc.dbo.ThongTinHoTro (ID, IDNoiDung, IDDoiTuong, IDCaNhan, NguoiTaoDL) VALUES ('074057c4-07a3-4c59-9d0e-c33505fbe1e3', 6, NULL, 'e78a0ada-23da-46ab-b5a5-aee2d9854c49', N'Nguyễn Đình Tạo');
INSERT INTO CovidChinhThuc.dbo.ChiTiet_NguoiCoCong (ID_ThongTin, NguoiTaoDL) VALUES ('074057c4-07a3-4c59-9d0e-c33505fbe1e3', N'Nguyễn Đình Tạo');
-- row: [562]);
INSERT INTO CovidChinhThuc.dbo.CaNhan (ID, HoTen, NgaySinh, CMND, SinhNam, DiaChi, IDPhuongXa, IDQuanHuyen, SoKhaiSinh, NguoiTaoDL) VALUES ('363b4b5f-c244-40f9-b027-acb1a362c502', N'Nguyễn Thị Ngọc Thu', '1938-01-01', '210927798', 1938, N'Khối 4', 91, 7, NULL, N'Nguyễn Đình Tạo');
INSERT INTO CovidChinhThuc.dbo.ThongTinHoTro (ID, IDNoiDung, IDDoiTuong, IDCaNhan, NguoiTaoDL) VALUES ('bf3d8e78-df6a-4f9e-af1e-51f2c1b6dfb4', 6, '17FAD857-895C-48FB-88C0-B4B95B567C34', '363b4b5f-c244-40f9-b027-acb1a362c502', N'Nguyễn Đình Tạo');
INSERT INTO CovidChinhThuc.dbo.ChiTiet_NguoiCoCong (ID_ThongTin, NguoiTaoDL) VALUES ('bf3d8e78-df6a-4f9e-af1e-51f2c1b6dfb4', N'Nguyễn Đình Tạo');
-- row: [563]);
INSERT INTO CovidChinhThuc.dbo.CaNhan (ID, HoTen, NgaySinh, CMND, SinhNam, DiaChi, IDPhuongXa, IDQuanHuyen, SoKhaiSinh, NguoiTaoDL) VALUES ('ae06c594-2950-4c0d-995a-9ae6b559b9de', N'Nguyễn Thị Ngôn', '1947-01-01', '210037023', 1947, N'Khối3', 91, 7, NULL, N'Nguyễn Đình Tạo');
INSERT INTO CovidChinhThuc.dbo.ThongTinHoTro (ID, IDNoiDung, IDDoiTuong, IDCaNhan, NguoiTaoDL) VALUES ('5ddd7e82-4410-4aea-a5cf-464d39e70c13', 6, 'EDE2F0CC-2376-438A-B5FB-FACD867E38EF', 'ae06c594-2950-4c0d-995a-9ae6b559b9de', N'Nguyễn Đình Tạo');
INSERT INTO CovidChinhThuc.dbo.ChiTiet_NguoiCoCong (ID_ThongTin, NguoiTaoDL) VALUES ('5ddd7e82-4410-4aea-a5cf-464d39e70c13', N'Nguyễn Đình Tạo');
-- row: [564]);
INSERT INTO CovidChinhThuc.dbo.CaNhan (ID, HoTen, NgaySinh, CMND, SinhNam, DiaChi, IDPhuongXa, IDQuanHuyen, SoKhaiSinh, NguoiTaoDL) VALUES ('655a065e-a6eb-4690-a46b-d1f6301b64e3', N'Nguyễn Thị Phụng', '1952-01-01', '210034129', 1952, N'Khối 3', 91, 7, NULL, N'Nguyễn Đình Tạo');
INSERT INTO CovidChinhThuc.dbo.ThongTinHoTro (ID, IDNoiDung, IDDoiTuong, IDCaNhan, NguoiTaoDL) VALUES ('6bcb064a-a5c1-42ef-b9b7-e49d3fc066e8', 6, 'EDE2F0CC-2376-438A-B5FB-FACD867E38EF', '655a065e-a6eb-4690-a46b-d1f6301b64e3', N'Nguyễn Đình Tạo');
INSERT INTO CovidChinhThuc.dbo.ChiTiet_NguoiCoCong (ID_ThongTin, NguoiTaoDL) VALUES ('6bcb064a-a5c1-42ef-b9b7-e49d3fc066e8', N'Nguyễn Đình Tạo');
-- row: [565]);
INSERT INTO CovidChinhThuc.dbo.CaNhan (ID, HoTen, NgaySinh, CMND, SinhNam, DiaChi, IDPhuongXa, IDQuanHuyen, SoKhaiSinh, NguoiTaoDL) VALUES ('e08e9f2b-dc55-48ff-a95b-98244a8932dd', N'Nguyễn Thị Phương', '1950-01-01', '210034089', 1950, N'Khối 4', 91, 7, NULL, N'Nguyễn Đình Tạo');
INSERT INTO CovidChinhThuc.dbo.ThongTinHoTro (ID, IDNoiDung, IDDoiTuong, IDCaNhan, NguoiTaoDL) VALUES ('44358ff1-f111-42a9-b0b3-f64d579e46c7', 6, NULL, 'e08e9f2b-dc55-48ff-a95b-98244a8932dd', N'Nguyễn Đình Tạo');
INSERT INTO CovidChinhThuc.dbo.ChiTiet_NguoiCoCong (ID_ThongTin, NguoiTaoDL) VALUES ('44358ff1-f111-42a9-b0b3-f64d579e46c7', N'Nguyễn Đình Tạo');
-- row: [566]);
INSERT INTO CovidChinhThuc.dbo.CaNhan (ID, HoTen, NgaySinh, CMND, SinhNam, DiaChi, IDPhuongXa, IDQuanHuyen, SoKhaiSinh, NguoiTaoDL) VALUES ('22c291b8-ef3e-4039-ba89-22e3a9a40909', N'Nguyễn Thị Sáu', '1953-01-01', '210034817', 1953, N'Phú Xuân', 91, 7, NULL, N'Nguyễn Đình Tạo');
INSERT INTO CovidChinhThuc.dbo.ThongTinHoTro (ID, IDNoiDung, IDDoiTuong, IDCaNhan, NguoiTaoDL) VALUES ('64526454-2db2-4548-86b1-3c5736b57995', 6, NULL, '22c291b8-ef3e-4039-ba89-22e3a9a40909', N'Nguyễn Đình Tạo');
INSERT INTO CovidChinhThuc.dbo.ChiTiet_NguoiCoCong (ID_ThongTin, NguoiTaoDL) VALUES ('64526454-2db2-4548-86b1-3c5736b57995', N'Nguyễn Đình Tạo');
-- row: [567]);
INSERT INTO CovidChinhThuc.dbo.CaNhan (ID, HoTen, NgaySinh, CMND, SinhNam, DiaChi, IDPhuongXa, IDQuanHuyen, SoKhaiSinh, NguoiTaoDL) VALUES ('0876dd97-652a-4966-bba8-b51f7a01ce99', N'Nguyễn Thị Thắng', '1954-01-01', '210037939', 1954, N'Khối 4', 91, 7, NULL, N'Nguyễn Đình Tạo');
INSERT INTO CovidChinhThuc.dbo.ThongTinHoTro (ID, IDNoiDung, IDDoiTuong, IDCaNhan, NguoiTaoDL) VALUES ('b6951658-f9cf-4a49-acf9-36fdbe83ff4d', 6, 'EDE2F0CC-2376-438A-B5FB-FACD867E38EF', '0876dd97-652a-4966-bba8-b51f7a01ce99', N'Nguyễn Đình Tạo');
INSERT INTO CovidChinhThuc.dbo.ChiTiet_NguoiCoCong (ID_ThongTin, NguoiTaoDL) VALUES ('b6951658-f9cf-4a49-acf9-36fdbe83ff4d', N'Nguyễn Đình Tạo');
-- row: [568]);
INSERT INTO CovidChinhThuc.dbo.CaNhan (ID, HoTen, NgaySinh, CMND, SinhNam, DiaChi, IDPhuongXa, IDQuanHuyen, SoKhaiSinh, NguoiTaoDL) VALUES ('013abce5-f697-4c75-9958-99b3d425252a', N'Nguyễn Thị Thành', '1949-06-01', '210034591', 1949, N'Khối 2', 91, 7, NULL, N'Nguyễn Đình Tạo');
INSERT INTO CovidChinhThuc.dbo.ThongTinHoTro (ID, IDNoiDung, IDDoiTuong, IDCaNhan, NguoiTaoDL) VALUES ('d69726e9-e789-4d8f-aad2-129733c4e140', 6, 'EDE2F0CC-2376-438A-B5FB-FACD867E38EF', '013abce5-f697-4c75-9958-99b3d425252a', N'Nguyễn Đình Tạo');
INSERT INTO CovidChinhThuc.dbo.ChiTiet_NguoiCoCong (ID_ThongTin, NguoiTaoDL) VALUES ('d69726e9-e789-4d8f-aad2-129733c4e140', N'Nguyễn Đình Tạo');
-- row: [569]);
INSERT INTO CovidChinhThuc.dbo.CaNhan (ID, HoTen, NgaySinh, CMND, SinhNam, DiaChi, IDPhuongXa, IDQuanHuyen, SoKhaiSinh, NguoiTaoDL) VALUES ('46971775-c4d4-41b2-98cf-511b11204c9c', N'Nguyễn Thị Thanh Cẩn', '1956-01-01', '211562934', 1956, N'Khối 5', 91, 7, NULL, N'Nguyễn Đình Tạo');
INSERT INTO CovidChinhThuc.dbo.ThongTinHoTro (ID, IDNoiDung, IDDoiTuong, IDCaNhan, NguoiTaoDL) VALUES ('e92ab01a-76ba-498f-8fe5-cdcf0d6f3f15', 6, 'EDE2F0CC-2376-438A-B5FB-FACD867E38EF', '46971775-c4d4-41b2-98cf-511b11204c9c', N'Nguyễn Đình Tạo');
INSERT INTO CovidChinhThuc.dbo.ChiTiet_NguoiCoCong (ID_ThongTin, NguoiTaoDL) VALUES ('e92ab01a-76ba-498f-8fe5-cdcf0d6f3f15', N'Nguyễn Đình Tạo');
-- row: [570]);
INSERT INTO CovidChinhThuc.dbo.CaNhan (ID, HoTen, NgaySinh, CMND, SinhNam, DiaChi, IDPhuongXa, IDQuanHuyen, SoKhaiSinh, NguoiTaoDL) VALUES ('8ad95ab6-cf73-4813-bd4e-d3044e861b64', N'Nguyễn Thị Thanh Xuân', '1956-01-01', '210877311', 1956, N'Khối 3', 91, 7, NULL, N'Nguyễn Đình Tạo');
INSERT INTO CovidChinhThuc.dbo.ThongTinHoTro (ID, IDNoiDung, IDDoiTuong, IDCaNhan, NguoiTaoDL) VALUES ('419c7213-a277-4259-ad09-f5f8d6f0e90c', 6, 'EDE2F0CC-2376-438A-B5FB-FACD867E38EF', '8ad95ab6-cf73-4813-bd4e-d3044e861b64', N'Nguyễn Đình Tạo');
INSERT INTO CovidChinhThuc.dbo.ChiTiet_NguoiCoCong (ID_ThongTin, NguoiTaoDL) VALUES ('419c7213-a277-4259-ad09-f5f8d6f0e90c', N'Nguyễn Đình Tạo');
-- row: [571]);
INSERT INTO CovidChinhThuc.dbo.CaNhan (ID, HoTen, NgaySinh, CMND, SinhNam, DiaChi, IDPhuongXa, IDQuanHuyen, SoKhaiSinh, NguoiTaoDL) VALUES ('cf28950b-77cc-42f1-9733-6908db3c81b9', N'Nguyễn Thị Thiệt', '1935-01-01', '210840516', 1935, N'Phú Văn', 91, 7, NULL, N'Nguyễn Đình Tạo');
INSERT INTO CovidChinhThuc.dbo.ThongTinHoTro (ID, IDNoiDung, IDDoiTuong, IDCaNhan, NguoiTaoDL) VALUES ('690e52e8-6818-48b7-9ad6-2ae4410560ec', 6, '2DE801FE-8F9D-4CB2-A1C0-E61F4503CB74', 'cf28950b-77cc-42f1-9733-6908db3c81b9', N'Nguyễn Đình Tạo');
INSERT INTO CovidChinhThuc.dbo.ChiTiet_NguoiCoCong (ID_ThongTin, NguoiTaoDL) VALUES ('690e52e8-6818-48b7-9ad6-2ae4410560ec', N'Nguyễn Đình Tạo');
-- row: [572]);
INSERT INTO CovidChinhThuc.dbo.CaNhan (ID, HoTen, NgaySinh, CMND, SinhNam, DiaChi, IDPhuongXa, IDQuanHuyen, SoKhaiSinh, NguoiTaoDL) VALUES ('3bbc2422-e3f3-4de5-8cdd-8f4c58aa7f9a', N'Nguyễn Thị Thọ', '1948-01-01', '210768708', 1948, N'Khối 4', 91, 7, NULL, N'Nguyễn Đình Tạo');
INSERT INTO CovidChinhThuc.dbo.ThongTinHoTro (ID, IDNoiDung, IDDoiTuong, IDCaNhan, NguoiTaoDL) VALUES ('696c58bc-3095-4aa4-9003-0dcea7652302', 6, '78AC3F79-5C50-4ACB-B626-E51ED3D4E8E5', '3bbc2422-e3f3-4de5-8cdd-8f4c58aa7f9a', N'Nguyễn Đình Tạo');
INSERT INTO CovidChinhThuc.dbo.ChiTiet_NguoiCoCong (ID_ThongTin, NguoiTaoDL) VALUES ('696c58bc-3095-4aa4-9003-0dcea7652302', N'Nguyễn Đình Tạo');
-- row: [573]);
INSERT INTO CovidChinhThuc.dbo.CaNhan (ID, HoTen, NgaySinh, CMND, SinhNam, DiaChi, IDPhuongXa, IDQuanHuyen, SoKhaiSinh, NguoiTaoDL) VALUES ('bf67e4ca-0d34-4f5b-9c38-2b3de3269192', N'Nguyễn Thị Thời', '1951-01-01', '215927256', 1951, N'Khối 4', 91, 7, NULL, N'Nguyễn Đình Tạo');
INSERT INTO CovidChinhThuc.dbo.ThongTinHoTro (ID, IDNoiDung, IDDoiTuong, IDCaNhan, NguoiTaoDL) VALUES ('d941cf61-9d23-4f25-a8c7-2f3fc5c7f63c', 6, 'EDE2F0CC-2376-438A-B5FB-FACD867E38EF', 'bf67e4ca-0d34-4f5b-9c38-2b3de3269192', N'Nguyễn Đình Tạo');
INSERT INTO CovidChinhThuc.dbo.ChiTiet_NguoiCoCong (ID_ThongTin, NguoiTaoDL) VALUES ('d941cf61-9d23-4f25-a8c7-2f3fc5c7f63c', N'Nguyễn Đình Tạo');
-- row: [574]);
INSERT INTO CovidChinhThuc.dbo.CaNhan (ID, HoTen, NgaySinh, CMND, SinhNam, DiaChi, IDPhuongXa, IDQuanHuyen, SoKhaiSinh, NguoiTaoDL) VALUES ('2242d90d-3c08-4805-b976-4f970bea77a1', N'Nguyễn Thị Thừa', '1930-01-01', '210768132', 1930, N'Khối 4', 91, 7, NULL, N'Nguyễn Đình Tạo');
INSERT INTO CovidChinhThuc.dbo.ThongTinHoTro (ID, IDNoiDung, IDDoiTuong, IDCaNhan, NguoiTaoDL) VALUES ('9cb3a914-8293-4fe6-9b2f-a1301c0e4e1a', 6, '3A65F299-2EFA-4982-BF70-81D7B5024935', '2242d90d-3c08-4805-b976-4f970bea77a1', N'Nguyễn Đình Tạo');
INSERT INTO CovidChinhThuc.dbo.ChiTiet_NguoiCoCong (ID_ThongTin, NguoiTaoDL) VALUES ('9cb3a914-8293-4fe6-9b2f-a1301c0e4e1a', N'Nguyễn Đình Tạo');
-- row: [575]);
INSERT INTO CovidChinhThuc.dbo.CaNhan (ID, HoTen, NgaySinh, CMND, SinhNam, DiaChi, IDPhuongXa, IDQuanHuyen, SoKhaiSinh, NguoiTaoDL) VALUES ('e2224ef9-ab9f-485c-9f45-82e7ef04a1c2', N'Nguyễn Thị Tứ', '1956-01-01', '210981776', 1956, N'Khối 4', 91, 7, NULL, N'Nguyễn Đình Tạo');
INSERT INTO CovidChinhThuc.dbo.ThongTinHoTro (ID, IDNoiDung, IDDoiTuong, IDCaNhan, NguoiTaoDL) VALUES ('fe3782af-d755-49f1-bb8c-6a8c6237896a', 6, 'EDE2F0CC-2376-438A-B5FB-FACD867E38EF', 'e2224ef9-ab9f-485c-9f45-82e7ef04a1c2', N'Nguyễn Đình Tạo');
INSERT INTO CovidChinhThuc.dbo.ChiTiet_NguoiCoCong (ID_ThongTin, NguoiTaoDL) VALUES ('fe3782af-d755-49f1-bb8c-6a8c6237896a', N'Nguyễn Đình Tạo');
-- row: [576]);
INSERT INTO CovidChinhThuc.dbo.CaNhan (ID, HoTen, NgaySinh, CMND, SinhNam, DiaChi, IDPhuongXa, IDQuanHuyen, SoKhaiSinh, NguoiTaoDL) VALUES ('aecc0f6b-e323-47d0-98ee-46d50dd7c0c3', N'Nguyễn Thị Tự', '1943-01-01', '210933783', 1943, N'Khối 5', 91, 7, NULL, N'Nguyễn Đình Tạo');
INSERT INTO CovidChinhThuc.dbo.ThongTinHoTro (ID, IDNoiDung, IDDoiTuong, IDCaNhan, NguoiTaoDL) VALUES ('d45caa2f-583d-4cff-99d3-2dc3bf7d40e4', 6, 'EDE2F0CC-2376-438A-B5FB-FACD867E38EF', 'aecc0f6b-e323-47d0-98ee-46d50dd7c0c3', N'Nguyễn Đình Tạo');
INSERT INTO CovidChinhThuc.dbo.ChiTiet_NguoiCoCong (ID_ThongTin, NguoiTaoDL) VALUES ('d45caa2f-583d-4cff-99d3-2dc3bf7d40e4', N'Nguyễn Đình Tạo');
-- row: [577]);
INSERT INTO CovidChinhThuc.dbo.CaNhan (ID, HoTen, NgaySinh, CMND, SinhNam, DiaChi, IDPhuongXa, IDQuanHuyen, SoKhaiSinh, NguoiTaoDL) VALUES ('a6e7fe1e-4faf-4c38-94c6-8cbd87ad82ed', N'Nguyễn Thị Tuyết Mai', '1946-01-01', '210247553', 1946, N'Khối 3', 91, 7, NULL, N'Nguyễn Đình Tạo');
INSERT INTO CovidChinhThuc.dbo.ThongTinHoTro (ID, IDNoiDung, IDDoiTuong, IDCaNhan, NguoiTaoDL) VALUES ('59d18230-ac06-49d5-8368-a96707257021', 6, 'EDE2F0CC-2376-438A-B5FB-FACD867E38EF', 'a6e7fe1e-4faf-4c38-94c6-8cbd87ad82ed', N'Nguyễn Đình Tạo');
INSERT INTO CovidChinhThuc.dbo.ChiTiet_NguoiCoCong (ID_ThongTin, NguoiTaoDL) VALUES ('59d18230-ac06-49d5-8368-a96707257021', N'Nguyễn Đình Tạo');
-- row: [578]);
INSERT INTO CovidChinhThuc.dbo.CaNhan (ID, HoTen, NgaySinh, CMND, SinhNam, DiaChi, IDPhuongXa, IDQuanHuyen, SoKhaiSinh, NguoiTaoDL) VALUES ('d1fc4459-aa80-4436-b351-74032ab05ec3', N'Nguyễn Thị Út', '1948-01-01', '210034342', 1948, N'Khối 3', 91, 7, NULL, N'Nguyễn Đình Tạo');
INSERT INTO CovidChinhThuc.dbo.ThongTinHoTro (ID, IDNoiDung, IDDoiTuong, IDCaNhan, NguoiTaoDL) VALUES ('2911323b-7b06-4512-a193-78f2d6be5a1c', 6, 'EDE2F0CC-2376-438A-B5FB-FACD867E38EF', 'd1fc4459-aa80-4436-b351-74032ab05ec3', N'Nguyễn Đình Tạo');
INSERT INTO CovidChinhThuc.dbo.ChiTiet_NguoiCoCong (ID_ThongTin, NguoiTaoDL) VALUES ('2911323b-7b06-4512-a193-78f2d6be5a1c', N'Nguyễn Đình Tạo');
-- row: [579]);
INSERT INTO CovidChinhThuc.dbo.CaNhan (ID, HoTen, NgaySinh, CMND, SinhNam, DiaChi, IDPhuongXa, IDQuanHuyen, SoKhaiSinh, NguoiTaoDL) VALUES ('9b23e5a6-d69f-4f93-a825-7be8aed6c511', N'Nguyễn Thị Xạo', '1927-01-01', '210867777', 1927, N'Khối 1A', 91, 7, NULL, N'Nguyễn Đình Tạo');
INSERT INTO CovidChinhThuc.dbo.ThongTinHoTro (ID, IDNoiDung, IDDoiTuong, IDCaNhan, NguoiTaoDL) VALUES ('637a3946-0666-47c0-bddb-4dc3d5a45695', 6, '3A65F299-2EFA-4982-BF70-81D7B5024935', '9b23e5a6-d69f-4f93-a825-7be8aed6c511', N'Nguyễn Đình Tạo');
INSERT INTO CovidChinhThuc.dbo.ChiTiet_NguoiCoCong (ID_ThongTin, NguoiTaoDL) VALUES ('637a3946-0666-47c0-bddb-4dc3d5a45695', N'Nguyễn Đình Tạo');
-- row: [580]);
INSERT INTO CovidChinhThuc.dbo.CaNhan (ID, HoTen, NgaySinh, CMND, SinhNam, DiaChi, IDPhuongXa, IDQuanHuyen, SoKhaiSinh, NguoiTaoDL) VALUES ('460481cf-6adc-4c2f-8d68-d1092aa316ec', N'Nguyễn Thị Xuân', '1951-01-01', '210034831', 1951, N'Khối 3', 91, 7, NULL, N'Nguyễn Đình Tạo');
INSERT INTO CovidChinhThuc.dbo.ThongTinHoTro (ID, IDNoiDung, IDDoiTuong, IDCaNhan, NguoiTaoDL) VALUES ('c66c961e-ace5-4df5-b188-a4e09d700794', 6, NULL, '460481cf-6adc-4c2f-8d68-d1092aa316ec', N'Nguyễn Đình Tạo');
INSERT INTO CovidChinhThuc.dbo.ChiTiet_NguoiCoCong (ID_ThongTin, NguoiTaoDL) VALUES ('c66c961e-ace5-4df5-b188-a4e09d700794', N'Nguyễn Đình Tạo');
-- row: [581]);
INSERT INTO CovidChinhThuc.dbo.CaNhan (ID, HoTen, NgaySinh, CMND, SinhNam, DiaChi, IDPhuongXa, IDQuanHuyen, SoKhaiSinh, NguoiTaoDL) VALUES ('303c3f88-b6d1-48bc-8171-a585f5c0cefb', N'Nguyễn Thị Xuân', '1943-01-01', '210034562', 1943, N'Phú Văn', 91, 7, NULL, N'Nguyễn Đình Tạo');
INSERT INTO CovidChinhThuc.dbo.ThongTinHoTro (ID, IDNoiDung, IDDoiTuong, IDCaNhan, NguoiTaoDL) VALUES ('774e0528-40f2-49eb-bbbb-c35055fd056c', 6, 'EDE2F0CC-2376-438A-B5FB-FACD867E38EF', '303c3f88-b6d1-48bc-8171-a585f5c0cefb', N'Nguyễn Đình Tạo');
INSERT INTO CovidChinhThuc.dbo.ChiTiet_NguoiCoCong (ID_ThongTin, NguoiTaoDL) VALUES ('774e0528-40f2-49eb-bbbb-c35055fd056c', N'Nguyễn Đình Tạo');
-- row: [582]);
INSERT INTO CovidChinhThuc.dbo.CaNhan (ID, HoTen, NgaySinh, CMND, SinhNam, DiaChi, IDPhuongXa, IDQuanHuyen, SoKhaiSinh, NguoiTaoDL) VALUES ('771ad12d-57c0-4148-992a-e80f95983367', N'Nguyễn Thị Yến', '1935-01-01', '210867906', 1935, N'Khối 1A', 91, 7, NULL, N'Nguyễn Đình Tạo');
INSERT INTO CovidChinhThuc.dbo.ThongTinHoTro (ID, IDNoiDung, IDDoiTuong, IDCaNhan, NguoiTaoDL) VALUES ('0331925d-6905-4e52-be36-ca4162ae1da2', 6, '3A65F299-2EFA-4982-BF70-81D7B5024935', '771ad12d-57c0-4148-992a-e80f95983367', N'Nguyễn Đình Tạo');
INSERT INTO CovidChinhThuc.dbo.ChiTiet_NguoiCoCong (ID_ThongTin, NguoiTaoDL) VALUES ('0331925d-6905-4e52-be36-ca4162ae1da2', N'Nguyễn Đình Tạo');
-- row: [583]);
INSERT INTO CovidChinhThuc.dbo.CaNhan (ID, HoTen, NgaySinh, CMND, SinhNam, DiaChi, IDPhuongXa, IDQuanHuyen, SoKhaiSinh, NguoiTaoDL) VALUES ('1984af17-bec7-4161-ab88-783470b9349e', N'Nguyễn Trọng Hoà', '1965-01-01', '210026552', 1965, N'Khối 1A', 91, 7, NULL, N'Nguyễn Đình Tạo');
INSERT INTO CovidChinhThuc.dbo.ThongTinHoTro (ID, IDNoiDung, IDDoiTuong, IDCaNhan, NguoiTaoDL) VALUES ('bc83d49a-31cf-4a7d-a2c2-734a01cc49b3', 6, 'EDE2F0CC-2376-438A-B5FB-FACD867E38EF', '1984af17-bec7-4161-ab88-783470b9349e', N'Nguyễn Đình Tạo');
INSERT INTO CovidChinhThuc.dbo.ChiTiet_NguoiCoCong (ID_ThongTin, NguoiTaoDL) VALUES ('bc83d49a-31cf-4a7d-a2c2-734a01cc49b3', N'Nguyễn Đình Tạo');
-- row: [584]);
INSERT INTO CovidChinhThuc.dbo.CaNhan (ID, HoTen, NgaySinh, CMND, SinhNam, DiaChi, IDPhuongXa, IDQuanHuyen, SoKhaiSinh, NguoiTaoDL) VALUES ('05f690ea-f6e6-4273-8363-576e565160ef', N'Nguyễn Văn Bay', '1961-01-01', '210768216', 1961, N'Khối 4', 91, 7, NULL, N'Nguyễn Đình Tạo');
INSERT INTO CovidChinhThuc.dbo.ThongTinHoTro (ID, IDNoiDung, IDDoiTuong, IDCaNhan, NguoiTaoDL) VALUES ('c3a94bc9-c606-41d5-b154-f1fbff682121', 6, 'EDE2F0CC-2376-438A-B5FB-FACD867E38EF', '05f690ea-f6e6-4273-8363-576e565160ef', N'Nguyễn Đình Tạo');
INSERT INTO CovidChinhThuc.dbo.ChiTiet_NguoiCoCong (ID_ThongTin, NguoiTaoDL) VALUES ('c3a94bc9-c606-41d5-b154-f1fbff682121', N'Nguyễn Đình Tạo');
-- row: [585]);
INSERT INTO CovidChinhThuc.dbo.CaNhan (ID, HoTen, NgaySinh, CMND, SinhNam, DiaChi, IDPhuongXa, IDQuanHuyen, SoKhaiSinh, NguoiTaoDL) VALUES ('a8452612-2175-4b3d-b1d9-482fcab67b1d', N'Nguyễn Văn Bình', '1927-01-01', '210868089', 1927, N'Khối 1A', 91, 7, NULL, N'Nguyễn Đình Tạo');
INSERT INTO CovidChinhThuc.dbo.ThongTinHoTro (ID, IDNoiDung, IDDoiTuong, IDCaNhan, NguoiTaoDL) VALUES ('39b4c457-4d12-4b2c-afe3-3422ed7cd8ba', 6, 'EDE2F0CC-2376-438A-B5FB-FACD867E38EF', 'a8452612-2175-4b3d-b1d9-482fcab67b1d', N'Nguyễn Đình Tạo');
INSERT INTO CovidChinhThuc.dbo.ChiTiet_NguoiCoCong (ID_ThongTin, NguoiTaoDL) VALUES ('39b4c457-4d12-4b2c-afe3-3422ed7cd8ba', N'Nguyễn Đình Tạo');
-- row: [586]);
INSERT INTO CovidChinhThuc.dbo.CaNhan (ID, HoTen, NgaySinh, CMND, SinhNam, DiaChi, IDPhuongXa, IDQuanHuyen, SoKhaiSinh, NguoiTaoDL) VALUES ('c5086643-cf73-4a6d-9cf5-c3df769aa7e6', N'Nguyễn Văn Lý', '1949-01-01', '210034642', 1949, N'Khối 2', 91, 7, NULL, N'Nguyễn Đình Tạo');
INSERT INTO CovidChinhThuc.dbo.ThongTinHoTro (ID, IDNoiDung, IDDoiTuong, IDCaNhan, NguoiTaoDL) VALUES ('0ba0401d-3de3-40f7-9eeb-5ca8f42d5bba', 6, 'EDE2F0CC-2376-438A-B5FB-FACD867E38EF', 'c5086643-cf73-4a6d-9cf5-c3df769aa7e6', N'Nguyễn Đình Tạo');
INSERT INTO CovidChinhThuc.dbo.ChiTiet_NguoiCoCong (ID_ThongTin, NguoiTaoDL) VALUES ('0ba0401d-3de3-40f7-9eeb-5ca8f42d5bba', N'Nguyễn Đình Tạo');
-- row: [587]);
INSERT INTO CovidChinhThuc.dbo.CaNhan (ID, HoTen, NgaySinh, CMND, SinhNam, DiaChi, IDPhuongXa, IDQuanHuyen, SoKhaiSinh, NguoiTaoDL) VALUES ('714f22a0-a26e-4e2b-b569-c2e91725143f', N'Nguyễn Văn Thiên', '1954-01-01', '211034765', 1954, N'Khối 3', 91, 7, NULL, N'Nguyễn Đình Tạo');
INSERT INTO CovidChinhThuc.dbo.ThongTinHoTro (ID, IDNoiDung, IDDoiTuong, IDCaNhan, NguoiTaoDL) VALUES ('5562a4df-09e6-4efd-8d3c-b5afdf5bbacb', 6, 'EDE2F0CC-2376-438A-B5FB-FACD867E38EF', '714f22a0-a26e-4e2b-b569-c2e91725143f', N'Nguyễn Đình Tạo');
INSERT INTO CovidChinhThuc.dbo.ChiTiet_NguoiCoCong (ID_ThongTin, NguoiTaoDL) VALUES ('5562a4df-09e6-4efd-8d3c-b5afdf5bbacb', N'Nguyễn Đình Tạo');
-- row: [588]);
INSERT INTO CovidChinhThuc.dbo.CaNhan (ID, HoTen, NgaySinh, CMND, SinhNam, DiaChi, IDPhuongXa, IDQuanHuyen, SoKhaiSinh, NguoiTaoDL) VALUES ('c8281ce2-e8d8-42ef-b6b7-203ca404be5c', N'Nguyễn Văn Thống', '1957-01-01', '215072327', 1957, N'Thuận Nghĩa', 91, 7, NULL, N'Nguyễn Đình Tạo');
INSERT INTO CovidChinhThuc.dbo.ThongTinHoTro (ID, IDNoiDung, IDDoiTuong, IDCaNhan, NguoiTaoDL) VALUES ('aa8f4ead-2e85-45dd-a383-32f923801ad8', 6, NULL, 'c8281ce2-e8d8-42ef-b6b7-203ca404be5c', N'Nguyễn Đình Tạo');
INSERT INTO CovidChinhThuc.dbo.ChiTiet_NguoiCoCong (ID_ThongTin, NguoiTaoDL) VALUES ('aa8f4ead-2e85-45dd-a383-32f923801ad8', N'Nguyễn Đình Tạo');
-- row: [589]);
INSERT INTO CovidChinhThuc.dbo.CaNhan (ID, HoTen, NgaySinh, CMND, SinhNam, DiaChi, IDPhuongXa, IDQuanHuyen, SoKhaiSinh, NguoiTaoDL) VALUES ('48abdac6-827a-4e15-bd27-3e5d63191ff0', N'Nguyễn Văn Trí', '1955-01-01', '215072122', 1955, N'Khối 3', 91, 7, NULL, N'Nguyễn Đình Tạo');
INSERT INTO CovidChinhThuc.dbo.ThongTinHoTro (ID, IDNoiDung, IDDoiTuong, IDCaNhan, NguoiTaoDL) VALUES ('4d7b90a7-354c-4665-9b1f-d30e58693b5e', 6, NULL, '48abdac6-827a-4e15-bd27-3e5d63191ff0', N'Nguyễn Đình Tạo');
INSERT INTO CovidChinhThuc.dbo.ChiTiet_NguoiCoCong (ID_ThongTin, NguoiTaoDL) VALUES ('4d7b90a7-354c-4665-9b1f-d30e58693b5e', N'Nguyễn Đình Tạo');
-- row: [590]);
INSERT INTO CovidChinhThuc.dbo.CaNhan (ID, HoTen, NgaySinh, CMND, SinhNam, DiaChi, IDPhuongXa, IDQuanHuyen, SoKhaiSinh, NguoiTaoDL) VALUES ('05dbff55-60a9-4d50-a156-9a46cafedd46', N'Nguyễn Văn Vân', '1962-01-01', '210912195', 1962, N'Hòa Lạc', 91, 7, NULL, N'Nguyễn Đình Tạo');
INSERT INTO CovidChinhThuc.dbo.ThongTinHoTro (ID, IDNoiDung, IDDoiTuong, IDCaNhan, NguoiTaoDL) VALUES ('a39d1b25-75d9-402a-b08f-1539e92852a4', 6, 'EDE2F0CC-2376-438A-B5FB-FACD867E38EF', '05dbff55-60a9-4d50-a156-9a46cafedd46', N'Nguyễn Đình Tạo');
INSERT INTO CovidChinhThuc.dbo.ChiTiet_NguoiCoCong (ID_ThongTin, NguoiTaoDL) VALUES ('a39d1b25-75d9-402a-b08f-1539e92852a4', N'Nguyễn Đình Tạo');
-- row: [591]);
INSERT INTO CovidChinhThuc.dbo.CaNhan (ID, HoTen, NgaySinh, CMND, SinhNam, DiaChi, IDPhuongXa, IDQuanHuyen, SoKhaiSinh, NguoiTaoDL) VALUES ('26ddfb10-c395-468a-9a71-3133f890cf75', N'Nguyễn Viết Thành', '1933-01-01', '215100094', 1933, N'Khối 3', 91, 7, NULL, N'Nguyễn Đình Tạo');
INSERT INTO CovidChinhThuc.dbo.ThongTinHoTro (ID, IDNoiDung, IDDoiTuong, IDCaNhan, NguoiTaoDL) VALUES ('0850aaa7-43fc-48e5-80a9-f45442deaeae', 6, 'EDE2F0CC-2376-438A-B5FB-FACD867E38EF', '26ddfb10-c395-468a-9a71-3133f890cf75', N'Nguyễn Đình Tạo');
INSERT INTO CovidChinhThuc.dbo.ChiTiet_NguoiCoCong (ID_ThongTin, NguoiTaoDL) VALUES ('0850aaa7-43fc-48e5-80a9-f45442deaeae', N'Nguyễn Đình Tạo');
-- row: [592]);
INSERT INTO CovidChinhThuc.dbo.CaNhan (ID, HoTen, NgaySinh, CMND, SinhNam, DiaChi, IDPhuongXa, IDQuanHuyen, SoKhaiSinh, NguoiTaoDL) VALUES ('f4445f4f-b998-4c14-aad0-73c4ea4409d3', N'Nguyễn Viết Toán', '1942-01-01', '211671171', 1942, N'Khối 2', 91, 7, NULL, N'Nguyễn Đình Tạo');
INSERT INTO CovidChinhThuc.dbo.ThongTinHoTro (ID, IDNoiDung, IDDoiTuong, IDCaNhan, NguoiTaoDL) VALUES ('4d4e409c-744f-4f39-b1bf-b67f2c2214ad', 6, 'EDE2F0CC-2376-438A-B5FB-FACD867E38EF', 'f4445f4f-b998-4c14-aad0-73c4ea4409d3', N'Nguyễn Đình Tạo');
INSERT INTO CovidChinhThuc.dbo.ChiTiet_NguoiCoCong (ID_ThongTin, NguoiTaoDL) VALUES ('4d4e409c-744f-4f39-b1bf-b67f2c2214ad', N'Nguyễn Đình Tạo');
-- row: [593]);
INSERT INTO CovidChinhThuc.dbo.CaNhan (ID, HoTen, NgaySinh, CMND, SinhNam, DiaChi, IDPhuongXa, IDQuanHuyen, SoKhaiSinh, NguoiTaoDL) VALUES ('819f5d34-8cd0-424b-8001-cb64be24b02b', N'Nguyễn Xuân Quang', '1954-01-01', '210034782', 1954, N'Phú Văn', 91, 7, NULL, N'Nguyễn Đình Tạo');
INSERT INTO CovidChinhThuc.dbo.ThongTinHoTro (ID, IDNoiDung, IDDoiTuong, IDCaNhan, NguoiTaoDL) VALUES ('f7bd3471-6047-4eb0-bb27-ab5d29626b85', 6, 'EDE2F0CC-2376-438A-B5FB-FACD867E38EF', '819f5d34-8cd0-424b-8001-cb64be24b02b', N'Nguyễn Đình Tạo');
INSERT INTO CovidChinhThuc.dbo.ChiTiet_NguoiCoCong (ID_ThongTin, NguoiTaoDL) VALUES ('f7bd3471-6047-4eb0-bb27-ab5d29626b85', N'Nguyễn Đình Tạo');
-- row: [594]);
INSERT INTO CovidChinhThuc.dbo.CaNhan (ID, HoTen, NgaySinh, CMND, SinhNam, DiaChi, IDPhuongXa, IDQuanHuyen, SoKhaiSinh, NguoiTaoDL) VALUES ('71446cab-3e1c-4e03-ba03-bc1cae9e7b3f', N'Phạm Anh Sơn', '1955-01-01', '211026674', 1955, N'Khối 3', 91, 7, NULL, N'Nguyễn Đình Tạo');
INSERT INTO CovidChinhThuc.dbo.ThongTinHoTro (ID, IDNoiDung, IDDoiTuong, IDCaNhan, NguoiTaoDL) VALUES ('68fd38fb-8d90-48d2-b6e6-999a48e1b6b5', 6, NULL, '71446cab-3e1c-4e03-ba03-bc1cae9e7b3f', N'Nguyễn Đình Tạo');
INSERT INTO CovidChinhThuc.dbo.ChiTiet_NguoiCoCong (ID_ThongTin, NguoiTaoDL) VALUES ('68fd38fb-8d90-48d2-b6e6-999a48e1b6b5', N'Nguyễn Đình Tạo');
-- row: [595]);
INSERT INTO CovidChinhThuc.dbo.CaNhan (ID, HoTen, NgaySinh, CMND, SinhNam, DiaChi, IDPhuongXa, IDQuanHuyen, SoKhaiSinh, NguoiTaoDL) VALUES ('1ee10cce-a3ad-419d-aa0c-2780de664e42', N'Phạm Đình Duy', '1954-01-01', '211671164', 1954, N'Phú Xuân', 91, 7, NULL, N'Nguyễn Đình Tạo');
INSERT INTO CovidChinhThuc.dbo.ThongTinHoTro (ID, IDNoiDung, IDDoiTuong, IDCaNhan, NguoiTaoDL) VALUES ('cc8e5991-9dee-4689-8e0b-e85bee335ddd', 6, 'EDE2F0CC-2376-438A-B5FB-FACD867E38EF', '1ee10cce-a3ad-419d-aa0c-2780de664e42', N'Nguyễn Đình Tạo');
INSERT INTO CovidChinhThuc.dbo.ChiTiet_NguoiCoCong (ID_ThongTin, NguoiTaoDL) VALUES ('cc8e5991-9dee-4689-8e0b-e85bee335ddd', N'Nguyễn Đình Tạo');
-- row: [596]);
INSERT INTO CovidChinhThuc.dbo.CaNhan (ID, HoTen, NgaySinh, CMND, SinhNam, DiaChi, IDPhuongXa, IDQuanHuyen, SoKhaiSinh, NguoiTaoDL) VALUES ('03499525-d507-4ffd-a9f6-9d7de542eeb4', N'Phạm Hùng Cường', '1931-01-01', '210034368', 1931, N'Khối 3', 91, 7, NULL, N'Nguyễn Đình Tạo');
INSERT INTO CovidChinhThuc.dbo.ThongTinHoTro (ID, IDNoiDung, IDDoiTuong, IDCaNhan, NguoiTaoDL) VALUES ('4eb55d87-9e7f-448b-b3c0-78c7141b3c73', 6, 'EDE2F0CC-2376-438A-B5FB-FACD867E38EF', '03499525-d507-4ffd-a9f6-9d7de542eeb4', N'Nguyễn Đình Tạo');
INSERT INTO CovidChinhThuc.dbo.ChiTiet_NguoiCoCong (ID_ThongTin, NguoiTaoDL) VALUES ('4eb55d87-9e7f-448b-b3c0-78c7141b3c73', N'Nguyễn Đình Tạo');
-- row: [597]);
INSERT INTO CovidChinhThuc.dbo.CaNhan (ID, HoTen, NgaySinh, CMND, SinhNam, DiaChi, IDPhuongXa, IDQuanHuyen, SoKhaiSinh, NguoiTaoDL) VALUES ('073b28eb-e2d8-42c1-b7b0-518940f41d8c', N'Phạm Minh Hồng', '1947-01-01', '210034006', 1947, N'Khối 3', 91, 7, NULL, N'Nguyễn Đình Tạo');
INSERT INTO CovidChinhThuc.dbo.ThongTinHoTro (ID, IDNoiDung, IDDoiTuong, IDCaNhan, NguoiTaoDL) VALUES ('ebad9a7c-e844-4de8-9711-2ab8e0f1db38', 6, 'EDE2F0CC-2376-438A-B5FB-FACD867E38EF', '073b28eb-e2d8-42c1-b7b0-518940f41d8c', N'Nguyễn Đình Tạo');
INSERT INTO CovidChinhThuc.dbo.ChiTiet_NguoiCoCong (ID_ThongTin, NguoiTaoDL) VALUES ('ebad9a7c-e844-4de8-9711-2ab8e0f1db38', N'Nguyễn Đình Tạo');
-- row: [598]);
INSERT INTO CovidChinhThuc.dbo.CaNhan (ID, HoTen, NgaySinh, CMND, SinhNam, DiaChi, IDPhuongXa, IDQuanHuyen, SoKhaiSinh, NguoiTaoDL) VALUES ('95a6e062-5655-4889-a31f-51a0747573e3', N'Phạm Thị Liên', '1948-01-01', '210034076', 1948, N'Khối 3', 91, 7, NULL, N'Nguyễn Đình Tạo');
INSERT INTO CovidChinhThuc.dbo.ThongTinHoTro (ID, IDNoiDung, IDDoiTuong, IDCaNhan, NguoiTaoDL) VALUES ('eda5da28-b8b7-451f-b773-77db87ff0b38', 6, NULL, '95a6e062-5655-4889-a31f-51a0747573e3', N'Nguyễn Đình Tạo');
INSERT INTO CovidChinhThuc.dbo.ChiTiet_NguoiCoCong (ID_ThongTin, NguoiTaoDL) VALUES ('eda5da28-b8b7-451f-b773-77db87ff0b38', N'Nguyễn Đình Tạo');
-- row: [599]);
INSERT INTO CovidChinhThuc.dbo.CaNhan (ID, HoTen, NgaySinh, CMND, SinhNam, DiaChi, IDPhuongXa, IDQuanHuyen, SoKhaiSinh, NguoiTaoDL) VALUES ('2d465a6e-1722-4aca-90d0-8c0c4f4fdd4b', N'Phạm Thị Minh Hiệp', '1944-01-01', '210034626', 1944, N'Khối 5', 91, 7, NULL, N'Nguyễn Đình Tạo');
INSERT INTO CovidChinhThuc.dbo.ThongTinHoTro (ID, IDNoiDung, IDDoiTuong, IDCaNhan, NguoiTaoDL) VALUES ('4f401496-edb1-48fa-b5be-3737a54c7429', 6, 'EDE2F0CC-2376-438A-B5FB-FACD867E38EF', '2d465a6e-1722-4aca-90d0-8c0c4f4fdd4b', N'Nguyễn Đình Tạo');
INSERT INTO CovidChinhThuc.dbo.ChiTiet_NguoiCoCong (ID_ThongTin, NguoiTaoDL) VALUES ('4f401496-edb1-48fa-b5be-3737a54c7429', N'Nguyễn Đình Tạo');
-- row: [600]);
INSERT INTO CovidChinhThuc.dbo.CaNhan (ID, HoTen, NgaySinh, CMND, SinhNam, DiaChi, IDPhuongXa, IDQuanHuyen, SoKhaiSinh, NguoiTaoDL) VALUES ('facc1257-72c4-4f0e-ad9f-9ed99d368662', N'Phạm Thị Nhắn', '1940-01-01', '210226162', 1940, N'Khối 3', 91, 7, NULL, N'Nguyễn Đình Tạo');
INSERT INTO CovidChinhThuc.dbo.ThongTinHoTro (ID, IDNoiDung, IDDoiTuong, IDCaNhan, NguoiTaoDL) VALUES ('b3b3fcd8-f94e-44bf-a6a3-a4cba6cbead5', 6, '78AC3F79-5C50-4ACB-B626-E51ED3D4E8E5', 'facc1257-72c4-4f0e-ad9f-9ed99d368662', N'Nguyễn Đình Tạo');
INSERT INTO CovidChinhThuc.dbo.ChiTiet_NguoiCoCong (ID_ThongTin, NguoiTaoDL) VALUES ('b3b3fcd8-f94e-44bf-a6a3-a4cba6cbead5', N'Nguyễn Đình Tạo');
-- row: [601]);
INSERT INTO CovidChinhThuc.dbo.CaNhan (ID, HoTen, NgaySinh, CMND, SinhNam, DiaChi, IDPhuongXa, IDQuanHuyen, SoKhaiSinh, NguoiTaoDL) VALUES ('d701e9c2-a6a9-48e7-ade5-5a8216a4f0ef', N'Phạm Thị Thoan', '1936-01-01', '211692681', 1936, N'Khối 3', 91, 7, NULL, N'Nguyễn Đình Tạo');
INSERT INTO CovidChinhThuc.dbo.ThongTinHoTro (ID, IDNoiDung, IDDoiTuong, IDCaNhan, NguoiTaoDL) VALUES ('be3b2c65-1403-477d-8d41-9a1330508ef7', 6, NULL, 'd701e9c2-a6a9-48e7-ade5-5a8216a4f0ef', N'Nguyễn Đình Tạo');
INSERT INTO CovidChinhThuc.dbo.ChiTiet_NguoiCoCong (ID_ThongTin, NguoiTaoDL) VALUES ('be3b2c65-1403-477d-8d41-9a1330508ef7', N'Nguyễn Đình Tạo');
-- row: [602]);
INSERT INTO CovidChinhThuc.dbo.CaNhan (ID, HoTen, NgaySinh, CMND, SinhNam, DiaChi, IDPhuongXa, IDQuanHuyen, SoKhaiSinh, NguoiTaoDL) VALUES ('a9bb8c95-96a9-41fa-9d6f-da14c6fbcda9', N'Phạm Thị Trầm', '1946-01-01', '210967192', 1946, N'Khối 5', 91, 7, NULL, N'Nguyễn Đình Tạo');
INSERT INTO CovidChinhThuc.dbo.ThongTinHoTro (ID, IDNoiDung, IDDoiTuong, IDCaNhan, NguoiTaoDL) VALUES ('bd74d6e7-01f0-4026-a766-054097ebd5b8', 6, 'EDE2F0CC-2376-438A-B5FB-FACD867E38EF', 'a9bb8c95-96a9-41fa-9d6f-da14c6fbcda9', N'Nguyễn Đình Tạo');
INSERT INTO CovidChinhThuc.dbo.ChiTiet_NguoiCoCong (ID_ThongTin, NguoiTaoDL) VALUES ('bd74d6e7-01f0-4026-a766-054097ebd5b8', N'Nguyễn Đình Tạo');
-- row: [603]);
INSERT INTO CovidChinhThuc.dbo.CaNhan (ID, HoTen, NgaySinh, CMND, SinhNam, DiaChi, IDPhuongXa, IDQuanHuyen, SoKhaiSinh, NguoiTaoDL) VALUES ('39b6490b-e1f6-44c5-97bf-1612ef7679a4', N'Phạm Xuân Cường', '1942-01-01', '210034048', 1942, N'Khối 1', 91, 7, NULL, N'Nguyễn Đình Tạo');
INSERT INTO CovidChinhThuc.dbo.ThongTinHoTro (ID, IDNoiDung, IDDoiTuong, IDCaNhan, NguoiTaoDL) VALUES ('2c2843b4-5775-4ac7-8bba-e81c376fd322', 6, 'EDE2F0CC-2376-438A-B5FB-FACD867E38EF', '39b6490b-e1f6-44c5-97bf-1612ef7679a4', N'Nguyễn Đình Tạo');
INSERT INTO CovidChinhThuc.dbo.ChiTiet_NguoiCoCong (ID_ThongTin, NguoiTaoDL) VALUES ('2c2843b4-5775-4ac7-8bba-e81c376fd322', N'Nguyễn Đình Tạo');
-- row: [604]);
INSERT INTO CovidChinhThuc.dbo.CaNhan (ID, HoTen, NgaySinh, CMND, SinhNam, DiaChi, IDPhuongXa, IDQuanHuyen, SoKhaiSinh, NguoiTaoDL) VALUES ('13fec9ab-39c6-41a6-84d1-91ceaa022565', N'Phan Anh Quý', '1936-01-01', '210927156', 1936, N'Khối 1', 91, 7, NULL, N'Nguyễn Đình Tạo');
INSERT INTO CovidChinhThuc.dbo.ThongTinHoTro (ID, IDNoiDung, IDDoiTuong, IDCaNhan, NguoiTaoDL) VALUES ('8bee480f-3029-4e19-8031-5c6fcddfd35b', 6, 'EDE2F0CC-2376-438A-B5FB-FACD867E38EF', '13fec9ab-39c6-41a6-84d1-91ceaa022565', N'Nguyễn Đình Tạo');
INSERT INTO CovidChinhThuc.dbo.ChiTiet_NguoiCoCong (ID_ThongTin, NguoiTaoDL) VALUES ('8bee480f-3029-4e19-8031-5c6fcddfd35b', N'Nguyễn Đình Tạo');
-- row: [605]);
INSERT INTO CovidChinhThuc.dbo.CaNhan (ID, HoTen, NgaySinh, CMND, SinhNam, DiaChi, IDPhuongXa, IDQuanHuyen, SoKhaiSinh, NguoiTaoDL) VALUES ('d7526b2f-10bd-46cb-a0ff-cefa496b6503', N'Phan Đình Phùng', '1956-01-01', '211140750', 1956, N'Phú Xuân', 91, 7, NULL, N'Nguyễn Đình Tạo');
INSERT INTO CovidChinhThuc.dbo.ThongTinHoTro (ID, IDNoiDung, IDDoiTuong, IDCaNhan, NguoiTaoDL) VALUES ('74d1ca28-8554-4e9b-b22e-9ae5dd762b01', 6, 'EDE2F0CC-2376-438A-B5FB-FACD867E38EF', 'd7526b2f-10bd-46cb-a0ff-cefa496b6503', N'Nguyễn Đình Tạo');
INSERT INTO CovidChinhThuc.dbo.ChiTiet_NguoiCoCong (ID_ThongTin, NguoiTaoDL) VALUES ('74d1ca28-8554-4e9b-b22e-9ae5dd762b01', N'Nguyễn Đình Tạo');
-- row: [606]);
INSERT INTO CovidChinhThuc.dbo.CaNhan (ID, HoTen, NgaySinh, CMND, SinhNam, DiaChi, IDPhuongXa, IDQuanHuyen, SoKhaiSinh, NguoiTaoDL) VALUES ('391806ff-1377-4b25-ac4b-6467901eba26', N'Phan Hùng Tiến', '1949-01-01', '215242351', 1949, N'Khối 3', 91, 7, NULL, N'Nguyễn Đình Tạo');
INSERT INTO CovidChinhThuc.dbo.ThongTinHoTro (ID, IDNoiDung, IDDoiTuong, IDCaNhan, NguoiTaoDL) VALUES ('6ae63c00-5d3c-42b6-a2dd-15a46012efd6', 6, 'EDE2F0CC-2376-438A-B5FB-FACD867E38EF', '391806ff-1377-4b25-ac4b-6467901eba26', N'Nguyễn Đình Tạo');
INSERT INTO CovidChinhThuc.dbo.ChiTiet_NguoiCoCong (ID_ThongTin, NguoiTaoDL) VALUES ('6ae63c00-5d3c-42b6-a2dd-15a46012efd6', N'Nguyễn Đình Tạo');
-- row: [607]);
INSERT INTO CovidChinhThuc.dbo.CaNhan (ID, HoTen, NgaySinh, CMND, SinhNam, DiaChi, IDPhuongXa, IDQuanHuyen, SoKhaiSinh, NguoiTaoDL) VALUES ('a1561002-202e-4ddd-bbdb-bdf91fb378f3', N'Phan Thành Sơn', '1945-01-01', '211671288', 1945, N'Khối 2', 91, 7, NULL, N'Nguyễn Đình Tạo');
INSERT INTO CovidChinhThuc.dbo.ThongTinHoTro (ID, IDNoiDung, IDDoiTuong, IDCaNhan, NguoiTaoDL) VALUES ('782d3872-8019-40aa-a5dd-818a0dc1b9b7', 6, NULL, 'a1561002-202e-4ddd-bbdb-bdf91fb378f3', N'Nguyễn Đình Tạo');
INSERT INTO CovidChinhThuc.dbo.ChiTiet_NguoiCoCong (ID_ThongTin, NguoiTaoDL) VALUES ('782d3872-8019-40aa-a5dd-818a0dc1b9b7', N'Nguyễn Đình Tạo');
-- row: [608]);
INSERT INTO CovidChinhThuc.dbo.CaNhan (ID, HoTen, NgaySinh, CMND, SinhNam, DiaChi, IDPhuongXa, IDQuanHuyen, SoKhaiSinh, NguoiTaoDL) VALUES ('7a874414-5f6b-47ef-b3d0-1639a6bfa955', N'Phan Thị Đông', '1977-01-01', NULL, 1977, N'Khối 3', 91, 7, NULL, N'Nguyễn Đình Tạo');
INSERT INTO CovidChinhThuc.dbo.ThongTinHoTro (ID, IDNoiDung, IDDoiTuong, IDCaNhan, NguoiTaoDL) VALUES ('19149b84-95ed-4289-9841-bfbbbad96762', 6, 'E4E24DC6-98AE-4685-985D-47C0B48DD6FD', '7a874414-5f6b-47ef-b3d0-1639a6bfa955', N'Nguyễn Đình Tạo');
INSERT INTO CovidChinhThuc.dbo.ChiTiet_NguoiCoCong (ID_ThongTin, NguoiTaoDL) VALUES ('19149b84-95ed-4289-9841-bfbbbad96762', N'Nguyễn Đình Tạo');
-- row: [609]);
INSERT INTO CovidChinhThuc.dbo.CaNhan (ID, HoTen, NgaySinh, CMND, SinhNam, DiaChi, IDPhuongXa, IDQuanHuyen, SoKhaiSinh, NguoiTaoDL) VALUES ('36c6c190-c9e8-42fc-983a-fb858765d19f', N'Phan Thị Đông', '1943-01-01', '210034267', 1943, N'Khối 1', 91, 7, NULL, N'Nguyễn Đình Tạo');
INSERT INTO CovidChinhThuc.dbo.ThongTinHoTro (ID, IDNoiDung, IDDoiTuong, IDCaNhan, NguoiTaoDL) VALUES ('4ee9be9e-dde5-46b7-bd6d-c64f54af4db4', 6, 'EDE2F0CC-2376-438A-B5FB-FACD867E38EF', '36c6c190-c9e8-42fc-983a-fb858765d19f', N'Nguyễn Đình Tạo');
INSERT INTO CovidChinhThuc.dbo.ChiTiet_NguoiCoCong (ID_ThongTin, NguoiTaoDL) VALUES ('4ee9be9e-dde5-46b7-bd6d-c64f54af4db4', N'Nguyễn Đình Tạo');
-- row: [610]);
INSERT INTO CovidChinhThuc.dbo.CaNhan (ID, HoTen, NgaySinh, CMND, SinhNam, DiaChi, IDPhuongXa, IDQuanHuyen, SoKhaiSinh, NguoiTaoDL) VALUES ('01c0a5f7-40ef-417a-bd9f-8fe3d69a2891', N'Phan Thị Hồng Quế', '1952-01-01', '210032513', 1952, N'Khối 3', 91, 7, NULL, N'Nguyễn Đình Tạo');
INSERT INTO CovidChinhThuc.dbo.ThongTinHoTro (ID, IDNoiDung, IDDoiTuong, IDCaNhan, NguoiTaoDL) VALUES ('d0fbfb68-d0e8-484f-b49d-66067c4f16c7', 6, 'EDE2F0CC-2376-438A-B5FB-FACD867E38EF', '01c0a5f7-40ef-417a-bd9f-8fe3d69a2891', N'Nguyễn Đình Tạo');
INSERT INTO CovidChinhThuc.dbo.ChiTiet_NguoiCoCong (ID_ThongTin, NguoiTaoDL) VALUES ('d0fbfb68-d0e8-484f-b49d-66067c4f16c7', N'Nguyễn Đình Tạo');
-- row: [611]);
INSERT INTO CovidChinhThuc.dbo.CaNhan (ID, HoTen, NgaySinh, CMND, SinhNam, DiaChi, IDPhuongXa, IDQuanHuyen, SoKhaiSinh, NguoiTaoDL) VALUES ('fd1318f3-795c-4364-9db4-8299cf47dde7', N'Phan Thị Mai', '1951-01-01', '210927217', 1951, N'Khối 5', 91, 7, NULL, N'Nguyễn Đình Tạo');
INSERT INTO CovidChinhThuc.dbo.ThongTinHoTro (ID, IDNoiDung, IDDoiTuong, IDCaNhan, NguoiTaoDL) VALUES ('4432fa09-a785-4494-85b6-ae346c1f3c77', 6, 'EDE2F0CC-2376-438A-B5FB-FACD867E38EF', 'fd1318f3-795c-4364-9db4-8299cf47dde7', N'Nguyễn Đình Tạo');
INSERT INTO CovidChinhThuc.dbo.ChiTiet_NguoiCoCong (ID_ThongTin, NguoiTaoDL) VALUES ('4432fa09-a785-4494-85b6-ae346c1f3c77', N'Nguyễn Đình Tạo');
-- row: [612]);
INSERT INTO CovidChinhThuc.dbo.CaNhan (ID, HoTen, NgaySinh, CMND, SinhNam, DiaChi, IDPhuongXa, IDQuanHuyen, SoKhaiSinh, NguoiTaoDL) VALUES ('a428685e-e5ea-4ba8-8887-098f4a48b582', N'Phan Thị Thọ', '1950-01-01', '210037511', 1950, N'Khối 3', 91, 7, NULL, N'Nguyễn Đình Tạo');
INSERT INTO CovidChinhThuc.dbo.ThongTinHoTro (ID, IDNoiDung, IDDoiTuong, IDCaNhan, NguoiTaoDL) VALUES ('d745fd58-1bc6-417b-9e6d-8fb541e4a6c8', 6, 'EDE2F0CC-2376-438A-B5FB-FACD867E38EF', 'a428685e-e5ea-4ba8-8887-098f4a48b582', N'Nguyễn Đình Tạo');
INSERT INTO CovidChinhThuc.dbo.ChiTiet_NguoiCoCong (ID_ThongTin, NguoiTaoDL) VALUES ('d745fd58-1bc6-417b-9e6d-8fb541e4a6c8', N'Nguyễn Đình Tạo');
-- row: [613]);
INSERT INTO CovidChinhThuc.dbo.CaNhan (ID, HoTen, NgaySinh, CMND, SinhNam, DiaChi, IDPhuongXa, IDQuanHuyen, SoKhaiSinh, NguoiTaoDL) VALUES ('2a442d08-e315-46dd-a927-a4e14cf89395', N'Phan Văn Hòa', '1948-01-01', '210807179', 1948, N'Khối 5', 91, 7, NULL, N'Nguyễn Đình Tạo');
INSERT INTO CovidChinhThuc.dbo.ThongTinHoTro (ID, IDNoiDung, IDDoiTuong, IDCaNhan, NguoiTaoDL) VALUES ('c34891e1-f955-4da7-9c18-f59bf1f93cf6', 6, '2DE801FE-8F9D-4CB2-A1C0-E61F4503CB74', '2a442d08-e315-46dd-a927-a4e14cf89395', N'Nguyễn Đình Tạo');
INSERT INTO CovidChinhThuc.dbo.ChiTiet_NguoiCoCong (ID_ThongTin, NguoiTaoDL) VALUES ('c34891e1-f955-4da7-9c18-f59bf1f93cf6', N'Nguyễn Đình Tạo');
-- row: [614]);
INSERT INTO CovidChinhThuc.dbo.CaNhan (ID, HoTen, NgaySinh, CMND, SinhNam, DiaChi, IDPhuongXa, IDQuanHuyen, SoKhaiSinh, NguoiTaoDL) VALUES ('5f14694c-11dc-4dc0-a119-b8b49d5238f3', N'Quách Thị Sen', '1951-01-01', '210028476', 1951, N'Phú Văn', 91, 7, NULL, N'Nguyễn Đình Tạo');
INSERT INTO CovidChinhThuc.dbo.ThongTinHoTro (ID, IDNoiDung, IDDoiTuong, IDCaNhan, NguoiTaoDL) VALUES ('89903075-8d12-4229-9ea8-0a0b44a19230', 6, 'EDE2F0CC-2376-438A-B5FB-FACD867E38EF', '5f14694c-11dc-4dc0-a119-b8b49d5238f3', N'Nguyễn Đình Tạo');
INSERT INTO CovidChinhThuc.dbo.ChiTiet_NguoiCoCong (ID_ThongTin, NguoiTaoDL) VALUES ('89903075-8d12-4229-9ea8-0a0b44a19230', N'Nguyễn Đình Tạo');
-- row: [615]);
INSERT INTO CovidChinhThuc.dbo.CaNhan (ID, HoTen, NgaySinh, CMND, SinhNam, DiaChi, IDPhuongXa, IDQuanHuyen, SoKhaiSinh, NguoiTaoDL) VALUES ('db84c75d-d392-40e7-8698-8c527e8cd0ef', N'Tạ Thị Nhị', '1931-01-01', '210867632', 1931, N'Khối 2', 91, 7, NULL, N'Nguyễn Đình Tạo');
INSERT INTO CovidChinhThuc.dbo.ThongTinHoTro (ID, IDNoiDung, IDDoiTuong, IDCaNhan, NguoiTaoDL) VALUES ('adde95b6-8897-4248-96d1-76926c28cf65', 6, '3A65F299-2EFA-4982-BF70-81D7B5024935', 'db84c75d-d392-40e7-8698-8c527e8cd0ef', N'Nguyễn Đình Tạo');
INSERT INTO CovidChinhThuc.dbo.ChiTiet_NguoiCoCong (ID_ThongTin, NguoiTaoDL) VALUES ('adde95b6-8897-4248-96d1-76926c28cf65', N'Nguyễn Đình Tạo');
-- row: [616]);
INSERT INTO CovidChinhThuc.dbo.CaNhan (ID, HoTen, NgaySinh, CMND, SinhNam, DiaChi, IDPhuongXa, IDQuanHuyen, SoKhaiSinh, NguoiTaoDL) VALUES ('01b90033-b00a-4476-875a-00fc7f228c26', N'Thái Thị Thanh', '1934-01-01', '210923336', 1934, N'Khối 4', 91, 7, NULL, N'Nguyễn Đình Tạo');
INSERT INTO CovidChinhThuc.dbo.ThongTinHoTro (ID, IDNoiDung, IDDoiTuong, IDCaNhan, NguoiTaoDL) VALUES ('60b5c4e3-cc5d-41b0-9d14-120d132a93be', 6, '3A65F299-2EFA-4982-BF70-81D7B5024935', '01b90033-b00a-4476-875a-00fc7f228c26', N'Nguyễn Đình Tạo');
INSERT INTO CovidChinhThuc.dbo.ChiTiet_NguoiCoCong (ID_ThongTin, NguoiTaoDL) VALUES ('60b5c4e3-cc5d-41b0-9d14-120d132a93be', N'Nguyễn Đình Tạo');
-- row: [617]);
INSERT INTO CovidChinhThuc.dbo.CaNhan (ID, HoTen, NgaySinh, CMND, SinhNam, DiaChi, IDPhuongXa, IDQuanHuyen, SoKhaiSinh, NguoiTaoDL) VALUES ('3b80311c-16b8-44eb-8c15-6ae0c8d4557a', N'Trần Bình Trọng', '1928-01-01', '210034258', 1928, N'Khối 1A', 91, 7, NULL, N'Nguyễn Đình Tạo');
INSERT INTO CovidChinhThuc.dbo.ThongTinHoTro (ID, IDNoiDung, IDDoiTuong, IDCaNhan, NguoiTaoDL) VALUES ('3c132c6a-8bae-45aa-8078-c7a550bc6d00', 6, 'EDE2F0CC-2376-438A-B5FB-FACD867E38EF', '3b80311c-16b8-44eb-8c15-6ae0c8d4557a', N'Nguyễn Đình Tạo');
INSERT INTO CovidChinhThuc.dbo.ChiTiet_NguoiCoCong (ID_ThongTin, NguoiTaoDL) VALUES ('3c132c6a-8bae-45aa-8078-c7a550bc6d00', N'Nguyễn Đình Tạo');
-- row: [618]);
INSERT INTO CovidChinhThuc.dbo.CaNhan (ID, HoTen, NgaySinh, CMND, SinhNam, DiaChi, IDPhuongXa, IDQuanHuyen, SoKhaiSinh, NguoiTaoDL) VALUES ('b47e3256-29c7-49b9-9f3c-11eacec464f8', N'Trần Châu Tấn', '1978-01-01', '211573115', 1978, N'Hòa Lạc', 91, 7, NULL, N'Nguyễn Đình Tạo');
INSERT INTO CovidChinhThuc.dbo.ThongTinHoTro (ID, IDNoiDung, IDDoiTuong, IDCaNhan, NguoiTaoDL) VALUES ('1b2bce7a-4740-4c97-b611-48f5a020541b', 6, 'E4E24DC6-98AE-4685-985D-47C0B48DD6FD', 'b47e3256-29c7-49b9-9f3c-11eacec464f8', N'Nguyễn Đình Tạo');
INSERT INTO CovidChinhThuc.dbo.ChiTiet_NguoiCoCong (ID_ThongTin, NguoiTaoDL) VALUES ('1b2bce7a-4740-4c97-b611-48f5a020541b', N'Nguyễn Đình Tạo');
-- row: [619]);
INSERT INTO CovidChinhThuc.dbo.CaNhan (ID, HoTen, NgaySinh, CMND, SinhNam, DiaChi, IDPhuongXa, IDQuanHuyen, SoKhaiSinh, NguoiTaoDL) VALUES ('4e503071-63a0-4755-b4a4-5fc9671572c8', N'Trần Đình Ký', '1948-01-01', '210034820', 1948, N'Khối 3', 91, 7, NULL, N'Nguyễn Đình Tạo');
INSERT INTO CovidChinhThuc.dbo.ThongTinHoTro (ID, IDNoiDung, IDDoiTuong, IDCaNhan, NguoiTaoDL) VALUES ('a81fcc24-1f8e-4391-9394-6687d065b76c', 6, 'EDE2F0CC-2376-438A-B5FB-FACD867E38EF', '4e503071-63a0-4755-b4a4-5fc9671572c8', N'Nguyễn Đình Tạo');
INSERT INTO CovidChinhThuc.dbo.ChiTiet_NguoiCoCong (ID_ThongTin, NguoiTaoDL) VALUES ('a81fcc24-1f8e-4391-9394-6687d065b76c', N'Nguyễn Đình Tạo');
-- row: [620]);
INSERT INTO CovidChinhThuc.dbo.CaNhan (ID, HoTen, NgaySinh, CMND, SinhNam, DiaChi, IDPhuongXa, IDQuanHuyen, SoKhaiSinh, NguoiTaoDL) VALUES ('c1dcf944-0ae4-4ddc-93e8-1a117f9c4a84', N'Trần Huệ', '1955-01-01', '210868040', 1955, N'Khối 1A', 91, 7, NULL, N'Nguyễn Đình Tạo');
INSERT INTO CovidChinhThuc.dbo.ThongTinHoTro (ID, IDNoiDung, IDDoiTuong, IDCaNhan, NguoiTaoDL) VALUES ('a27fc6d3-d567-4878-85a7-e6009ddc7e00', 6, 'EDE2F0CC-2376-438A-B5FB-FACD867E38EF', 'c1dcf944-0ae4-4ddc-93e8-1a117f9c4a84', N'Nguyễn Đình Tạo');
INSERT INTO CovidChinhThuc.dbo.ChiTiet_NguoiCoCong (ID_ThongTin, NguoiTaoDL) VALUES ('a27fc6d3-d567-4878-85a7-e6009ddc7e00', N'Nguyễn Đình Tạo');
-- row: [621]);
INSERT INTO CovidChinhThuc.dbo.CaNhan (ID, HoTen, NgaySinh, CMND, SinhNam, DiaChi, IDPhuongXa, IDQuanHuyen, SoKhaiSinh, NguoiTaoDL) VALUES ('2a26701d-324a-4c00-902d-514643b4ab0d', N'Trần Minh Kiệt', '1947-01-01', '210034004', 1947, N'Khối 3', 91, 7, NULL, N'Nguyễn Đình Tạo');
INSERT INTO CovidChinhThuc.dbo.ThongTinHoTro (ID, IDNoiDung, IDDoiTuong, IDCaNhan, NguoiTaoDL) VALUES ('3b3ee671-6702-4820-aa02-b5e94e8076b4', 6, 'EDE2F0CC-2376-438A-B5FB-FACD867E38EF', '2a26701d-324a-4c00-902d-514643b4ab0d', N'Nguyễn Đình Tạo');
INSERT INTO CovidChinhThuc.dbo.ChiTiet_NguoiCoCong (ID_ThongTin, NguoiTaoDL) VALUES ('3b3ee671-6702-4820-aa02-b5e94e8076b4', N'Nguyễn Đình Tạo');
-- row: [622]);
INSERT INTO CovidChinhThuc.dbo.CaNhan (ID, HoTen, NgaySinh, CMND, SinhNam, DiaChi, IDPhuongXa, IDQuanHuyen, SoKhaiSinh, NguoiTaoDL) VALUES ('3fb215bf-6d18-4d38-abcd-5e6dc2714627', N'Trần Ngọc Liễn', '1953-06-01', '215242527', 1953, N'Khối 3', 91, 7, NULL, N'Nguyễn Đình Tạo');
INSERT INTO CovidChinhThuc.dbo.ThongTinHoTro (ID, IDNoiDung, IDDoiTuong, IDCaNhan, NguoiTaoDL) VALUES ('0d9467a4-e8bc-4223-9bb2-443e2f78d778', 6, 'EDE2F0CC-2376-438A-B5FB-FACD867E38EF', '3fb215bf-6d18-4d38-abcd-5e6dc2714627', N'Nguyễn Đình Tạo');
INSERT INTO CovidChinhThuc.dbo.ChiTiet_NguoiCoCong (ID_ThongTin, NguoiTaoDL) VALUES ('0d9467a4-e8bc-4223-9bb2-443e2f78d778', N'Nguyễn Đình Tạo');
-- row: [623]);
INSERT INTO CovidChinhThuc.dbo.CaNhan (ID, HoTen, NgaySinh, CMND, SinhNam, DiaChi, IDPhuongXa, IDQuanHuyen, SoKhaiSinh, NguoiTaoDL) VALUES ('81e45972-55bc-434c-9cff-ce71125716e2', N'Trần Ngọc Minh', '1957-01-01', '215242529', 1957, N'Khối 3', 91, 7, NULL, N'Nguyễn Đình Tạo');
INSERT INTO CovidChinhThuc.dbo.ThongTinHoTro (ID, IDNoiDung, IDDoiTuong, IDCaNhan, NguoiTaoDL) VALUES ('cc1310c1-f64b-42ae-914d-dc26609d3baf', 6, NULL, '81e45972-55bc-434c-9cff-ce71125716e2', N'Nguyễn Đình Tạo');
INSERT INTO CovidChinhThuc.dbo.ChiTiet_NguoiCoCong (ID_ThongTin, NguoiTaoDL) VALUES ('cc1310c1-f64b-42ae-914d-dc26609d3baf', N'Nguyễn Đình Tạo');
-- row: [624]);
INSERT INTO CovidChinhThuc.dbo.CaNhan (ID, HoTen, NgaySinh, CMND, SinhNam, DiaChi, IDPhuongXa, IDQuanHuyen, SoKhaiSinh, NguoiTaoDL) VALUES ('6dbca37d-99f0-4ca0-8ccb-76fee56650ac', N'Trần Sỹ Nhơn', '1935-01-01', '210868212', 1935, N'Khối 1A', 91, 7, NULL, N'Nguyễn Đình Tạo');
INSERT INTO CovidChinhThuc.dbo.ThongTinHoTro (ID, IDNoiDung, IDDoiTuong, IDCaNhan, NguoiTaoDL) VALUES ('b888f443-556c-4403-95ad-cc8778340694', 6, '78AC3F79-5C50-4ACB-B626-E51ED3D4E8E5', '6dbca37d-99f0-4ca0-8ccb-76fee56650ac', N'Nguyễn Đình Tạo');
INSERT INTO CovidChinhThuc.dbo.ChiTiet_NguoiCoCong (ID_ThongTin, NguoiTaoDL) VALUES ('b888f443-556c-4403-95ad-cc8778340694', N'Nguyễn Đình Tạo');
-- row: [625]);
INSERT INTO CovidChinhThuc.dbo.CaNhan (ID, HoTen, NgaySinh, CMND, SinhNam, DiaChi, IDPhuongXa, IDQuanHuyen, SoKhaiSinh, NguoiTaoDL) VALUES ('a77c93e2-6cae-4be2-8ee1-b7237ed85c53', N'Trần Thanh Cường', '1958-01-01', '211562895', 1958, N'Khối 2', 91, 7, NULL, N'Nguyễn Đình Tạo');
INSERT INTO CovidChinhThuc.dbo.ThongTinHoTro (ID, IDNoiDung, IDDoiTuong, IDCaNhan, NguoiTaoDL) VALUES ('1843ea65-8567-4c7c-afa1-3bf37deddd0b', 6, 'EDE2F0CC-2376-438A-B5FB-FACD867E38EF', 'a77c93e2-6cae-4be2-8ee1-b7237ed85c53', N'Nguyễn Đình Tạo');
INSERT INTO CovidChinhThuc.dbo.ChiTiet_NguoiCoCong (ID_ThongTin, NguoiTaoDL) VALUES ('1843ea65-8567-4c7c-afa1-3bf37deddd0b', N'Nguyễn Đình Tạo');
-- row: [626]);
INSERT INTO CovidChinhThuc.dbo.CaNhan (ID, HoTen, NgaySinh, CMND, SinhNam, DiaChi, IDPhuongXa, IDQuanHuyen, SoKhaiSinh, NguoiTaoDL) VALUES ('912529f4-ed31-479f-b318-d984e193d3d7', N'Trần Thanh Hải', '1947-01-01', '211471998', 1947, N'Khối 3', 91, 7, NULL, N'Nguyễn Đình Tạo');
INSERT INTO CovidChinhThuc.dbo.ThongTinHoTro (ID, IDNoiDung, IDDoiTuong, IDCaNhan, NguoiTaoDL) VALUES ('c71654a0-bbfa-4c7f-a98e-5188bea1af98', 6, 'EDE2F0CC-2376-438A-B5FB-FACD867E38EF', '912529f4-ed31-479f-b318-d984e193d3d7', N'Nguyễn Đình Tạo');
INSERT INTO CovidChinhThuc.dbo.ChiTiet_NguoiCoCong (ID_ThongTin, NguoiTaoDL) VALUES ('c71654a0-bbfa-4c7f-a98e-5188bea1af98', N'Nguyễn Đình Tạo');
-- row: [627]);
INSERT INTO CovidChinhThuc.dbo.CaNhan (ID, HoTen, NgaySinh, CMND, SinhNam, DiaChi, IDPhuongXa, IDQuanHuyen, SoKhaiSinh, NguoiTaoDL) VALUES ('80ad57b9-3205-4c3a-b35b-f67c3cdc81e8', N'Trần Thể', '1932-01-01', '210868286', 1932, N'Khối 1A', 91, 7, NULL, N'Nguyễn Đình Tạo');
INSERT INTO CovidChinhThuc.dbo.ThongTinHoTro (ID, IDNoiDung, IDDoiTuong, IDCaNhan, NguoiTaoDL) VALUES ('41dbfed2-6ae2-41be-8b9f-62115d6aa926', 6, '3A65F299-2EFA-4982-BF70-81D7B5024935', '80ad57b9-3205-4c3a-b35b-f67c3cdc81e8', N'Nguyễn Đình Tạo');
INSERT INTO CovidChinhThuc.dbo.ChiTiet_NguoiCoCong (ID_ThongTin, NguoiTaoDL) VALUES ('41dbfed2-6ae2-41be-8b9f-62115d6aa926', N'Nguyễn Đình Tạo');
-- row: [628]);
INSERT INTO CovidChinhThuc.dbo.CaNhan (ID, HoTen, NgaySinh, CMND, SinhNam, DiaChi, IDPhuongXa, IDQuanHuyen, SoKhaiSinh, NguoiTaoDL) VALUES ('cd2dec8e-5e29-4008-acd5-918e8f650f1e', N'Trần Thị Ánh Hồng', '1955-01-01', '210034794', 1955, N'Phú Xuân', 91, 7, NULL, N'Nguyễn Đình Tạo');
INSERT INTO CovidChinhThuc.dbo.ThongTinHoTro (ID, IDNoiDung, IDDoiTuong, IDCaNhan, NguoiTaoDL) VALUES ('4a64e8c2-e51b-4963-9b37-12576734b88c', 6, 'EDE2F0CC-2376-438A-B5FB-FACD867E38EF', 'cd2dec8e-5e29-4008-acd5-918e8f650f1e', N'Nguyễn Đình Tạo');
INSERT INTO CovidChinhThuc.dbo.ChiTiet_NguoiCoCong (ID_ThongTin, NguoiTaoDL) VALUES ('4a64e8c2-e51b-4963-9b37-12576734b88c', N'Nguyễn Đình Tạo');
-- row: [629]);
INSERT INTO CovidChinhThuc.dbo.CaNhan (ID, HoTen, NgaySinh, CMND, SinhNam, DiaChi, IDPhuongXa, IDQuanHuyen, SoKhaiSinh, NguoiTaoDL) VALUES ('1d9f8086-2402-406d-b0d8-9b8c295a81a7', N'Trần Thị Bổn', '1930-01-01', '211849849', 1930, N'Khối 4', 91, 7, NULL, N'Nguyễn Đình Tạo');
INSERT INTO CovidChinhThuc.dbo.ThongTinHoTro (ID, IDNoiDung, IDDoiTuong, IDCaNhan, NguoiTaoDL) VALUES ('e833aaf6-f5ca-4d5b-9b99-642440e1f18f', 6, 'EDE2F0CC-2376-438A-B5FB-FACD867E38EF', '1d9f8086-2402-406d-b0d8-9b8c295a81a7', N'Nguyễn Đình Tạo');
INSERT INTO CovidChinhThuc.dbo.ChiTiet_NguoiCoCong (ID_ThongTin, NguoiTaoDL) VALUES ('e833aaf6-f5ca-4d5b-9b99-642440e1f18f', N'Nguyễn Đình Tạo');
-- row: [630]);
INSERT INTO CovidChinhThuc.dbo.CaNhan (ID, HoTen, NgaySinh, CMND, SinhNam, DiaChi, IDPhuongXa, IDQuanHuyen, SoKhaiSinh, NguoiTaoDL) VALUES ('157bfbee-206f-4fa0-8669-94b9a8818538', N'Trần Thị Cúc', '1900-01-01', '210915802', 1900, N'Khối 3', 91, 7, NULL, N'Nguyễn Đình Tạo');
INSERT INTO CovidChinhThuc.dbo.ThongTinHoTro (ID, IDNoiDung, IDDoiTuong, IDCaNhan, NguoiTaoDL) VALUES ('476bbc45-cb93-4423-9552-50f9fdc1805f', 6, '41B0E9CD-732C-4E19-AAEC-3DC041CB6144', '157bfbee-206f-4fa0-8669-94b9a8818538', N'Nguyễn Đình Tạo');
INSERT INTO CovidChinhThuc.dbo.ChiTiet_NguoiCoCong (ID_ThongTin, NguoiTaoDL) VALUES ('476bbc45-cb93-4423-9552-50f9fdc1805f', N'Nguyễn Đình Tạo');
-- row: [631]);
INSERT INTO CovidChinhThuc.dbo.CaNhan (ID, HoTen, NgaySinh, CMND, SinhNam, DiaChi, IDPhuongXa, IDQuanHuyen, SoKhaiSinh, NguoiTaoDL) VALUES ('c50e9400-43c4-43af-bded-06fc18cd8977', N'Trần Thị Cúc', '1931-01-01', '211671166', 1931, N'Khối 1A', 91, 7, NULL, N'Nguyễn Đình Tạo');
INSERT INTO CovidChinhThuc.dbo.ThongTinHoTro (ID, IDNoiDung, IDDoiTuong, IDCaNhan, NguoiTaoDL) VALUES ('3951966a-88d8-4db9-9999-bcf71b9cfdfd', 6, '2DE801FE-8F9D-4CB2-A1C0-E61F4503CB74', 'c50e9400-43c4-43af-bded-06fc18cd8977', N'Nguyễn Đình Tạo');
INSERT INTO CovidChinhThuc.dbo.ChiTiet_NguoiCoCong (ID_ThongTin, NguoiTaoDL) VALUES ('3951966a-88d8-4db9-9999-bcf71b9cfdfd', N'Nguyễn Đình Tạo');
-- row: [632]);
INSERT INTO CovidChinhThuc.dbo.CaNhan (ID, HoTen, NgaySinh, CMND, SinhNam, DiaChi, IDPhuongXa, IDQuanHuyen, SoKhaiSinh, NguoiTaoDL) VALUES ('bff8c978-5d36-4731-992a-a25fae70f982', N'Trần Thị Cúc', '1950-01-01', '210915802', 1950, N'Khối 3', 91, 7, NULL, N'Nguyễn Đình Tạo');
INSERT INTO CovidChinhThuc.dbo.ThongTinHoTro (ID, IDNoiDung, IDDoiTuong, IDCaNhan, NguoiTaoDL) VALUES ('12e8cbed-0ff2-44b8-8edd-2f5826a2ca2e', 6, 'EDE2F0CC-2376-438A-B5FB-FACD867E38EF', 'bff8c978-5d36-4731-992a-a25fae70f982', N'Nguyễn Đình Tạo');
INSERT INTO CovidChinhThuc.dbo.ChiTiet_NguoiCoCong (ID_ThongTin, NguoiTaoDL) VALUES ('12e8cbed-0ff2-44b8-8edd-2f5826a2ca2e', N'Nguyễn Đình Tạo');
-- row: [633]);
INSERT INTO CovidChinhThuc.dbo.CaNhan (ID, HoTen, NgaySinh, CMND, SinhNam, DiaChi, IDPhuongXa, IDQuanHuyen, SoKhaiSinh, NguoiTaoDL) VALUES ('3f17c90d-cf69-4ff8-91c0-dc7713bc9aa2', N'Trần (Nguyễn) Thị Dần', '1937-01-01', '210912066', 1937, N'Hòa Lạc', 91, 7, NULL, N'Nguyễn Đình Tạo');
INSERT INTO CovidChinhThuc.dbo.ThongTinHoTro (ID, IDNoiDung, IDDoiTuong, IDCaNhan, NguoiTaoDL) VALUES ('cdcf2d92-5a9e-4fca-b412-ad0a895d0e65', 6, '3A65F299-2EFA-4982-BF70-81D7B5024935', '3f17c90d-cf69-4ff8-91c0-dc7713bc9aa2', N'Nguyễn Đình Tạo');
INSERT INTO CovidChinhThuc.dbo.ChiTiet_NguoiCoCong (ID_ThongTin, NguoiTaoDL) VALUES ('cdcf2d92-5a9e-4fca-b412-ad0a895d0e65', N'Nguyễn Đình Tạo');
-- row: [634]);
INSERT INTO CovidChinhThuc.dbo.CaNhan (ID, HoTen, NgaySinh, CMND, SinhNam, DiaChi, IDPhuongXa, IDQuanHuyen, SoKhaiSinh, NguoiTaoDL) VALUES ('ea33cced-3b99-4d53-aba1-1f4f1a8eda3b', N'Trần Thị Lan', '1951-01-01', '210855712', 1951, N'Khối 5', 91, 7, NULL, N'Nguyễn Đình Tạo');
INSERT INTO CovidChinhThuc.dbo.ThongTinHoTro (ID, IDNoiDung, IDDoiTuong, IDCaNhan, NguoiTaoDL) VALUES ('e5617a56-5637-442d-a81a-85efbedebea9', 6, 'EDE2F0CC-2376-438A-B5FB-FACD867E38EF', 'ea33cced-3b99-4d53-aba1-1f4f1a8eda3b', N'Nguyễn Đình Tạo');
INSERT INTO CovidChinhThuc.dbo.ChiTiet_NguoiCoCong (ID_ThongTin, NguoiTaoDL) VALUES ('e5617a56-5637-442d-a81a-85efbedebea9', N'Nguyễn Đình Tạo');
-- row: [635]);
INSERT INTO CovidChinhThuc.dbo.CaNhan (ID, HoTen, NgaySinh, CMND, SinhNam, DiaChi, IDPhuongXa, IDQuanHuyen, SoKhaiSinh, NguoiTaoDL) VALUES ('04774969-6c29-429e-8481-e16a3af36ff4', N'Trần Thị Mãnh', '1948-01-01', '210005606', 1948, N'Khối 2', 91, 7, NULL, N'Nguyễn Đình Tạo');
INSERT INTO CovidChinhThuc.dbo.ThongTinHoTro (ID, IDNoiDung, IDDoiTuong, IDCaNhan, NguoiTaoDL) VALUES ('1294a38a-e0d6-441b-91e1-794268f434c3', 6, '78AC3F79-5C50-4ACB-B626-E51ED3D4E8E5', '04774969-6c29-429e-8481-e16a3af36ff4', N'Nguyễn Đình Tạo');
INSERT INTO CovidChinhThuc.dbo.ChiTiet_NguoiCoCong (ID_ThongTin, NguoiTaoDL) VALUES ('1294a38a-e0d6-441b-91e1-794268f434c3', N'Nguyễn Đình Tạo');
-- row: [636]);
INSERT INTO CovidChinhThuc.dbo.CaNhan (ID, HoTen, NgaySinh, CMND, SinhNam, DiaChi, IDPhuongXa, IDQuanHuyen, SoKhaiSinh, NguoiTaoDL) VALUES ('a5549198-5c9a-4867-8413-4f8c53eccb02', N'Trần Thị Mô', '1940-01-01', '216844281', 1940, N'Khối 4', 91, 7, NULL, N'Nguyễn Đình Tạo');
INSERT INTO CovidChinhThuc.dbo.ThongTinHoTro (ID, IDNoiDung, IDDoiTuong, IDCaNhan, NguoiTaoDL) VALUES ('7fdbb456-1ee8-42b6-946f-edcf0cf90466', 6, 'EDE2F0CC-2376-438A-B5FB-FACD867E38EF', 'a5549198-5c9a-4867-8413-4f8c53eccb02', N'Nguyễn Đình Tạo');
INSERT INTO CovidChinhThuc.dbo.ChiTiet_NguoiCoCong (ID_ThongTin, NguoiTaoDL) VALUES ('7fdbb456-1ee8-42b6-946f-edcf0cf90466', N'Nguyễn Đình Tạo');
-- row: [637]);
INSERT INTO CovidChinhThuc.dbo.CaNhan (ID, HoTen, NgaySinh, CMND, SinhNam, DiaChi, IDPhuongXa, IDQuanHuyen, SoKhaiSinh, NguoiTaoDL) VALUES ('2cf48ad5-c8e2-4dfd-974c-414abfd2e5d8', N'Trần Thị Nga', '1955-01-01', '210927316', 1955, N'Khối 1A', 91, 7, NULL, N'Nguyễn Đình Tạo');
INSERT INTO CovidChinhThuc.dbo.ThongTinHoTro (ID, IDNoiDung, IDDoiTuong, IDCaNhan, NguoiTaoDL) VALUES ('6b0f837d-83c8-4462-bc58-81a38fae8263', 6, '2DE801FE-8F9D-4CB2-A1C0-E61F4503CB74', '2cf48ad5-c8e2-4dfd-974c-414abfd2e5d8', N'Nguyễn Đình Tạo');
INSERT INTO CovidChinhThuc.dbo.ChiTiet_NguoiCoCong (ID_ThongTin, NguoiTaoDL) VALUES ('6b0f837d-83c8-4462-bc58-81a38fae8263', N'Nguyễn Đình Tạo');
-- row: [638]);
INSERT INTO CovidChinhThuc.dbo.CaNhan (ID, HoTen, NgaySinh, CMND, SinhNam, DiaChi, IDPhuongXa, IDQuanHuyen, SoKhaiSinh, NguoiTaoDL) VALUES ('cc50d16d-5a59-4fff-9d78-09cd90b4d8ef', N'Trần Thị Nghê', '1931-01-01', '210807705', 1931, N'Khối 5', 91, 7, NULL, N'Nguyễn Đình Tạo');
INSERT INTO CovidChinhThuc.dbo.ThongTinHoTro (ID, IDNoiDung, IDDoiTuong, IDCaNhan, NguoiTaoDL) VALUES ('9f3525a7-1b15-49ea-8040-a12aff81afd6', 6, '3A65F299-2EFA-4982-BF70-81D7B5024935', 'cc50d16d-5a59-4fff-9d78-09cd90b4d8ef', N'Nguyễn Đình Tạo');
INSERT INTO CovidChinhThuc.dbo.ChiTiet_NguoiCoCong (ID_ThongTin, NguoiTaoDL) VALUES ('9f3525a7-1b15-49ea-8040-a12aff81afd6', N'Nguyễn Đình Tạo');
-- row: [639]);
INSERT INTO CovidChinhThuc.dbo.CaNhan (ID, HoTen, NgaySinh, CMND, SinhNam, DiaChi, IDPhuongXa, IDQuanHuyen, SoKhaiSinh, NguoiTaoDL) VALUES ('199bab00-e2ec-4913-9d2c-7f942e9c50ee', N'Trần Thị Nhượng', '1940-06-01', '211684203', 1940, N'Khối Hòa Lạc', 91, 7, NULL, N'Nguyễn Đình Tạo');
INSERT INTO CovidChinhThuc.dbo.ThongTinHoTro (ID, IDNoiDung, IDDoiTuong, IDCaNhan, NguoiTaoDL) VALUES ('4d63a570-6545-4beb-b099-4765126c17fe', 6, '3A65F299-2EFA-4982-BF70-81D7B5024935', '199bab00-e2ec-4913-9d2c-7f942e9c50ee', N'Nguyễn Đình Tạo');
INSERT INTO CovidChinhThuc.dbo.ChiTiet_NguoiCoCong (ID_ThongTin, NguoiTaoDL) VALUES ('4d63a570-6545-4beb-b099-4765126c17fe', N'Nguyễn Đình Tạo');
-- row: [640]);
INSERT INTO CovidChinhThuc.dbo.CaNhan (ID, HoTen, NgaySinh, CMND, SinhNam, DiaChi, IDPhuongXa, IDQuanHuyen, SoKhaiSinh, NguoiTaoDL) VALUES ('d1460497-0dc8-4b8c-8df1-93e4df5a93a9', N'Trần Thị Phượng', '1956-01-01', '210855818', 1956, N'Khối 3', 91, 7, NULL, N'Nguyễn Đình Tạo');
INSERT INTO CovidChinhThuc.dbo.ThongTinHoTro (ID, IDNoiDung, IDDoiTuong, IDCaNhan, NguoiTaoDL) VALUES ('398b1c39-953e-4fc0-8e9e-ae4434eca588', 6, NULL, 'd1460497-0dc8-4b8c-8df1-93e4df5a93a9', N'Nguyễn Đình Tạo');
INSERT INTO CovidChinhThuc.dbo.ChiTiet_NguoiCoCong (ID_ThongTin, NguoiTaoDL) VALUES ('398b1c39-953e-4fc0-8e9e-ae4434eca588', N'Nguyễn Đình Tạo');
-- row: [641]);
INSERT INTO CovidChinhThuc.dbo.CaNhan (ID, HoTen, NgaySinh, CMND, SinhNam, DiaChi, IDPhuongXa, IDQuanHuyen, SoKhaiSinh, NguoiTaoDL) VALUES ('d852ee08-7fc8-4911-9dd8-07be5f9f9800', N'Trần Thị Sậu', '1930-01-01', '210807141', 1930, N'Khối 5', 91, 7, NULL, N'Nguyễn Đình Tạo');
INSERT INTO CovidChinhThuc.dbo.ThongTinHoTro (ID, IDNoiDung, IDDoiTuong, IDCaNhan, NguoiTaoDL) VALUES ('4000cfb6-90d2-44a0-a2ba-6ad9fbe7f592', 6, '3A65F299-2EFA-4982-BF70-81D7B5024935', 'd852ee08-7fc8-4911-9dd8-07be5f9f9800', N'Nguyễn Đình Tạo');
INSERT INTO CovidChinhThuc.dbo.ChiTiet_NguoiCoCong (ID_ThongTin, NguoiTaoDL) VALUES ('4000cfb6-90d2-44a0-a2ba-6ad9fbe7f592', N'Nguyễn Đình Tạo');
-- row: [642]);
INSERT INTO CovidChinhThuc.dbo.CaNhan (ID, HoTen, NgaySinh, CMND, SinhNam, DiaChi, IDPhuongXa, IDQuanHuyen, SoKhaiSinh, NguoiTaoDL) VALUES ('be4f60be-9fbd-41a0-ba0a-9f335c5760e4', N'Trần Thị Thanh', '1931-01-01', '210840601', 1931, N'Phú Văn', 91, 7, NULL, N'Nguyễn Đình Tạo');
INSERT INTO CovidChinhThuc.dbo.ThongTinHoTro (ID, IDNoiDung, IDDoiTuong, IDCaNhan, NguoiTaoDL) VALUES ('1abe6ec9-7b95-423e-a197-656a289fa5f3', 6, '2DE801FE-8F9D-4CB2-A1C0-E61F4503CB74', 'be4f60be-9fbd-41a0-ba0a-9f335c5760e4', N'Nguyễn Đình Tạo');
INSERT INTO CovidChinhThuc.dbo.ChiTiet_NguoiCoCong (ID_ThongTin, NguoiTaoDL) VALUES ('1abe6ec9-7b95-423e-a197-656a289fa5f3', N'Nguyễn Đình Tạo');
-- row: [643]);
INSERT INTO CovidChinhThuc.dbo.CaNhan (ID, HoTen, NgaySinh, CMND, SinhNam, DiaChi, IDPhuongXa, IDQuanHuyen, SoKhaiSinh, NguoiTaoDL) VALUES ('21a2c2e1-a74b-4088-b6fe-c59d0f4235b6', N'Trần Thị Trúc Thanh', '1952-01-01', '210034780', 1952, N'Khối 3', 91, 7, NULL, N'Nguyễn Đình Tạo');
INSERT INTO CovidChinhThuc.dbo.ThongTinHoTro (ID, IDNoiDung, IDDoiTuong, IDCaNhan, NguoiTaoDL) VALUES ('70e6f2f8-c6f1-4ac7-bc87-ce220c293a18', 6, 'EDE2F0CC-2376-438A-B5FB-FACD867E38EF', '21a2c2e1-a74b-4088-b6fe-c59d0f4235b6', N'Nguyễn Đình Tạo');
INSERT INTO CovidChinhThuc.dbo.ChiTiet_NguoiCoCong (ID_ThongTin, NguoiTaoDL) VALUES ('70e6f2f8-c6f1-4ac7-bc87-ce220c293a18', N'Nguyễn Đình Tạo');
-- row: [644]);
INSERT INTO CovidChinhThuc.dbo.CaNhan (ID, HoTen, NgaySinh, CMND, SinhNam, DiaChi, IDPhuongXa, IDQuanHuyen, SoKhaiSinh, NguoiTaoDL) VALUES ('c77f12f5-6f31-4de3-adaf-b01f3bf37121', N'Trần Thị Vui', '1960-01-01', '210933799', 1960, N'Khối 3', 91, 7, NULL, N'Nguyễn Đình Tạo');
INSERT INTO CovidChinhThuc.dbo.ThongTinHoTro (ID, IDNoiDung, IDDoiTuong, IDCaNhan, NguoiTaoDL) VALUES ('026eac3a-238d-4ae6-b43e-d03b1e6dc590', 6, 'EDE2F0CC-2376-438A-B5FB-FACD867E38EF', 'c77f12f5-6f31-4de3-adaf-b01f3bf37121', N'Nguyễn Đình Tạo');
INSERT INTO CovidChinhThuc.dbo.ChiTiet_NguoiCoCong (ID_ThongTin, NguoiTaoDL) VALUES ('026eac3a-238d-4ae6-b43e-d03b1e6dc590', N'Nguyễn Đình Tạo');
-- row: [645]);
INSERT INTO CovidChinhThuc.dbo.CaNhan (ID, HoTen, NgaySinh, CMND, SinhNam, DiaChi, IDPhuongXa, IDQuanHuyen, SoKhaiSinh, NguoiTaoDL) VALUES ('567692c8-86df-4ab9-8971-5362f58dc301', N'Trần Văn Bảy', '1954-01-01', '211026654', 1954, N'Khối 3', 91, 7, NULL, N'Nguyễn Đình Tạo');
INSERT INTO CovidChinhThuc.dbo.ThongTinHoTro (ID, IDNoiDung, IDDoiTuong, IDCaNhan, NguoiTaoDL) VALUES ('515acb15-1457-4785-bda7-db770646cc9e', 6, 'EDE2F0CC-2376-438A-B5FB-FACD867E38EF', '567692c8-86df-4ab9-8971-5362f58dc301', N'Nguyễn Đình Tạo');
INSERT INTO CovidChinhThuc.dbo.ChiTiet_NguoiCoCong (ID_ThongTin, NguoiTaoDL) VALUES ('515acb15-1457-4785-bda7-db770646cc9e', N'Nguyễn Đình Tạo');
-- row: [646]);
INSERT INTO CovidChinhThuc.dbo.CaNhan (ID, HoTen, NgaySinh, CMND, SinhNam, DiaChi, IDPhuongXa, IDQuanHuyen, SoKhaiSinh, NguoiTaoDL) VALUES ('e78ad3d6-3598-4825-82e5-613f3218b7f5', N'Trần Văn Khai', '1950-01-01', '210912590', 1950, N'Hòa Lạc', 91, 7, NULL, N'Nguyễn Đình Tạo');
INSERT INTO CovidChinhThuc.dbo.ThongTinHoTro (ID, IDNoiDung, IDDoiTuong, IDCaNhan, NguoiTaoDL) VALUES ('da5f972e-8945-4bb6-bb36-6d9f1065b0f9', 6, 'EDE2F0CC-2376-438A-B5FB-FACD867E38EF', 'e78ad3d6-3598-4825-82e5-613f3218b7f5', N'Nguyễn Đình Tạo');
INSERT INTO CovidChinhThuc.dbo.ChiTiet_NguoiCoCong (ID_ThongTin, NguoiTaoDL) VALUES ('da5f972e-8945-4bb6-bb36-6d9f1065b0f9', N'Nguyễn Đình Tạo');
-- row: [647]);
INSERT INTO CovidChinhThuc.dbo.CaNhan (ID, HoTen, NgaySinh, CMND, SinhNam, DiaChi, IDPhuongXa, IDQuanHuyen, SoKhaiSinh, NguoiTaoDL) VALUES ('21d580f1-a084-4958-bb3d-efb914f76e0f', N'Trần Văn Mười', '1941-01-01', '210034143', 1941, N'Khối 5', 91, 7, NULL, N'Nguyễn Đình Tạo');
INSERT INTO CovidChinhThuc.dbo.ThongTinHoTro (ID, IDNoiDung, IDDoiTuong, IDCaNhan, NguoiTaoDL) VALUES ('ff342286-b449-4a12-a2a1-81ddf6973be2', 6, 'EDE2F0CC-2376-438A-B5FB-FACD867E38EF', '21d580f1-a084-4958-bb3d-efb914f76e0f', N'Nguyễn Đình Tạo');
INSERT INTO CovidChinhThuc.dbo.ChiTiet_NguoiCoCong (ID_ThongTin, NguoiTaoDL) VALUES ('ff342286-b449-4a12-a2a1-81ddf6973be2', N'Nguyễn Đình Tạo');
-- row: [648]);
INSERT INTO CovidChinhThuc.dbo.CaNhan (ID, HoTen, NgaySinh, CMND, SinhNam, DiaChi, IDPhuongXa, IDQuanHuyen, SoKhaiSinh, NguoiTaoDL) VALUES ('0a026b88-899c-4458-9834-9164919bc181', N'Trần Văn Tài', '1955-01-01', '210000826', 1955, N'Khối 4', 91, 7, NULL, N'Nguyễn Đình Tạo');
INSERT INTO CovidChinhThuc.dbo.ThongTinHoTro (ID, IDNoiDung, IDDoiTuong, IDCaNhan, NguoiTaoDL) VALUES ('b3203d02-912a-4d05-abbe-6fcfc1faee9e', 6, 'EDE2F0CC-2376-438A-B5FB-FACD867E38EF', '0a026b88-899c-4458-9834-9164919bc181', N'Nguyễn Đình Tạo');
INSERT INTO CovidChinhThuc.dbo.ChiTiet_NguoiCoCong (ID_ThongTin, NguoiTaoDL) VALUES ('b3203d02-912a-4d05-abbe-6fcfc1faee9e', N'Nguyễn Đình Tạo');
-- row: [649]);
INSERT INTO CovidChinhThuc.dbo.CaNhan (ID, HoTen, NgaySinh, CMND, SinhNam, DiaChi, IDPhuongXa, IDQuanHuyen, SoKhaiSinh, NguoiTaoDL) VALUES ('22778b79-704b-41d4-a1b7-6b4de0462e69', N'Trần Xiếp', '1954-01-01', '215478305', 1954, N'Phú Xuân', 91, 7, NULL, N'Nguyễn Đình Tạo');
INSERT INTO CovidChinhThuc.dbo.ThongTinHoTro (ID, IDNoiDung, IDDoiTuong, IDCaNhan, NguoiTaoDL) VALUES ('028ac494-2733-4af0-91e3-22278187fbee', 6, '3A65F299-2EFA-4982-BF70-81D7B5024935', '22778b79-704b-41d4-a1b7-6b4de0462e69', N'Nguyễn Đình Tạo');
INSERT INTO CovidChinhThuc.dbo.ChiTiet_NguoiCoCong (ID_ThongTin, NguoiTaoDL) VALUES ('028ac494-2733-4af0-91e3-22278187fbee', N'Nguyễn Đình Tạo');
-- row: [650]);
INSERT INTO CovidChinhThuc.dbo.CaNhan (ID, HoTen, NgaySinh, CMND, SinhNam, DiaChi, IDPhuongXa, IDQuanHuyen, SoKhaiSinh, NguoiTaoDL) VALUES ('a3b071fe-38b0-4f72-8bf0-76ae022fdc83', N'Trần Xuân Đào', '1948-01-01', '210034329', 1948, N'Khối 5', 91, 7, NULL, N'Nguyễn Đình Tạo');
INSERT INTO CovidChinhThuc.dbo.ThongTinHoTro (ID, IDNoiDung, IDDoiTuong, IDCaNhan, NguoiTaoDL) VALUES ('c84c1c5c-23b3-47df-9f31-9e9ab1e21196', 6, 'EDE2F0CC-2376-438A-B5FB-FACD867E38EF', 'a3b071fe-38b0-4f72-8bf0-76ae022fdc83', N'Nguyễn Đình Tạo');
INSERT INTO CovidChinhThuc.dbo.ChiTiet_NguoiCoCong (ID_ThongTin, NguoiTaoDL) VALUES ('c84c1c5c-23b3-47df-9f31-9e9ab1e21196', N'Nguyễn Đình Tạo');
-- row: [651]);
INSERT INTO CovidChinhThuc.dbo.CaNhan (ID, HoTen, NgaySinh, CMND, SinhNam, DiaChi, IDPhuongXa, IDQuanHuyen, SoKhaiSinh, NguoiTaoDL) VALUES ('deb6b345-ce7c-49d4-93bc-47abe1dceb1e', N'Trương Duy Hùng', '1958-01-01', '215242246', 1958, N'Khối', 91, 7, NULL, N'Nguyễn Đình Tạo');
INSERT INTO CovidChinhThuc.dbo.ThongTinHoTro (ID, IDNoiDung, IDDoiTuong, IDCaNhan, NguoiTaoDL) VALUES ('8fdb50b2-ece6-4e80-ab92-d63f165f13cd', 6, 'EDE2F0CC-2376-438A-B5FB-FACD867E38EF', 'deb6b345-ce7c-49d4-93bc-47abe1dceb1e', N'Nguyễn Đình Tạo');
INSERT INTO CovidChinhThuc.dbo.ChiTiet_NguoiCoCong (ID_ThongTin, NguoiTaoDL) VALUES ('8fdb50b2-ece6-4e80-ab92-d63f165f13cd', N'Nguyễn Đình Tạo');
-- row: [652]);
INSERT INTO CovidChinhThuc.dbo.CaNhan (ID, HoTen, NgaySinh, CMND, SinhNam, DiaChi, IDPhuongXa, IDQuanHuyen, SoKhaiSinh, NguoiTaoDL) VALUES ('9ac8d6da-cffa-4fbe-b9c3-616fce420869', N'Trương Thị Xước', '1930-01-01', '210916637', 1930, N'Phú Xuân', 91, 7, NULL, N'Nguyễn Đình Tạo');
INSERT INTO CovidChinhThuc.dbo.ThongTinHoTro (ID, IDNoiDung, IDDoiTuong, IDCaNhan, NguoiTaoDL) VALUES ('88bdffe6-012b-4cf9-b1b9-43c7f07b4272', 6, '2DE801FE-8F9D-4CB2-A1C0-E61F4503CB74', '9ac8d6da-cffa-4fbe-b9c3-616fce420869', N'Nguyễn Đình Tạo');
INSERT INTO CovidChinhThuc.dbo.ChiTiet_NguoiCoCong (ID_ThongTin, NguoiTaoDL) VALUES ('88bdffe6-012b-4cf9-b1b9-43c7f07b4272', N'Nguyễn Đình Tạo');
-- row: [653]);
INSERT INTO CovidChinhThuc.dbo.CaNhan (ID, HoTen, NgaySinh, CMND, SinhNam, DiaChi, IDPhuongXa, IDQuanHuyen, SoKhaiSinh, NguoiTaoDL) VALUES ('3232a0b9-1307-4e9b-bb84-bf3014473f42', N'Văn Hiệp', '1951-01-01', '210034844', 1951, N'Khối 4', 91, 7, NULL, N'Nguyễn Đình Tạo');
INSERT INTO CovidChinhThuc.dbo.ThongTinHoTro (ID, IDNoiDung, IDDoiTuong, IDCaNhan, NguoiTaoDL) VALUES ('a17e4a37-fc26-49c9-b4d8-a587139aa76f', 6, 'EDE2F0CC-2376-438A-B5FB-FACD867E38EF', '3232a0b9-1307-4e9b-bb84-bf3014473f42', N'Nguyễn Đình Tạo');
INSERT INTO CovidChinhThuc.dbo.ChiTiet_NguoiCoCong (ID_ThongTin, NguoiTaoDL) VALUES ('a17e4a37-fc26-49c9-b4d8-a587139aa76f', N'Nguyễn Đình Tạo');
-- row: [654]);
INSERT INTO CovidChinhThuc.dbo.CaNhan (ID, HoTen, NgaySinh, CMND, SinhNam, DiaChi, IDPhuongXa, IDQuanHuyen, SoKhaiSinh, NguoiTaoDL) VALUES ('a17bfc12-f50c-40cc-9e9a-0a68bf971a56', N'Võ Công Đoàn', '1950-01-01', '210140246', 1950, N'Khối 3', 91, 7, NULL, N'Nguyễn Đình Tạo');
INSERT INTO CovidChinhThuc.dbo.ThongTinHoTro (ID, IDNoiDung, IDDoiTuong, IDCaNhan, NguoiTaoDL) VALUES ('b87adf8e-430d-44a4-b8d0-649e45d841ab', 6, 'EDE2F0CC-2376-438A-B5FB-FACD867E38EF', 'a17bfc12-f50c-40cc-9e9a-0a68bf971a56', N'Nguyễn Đình Tạo');
INSERT INTO CovidChinhThuc.dbo.ChiTiet_NguoiCoCong (ID_ThongTin, NguoiTaoDL) VALUES ('b87adf8e-430d-44a4-b8d0-649e45d841ab', N'Nguyễn Đình Tạo');
-- row: [655]);
INSERT INTO CovidChinhThuc.dbo.CaNhan (ID, HoTen, NgaySinh, CMND, SinhNam, DiaChi, IDPhuongXa, IDQuanHuyen, SoKhaiSinh, NguoiTaoDL) VALUES ('59c2ff3c-2dd9-4f63-b819-60b23963c773', N'Võ Đình Khôi', '1922-01-01', '211026672', 1922, N'Khối 4', 91, 7, NULL, N'Nguyễn Đình Tạo');
INSERT INTO CovidChinhThuc.dbo.ThongTinHoTro (ID, IDNoiDung, IDDoiTuong, IDCaNhan, NguoiTaoDL) VALUES ('40995265-f64d-4d10-9f2a-1d28d3ab2881', 6, 'EDE2F0CC-2376-438A-B5FB-FACD867E38EF', '59c2ff3c-2dd9-4f63-b819-60b23963c773', N'Nguyễn Đình Tạo');
INSERT INTO CovidChinhThuc.dbo.ChiTiet_NguoiCoCong (ID_ThongTin, NguoiTaoDL) VALUES ('40995265-f64d-4d10-9f2a-1d28d3ab2881', N'Nguyễn Đình Tạo');
-- row: [656]);
INSERT INTO CovidChinhThuc.dbo.CaNhan (ID, HoTen, NgaySinh, CMND, SinhNam, DiaChi, IDPhuongXa, IDQuanHuyen, SoKhaiSinh, NguoiTaoDL) VALUES ('a4fd7b83-c637-4900-8d8a-ba1c1840f85c', N'Võ Duy Trinh', '1944-01-01', '210034774', 1944, N'Khối 3', 91, 7, NULL, N'Nguyễn Đình Tạo');
INSERT INTO CovidChinhThuc.dbo.ThongTinHoTro (ID, IDNoiDung, IDDoiTuong, IDCaNhan, NguoiTaoDL) VALUES ('60e2d5e4-993b-4263-b711-f1af068a7a2c', 6, 'EDE2F0CC-2376-438A-B5FB-FACD867E38EF', 'a4fd7b83-c637-4900-8d8a-ba1c1840f85c', N'Nguyễn Đình Tạo');
INSERT INTO CovidChinhThuc.dbo.ChiTiet_NguoiCoCong (ID_ThongTin, NguoiTaoDL) VALUES ('60e2d5e4-993b-4263-b711-f1af068a7a2c', N'Nguyễn Đình Tạo');
-- row: [657]);
INSERT INTO CovidChinhThuc.dbo.CaNhan (ID, HoTen, NgaySinh, CMND, SinhNam, DiaChi, IDPhuongXa, IDQuanHuyen, SoKhaiSinh, NguoiTaoDL) VALUES ('f607859f-3ad5-44c4-958a-241753a8c0c0', N'Võ Sở Hược', '1947-01-01', '211026633', 1947, N'Khối 3', 91, 7, NULL, N'Nguyễn Đình Tạo');
INSERT INTO CovidChinhThuc.dbo.ThongTinHoTro (ID, IDNoiDung, IDDoiTuong, IDCaNhan, NguoiTaoDL) VALUES ('1f28e4a7-8fde-4e39-b9a3-196c525668dd', 6, 'EDE2F0CC-2376-438A-B5FB-FACD867E38EF', 'f607859f-3ad5-44c4-958a-241753a8c0c0', N'Nguyễn Đình Tạo');
INSERT INTO CovidChinhThuc.dbo.ChiTiet_NguoiCoCong (ID_ThongTin, NguoiTaoDL) VALUES ('1f28e4a7-8fde-4e39-b9a3-196c525668dd', N'Nguyễn Đình Tạo');
-- row: [658]);
INSERT INTO CovidChinhThuc.dbo.CaNhan (ID, HoTen, NgaySinh, CMND, SinhNam, DiaChi, IDPhuongXa, IDQuanHuyen, SoKhaiSinh, NguoiTaoDL) VALUES ('4a851f53-b30d-4df1-8999-4c2120095fd4', N'Võ Thanh Kiều', '1952-01-01', '215001865', 1952, N'Khối 3', 91, 7, NULL, N'Nguyễn Đình Tạo');
INSERT INTO CovidChinhThuc.dbo.ThongTinHoTro (ID, IDNoiDung, IDDoiTuong, IDCaNhan, NguoiTaoDL) VALUES ('cd2f40d9-e527-4ff9-b40b-9b137e2308ad', 6, 'EDE2F0CC-2376-438A-B5FB-FACD867E38EF', '4a851f53-b30d-4df1-8999-4c2120095fd4', N'Nguyễn Đình Tạo');
INSERT INTO CovidChinhThuc.dbo.ChiTiet_NguoiCoCong (ID_ThongTin, NguoiTaoDL) VALUES ('cd2f40d9-e527-4ff9-b40b-9b137e2308ad', N'Nguyễn Đình Tạo');
-- row: [659]);
INSERT INTO CovidChinhThuc.dbo.CaNhan (ID, HoTen, NgaySinh, CMND, SinhNam, DiaChi, IDPhuongXa, IDQuanHuyen, SoKhaiSinh, NguoiTaoDL) VALUES ('73db9226-4939-41d6-b814-169a73b16cd2', N'Võ Thị Khẩn', '1955-01-01', '210927234', 1955, N'Thuận Nghĩa', 91, 7, NULL, N'Nguyễn Đình Tạo');
INSERT INTO CovidChinhThuc.dbo.ThongTinHoTro (ID, IDNoiDung, IDDoiTuong, IDCaNhan, NguoiTaoDL) VALUES ('c1079954-e9f9-42c4-b32b-766a2c01ffc7', 6, 'EDE2F0CC-2376-438A-B5FB-FACD867E38EF', '73db9226-4939-41d6-b814-169a73b16cd2', N'Nguyễn Đình Tạo');
INSERT INTO CovidChinhThuc.dbo.ChiTiet_NguoiCoCong (ID_ThongTin, NguoiTaoDL) VALUES ('c1079954-e9f9-42c4-b32b-766a2c01ffc7', N'Nguyễn Đình Tạo');
-- row: [660]);
INSERT INTO CovidChinhThuc.dbo.CaNhan (ID, HoTen, NgaySinh, CMND, SinhNam, DiaChi, IDPhuongXa, IDQuanHuyen, SoKhaiSinh, NguoiTaoDL) VALUES ('13a82765-453c-4bd1-b417-94b3a229f0bb', N'Võ Thị Ngọc Hoa', '1954-06-01', '210034170', 1954, N'Khối 3', 91, 7, NULL, N'Nguyễn Đình Tạo');
INSERT INTO CovidChinhThuc.dbo.ThongTinHoTro (ID, IDNoiDung, IDDoiTuong, IDCaNhan, NguoiTaoDL) VALUES ('69758cd9-8a4a-424c-812e-8faae740982f', 6, 'EDE2F0CC-2376-438A-B5FB-FACD867E38EF', '13a82765-453c-4bd1-b417-94b3a229f0bb', N'Nguyễn Đình Tạo');
INSERT INTO CovidChinhThuc.dbo.ChiTiet_NguoiCoCong (ID_ThongTin, NguoiTaoDL) VALUES ('69758cd9-8a4a-424c-812e-8faae740982f', N'Nguyễn Đình Tạo');
-- row: [661]);
INSERT INTO CovidChinhThuc.dbo.CaNhan (ID, HoTen, NgaySinh, CMND, SinhNam, DiaChi, IDPhuongXa, IDQuanHuyen, SoKhaiSinh, NguoiTaoDL) VALUES ('09565652-80af-43bf-a3ef-a6223b7f86b8', N'Võ Thi Sỹ', '1939-01-01', '210034107', 1939, N'Khối 3', 91, 7, NULL, N'Nguyễn Đình Tạo');
INSERT INTO CovidChinhThuc.dbo.ThongTinHoTro (ID, IDNoiDung, IDDoiTuong, IDCaNhan, NguoiTaoDL) VALUES ('f6c32c00-5ecd-4d21-b9f4-97b18cb5d124', 6, 'EDE2F0CC-2376-438A-B5FB-FACD867E38EF', '09565652-80af-43bf-a3ef-a6223b7f86b8', N'Nguyễn Đình Tạo');
INSERT INTO CovidChinhThuc.dbo.ChiTiet_NguoiCoCong (ID_ThongTin, NguoiTaoDL) VALUES ('f6c32c00-5ecd-4d21-b9f4-97b18cb5d124', N'Nguyễn Đình Tạo');
-- row: [662]);
INSERT INTO CovidChinhThuc.dbo.CaNhan (ID, HoTen, NgaySinh, CMND, SinhNam, DiaChi, IDPhuongXa, IDQuanHuyen, SoKhaiSinh, NguoiTaoDL) VALUES ('5c1298d0-d527-43a0-aa59-9b12b1261635', N'Võ Thị Xơ', '1948-01-01', '210034586', 1948, N'Khối 3', 91, 7, NULL, N'Nguyễn Đình Tạo');
INSERT INTO CovidChinhThuc.dbo.ThongTinHoTro (ID, IDNoiDung, IDDoiTuong, IDCaNhan, NguoiTaoDL) VALUES ('bac7e42f-acd2-432b-9b17-717f803b1f16', 6, 'EDE2F0CC-2376-438A-B5FB-FACD867E38EF', '5c1298d0-d527-43a0-aa59-9b12b1261635', N'Nguyễn Đình Tạo');
INSERT INTO CovidChinhThuc.dbo.ChiTiet_NguoiCoCong (ID_ThongTin, NguoiTaoDL) VALUES ('bac7e42f-acd2-432b-9b17-717f803b1f16', N'Nguyễn Đình Tạo');
-- row: [663]);
INSERT INTO CovidChinhThuc.dbo.CaNhan (ID, HoTen, NgaySinh, CMND, SinhNam, DiaChi, IDPhuongXa, IDQuanHuyen, SoKhaiSinh, NguoiTaoDL) VALUES ('6fecd004-d725-408e-b719-6474e15be72d', N'Võ Văn Minh', '1959-01-01', '211704977', 1959, N'Phú Xuân', 91, 7, NULL, N'Nguyễn Đình Tạo');
INSERT INTO CovidChinhThuc.dbo.ThongTinHoTro (ID, IDNoiDung, IDDoiTuong, IDCaNhan, NguoiTaoDL) VALUES ('e5ee898c-8e1d-43ce-a3fd-8d0e5f03307d', 6, '78AC3F79-5C50-4ACB-B626-E51ED3D4E8E5', '6fecd004-d725-408e-b719-6474e15be72d', N'Nguyễn Đình Tạo');
INSERT INTO CovidChinhThuc.dbo.ChiTiet_NguoiCoCong (ID_ThongTin, NguoiTaoDL) VALUES ('e5ee898c-8e1d-43ce-a3fd-8d0e5f03307d', N'Nguyễn Đình Tạo');
-- row: [664]);
INSERT INTO CovidChinhThuc.dbo.CaNhan (ID, HoTen, NgaySinh, CMND, SinhNam, DiaChi, IDPhuongXa, IDQuanHuyen, SoKhaiSinh, NguoiTaoDL) VALUES ('d5be5a4f-783c-4b24-91ea-09aaf494d106', N'Võ Văn Trọng', '1963-01-01', '210912044', 1963, N'Hòa Lạc', 91, 7, NULL, N'Nguyễn Đình Tạo');
INSERT INTO CovidChinhThuc.dbo.ThongTinHoTro (ID, IDNoiDung, IDDoiTuong, IDCaNhan, NguoiTaoDL) VALUES ('6312a45f-b8cd-4f1e-9379-8bbda82dff96', 6, 'EDE2F0CC-2376-438A-B5FB-FACD867E38EF', 'd5be5a4f-783c-4b24-91ea-09aaf494d106', N'Nguyễn Đình Tạo');
INSERT INTO CovidChinhThuc.dbo.ChiTiet_NguoiCoCong (ID_ThongTin, NguoiTaoDL) VALUES ('6312a45f-b8cd-4f1e-9379-8bbda82dff96', N'Nguyễn Đình Tạo');
-- row: [665]);
INSERT INTO CovidChinhThuc.dbo.CaNhan (ID, HoTen, NgaySinh, CMND, SinhNam, DiaChi, IDPhuongXa, IDQuanHuyen, SoKhaiSinh, NguoiTaoDL) VALUES ('442b2a35-c6a8-4f6f-a03e-b7b7248025a8', N'Bùi Thị Thu', '1947-01-01', '210170622', 1947, N'Kiên Long', 96, 7, NULL, N'Nguyễn Đình Tạo');
INSERT INTO CovidChinhThuc.dbo.ThongTinHoTro (ID, IDNoiDung, IDDoiTuong, IDCaNhan, NguoiTaoDL) VALUES ('0366d21b-f932-4274-9a4a-b00a1e9104c5', 6, '3A65F299-2EFA-4982-BF70-81D7B5024935', '442b2a35-c6a8-4f6f-a03e-b7b7248025a8', N'Nguyễn Đình Tạo');
INSERT INTO CovidChinhThuc.dbo.ChiTiet_NguoiCoCong (ID_ThongTin, NguoiTaoDL) VALUES ('0366d21b-f932-4274-9a4a-b00a1e9104c5', N'Nguyễn Đình Tạo');
-- row: [666]);
INSERT INTO CovidChinhThuc.dbo.CaNhan (ID, HoTen, NgaySinh, CMND, SinhNam, DiaChi, IDPhuongXa, IDQuanHuyen, SoKhaiSinh, NguoiTaoDL) VALUES ('eca008fc-8be7-4224-a635-faf2b400ad64', N'Đặng Thị Khanh', '1938-01-01', '210857526', 1938, N'Kiên Long', 96, 7, NULL, N'Nguyễn Đình Tạo');
INSERT INTO CovidChinhThuc.dbo.ThongTinHoTro (ID, IDNoiDung, IDDoiTuong, IDCaNhan, NguoiTaoDL) VALUES ('ff1af941-ec0c-405d-969e-b878f6854248', 6, '3A65F299-2EFA-4982-BF70-81D7B5024935', 'eca008fc-8be7-4224-a635-faf2b400ad64', N'Nguyễn Đình Tạo');
INSERT INTO CovidChinhThuc.dbo.ChiTiet_NguoiCoCong (ID_ThongTin, NguoiTaoDL) VALUES ('ff1af941-ec0c-405d-969e-b878f6854248', N'Nguyễn Đình Tạo');
-- row: [667]);
INSERT INTO CovidChinhThuc.dbo.CaNhan (ID, HoTen, NgaySinh, CMND, SinhNam, DiaChi, IDPhuongXa, IDQuanHuyen, SoKhaiSinh, NguoiTaoDL) VALUES ('73d76b6f-cb31-4697-9a4c-9993711ad328', N'Đặng Thị Lang', '1912-01-01', '215174579', 1912, N'Kiên Ngãi', 96, 7, NULL, N'Nguyễn Đình Tạo');
INSERT INTO CovidChinhThuc.dbo.ThongTinHoTro (ID, IDNoiDung, IDDoiTuong, IDCaNhan, NguoiTaoDL) VALUES ('410a84d4-6e95-407d-aaee-9e1f955c4e2f', 6, '3A65F299-2EFA-4982-BF70-81D7B5024935', '73d76b6f-cb31-4697-9a4c-9993711ad328', N'Nguyễn Đình Tạo');
INSERT INTO CovidChinhThuc.dbo.ChiTiet_NguoiCoCong (ID_ThongTin, NguoiTaoDL) VALUES ('410a84d4-6e95-407d-aaee-9e1f955c4e2f', N'Nguyễn Đình Tạo');
-- row: [668]);
INSERT INTO CovidChinhThuc.dbo.CaNhan (ID, HoTen, NgaySinh, CMND, SinhNam, DiaChi, IDPhuongXa, IDQuanHuyen, SoKhaiSinh, NguoiTaoDL) VALUES ('6aa71e44-5b15-4cdc-8183-a6e5b6dd1284', N'Đặng Thị Tuyết Mai', '1955-01-01', '210037808', 1955, N'Phú Lạc', 96, 7, NULL, N'Nguyễn Đình Tạo');
INSERT INTO CovidChinhThuc.dbo.ThongTinHoTro (ID, IDNoiDung, IDDoiTuong, IDCaNhan, NguoiTaoDL) VALUES ('42fd87be-8a02-4ccd-ac52-bd043e92a0c5', 6, 'EDE2F0CC-2376-438A-B5FB-FACD867E38EF', '6aa71e44-5b15-4cdc-8183-a6e5b6dd1284', N'Nguyễn Đình Tạo');
INSERT INTO CovidChinhThuc.dbo.ChiTiet_NguoiCoCong (ID_ThongTin, NguoiTaoDL) VALUES ('42fd87be-8a02-4ccd-ac52-bd043e92a0c5', N'Nguyễn Đình Tạo');
-- row: [669]);
INSERT INTO CovidChinhThuc.dbo.CaNhan (ID, HoTen, NgaySinh, CMND, SinhNam, DiaChi, IDPhuongXa, IDQuanHuyen, SoKhaiSinh, NguoiTaoDL) VALUES ('fca89adf-b633-4bdc-b5e5-8afe097311c3', N'Dương Thị Phụng', '1959-01-01', '210857850', 1959, N'Phú Lạc', 96, 7, NULL, N'Nguyễn Đình Tạo');
INSERT INTO CovidChinhThuc.dbo.ThongTinHoTro (ID, IDNoiDung, IDDoiTuong, IDCaNhan, NguoiTaoDL) VALUES ('77841250-d41c-455f-af58-2d108af8cb70', 6, 'EDE2F0CC-2376-438A-B5FB-FACD867E38EF', 'fca89adf-b633-4bdc-b5e5-8afe097311c3', N'Nguyễn Đình Tạo');
INSERT INTO CovidChinhThuc.dbo.ChiTiet_NguoiCoCong (ID_ThongTin, NguoiTaoDL) VALUES ('77841250-d41c-455f-af58-2d108af8cb70', N'Nguyễn Đình Tạo');
-- row: [670]);
INSERT INTO CovidChinhThuc.dbo.CaNhan (ID, HoTen, NgaySinh, CMND, SinhNam, DiaChi, IDPhuongXa, IDQuanHuyen, SoKhaiSinh, NguoiTaoDL) VALUES ('d7e40379-dcd9-4d88-8334-764f10e59c25', N'Dương Thị Thường', '1956-01-01', '211361572', 1956, N'Phú Lạc', 96, 7, NULL, N'Nguyễn Đình Tạo');
INSERT INTO CovidChinhThuc.dbo.ThongTinHoTro (ID, IDNoiDung, IDDoiTuong, IDCaNhan, NguoiTaoDL) VALUES ('4bf50b56-3c6a-40f5-be09-f4ba25a088b6', 6, 'EDE2F0CC-2376-438A-B5FB-FACD867E38EF', 'd7e40379-dcd9-4d88-8334-764f10e59c25', N'Nguyễn Đình Tạo');
INSERT INTO CovidChinhThuc.dbo.ChiTiet_NguoiCoCong (ID_ThongTin, NguoiTaoDL) VALUES ('4bf50b56-3c6a-40f5-be09-f4ba25a088b6', N'Nguyễn Đình Tạo');
-- row: [671]);
INSERT INTO CovidChinhThuc.dbo.CaNhan (ID, HoTen, NgaySinh, CMND, SinhNam, DiaChi, IDPhuongXa, IDQuanHuyen, SoKhaiSinh, NguoiTaoDL) VALUES ('024d7f8b-cbdf-405f-a803-f3919039e2b0', N'Hồ Thị Nhung', '1921-01-01', '210856062', 1921, N'Phú Lạc', 96, 7, NULL, N'Nguyễn Đình Tạo');
INSERT INTO CovidChinhThuc.dbo.ThongTinHoTro (ID, IDNoiDung, IDDoiTuong, IDCaNhan, NguoiTaoDL) VALUES ('90414dc2-f9b4-4c5b-b85f-92111e6f0076', 6, 'EDE2F0CC-2376-438A-B5FB-FACD867E38EF', '024d7f8b-cbdf-405f-a803-f3919039e2b0', N'Nguyễn Đình Tạo');
INSERT INTO CovidChinhThuc.dbo.ChiTiet_NguoiCoCong (ID_ThongTin, NguoiTaoDL) VALUES ('90414dc2-f9b4-4c5b-b85f-92111e6f0076', N'Nguyễn Đình Tạo');
-- row: [672]);
INSERT INTO CovidChinhThuc.dbo.CaNhan (ID, HoTen, NgaySinh, CMND, SinhNam, DiaChi, IDPhuongXa, IDQuanHuyen, SoKhaiSinh, NguoiTaoDL) VALUES ('68e012ef-47c3-4148-ab7b-1be842d03c1a', N'Hồ Thị Vân', '1940-01-01', '210856244', 1940, N'Phú Lạc', 96, 7, NULL, N'Nguyễn Đình Tạo');
INSERT INTO CovidChinhThuc.dbo.ThongTinHoTro (ID, IDNoiDung, IDDoiTuong, IDCaNhan, NguoiTaoDL) VALUES ('cab0bae6-d454-44b7-82c3-9835ce1a48e7', 6, NULL, '68e012ef-47c3-4148-ab7b-1be842d03c1a', N'Nguyễn Đình Tạo');
INSERT INTO CovidChinhThuc.dbo.ChiTiet_NguoiCoCong (ID_ThongTin, NguoiTaoDL) VALUES ('cab0bae6-d454-44b7-82c3-9835ce1a48e7', N'Nguyễn Đình Tạo');
-- row: [673]);
INSERT INTO CovidChinhThuc.dbo.CaNhan (ID, HoTen, NgaySinh, CMND, SinhNam, DiaChi, IDPhuongXa, IDQuanHuyen, SoKhaiSinh, NguoiTaoDL) VALUES ('5887c2cb-0eff-4c15-8da3-bdd73c5f1641', N'Huỳnh Đồng', '1928-01-01', '210858000', 1928, N'An Dõng', 96, 7, NULL, N'Nguyễn Đình Tạo');
INSERT INTO CovidChinhThuc.dbo.ThongTinHoTro (ID, IDNoiDung, IDDoiTuong, IDCaNhan, NguoiTaoDL) VALUES ('7addd449-5c3c-44dd-847b-b63a8e2b9b2f', 6, '3A65F299-2EFA-4982-BF70-81D7B5024935', '5887c2cb-0eff-4c15-8da3-bdd73c5f1641', N'Nguyễn Đình Tạo');
INSERT INTO CovidChinhThuc.dbo.ChiTiet_NguoiCoCong (ID_ThongTin, NguoiTaoDL) VALUES ('7addd449-5c3c-44dd-847b-b63a8e2b9b2f', N'Nguyễn Đình Tạo');
-- row: [674]);
INSERT INTO CovidChinhThuc.dbo.CaNhan (ID, HoTen, NgaySinh, CMND, SinhNam, DiaChi, IDPhuongXa, IDQuanHuyen, SoKhaiSinh, NguoiTaoDL) VALUES ('ab5744b0-3511-4c21-8d16-afeb6878415e', N'Huỳnh Thị Cảnh', '1935-01-01', '210856435', 1935, N'Phú Lạc', 96, 7, NULL, N'Nguyễn Đình Tạo');
INSERT INTO CovidChinhThuc.dbo.ThongTinHoTro (ID, IDNoiDung, IDDoiTuong, IDCaNhan, NguoiTaoDL) VALUES ('94079418-a8aa-4bcd-82d3-da86875ca121', 6, 'EDE2F0CC-2376-438A-B5FB-FACD867E38EF', 'ab5744b0-3511-4c21-8d16-afeb6878415e', N'Nguyễn Đình Tạo');
INSERT INTO CovidChinhThuc.dbo.ChiTiet_NguoiCoCong (ID_ThongTin, NguoiTaoDL) VALUES ('94079418-a8aa-4bcd-82d3-da86875ca121', N'Nguyễn Đình Tạo');
-- row: [675]);
INSERT INTO CovidChinhThuc.dbo.CaNhan (ID, HoTen, NgaySinh, CMND, SinhNam, DiaChi, IDPhuongXa, IDQuanHuyen, SoKhaiSinh, NguoiTaoDL) VALUES ('a5a79dcc-0065-4f07-ad37-4f888ae93b9b', N'Huỳnh Thị Lang', '1947-01-01', '210940088', 1947, N'An Dõng', 96, 7, NULL, N'Nguyễn Đình Tạo');
INSERT INTO CovidChinhThuc.dbo.ThongTinHoTro (ID, IDNoiDung, IDDoiTuong, IDCaNhan, NguoiTaoDL) VALUES ('69fa7d57-b206-43fa-bddb-93d5108a0b2e', 6, '3A65F299-2EFA-4982-BF70-81D7B5024935', 'a5a79dcc-0065-4f07-ad37-4f888ae93b9b', N'Nguyễn Đình Tạo');
INSERT INTO CovidChinhThuc.dbo.ChiTiet_NguoiCoCong (ID_ThongTin, NguoiTaoDL) VALUES ('69fa7d57-b206-43fa-bddb-93d5108a0b2e', N'Nguyễn Đình Tạo');
-- row: [676]);
INSERT INTO CovidChinhThuc.dbo.CaNhan (ID, HoTen, NgaySinh, CMND, SinhNam, DiaChi, IDPhuongXa, IDQuanHuyen, SoKhaiSinh, NguoiTaoDL) VALUES ('5791fb39-9e40-459c-b48c-de66257e5e8e', N'Lê Thị Bông', '1937-01-01', '210855885', 1937, N'Phú Lạc', 96, 7, NULL, N'Nguyễn Đình Tạo');
INSERT INTO CovidChinhThuc.dbo.ThongTinHoTro (ID, IDNoiDung, IDDoiTuong, IDCaNhan, NguoiTaoDL) VALUES ('0bd44431-0ed1-4f4b-b0b5-9ee24f9ef782', 6, '3A65F299-2EFA-4982-BF70-81D7B5024935', '5791fb39-9e40-459c-b48c-de66257e5e8e', N'Nguyễn Đình Tạo');
INSERT INTO CovidChinhThuc.dbo.ChiTiet_NguoiCoCong (ID_ThongTin, NguoiTaoDL) VALUES ('0bd44431-0ed1-4f4b-b0b5-9ee24f9ef782', N'Nguyễn Đình Tạo');
-- row: [677]);
INSERT INTO CovidChinhThuc.dbo.CaNhan (ID, HoTen, NgaySinh, CMND, SinhNam, DiaChi, IDPhuongXa, IDQuanHuyen, SoKhaiSinh, NguoiTaoDL) VALUES ('82459f3e-8ce6-4cd6-8f3e-7130376103f0', N'Lê Văn Dần', '1959-01-01', '211872687', 1959, N'Kiên Long', 96, 7, NULL, N'Nguyễn Đình Tạo');
INSERT INTO CovidChinhThuc.dbo.ThongTinHoTro (ID, IDNoiDung, IDDoiTuong, IDCaNhan, NguoiTaoDL) VALUES ('cdcdf277-e63c-436d-a8d0-500f72667106', 6, 'EDE2F0CC-2376-438A-B5FB-FACD867E38EF', '82459f3e-8ce6-4cd6-8f3e-7130376103f0', N'Nguyễn Đình Tạo');
INSERT INTO CovidChinhThuc.dbo.ChiTiet_NguoiCoCong (ID_ThongTin, NguoiTaoDL) VALUES ('cdcdf277-e63c-436d-a8d0-500f72667106', N'Nguyễn Đình Tạo');
-- row: [678]);
INSERT INTO CovidChinhThuc.dbo.CaNhan (ID, HoTen, NgaySinh, CMND, SinhNam, DiaChi, IDPhuongXa, IDQuanHuyen, SoKhaiSinh, NguoiTaoDL) VALUES ('11dccd86-3362-4deb-8dd0-f45087db0766', N'Lê Xuân Lợi', '1957-01-01', '210856520', 1957, N'Phú Lạc', 96, 7, NULL, N'Nguyễn Đình Tạo');
INSERT INTO CovidChinhThuc.dbo.ThongTinHoTro (ID, IDNoiDung, IDDoiTuong, IDCaNhan, NguoiTaoDL) VALUES ('c37a2815-5e7f-4ba3-8b7c-1ae2468e8779', 6, 'EDE2F0CC-2376-438A-B5FB-FACD867E38EF', '11dccd86-3362-4deb-8dd0-f45087db0766', N'Nguyễn Đình Tạo');
INSERT INTO CovidChinhThuc.dbo.ChiTiet_NguoiCoCong (ID_ThongTin, NguoiTaoDL) VALUES ('c37a2815-5e7f-4ba3-8b7c-1ae2468e8779', N'Nguyễn Đình Tạo');
-- row: [679]);
INSERT INTO CovidChinhThuc.dbo.CaNhan (ID, HoTen, NgaySinh, CMND, SinhNam, DiaChi, IDPhuongXa, IDQuanHuyen, SoKhaiSinh, NguoiTaoDL) VALUES ('276217d7-5601-4aee-8d09-652d2023709e', N'Mạc Thị Hạ', '1956-01-01', '211191168', 1956, N'An Dõng', 96, 7, NULL, N'Nguyễn Đình Tạo');
INSERT INTO CovidChinhThuc.dbo.ThongTinHoTro (ID, IDNoiDung, IDDoiTuong, IDCaNhan, NguoiTaoDL) VALUES ('3b26c92b-bd33-432d-87ac-26a318d98f81', 6, NULL, '276217d7-5601-4aee-8d09-652d2023709e', N'Nguyễn Đình Tạo');
INSERT INTO CovidChinhThuc.dbo.ChiTiet_NguoiCoCong (ID_ThongTin, NguoiTaoDL) VALUES ('3b26c92b-bd33-432d-87ac-26a318d98f81', N'Nguyễn Đình Tạo');
-- row: [680]);
INSERT INTO CovidChinhThuc.dbo.CaNhan (ID, HoTen, NgaySinh, CMND, SinhNam, DiaChi, IDPhuongXa, IDQuanHuyen, SoKhaiSinh, NguoiTaoDL) VALUES ('e853ec4b-7f6a-4551-a7bf-58f73d948181', N'Mạc Thị Thảnh', '1935-01-01', '210028910', 1935, N'Phú Lạc', 96, 7, NULL, N'Nguyễn Đình Tạo');
INSERT INTO CovidChinhThuc.dbo.ThongTinHoTro (ID, IDNoiDung, IDDoiTuong, IDCaNhan, NguoiTaoDL) VALUES ('72929be8-1fed-4f9f-9229-88d22743d8dd', 6, 'EDE2F0CC-2376-438A-B5FB-FACD867E38EF', 'e853ec4b-7f6a-4551-a7bf-58f73d948181', N'Nguyễn Đình Tạo');
INSERT INTO CovidChinhThuc.dbo.ChiTiet_NguoiCoCong (ID_ThongTin, NguoiTaoDL) VALUES ('72929be8-1fed-4f9f-9229-88d22743d8dd', N'Nguyễn Đình Tạo');
-- row: [681]);
INSERT INTO CovidChinhThuc.dbo.CaNhan (ID, HoTen, NgaySinh, CMND, SinhNam, DiaChi, IDPhuongXa, IDQuanHuyen, SoKhaiSinh, NguoiTaoDL) VALUES ('eeb4c41c-a2fd-4e05-a18a-30dc3d3d4e25', N'Mai Hưng Trung', '1930-01-01', '211191358', 1930, N'Phú Lạc', 96, 7, NULL, N'Nguyễn Đình Tạo');
INSERT INTO CovidChinhThuc.dbo.ThongTinHoTro (ID, IDNoiDung, IDDoiTuong, IDCaNhan, NguoiTaoDL) VALUES ('b98b6538-178c-4f43-b96c-e4d9989f41db', 6, '3A65F299-2EFA-4982-BF70-81D7B5024935', 'eeb4c41c-a2fd-4e05-a18a-30dc3d3d4e25', N'Nguyễn Đình Tạo');
INSERT INTO CovidChinhThuc.dbo.ChiTiet_NguoiCoCong (ID_ThongTin, NguoiTaoDL) VALUES ('b98b6538-178c-4f43-b96c-e4d9989f41db', N'Nguyễn Đình Tạo');
-- row: [682]);
INSERT INTO CovidChinhThuc.dbo.CaNhan (ID, HoTen, NgaySinh, CMND, SinhNam, DiaChi, IDPhuongXa, IDQuanHuyen, SoKhaiSinh, NguoiTaoDL) VALUES ('32179269-28b4-4237-83da-755ff8000a5e', N'Mai Quốc Tuấn', '1956-01-01', '211633869', 1956, N'Phú Lạc', 96, 7, NULL, N'Nguyễn Đình Tạo');
INSERT INTO CovidChinhThuc.dbo.ThongTinHoTro (ID, IDNoiDung, IDDoiTuong, IDCaNhan, NguoiTaoDL) VALUES ('c9c1e798-6baa-4075-aa7a-4ae102e576a4', 6, 'EDE2F0CC-2376-438A-B5FB-FACD867E38EF', '32179269-28b4-4237-83da-755ff8000a5e', N'Nguyễn Đình Tạo');
INSERT INTO CovidChinhThuc.dbo.ChiTiet_NguoiCoCong (ID_ThongTin, NguoiTaoDL) VALUES ('c9c1e798-6baa-4075-aa7a-4ae102e576a4', N'Nguyễn Đình Tạo');
-- row: [683]);
INSERT INTO CovidChinhThuc.dbo.CaNhan (ID, HoTen, NgaySinh, CMND, SinhNam, DiaChi, IDPhuongXa, IDQuanHuyen, SoKhaiSinh, NguoiTaoDL) VALUES ('a2f39aea-5c81-4638-82c6-2f4b3d19e994', N'Mai Thế Vinh', '1954-01-01', '210868993', 1954, N'Kiên Long', 96, 7, NULL, N'Nguyễn Đình Tạo');
INSERT INTO CovidChinhThuc.dbo.ThongTinHoTro (ID, IDNoiDung, IDDoiTuong, IDCaNhan, NguoiTaoDL) VALUES ('327f3cfe-5e91-47ae-b48b-b602090d5f34', 6, 'EDE2F0CC-2376-438A-B5FB-FACD867E38EF', 'a2f39aea-5c81-4638-82c6-2f4b3d19e994', N'Nguyễn Đình Tạo');
INSERT INTO CovidChinhThuc.dbo.ChiTiet_NguoiCoCong (ID_ThongTin, NguoiTaoDL) VALUES ('327f3cfe-5e91-47ae-b48b-b602090d5f34', N'Nguyễn Đình Tạo');
-- row: [684]);
INSERT INTO CovidChinhThuc.dbo.CaNhan (ID, HoTen, NgaySinh, CMND, SinhNam, DiaChi, IDPhuongXa, IDQuanHuyen, SoKhaiSinh, NguoiTaoDL) VALUES ('80728987-73c8-42ef-bfc4-e890e1181c29', N'Mai Thị Học', '1949-01-01', '210856369', 1949, N'Phú Lạc', 96, 7, NULL, N'Nguyễn Đình Tạo');
INSERT INTO CovidChinhThuc.dbo.ThongTinHoTro (ID, IDNoiDung, IDDoiTuong, IDCaNhan, NguoiTaoDL) VALUES ('19061fcd-f19d-4e3c-a66b-5ccfc5db86a2', 6, '78AC3F79-5C50-4ACB-B626-E51ED3D4E8E5', '80728987-73c8-42ef-bfc4-e890e1181c29', N'Nguyễn Đình Tạo');
INSERT INTO CovidChinhThuc.dbo.ChiTiet_NguoiCoCong (ID_ThongTin, NguoiTaoDL) VALUES ('19061fcd-f19d-4e3c-a66b-5ccfc5db86a2', N'Nguyễn Đình Tạo');
-- row: [685]);
INSERT INTO CovidChinhThuc.dbo.CaNhan (ID, HoTen, NgaySinh, CMND, SinhNam, DiaChi, IDPhuongXa, IDQuanHuyen, SoKhaiSinh, NguoiTaoDL) VALUES ('4d0686a8-3ecd-419c-a03b-7e792678eb9a', N'Mai Thị Hớn', '1956-01-01', '210031564', 1956, N'An Dõng', 96, 7, NULL, N'Nguyễn Đình Tạo');
INSERT INTO CovidChinhThuc.dbo.ThongTinHoTro (ID, IDNoiDung, IDDoiTuong, IDCaNhan, NguoiTaoDL) VALUES ('67d3dbc4-f79f-4fe6-b668-2c8063bd6f1b', 6, '2DE801FE-8F9D-4CB2-A1C0-E61F4503CB74', '4d0686a8-3ecd-419c-a03b-7e792678eb9a', N'Nguyễn Đình Tạo');
INSERT INTO CovidChinhThuc.dbo.ChiTiet_NguoiCoCong (ID_ThongTin, NguoiTaoDL) VALUES ('67d3dbc4-f79f-4fe6-b668-2c8063bd6f1b', N'Nguyễn Đình Tạo');
-- row: [686]);
INSERT INTO CovidChinhThuc.dbo.CaNhan (ID, HoTen, NgaySinh, CMND, SinhNam, DiaChi, IDPhuongXa, IDQuanHuyen, SoKhaiSinh, NguoiTaoDL) VALUES ('be5d04fd-038e-4996-bdb1-475580135e5a', N'Mai Thị Sương', '1952-01-01', '210034369', 1952, N'Phú Lạc', 96, 7, NULL, N'Nguyễn Đình Tạo');
INSERT INTO CovidChinhThuc.dbo.ThongTinHoTro (ID, IDNoiDung, IDDoiTuong, IDCaNhan, NguoiTaoDL) VALUES ('2dfb3de3-b31d-478a-a149-e4abf99537ea', 6, 'EDE2F0CC-2376-438A-B5FB-FACD867E38EF', 'be5d04fd-038e-4996-bdb1-475580135e5a', N'Nguyễn Đình Tạo');
INSERT INTO CovidChinhThuc.dbo.ChiTiet_NguoiCoCong (ID_ThongTin, NguoiTaoDL) VALUES ('2dfb3de3-b31d-478a-a149-e4abf99537ea', N'Nguyễn Đình Tạo');
-- row: [687]);
INSERT INTO CovidChinhThuc.dbo.CaNhan (ID, HoTen, NgaySinh, CMND, SinhNam, DiaChi, IDPhuongXa, IDQuanHuyen, SoKhaiSinh, NguoiTaoDL) VALUES ('492c0886-f68e-45c4-84aa-1c88371ff580', N'Mai Thị Thu Hà', '1952-01-01', '210856071', 1952, N'Phú Lạc', 96, 7, NULL, N'Nguyễn Đình Tạo');
INSERT INTO CovidChinhThuc.dbo.ThongTinHoTro (ID, IDNoiDung, IDDoiTuong, IDCaNhan, NguoiTaoDL) VALUES ('9283b0cb-0111-4591-a658-bcf0924967a3', 6, 'EDE2F0CC-2376-438A-B5FB-FACD867E38EF', '492c0886-f68e-45c4-84aa-1c88371ff580', N'Nguyễn Đình Tạo');
INSERT INTO CovidChinhThuc.dbo.ChiTiet_NguoiCoCong (ID_ThongTin, NguoiTaoDL) VALUES ('9283b0cb-0111-4591-a658-bcf0924967a3', N'Nguyễn Đình Tạo');
-- row: [688]);
INSERT INTO CovidChinhThuc.dbo.CaNhan (ID, HoTen, NgaySinh, CMND, SinhNam, DiaChi, IDPhuongXa, IDQuanHuyen, SoKhaiSinh, NguoiTaoDL) VALUES ('999c6f83-d9b2-40e2-9b94-8d968bd08a13', N'Mai Văn Dây', '1946-01-01', '210867669', 1946, N'An Dõng', 96, 7, NULL, N'Nguyễn Đình Tạo');
INSERT INTO CovidChinhThuc.dbo.ThongTinHoTro (ID, IDNoiDung, IDDoiTuong, IDCaNhan, NguoiTaoDL) VALUES ('8c35f521-8db8-4e59-803b-e8826b9ae983', 6, '78AC3F79-5C50-4ACB-B626-E51ED3D4E8E5', '999c6f83-d9b2-40e2-9b94-8d968bd08a13', N'Nguyễn Đình Tạo');
INSERT INTO CovidChinhThuc.dbo.ChiTiet_NguoiCoCong (ID_ThongTin, NguoiTaoDL) VALUES ('8c35f521-8db8-4e59-803b-e8826b9ae983', N'Nguyễn Đình Tạo');
-- row: [689]);
INSERT INTO CovidChinhThuc.dbo.CaNhan (ID, HoTen, NgaySinh, CMND, SinhNam, DiaChi, IDPhuongXa, IDQuanHuyen, SoKhaiSinh, NguoiTaoDL) VALUES ('4739561e-ead1-4473-8b43-3397698a894a', N'Mai Xuân Đào', '1934-01-01', '215478025', 1934, N'An Dõng', 96, 7, NULL, N'Nguyễn Đình Tạo');
INSERT INTO CovidChinhThuc.dbo.ThongTinHoTro (ID, IDNoiDung, IDDoiTuong, IDCaNhan, NguoiTaoDL) VALUES ('367e1623-8b05-40fd-9f80-064ed87ca90c', 6, 'EDE2F0CC-2376-438A-B5FB-FACD867E38EF', '4739561e-ead1-4473-8b43-3397698a894a', N'Nguyễn Đình Tạo');
INSERT INTO CovidChinhThuc.dbo.ChiTiet_NguoiCoCong (ID_ThongTin, NguoiTaoDL) VALUES ('367e1623-8b05-40fd-9f80-064ed87ca90c', N'Nguyễn Đình Tạo');
-- row: [690]);
INSERT INTO CovidChinhThuc.dbo.CaNhan (ID, HoTen, NgaySinh, CMND, SinhNam, DiaChi, IDPhuongXa, IDQuanHuyen, SoKhaiSinh, NguoiTaoDL) VALUES ('ab4f304e-9441-4a6a-8438-f0f75a5c13a1', N'Nguyễn Đức Bỗng', '1933-01-01', '210855876', 1933, N'Phú Lạc', 96, 7, NULL, N'Nguyễn Đình Tạo');
INSERT INTO CovidChinhThuc.dbo.ThongTinHoTro (ID, IDNoiDung, IDDoiTuong, IDCaNhan, NguoiTaoDL) VALUES ('85278a58-c92f-4ee1-a9c7-9877d142195f', 6, '3A65F299-2EFA-4982-BF70-81D7B5024935', 'ab4f304e-9441-4a6a-8438-f0f75a5c13a1', N'Nguyễn Đình Tạo');
INSERT INTO CovidChinhThuc.dbo.ChiTiet_NguoiCoCong (ID_ThongTin, NguoiTaoDL) VALUES ('85278a58-c92f-4ee1-a9c7-9877d142195f', N'Nguyễn Đình Tạo');
-- row: [691]);
INSERT INTO CovidChinhThuc.dbo.CaNhan (ID, HoTen, NgaySinh, CMND, SinhNam, DiaChi, IDPhuongXa, IDQuanHuyen, SoKhaiSinh, NguoiTaoDL) VALUES ('be1f33c8-2bce-4a2e-b598-51f2e5141669', N'Nguyễn Minh Bộ', '1950-01-01', '211692999', 1950, N'Phú Lạc', 96, 7, NULL, N'Nguyễn Đình Tạo');
INSERT INTO CovidChinhThuc.dbo.ThongTinHoTro (ID, IDNoiDung, IDDoiTuong, IDCaNhan, NguoiTaoDL) VALUES ('23f4ac1c-db6f-4a49-8dd5-6131e37fd701', 6, NULL, 'be1f33c8-2bce-4a2e-b598-51f2e5141669', N'Nguyễn Đình Tạo');
INSERT INTO CovidChinhThuc.dbo.ChiTiet_NguoiCoCong (ID_ThongTin, NguoiTaoDL) VALUES ('23f4ac1c-db6f-4a49-8dd5-6131e37fd701', N'Nguyễn Đình Tạo');
-- row: [692]);
INSERT INTO CovidChinhThuc.dbo.CaNhan (ID, HoTen, NgaySinh, CMND, SinhNam, DiaChi, IDPhuongXa, IDQuanHuyen, SoKhaiSinh, NguoiTaoDL) VALUES ('2d6ab4ac-1586-49f0-927f-55d97c8a16e1', N'Nguyễn Thanh Sơn', '1948-01-01', '210941000', 1948, N'Phú Lạc', 96, 7, NULL, N'Nguyễn Đình Tạo');
INSERT INTO CovidChinhThuc.dbo.ThongTinHoTro (ID, IDNoiDung, IDDoiTuong, IDCaNhan, NguoiTaoDL) VALUES ('db98f721-494b-4b99-9e6b-561ebe70f90c', 6, '78AC3F79-5C50-4ACB-B626-E51ED3D4E8E5', '2d6ab4ac-1586-49f0-927f-55d97c8a16e1', N'Nguyễn Đình Tạo');
INSERT INTO CovidChinhThuc.dbo.ChiTiet_NguoiCoCong (ID_ThongTin, NguoiTaoDL) VALUES ('db98f721-494b-4b99-9e6b-561ebe70f90c', N'Nguyễn Đình Tạo');
-- row: [693]);
INSERT INTO CovidChinhThuc.dbo.CaNhan (ID, HoTen, NgaySinh, CMND, SinhNam, DiaChi, IDPhuongXa, IDQuanHuyen, SoKhaiSinh, NguoiTaoDL) VALUES ('0d526afa-d476-4505-9fc0-33a2fc9c4e42', N'Nguyễn Thanh Tòng', '1946-01-01', '211671971', 1946, N'Kiên Long', 96, 7, NULL, N'Nguyễn Đình Tạo');
INSERT INTO CovidChinhThuc.dbo.ThongTinHoTro (ID, IDNoiDung, IDDoiTuong, IDCaNhan, NguoiTaoDL) VALUES ('252962a6-66f4-48cb-8ec5-38be55834f9d', 6, 'EDE2F0CC-2376-438A-B5FB-FACD867E38EF', '0d526afa-d476-4505-9fc0-33a2fc9c4e42', N'Nguyễn Đình Tạo');
INSERT INTO CovidChinhThuc.dbo.ChiTiet_NguoiCoCong (ID_ThongTin, NguoiTaoDL) VALUES ('252962a6-66f4-48cb-8ec5-38be55834f9d', N'Nguyễn Đình Tạo');
-- row: [694]);
INSERT INTO CovidChinhThuc.dbo.CaNhan (ID, HoTen, NgaySinh, CMND, SinhNam, DiaChi, IDPhuongXa, IDQuanHuyen, SoKhaiSinh, NguoiTaoDL) VALUES ('8469a868-a442-441d-b6fa-c5426dc23480', N'Nguyễn Thành Trì', '1952-01-01', '210856527', 1952, N'Phú Lạc', 96, 7, NULL, N'Nguyễn Đình Tạo');
INSERT INTO CovidChinhThuc.dbo.ThongTinHoTro (ID, IDNoiDung, IDDoiTuong, IDCaNhan, NguoiTaoDL) VALUES ('6533e745-cf2b-4760-b3a1-bf1c69e4e50d', 6, '2DE801FE-8F9D-4CB2-A1C0-E61F4503CB74', '8469a868-a442-441d-b6fa-c5426dc23480', N'Nguyễn Đình Tạo');
INSERT INTO CovidChinhThuc.dbo.ChiTiet_NguoiCoCong (ID_ThongTin, NguoiTaoDL) VALUES ('6533e745-cf2b-4760-b3a1-bf1c69e4e50d', N'Nguyễn Đình Tạo');
-- row: [695]);
INSERT INTO CovidChinhThuc.dbo.CaNhan (ID, HoTen, NgaySinh, CMND, SinhNam, DiaChi, IDPhuongXa, IDQuanHuyen, SoKhaiSinh, NguoiTaoDL) VALUES ('33ef3fc7-87ca-457e-bd5b-dd5eb775de27', N'Nguyễn Thị Bình', '1954-01-01', '210855824', 1954, N'Phú Lạc', 96, 7, NULL, N'Nguyễn Đình Tạo');
INSERT INTO CovidChinhThuc.dbo.ThongTinHoTro (ID, IDNoiDung, IDDoiTuong, IDCaNhan, NguoiTaoDL) VALUES ('50b912ec-6975-406d-b102-c0069f00dba5', 6, '2DE801FE-8F9D-4CB2-A1C0-E61F4503CB74', '33ef3fc7-87ca-457e-bd5b-dd5eb775de27', N'Nguyễn Đình Tạo');
INSERT INTO CovidChinhThuc.dbo.ChiTiet_NguoiCoCong (ID_ThongTin, NguoiTaoDL) VALUES ('50b912ec-6975-406d-b102-c0069f00dba5', N'Nguyễn Đình Tạo');
-- row: [696]);
INSERT INTO CovidChinhThuc.dbo.CaNhan (ID, HoTen, NgaySinh, CMND, SinhNam, DiaChi, IDPhuongXa, IDQuanHuyen, SoKhaiSinh, NguoiTaoDL) VALUES ('44f26fea-6337-45d2-bbc8-0a1b658dcf97', N'Nguyễn Thị Bỉnh', '1925-01-01', '210857701', 1925, N'An Dõng', 96, 7, NULL, N'Nguyễn Đình Tạo');
INSERT INTO CovidChinhThuc.dbo.ThongTinHoTro (ID, IDNoiDung, IDDoiTuong, IDCaNhan, NguoiTaoDL) VALUES ('a41438b6-9c46-425e-818c-566868ff20da', 6, '17FAD857-895C-48FB-88C0-B4B95B567C34', '44f26fea-6337-45d2-bbc8-0a1b658dcf97', N'Nguyễn Đình Tạo');
INSERT INTO CovidChinhThuc.dbo.ChiTiet_NguoiCoCong (ID_ThongTin, NguoiTaoDL) VALUES ('a41438b6-9c46-425e-818c-566868ff20da', N'Nguyễn Đình Tạo');
-- row: [697]);
INSERT INTO CovidChinhThuc.dbo.CaNhan (ID, HoTen, NgaySinh, CMND, SinhNam, DiaChi, IDPhuongXa, IDQuanHuyen, SoKhaiSinh, NguoiTaoDL) VALUES ('c9227b72-c091-40fc-9803-e3aa480113d5', N'Nguyễn Thị Cựu', '1928-01-01', '210940723', 1928, N'Kiên Ngãi', 96, 7, NULL, N'Nguyễn Đình Tạo');
INSERT INTO CovidChinhThuc.dbo.ThongTinHoTro (ID, IDNoiDung, IDDoiTuong, IDCaNhan, NguoiTaoDL) VALUES ('742bd417-d0a4-4ef1-8a06-e871b9c6384a', 6, NULL, 'c9227b72-c091-40fc-9803-e3aa480113d5', N'Nguyễn Đình Tạo');
INSERT INTO CovidChinhThuc.dbo.ChiTiet_NguoiCoCong (ID_ThongTin, NguoiTaoDL) VALUES ('742bd417-d0a4-4ef1-8a06-e871b9c6384a', N'Nguyễn Đình Tạo');
-- row: [698]);
INSERT INTO CovidChinhThuc.dbo.CaNhan (ID, HoTen, NgaySinh, CMND, SinhNam, DiaChi, IDPhuongXa, IDQuanHuyen, SoKhaiSinh, NguoiTaoDL) VALUES ('4df618a2-ab43-4cd8-8a8e-e8cf4329595a', N'Nguyễn Thị Đào', '1953-01-01', '210028497', 1953, N'Phú Lạc', 96, 7, NULL, N'Nguyễn Đình Tạo');
INSERT INTO CovidChinhThuc.dbo.ThongTinHoTro (ID, IDNoiDung, IDDoiTuong, IDCaNhan, NguoiTaoDL) VALUES ('0a3ae86f-a39c-49e1-834b-bde6828b9246', 6, 'EDE2F0CC-2376-438A-B5FB-FACD867E38EF', '4df618a2-ab43-4cd8-8a8e-e8cf4329595a', N'Nguyễn Đình Tạo');
INSERT INTO CovidChinhThuc.dbo.ChiTiet_NguoiCoCong (ID_ThongTin, NguoiTaoDL) VALUES ('0a3ae86f-a39c-49e1-834b-bde6828b9246', N'Nguyễn Đình Tạo');
-- row: [699]);
INSERT INTO CovidChinhThuc.dbo.CaNhan (ID, HoTen, NgaySinh, CMND, SinhNam, DiaChi, IDPhuongXa, IDQuanHuyen, SoKhaiSinh, NguoiTaoDL) VALUES ('002bf37d-52a9-43bc-862e-bf82d4eb6680', N'Nguyễn Thị Hiếu', '1948-01-01', '210034122', 1948, N'Phú Lạc', 96, 7, NULL, N'Nguyễn Đình Tạo');
INSERT INTO CovidChinhThuc.dbo.ThongTinHoTro (ID, IDNoiDung, IDDoiTuong, IDCaNhan, NguoiTaoDL) VALUES ('3768f5b4-ed90-43e8-925a-6acd6bec3f0d', 6, 'EDE2F0CC-2376-438A-B5FB-FACD867E38EF', '002bf37d-52a9-43bc-862e-bf82d4eb6680', N'Nguyễn Đình Tạo');
INSERT INTO CovidChinhThuc.dbo.ChiTiet_NguoiCoCong (ID_ThongTin, NguoiTaoDL) VALUES ('3768f5b4-ed90-43e8-925a-6acd6bec3f0d', N'Nguyễn Đình Tạo');
-- row: [700]);
INSERT INTO CovidChinhThuc.dbo.CaNhan (ID, HoTen, NgaySinh, CMND, SinhNam, DiaChi, IDPhuongXa, IDQuanHuyen, SoKhaiSinh, NguoiTaoDL) VALUES ('1ffe808e-5bb5-45fe-b252-7297be64b896', N'Nguyễn Thị Hoa', '1935-01-01', '210858516', 1935, N'Phú Lạc', 96, 7, NULL, N'Nguyễn Đình Tạo');
INSERT INTO CovidChinhThuc.dbo.ThongTinHoTro (ID, IDNoiDung, IDDoiTuong, IDCaNhan, NguoiTaoDL) VALUES ('f0303d36-7f32-4489-a9fc-fb07cf4a6391', 6, NULL, '1ffe808e-5bb5-45fe-b252-7297be64b896', N'Nguyễn Đình Tạo');
INSERT INTO CovidChinhThuc.dbo.ChiTiet_NguoiCoCong (ID_ThongTin, NguoiTaoDL) VALUES ('f0303d36-7f32-4489-a9fc-fb07cf4a6391', N'Nguyễn Đình Tạo');
-- row: [701]);
INSERT INTO CovidChinhThuc.dbo.CaNhan (ID, HoTen, NgaySinh, CMND, SinhNam, DiaChi, IDPhuongXa, IDQuanHuyen, SoKhaiSinh, NguoiTaoDL) VALUES ('dcb36ea4-3b3f-4621-a3ef-4a96c726ba4c', N'Nguyễn Thị Huệ', '1936-01-01', '210856412', 1936, N'Phú Lạc', 96, 7, NULL, N'Nguyễn Đình Tạo');
INSERT INTO CovidChinhThuc.dbo.ThongTinHoTro (ID, IDNoiDung, IDDoiTuong, IDCaNhan, NguoiTaoDL) VALUES ('a04eb62e-e052-402d-a984-dc419c1086f1', 6, '3A65F299-2EFA-4982-BF70-81D7B5024935', 'dcb36ea4-3b3f-4621-a3ef-4a96c726ba4c', N'Nguyễn Đình Tạo');
INSERT INTO CovidChinhThuc.dbo.ChiTiet_NguoiCoCong (ID_ThongTin, NguoiTaoDL) VALUES ('a04eb62e-e052-402d-a984-dc419c1086f1', N'Nguyễn Đình Tạo');
-- row: [702]);
INSERT INTO CovidChinhThuc.dbo.CaNhan (ID, HoTen, NgaySinh, CMND, SinhNam, DiaChi, IDPhuongXa, IDQuanHuyen, SoKhaiSinh, NguoiTaoDL) VALUES ('413dce23-2195-462c-9951-db4e041d412e', N'Nguyễn Thị Hương', '1955-01-01', '211692009', 1955, N'Kiên Long', 96, 7, NULL, N'Nguyễn Đình Tạo');
INSERT INTO CovidChinhThuc.dbo.ThongTinHoTro (ID, IDNoiDung, IDDoiTuong, IDCaNhan, NguoiTaoDL) VALUES ('c5fa16de-e80f-46f4-8b5a-4ff92464933c', 6, 'EDE2F0CC-2376-438A-B5FB-FACD867E38EF', '413dce23-2195-462c-9951-db4e041d412e', N'Nguyễn Đình Tạo');
INSERT INTO CovidChinhThuc.dbo.ChiTiet_NguoiCoCong (ID_ThongTin, NguoiTaoDL) VALUES ('c5fa16de-e80f-46f4-8b5a-4ff92464933c', N'Nguyễn Đình Tạo');
-- row: [703]);
INSERT INTO CovidChinhThuc.dbo.CaNhan (ID, HoTen, NgaySinh, CMND, SinhNam, DiaChi, IDPhuongXa, IDQuanHuyen, SoKhaiSinh, NguoiTaoDL) VALUES ('23bc21c4-2159-4ed5-bb49-ab5f28e77788', N'Nguyễn Thị Lịch', '1925-01-01', '210857491', 1925, N'Kiên Long', 96, 7, NULL, N'Nguyễn Đình Tạo');
INSERT INTO CovidChinhThuc.dbo.ThongTinHoTro (ID, IDNoiDung, IDDoiTuong, IDCaNhan, NguoiTaoDL) VALUES ('8fcf1e82-f3ec-4631-8d89-eca98586ff05', 6, 'EDE2F0CC-2376-438A-B5FB-FACD867E38EF', '23bc21c4-2159-4ed5-bb49-ab5f28e77788', N'Nguyễn Đình Tạo');
INSERT INTO CovidChinhThuc.dbo.ChiTiet_NguoiCoCong (ID_ThongTin, NguoiTaoDL) VALUES ('8fcf1e82-f3ec-4631-8d89-eca98586ff05', N'Nguyễn Đình Tạo');
-- row: [704]);
INSERT INTO CovidChinhThuc.dbo.CaNhan (ID, HoTen, NgaySinh, CMND, SinhNam, DiaChi, IDPhuongXa, IDQuanHuyen, SoKhaiSinh, NguoiTaoDL) VALUES ('f971f74a-ab4c-4f70-baae-7080df595fd5', N'Nguyễn Thị Liễu', '1935-01-01', '210868962', 1935, N'Kiên Long', 96, 7, NULL, N'Nguyễn Đình Tạo');
INSERT INTO CovidChinhThuc.dbo.ThongTinHoTro (ID, IDNoiDung, IDDoiTuong, IDCaNhan, NguoiTaoDL) VALUES ('a0d7fd1b-a133-4fcf-a256-e3048ac38ce3', 6, NULL, 'f971f74a-ab4c-4f70-baae-7080df595fd5', N'Nguyễn Đình Tạo');
INSERT INTO CovidChinhThuc.dbo.ChiTiet_NguoiCoCong (ID_ThongTin, NguoiTaoDL) VALUES ('a0d7fd1b-a133-4fcf-a256-e3048ac38ce3', N'Nguyễn Đình Tạo');
-- row: [705]);
INSERT INTO CovidChinhThuc.dbo.CaNhan (ID, HoTen, NgaySinh, CMND, SinhNam, DiaChi, IDPhuongXa, IDQuanHuyen, SoKhaiSinh, NguoiTaoDL) VALUES ('c714de92-04b2-42d9-9c4f-9bea5ce31880', N'Nguyễn Thị Mỹ', '1934-01-01', '210856345', 1934, N'Phú Lạc', 96, 7, NULL, N'Nguyễn Đình Tạo');
INSERT INTO CovidChinhThuc.dbo.ThongTinHoTro (ID, IDNoiDung, IDDoiTuong, IDCaNhan, NguoiTaoDL) VALUES ('0daed301-59f6-48ae-b089-a6c4fce2bf20', 6, 'EDE2F0CC-2376-438A-B5FB-FACD867E38EF', 'c714de92-04b2-42d9-9c4f-9bea5ce31880', N'Nguyễn Đình Tạo');
INSERT INTO CovidChinhThuc.dbo.ChiTiet_NguoiCoCong (ID_ThongTin, NguoiTaoDL) VALUES ('0daed301-59f6-48ae-b089-a6c4fce2bf20', N'Nguyễn Đình Tạo');
-- row: [706]);
INSERT INTO CovidChinhThuc.dbo.CaNhan (ID, HoTen, NgaySinh, CMND, SinhNam, DiaChi, IDPhuongXa, IDQuanHuyen, SoKhaiSinh, NguoiTaoDL) VALUES ('28647d0d-7d41-4c37-bef0-89a5ecab01b6', N'Nguyễn Thị Ngọc Ánh', '1947-01-01', '210856320', 1947, N'Phú Lạc', 96, 7, NULL, N'Nguyễn Đình Tạo');
INSERT INTO CovidChinhThuc.dbo.ThongTinHoTro (ID, IDNoiDung, IDDoiTuong, IDCaNhan, NguoiTaoDL) VALUES ('f866dc62-6e4a-4a4e-b939-c470080a095e', 6, 'EDE2F0CC-2376-438A-B5FB-FACD867E38EF', '28647d0d-7d41-4c37-bef0-89a5ecab01b6', N'Nguyễn Đình Tạo');
INSERT INTO CovidChinhThuc.dbo.ChiTiet_NguoiCoCong (ID_ThongTin, NguoiTaoDL) VALUES ('f866dc62-6e4a-4a4e-b939-c470080a095e', N'Nguyễn Đình Tạo');
-- row: [707]);
INSERT INTO CovidChinhThuc.dbo.CaNhan (ID, HoTen, NgaySinh, CMND, SinhNam, DiaChi, IDPhuongXa, IDQuanHuyen, SoKhaiSinh, NguoiTaoDL) VALUES ('91a898ba-2332-4c7a-842a-2157ab57bf7d', N'Nguyễn Thị Nhanh', '1949-01-01', '210940014', 1949, N'An Dõng', 96, 7, NULL, N'Nguyễn Đình Tạo');
INSERT INTO CovidChinhThuc.dbo.ThongTinHoTro (ID, IDNoiDung, IDDoiTuong, IDCaNhan, NguoiTaoDL) VALUES ('b4e59d57-d6b2-461c-8671-93cedc695cd0', 6, '2DE801FE-8F9D-4CB2-A1C0-E61F4503CB74', '91a898ba-2332-4c7a-842a-2157ab57bf7d', N'Nguyễn Đình Tạo');
INSERT INTO CovidChinhThuc.dbo.ChiTiet_NguoiCoCong (ID_ThongTin, NguoiTaoDL) VALUES ('b4e59d57-d6b2-461c-8671-93cedc695cd0', N'Nguyễn Đình Tạo');
-- row: [708]);
INSERT INTO CovidChinhThuc.dbo.CaNhan (ID, HoTen, NgaySinh, CMND, SinhNam, DiaChi, IDPhuongXa, IDQuanHuyen, SoKhaiSinh, NguoiTaoDL) VALUES ('90b5c1a2-3d3e-440f-a474-44f22043353a', N'Nguyễn Thị Phụng', '1945-01-01', '210940972', 1945, N'Kiên Long', 96, 7, NULL, N'Nguyễn Đình Tạo');
INSERT INTO CovidChinhThuc.dbo.ThongTinHoTro (ID, IDNoiDung, IDDoiTuong, IDCaNhan, NguoiTaoDL) VALUES ('cb2f4be7-4070-4e95-8928-3e21841e3ba3', 6, NULL, '90b5c1a2-3d3e-440f-a474-44f22043353a', N'Nguyễn Đình Tạo');
INSERT INTO CovidChinhThuc.dbo.ChiTiet_NguoiCoCong (ID_ThongTin, NguoiTaoDL) VALUES ('cb2f4be7-4070-4e95-8928-3e21841e3ba3', N'Nguyễn Đình Tạo');
-- row: [709]);
INSERT INTO CovidChinhThuc.dbo.CaNhan (ID, HoTen, NgaySinh, CMND, SinhNam, DiaChi, IDPhuongXa, IDQuanHuyen, SoKhaiSinh, NguoiTaoDL) VALUES ('c23ef3cb-7cf6-41ef-a254-551f731fd9f9', N'Nguyễn Thị Sen', '1937-01-01', '210982793', 1937, N'Phú Lạc', 96, 7, NULL, N'Nguyễn Đình Tạo');
INSERT INTO CovidChinhThuc.dbo.ThongTinHoTro (ID, IDNoiDung, IDDoiTuong, IDCaNhan, NguoiTaoDL) VALUES ('73285cb4-9713-42b2-a22c-22e481adcf1d', 6, 'EDE2F0CC-2376-438A-B5FB-FACD867E38EF', 'c23ef3cb-7cf6-41ef-a254-551f731fd9f9', N'Nguyễn Đình Tạo');
INSERT INTO CovidChinhThuc.dbo.ChiTiet_NguoiCoCong (ID_ThongTin, NguoiTaoDL) VALUES ('73285cb4-9713-42b2-a22c-22e481adcf1d', N'Nguyễn Đình Tạo');
-- row: [710]);
INSERT INTO CovidChinhThuc.dbo.CaNhan (ID, HoTen, NgaySinh, CMND, SinhNam, DiaChi, IDPhuongXa, IDQuanHuyen, SoKhaiSinh, NguoiTaoDL) VALUES ('ec08d7cb-5e68-4e3c-9f2c-09a9ee373cde', N'Nguyễn Thị Siềng', '1940-01-01', '210940839', 1940, N'An Dõng', 96, 7, NULL, N'Nguyễn Đình Tạo');
INSERT INTO CovidChinhThuc.dbo.ThongTinHoTro (ID, IDNoiDung, IDDoiTuong, IDCaNhan, NguoiTaoDL) VALUES ('f118b87a-51da-40e1-ade4-16709928d4ad', 6, '3A65F299-2EFA-4982-BF70-81D7B5024935', 'ec08d7cb-5e68-4e3c-9f2c-09a9ee373cde', N'Nguyễn Đình Tạo');
INSERT INTO CovidChinhThuc.dbo.ChiTiet_NguoiCoCong (ID_ThongTin, NguoiTaoDL) VALUES ('f118b87a-51da-40e1-ade4-16709928d4ad', N'Nguyễn Đình Tạo');
-- row: [711]);
INSERT INTO CovidChinhThuc.dbo.CaNhan (ID, HoTen, NgaySinh, CMND, SinhNam, DiaChi, IDPhuongXa, IDQuanHuyen, SoKhaiSinh, NguoiTaoDL) VALUES ('32efa6b9-b327-4998-972e-51b9c67d5ef5', N'Nguyễn Thị Tam', '1937-01-01', '210940712', 1937, N'Kiên Ngãi', 96, 7, NULL, N'Nguyễn Đình Tạo');
INSERT INTO CovidChinhThuc.dbo.ThongTinHoTro (ID, IDNoiDung, IDDoiTuong, IDCaNhan, NguoiTaoDL) VALUES ('575a432b-8bd3-4bd4-8308-64474d661b89', 6, '3A65F299-2EFA-4982-BF70-81D7B5024935', '32efa6b9-b327-4998-972e-51b9c67d5ef5', N'Nguyễn Đình Tạo');
INSERT INTO CovidChinhThuc.dbo.ChiTiet_NguoiCoCong (ID_ThongTin, NguoiTaoDL) VALUES ('575a432b-8bd3-4bd4-8308-64474d661b89', N'Nguyễn Đình Tạo');
-- row: [712]);
INSERT INTO CovidChinhThuc.dbo.CaNhan (ID, HoTen, NgaySinh, CMND, SinhNam, DiaChi, IDPhuongXa, IDQuanHuyen, SoKhaiSinh, NguoiTaoDL) VALUES ('20d76655-ccce-401f-8637-597bc8df15a4', N'Nguyễn Thị Tân', '1948-01-01', '211191212', 1948, N'Phú Lạc', 96, 7, NULL, N'Nguyễn Đình Tạo');
INSERT INTO CovidChinhThuc.dbo.ThongTinHoTro (ID, IDNoiDung, IDDoiTuong, IDCaNhan, NguoiTaoDL) VALUES ('58b7075e-8f6a-4b35-992b-c4a6cb61d5cd', 6, '41B0E9CD-732C-4E19-AAEC-3DC041CB6144', '20d76655-ccce-401f-8637-597bc8df15a4', N'Nguyễn Đình Tạo');
INSERT INTO CovidChinhThuc.dbo.ChiTiet_NguoiCoCong (ID_ThongTin, NguoiTaoDL) VALUES ('58b7075e-8f6a-4b35-992b-c4a6cb61d5cd', N'Nguyễn Đình Tạo');
-- row: [713]);
INSERT INTO CovidChinhThuc.dbo.CaNhan (ID, HoTen, NgaySinh, CMND, SinhNam, DiaChi, IDPhuongXa, IDQuanHuyen, SoKhaiSinh, NguoiTaoDL) VALUES ('5ead4aa6-aa2a-4e06-92e2-80ee07db9316', N'Nguyễn Thị Thanh', '1931-01-01', '211111424', 1931, N'Phú Lạc', 96, 7, NULL, N'Nguyễn Đình Tạo');
INSERT INTO CovidChinhThuc.dbo.ThongTinHoTro (ID, IDNoiDung, IDDoiTuong, IDCaNhan, NguoiTaoDL) VALUES ('57ff3084-c1b3-4eda-8b80-0d160799920c', 6, '3A65F299-2EFA-4982-BF70-81D7B5024935', '5ead4aa6-aa2a-4e06-92e2-80ee07db9316', N'Nguyễn Đình Tạo');
INSERT INTO CovidChinhThuc.dbo.ChiTiet_NguoiCoCong (ID_ThongTin, NguoiTaoDL) VALUES ('57ff3084-c1b3-4eda-8b80-0d160799920c', N'Nguyễn Đình Tạo');
-- row: [714]);
INSERT INTO CovidChinhThuc.dbo.CaNhan (ID, HoTen, NgaySinh, CMND, SinhNam, DiaChi, IDPhuongXa, IDQuanHuyen, SoKhaiSinh, NguoiTaoDL) VALUES ('3eba5139-5f71-4d14-98e8-8368999fa544', N'Nguyễn Thị Thanh', '1939-01-01', '210857309', 1939, N'Kiên Long', 96, 7, NULL, N'Nguyễn Đình Tạo');
INSERT INTO CovidChinhThuc.dbo.ThongTinHoTro (ID, IDNoiDung, IDDoiTuong, IDCaNhan, NguoiTaoDL) VALUES ('a5eadd08-8b97-449a-b4ad-07e136f3d672', 6, '3A65F299-2EFA-4982-BF70-81D7B5024935', '3eba5139-5f71-4d14-98e8-8368999fa544', N'Nguyễn Đình Tạo');
INSERT INTO CovidChinhThuc.dbo.ChiTiet_NguoiCoCong (ID_ThongTin, NguoiTaoDL) VALUES ('a5eadd08-8b97-449a-b4ad-07e136f3d672', N'Nguyễn Đình Tạo');
-- row: [715]);
INSERT INTO CovidChinhThuc.dbo.CaNhan (ID, HoTen, NgaySinh, CMND, SinhNam, DiaChi, IDPhuongXa, IDQuanHuyen, SoKhaiSinh, NguoiTaoDL) VALUES ('185f4687-f569-48b4-82d9-79bc0408ac06', N'Nguyễn Tòng', '1925-01-01', '211026629', 1925, N'An Dõng', 96, 7, NULL, N'Nguyễn Đình Tạo');
INSERT INTO CovidChinhThuc.dbo.ThongTinHoTro (ID, IDNoiDung, IDDoiTuong, IDCaNhan, NguoiTaoDL) VALUES ('327aa0a2-c77a-43cf-876f-408788c30eda', 6, 'EDE2F0CC-2376-438A-B5FB-FACD867E38EF', '185f4687-f569-48b4-82d9-79bc0408ac06', N'Nguyễn Đình Tạo');
INSERT INTO CovidChinhThuc.dbo.ChiTiet_NguoiCoCong (ID_ThongTin, NguoiTaoDL) VALUES ('327aa0a2-c77a-43cf-876f-408788c30eda', N'Nguyễn Đình Tạo');
-- row: [716]);
INSERT INTO CovidChinhThuc.dbo.CaNhan (ID, HoTen, NgaySinh, CMND, SinhNam, DiaChi, IDPhuongXa, IDQuanHuyen, SoKhaiSinh, NguoiTaoDL) VALUES ('a4eff2da-9c89-44f0-85a2-76f8d81c037f', N'Nguyễn Văn Nhi', '1947-01-01', '211310940', 1947, N'Phú Lạc', 96, 7, NULL, N'Nguyễn Đình Tạo');
INSERT INTO CovidChinhThuc.dbo.ThongTinHoTro (ID, IDNoiDung, IDDoiTuong, IDCaNhan, NguoiTaoDL) VALUES ('0257b02f-1141-4a0c-80d7-cce2fa72feeb', 6, 'EDE2F0CC-2376-438A-B5FB-FACD867E38EF', 'a4eff2da-9c89-44f0-85a2-76f8d81c037f', N'Nguyễn Đình Tạo');
INSERT INTO CovidChinhThuc.dbo.ChiTiet_NguoiCoCong (ID_ThongTin, NguoiTaoDL) VALUES ('0257b02f-1141-4a0c-80d7-cce2fa72feeb', N'Nguyễn Đình Tạo');
-- row: [717]);
INSERT INTO CovidChinhThuc.dbo.CaNhan (ID, HoTen, NgaySinh, CMND, SinhNam, DiaChi, IDPhuongXa, IDQuanHuyen, SoKhaiSinh, NguoiTaoDL) VALUES ('d88bfc05-1de5-4fca-a187-4b798c943e12', N'Phạm Quốc Khánh', '1955-01-01', '211439855', 1955, N'Phú Lạc', 96, 7, NULL, N'Nguyễn Đình Tạo');
INSERT INTO CovidChinhThuc.dbo.ThongTinHoTro (ID, IDNoiDung, IDDoiTuong, IDCaNhan, NguoiTaoDL) VALUES ('af94580a-e76d-4da1-ae7f-1c7f3e93ca0e', 6, 'EDE2F0CC-2376-438A-B5FB-FACD867E38EF', 'd88bfc05-1de5-4fca-a187-4b798c943e12', N'Nguyễn Đình Tạo');
INSERT INTO CovidChinhThuc.dbo.ChiTiet_NguoiCoCong (ID_ThongTin, NguoiTaoDL) VALUES ('af94580a-e76d-4da1-ae7f-1c7f3e93ca0e', N'Nguyễn Đình Tạo');
-- row: [718]);
INSERT INTO CovidChinhThuc.dbo.CaNhan (ID, HoTen, NgaySinh, CMND, SinhNam, DiaChi, IDPhuongXa, IDQuanHuyen, SoKhaiSinh, NguoiTaoDL) VALUES ('db98075c-7cd3-4ea2-8b6c-014be6d63fdf', N'Phan Thị Ẩn', '1952-01-01', '210857797', 1952, N'An Dõng', 96, 7, NULL, N'Nguyễn Đình Tạo');
INSERT INTO CovidChinhThuc.dbo.ThongTinHoTro (ID, IDNoiDung, IDDoiTuong, IDCaNhan, NguoiTaoDL) VALUES ('dab30f7b-8301-4bcf-92c1-f553758033e1', 6, '2DE801FE-8F9D-4CB2-A1C0-E61F4503CB74', 'db98075c-7cd3-4ea2-8b6c-014be6d63fdf', N'Nguyễn Đình Tạo');
INSERT INTO CovidChinhThuc.dbo.ChiTiet_NguoiCoCong (ID_ThongTin, NguoiTaoDL) VALUES ('dab30f7b-8301-4bcf-92c1-f553758033e1', N'Nguyễn Đình Tạo');
-- row: [719]);
INSERT INTO CovidChinhThuc.dbo.CaNhan (ID, HoTen, NgaySinh, CMND, SinhNam, DiaChi, IDPhuongXa, IDQuanHuyen, SoKhaiSinh, NguoiTaoDL) VALUES ('af1b8403-8f7a-4ee6-957a-db9d5cf8cbda', N'Phạm Thị Đức', '1952-01-01', '211026232', 1952, N'Phú Lạc', 96, 7, NULL, N'Nguyễn Đình Tạo');
INSERT INTO CovidChinhThuc.dbo.ThongTinHoTro (ID, IDNoiDung, IDDoiTuong, IDCaNhan, NguoiTaoDL) VALUES ('b893b2a3-d3c7-4624-93f5-1726cc01963c', 6, 'EDE2F0CC-2376-438A-B5FB-FACD867E38EF', 'af1b8403-8f7a-4ee6-957a-db9d5cf8cbda', N'Nguyễn Đình Tạo');
INSERT INTO CovidChinhThuc.dbo.ChiTiet_NguoiCoCong (ID_ThongTin, NguoiTaoDL) VALUES ('b893b2a3-d3c7-4624-93f5-1726cc01963c', N'Nguyễn Đình Tạo');
-- row: [720]);
INSERT INTO CovidChinhThuc.dbo.CaNhan (ID, HoTen, NgaySinh, CMND, SinhNam, DiaChi, IDPhuongXa, IDQuanHuyen, SoKhaiSinh, NguoiTaoDL) VALUES ('8e5c48d5-9675-47d7-9124-bda930a95422', N'Phạm Thị Hằng', '1946-01-01', '210856330', 1946, N'Phú Lạc', 96, 7, NULL, N'Nguyễn Đình Tạo');
INSERT INTO CovidChinhThuc.dbo.ThongTinHoTro (ID, IDNoiDung, IDDoiTuong, IDCaNhan, NguoiTaoDL) VALUES ('107dcfaa-a5a0-4438-85a5-454227429bb9', 6, '3A65F299-2EFA-4982-BF70-81D7B5024935', '8e5c48d5-9675-47d7-9124-bda930a95422', N'Nguyễn Đình Tạo');
INSERT INTO CovidChinhThuc.dbo.ChiTiet_NguoiCoCong (ID_ThongTin, NguoiTaoDL) VALUES ('107dcfaa-a5a0-4438-85a5-454227429bb9', N'Nguyễn Đình Tạo');
-- row: [721]);
INSERT INTO CovidChinhThuc.dbo.CaNhan (ID, HoTen, NgaySinh, CMND, SinhNam, DiaChi, IDPhuongXa, IDQuanHuyen, SoKhaiSinh, NguoiTaoDL) VALUES ('f3ab59c9-4907-4c0b-98d8-fc5600ef321a', N'Phạm Văn Bằng', '1978-01-01', '211543809', 1978, N'Kiên Long', 96, 7, NULL, N'Nguyễn Đình Tạo');
INSERT INTO CovidChinhThuc.dbo.ThongTinHoTro (ID, IDNoiDung, IDDoiTuong, IDCaNhan, NguoiTaoDL) VALUES ('19d302b0-eea5-4c20-b820-6de3c86d7c1c', 6, 'E4E24DC6-98AE-4685-985D-47C0B48DD6FD', 'f3ab59c9-4907-4c0b-98d8-fc5600ef321a', N'Nguyễn Đình Tạo');
INSERT INTO CovidChinhThuc.dbo.ChiTiet_NguoiCoCong (ID_ThongTin, NguoiTaoDL) VALUES ('19d302b0-eea5-4c20-b820-6de3c86d7c1c', N'Nguyễn Đình Tạo');
-- row: [722]);
INSERT INTO CovidChinhThuc.dbo.CaNhan (ID, HoTen, NgaySinh, CMND, SinhNam, DiaChi, IDPhuongXa, IDQuanHuyen, SoKhaiSinh, NguoiTaoDL) VALUES ('5bde970d-3f6b-4a89-a00f-00d3afa008be', N'Phạm Xuân Phú', '1956-01-01', '211026427', 1956, N'Kiên Ngãi', 96, 7, NULL, N'Nguyễn Đình Tạo');
INSERT INTO CovidChinhThuc.dbo.ThongTinHoTro (ID, IDNoiDung, IDDoiTuong, IDCaNhan, NguoiTaoDL) VALUES ('d368b751-bbae-4192-b6ad-164e7279894b', 6, 'EDE2F0CC-2376-438A-B5FB-FACD867E38EF', '5bde970d-3f6b-4a89-a00f-00d3afa008be', N'Nguyễn Đình Tạo');
INSERT INTO CovidChinhThuc.dbo.ChiTiet_NguoiCoCong (ID_ThongTin, NguoiTaoDL) VALUES ('d368b751-bbae-4192-b6ad-164e7279894b', N'Nguyễn Đình Tạo');
-- row: [723]);
INSERT INTO CovidChinhThuc.dbo.CaNhan (ID, HoTen, NgaySinh, CMND, SinhNam, DiaChi, IDPhuongXa, IDQuanHuyen, SoKhaiSinh, NguoiTaoDL) VALUES ('f91422fb-56c4-4aa3-83cc-9aced5a8e99c', N'Phan Đình Tánh', '1991-04-01', '215328982', 1991, N'An Dõng', 96, 7, NULL, N'Nguyễn Đình Tạo');
INSERT INTO CovidChinhThuc.dbo.ThongTinHoTro (ID, IDNoiDung, IDDoiTuong, IDCaNhan, NguoiTaoDL) VALUES ('65c98530-5213-4bd0-96be-3a2fa7f44e27', 6, 'E4E24DC6-98AE-4685-985D-47C0B48DD6FD', 'f91422fb-56c4-4aa3-83cc-9aced5a8e99c', N'Nguyễn Đình Tạo');
INSERT INTO CovidChinhThuc.dbo.ChiTiet_NguoiCoCong (ID_ThongTin, NguoiTaoDL) VALUES ('65c98530-5213-4bd0-96be-3a2fa7f44e27', N'Nguyễn Đình Tạo');
-- row: [724]);
INSERT INTO CovidChinhThuc.dbo.CaNhan (ID, HoTen, NgaySinh, CMND, SinhNam, DiaChi, IDPhuongXa, IDQuanHuyen, SoKhaiSinh, NguoiTaoDL) VALUES ('6c329005-3b17-4ba2-b81a-8aa11f870c69', N'Phan Minh Tiến Nhật', '1997-01-01', '215358600', 1997, N'An Dõng', 96, 7, NULL, N'Nguyễn Đình Tạo');
INSERT INTO CovidChinhThuc.dbo.ThongTinHoTro (ID, IDNoiDung, IDDoiTuong, IDCaNhan, NguoiTaoDL) VALUES ('6640e81f-a4f6-4fe7-9657-4339ea1b08d6', 6, 'E4E24DC6-98AE-4685-985D-47C0B48DD6FD', '6c329005-3b17-4ba2-b81a-8aa11f870c69', N'Nguyễn Đình Tạo');
INSERT INTO CovidChinhThuc.dbo.ChiTiet_NguoiCoCong (ID_ThongTin, NguoiTaoDL) VALUES ('6640e81f-a4f6-4fe7-9657-4339ea1b08d6', N'Nguyễn Đình Tạo');
-- row: [725]);
INSERT INTO CovidChinhThuc.dbo.CaNhan (ID, HoTen, NgaySinh, CMND, SinhNam, DiaChi, IDPhuongXa, IDQuanHuyen, SoKhaiSinh, NguoiTaoDL) VALUES ('e9637457-d991-47b3-a053-b219ee060fed', N'Phan Thị Khánh', '1952-01-01', '210031564', 1952, N'An Dõng', 96, 7, NULL, N'Nguyễn Đình Tạo');
INSERT INTO CovidChinhThuc.dbo.ThongTinHoTro (ID, IDNoiDung, IDDoiTuong, IDCaNhan, NguoiTaoDL) VALUES ('535003c3-3ea9-4bc0-a81b-172263ec35ed', 6, '2DE801FE-8F9D-4CB2-A1C0-E61F4503CB74', 'e9637457-d991-47b3-a053-b219ee060fed', N'Nguyễn Đình Tạo');
INSERT INTO CovidChinhThuc.dbo.ChiTiet_NguoiCoCong (ID_ThongTin, NguoiTaoDL) VALUES ('535003c3-3ea9-4bc0-a81b-172263ec35ed', N'Nguyễn Đình Tạo');
-- row: [726]);
INSERT INTO CovidChinhThuc.dbo.CaNhan (ID, HoTen, NgaySinh, CMND, SinhNam, DiaChi, IDPhuongXa, IDQuanHuyen, SoKhaiSinh, NguoiTaoDL) VALUES ('d5f8b62c-f252-496e-a0b7-2ec21053662a', N'Phan Thị Mùi', '1932-01-01', '210940010', 1932, N'An Dõng', 96, 7, NULL, N'Nguyễn Đình Tạo');
INSERT INTO CovidChinhThuc.dbo.ThongTinHoTro (ID, IDNoiDung, IDDoiTuong, IDCaNhan, NguoiTaoDL) VALUES ('f8422a25-a9b4-4e24-8ed4-ca17c28d98e1', 6, '3A65F299-2EFA-4982-BF70-81D7B5024935', 'd5f8b62c-f252-496e-a0b7-2ec21053662a', N'Nguyễn Đình Tạo');
INSERT INTO CovidChinhThuc.dbo.ChiTiet_NguoiCoCong (ID_ThongTin, NguoiTaoDL) VALUES ('f8422a25-a9b4-4e24-8ed4-ca17c28d98e1', N'Nguyễn Đình Tạo');
-- row: [727]);
INSERT INTO CovidChinhThuc.dbo.CaNhan (ID, HoTen, NgaySinh, CMND, SinhNam, DiaChi, IDPhuongXa, IDQuanHuyen, SoKhaiSinh, NguoiTaoDL) VALUES ('0e460833-e034-403a-8f90-b53c8f1c0d56', N'Phan Thị Nay', '1939-01-01', '210856390', 1939, N'Phú Lạc', 96, 7, NULL, N'Nguyễn Đình Tạo');
INSERT INTO CovidChinhThuc.dbo.ThongTinHoTro (ID, IDNoiDung, IDDoiTuong, IDCaNhan, NguoiTaoDL) VALUES ('91386372-1f13-48ed-9f04-e9ab1158edb7', 6, NULL, '0e460833-e034-403a-8f90-b53c8f1c0d56', N'Nguyễn Đình Tạo');
INSERT INTO CovidChinhThuc.dbo.ChiTiet_NguoiCoCong (ID_ThongTin, NguoiTaoDL) VALUES ('91386372-1f13-48ed-9f04-e9ab1158edb7', N'Nguyễn Đình Tạo');
-- row: [728]);
INSERT INTO CovidChinhThuc.dbo.CaNhan (ID, HoTen, NgaySinh, CMND, SinhNam, DiaChi, IDPhuongXa, IDQuanHuyen, SoKhaiSinh, NguoiTaoDL) VALUES ('470d8fcd-e301-4ace-b41a-c34176dae833', N'Phan Văn Phước', '1985-01-01', '211819748', 1985, N'An Dõng', 96, 7, NULL, N'Nguyễn Đình Tạo');
INSERT INTO CovidChinhThuc.dbo.ThongTinHoTro (ID, IDNoiDung, IDDoiTuong, IDCaNhan, NguoiTaoDL) VALUES ('5bce6ff5-8f48-4873-941d-a5a7c50bdbf2', 6, 'E4E24DC6-98AE-4685-985D-47C0B48DD6FD', '470d8fcd-e301-4ace-b41a-c34176dae833', N'Nguyễn Đình Tạo');
INSERT INTO CovidChinhThuc.dbo.ChiTiet_NguoiCoCong (ID_ThongTin, NguoiTaoDL) VALUES ('5bce6ff5-8f48-4873-941d-a5a7c50bdbf2', N'Nguyễn Đình Tạo');
-- row: [729]);
INSERT INTO CovidChinhThuc.dbo.CaNhan (ID, HoTen, NgaySinh, CMND, SinhNam, DiaChi, IDPhuongXa, IDQuanHuyen, SoKhaiSinh, NguoiTaoDL) VALUES ('66d1fd28-2410-438b-a0d2-518d9fa7b0d4', N'Thái Thị Mới', '1943-01-01', '210857680', 1943, N'An Dõng', 96, 7, NULL, N'Nguyễn Đình Tạo');
INSERT INTO CovidChinhThuc.dbo.ThongTinHoTro (ID, IDNoiDung, IDDoiTuong, IDCaNhan, NguoiTaoDL) VALUES ('40c410e0-6d35-463e-a161-26d3b9798e46', 6, '3A65F299-2EFA-4982-BF70-81D7B5024935', '66d1fd28-2410-438b-a0d2-518d9fa7b0d4', N'Nguyễn Đình Tạo');
INSERT INTO CovidChinhThuc.dbo.ChiTiet_NguoiCoCong (ID_ThongTin, NguoiTaoDL) VALUES ('40c410e0-6d35-463e-a161-26d3b9798e46', N'Nguyễn Đình Tạo');
-- row: [730]);
INSERT INTO CovidChinhThuc.dbo.CaNhan (ID, HoTen, NgaySinh, CMND, SinhNam, DiaChi, IDPhuongXa, IDQuanHuyen, SoKhaiSinh, NguoiTaoDL) VALUES ('0c51ffb0-ad60-4ca2-9e1d-60227f002a21', N'Trần Đình Chân', '1959-01-01', '215141844', 1959, N'Phú Lạc', 96, 7, NULL, N'Nguyễn Đình Tạo');
INSERT INTO CovidChinhThuc.dbo.ThongTinHoTro (ID, IDNoiDung, IDDoiTuong, IDCaNhan, NguoiTaoDL) VALUES ('0afd5cc4-45eb-41b6-a47c-e63ea4fcea83', 6, 'EDE2F0CC-2376-438A-B5FB-FACD867E38EF', '0c51ffb0-ad60-4ca2-9e1d-60227f002a21', N'Nguyễn Đình Tạo');
INSERT INTO CovidChinhThuc.dbo.ChiTiet_NguoiCoCong (ID_ThongTin, NguoiTaoDL) VALUES ('0afd5cc4-45eb-41b6-a47c-e63ea4fcea83', N'Nguyễn Đình Tạo');
-- row: [731]);
INSERT INTO CovidChinhThuc.dbo.CaNhan (ID, HoTen, NgaySinh, CMND, SinhNam, DiaChi, IDPhuongXa, IDQuanHuyen, SoKhaiSinh, NguoiTaoDL) VALUES ('1dcc01eb-8416-409a-b1a3-9ae23b34dc02', N'Trần Thị Hãnh', '1913-01-01', '210857497', 1913, N'Kiên Long', 96, 7, NULL, N'Nguyễn Đình Tạo');
INSERT INTO CovidChinhThuc.dbo.ThongTinHoTro (ID, IDNoiDung, IDDoiTuong, IDCaNhan, NguoiTaoDL) VALUES ('f92591a6-0be5-47c5-af8b-1816025efec5', 6, '3A65F299-2EFA-4982-BF70-81D7B5024935', '1dcc01eb-8416-409a-b1a3-9ae23b34dc02', N'Nguyễn Đình Tạo');
INSERT INTO CovidChinhThuc.dbo.ChiTiet_NguoiCoCong (ID_ThongTin, NguoiTaoDL) VALUES ('f92591a6-0be5-47c5-af8b-1816025efec5', N'Nguyễn Đình Tạo');
-- row: [732]);
INSERT INTO CovidChinhThuc.dbo.CaNhan (ID, HoTen, NgaySinh, CMND, SinhNam, DiaChi, IDPhuongXa, IDQuanHuyen, SoKhaiSinh, NguoiTaoDL) VALUES ('33049b45-53ac-4198-b6c4-e255d4ddf087', N'Trần Thị Phụng', '1948-01-01', '210940090', 1948, N'An Dõng', 96, 7, NULL, N'Nguyễn Đình Tạo');
INSERT INTO CovidChinhThuc.dbo.ThongTinHoTro (ID, IDNoiDung, IDDoiTuong, IDCaNhan, NguoiTaoDL) VALUES ('6e42343c-686a-4bd7-a68c-dfc4bcd104dd', 6, '78AC3F79-5C50-4ACB-B626-E51ED3D4E8E5', '33049b45-53ac-4198-b6c4-e255d4ddf087', N'Nguyễn Đình Tạo');
INSERT INTO CovidChinhThuc.dbo.ChiTiet_NguoiCoCong (ID_ThongTin, NguoiTaoDL) VALUES ('6e42343c-686a-4bd7-a68c-dfc4bcd104dd', N'Nguyễn Đình Tạo');
-- row: [733]);
INSERT INTO CovidChinhThuc.dbo.CaNhan (ID, HoTen, NgaySinh, CMND, SinhNam, DiaChi, IDPhuongXa, IDQuanHuyen, SoKhaiSinh, NguoiTaoDL) VALUES ('0fb27b83-b16c-4f2b-8446-036872ff5584', N'Trần Thị Thanh', '1937-01-01', '210856002', 1937, N'Phú Lạc', 96, 7, NULL, N'Nguyễn Đình Tạo');
INSERT INTO CovidChinhThuc.dbo.ThongTinHoTro (ID, IDNoiDung, IDDoiTuong, IDCaNhan, NguoiTaoDL) VALUES ('9dafac1f-e8ff-426e-bf59-e7ded141e685', 6, NULL, '0fb27b83-b16c-4f2b-8446-036872ff5584', N'Nguyễn Đình Tạo');
INSERT INTO CovidChinhThuc.dbo.ChiTiet_NguoiCoCong (ID_ThongTin, NguoiTaoDL) VALUES ('9dafac1f-e8ff-426e-bf59-e7ded141e685', N'Nguyễn Đình Tạo');
-- row: [734]);
INSERT INTO CovidChinhThuc.dbo.CaNhan (ID, HoTen, NgaySinh, CMND, SinhNam, DiaChi, IDPhuongXa, IDQuanHuyen, SoKhaiSinh, NguoiTaoDL) VALUES ('d86b12e9-e068-4e92-aacb-bc6eada1b767', N'Trần Thị Thiệp', '1951-01-01', '210857477', 1951, N'Kiên Long', 96, 7, NULL, N'Nguyễn Đình Tạo');
INSERT INTO CovidChinhThuc.dbo.ThongTinHoTro (ID, IDNoiDung, IDDoiTuong, IDCaNhan, NguoiTaoDL) VALUES ('212ce1eb-d8cd-481f-a053-5451623ae767', 6, '3A65F299-2EFA-4982-BF70-81D7B5024935', 'd86b12e9-e068-4e92-aacb-bc6eada1b767', N'Nguyễn Đình Tạo');
INSERT INTO CovidChinhThuc.dbo.ChiTiet_NguoiCoCong (ID_ThongTin, NguoiTaoDL) VALUES ('212ce1eb-d8cd-481f-a053-5451623ae767', N'Nguyễn Đình Tạo');
-- row: [735]);
INSERT INTO CovidChinhThuc.dbo.CaNhan (ID, HoTen, NgaySinh, CMND, SinhNam, DiaChi, IDPhuongXa, IDQuanHuyen, SoKhaiSinh, NguoiTaoDL) VALUES ('157c463f-d86c-45fb-a2e3-fa3465fb0d8a', N'Trịnh Thị Ngãi', '1955-01-01', '210037725', 1955, N'Kiên Ngãi', 96, 7, NULL, N'Nguyễn Đình Tạo');
INSERT INTO CovidChinhThuc.dbo.ThongTinHoTro (ID, IDNoiDung, IDDoiTuong, IDCaNhan, NguoiTaoDL) VALUES ('7fdfc435-e08e-47d8-96ed-a4ba0d8ad43d', 6, 'EDE2F0CC-2376-438A-B5FB-FACD867E38EF', '157c463f-d86c-45fb-a2e3-fa3465fb0d8a', N'Nguyễn Đình Tạo');
INSERT INTO CovidChinhThuc.dbo.ChiTiet_NguoiCoCong (ID_ThongTin, NguoiTaoDL) VALUES ('7fdfc435-e08e-47d8-96ed-a4ba0d8ad43d', N'Nguyễn Đình Tạo');
-- row: [736]);
INSERT INTO CovidChinhThuc.dbo.CaNhan (ID, HoTen, NgaySinh, CMND, SinhNam, DiaChi, IDPhuongXa, IDQuanHuyen, SoKhaiSinh, NguoiTaoDL) VALUES ('2fd05555-b514-4423-a39d-e14249964631', N'Trương Thị Xuân Hường', '1929-01-01', '210940193', 1929, N'Kiên Ngãi', 96, 7, NULL, N'Nguyễn Đình Tạo');
INSERT INTO CovidChinhThuc.dbo.ThongTinHoTro (ID, IDNoiDung, IDDoiTuong, IDCaNhan, NguoiTaoDL) VALUES ('a7e7844e-3a5e-4790-a73c-b6bf4768a3cc', 6, NULL, '2fd05555-b514-4423-a39d-e14249964631', N'Nguyễn Đình Tạo');
INSERT INTO CovidChinhThuc.dbo.ChiTiet_NguoiCoCong (ID_ThongTin, NguoiTaoDL) VALUES ('a7e7844e-3a5e-4790-a73c-b6bf4768a3cc', N'Nguyễn Đình Tạo');
-- row: [737]);
INSERT INTO CovidChinhThuc.dbo.CaNhan (ID, HoTen, NgaySinh, CMND, SinhNam, DiaChi, IDPhuongXa, IDQuanHuyen, SoKhaiSinh, NguoiTaoDL) VALUES ('2351888c-ae42-4d12-9b13-a65f9f78bbb6', N'Phan Thị Trung', '1930-03-01', '210852230', 1930, N'Dõng Hoà', 98, 7, NULL, N'Nguyễn Đình Tạo');
INSERT INTO CovidChinhThuc.dbo.ThongTinHoTro (ID, IDNoiDung, IDDoiTuong, IDCaNhan, NguoiTaoDL) VALUES ('7b58a648-ac07-42e9-97a5-1c128cacbd1d', 6, 'EDE2F0CC-2376-438A-B5FB-FACD867E38EF', '2351888c-ae42-4d12-9b13-a65f9f78bbb6', N'Nguyễn Đình Tạo');
INSERT INTO CovidChinhThuc.dbo.ChiTiet_NguoiCoCong (ID_ThongTin, NguoiTaoDL) VALUES ('7b58a648-ac07-42e9-97a5-1c128cacbd1d', N'Nguyễn Đình Tạo');
-- row: [738]);
INSERT INTO CovidChinhThuc.dbo.CaNhan (ID, HoTen, NgaySinh, CMND, SinhNam, DiaChi, IDPhuongXa, IDQuanHuyen, SoKhaiSinh, NguoiTaoDL) VALUES ('d95967f2-5e8a-42e8-87c8-9ea0796699f0', N'Tào Thị Trước', '1937-02-01', '210852193', 1937, N'Dõng Hoà', 98, 7, NULL, N'Nguyễn Đình Tạo');
INSERT INTO CovidChinhThuc.dbo.ThongTinHoTro (ID, IDNoiDung, IDDoiTuong, IDCaNhan, NguoiTaoDL) VALUES ('9ea0baf2-8ef9-4608-8b2c-597b06198cad', 6, '2DE801FE-8F9D-4CB2-A1C0-E61F4503CB74', 'd95967f2-5e8a-42e8-87c8-9ea0796699f0', N'Nguyễn Đình Tạo');
INSERT INTO CovidChinhThuc.dbo.ChiTiet_NguoiCoCong (ID_ThongTin, NguoiTaoDL) VALUES ('9ea0baf2-8ef9-4608-8b2c-597b06198cad', N'Nguyễn Đình Tạo');
-- row: [739]);
INSERT INTO CovidChinhThuc.dbo.CaNhan (ID, HoTen, NgaySinh, CMND, SinhNam, DiaChi, IDPhuongXa, IDQuanHuyen, SoKhaiSinh, NguoiTaoDL) VALUES ('d5ba8aff-d951-44f4-aa94-f1048a69d97a', N'Nguyễn Thị Điều', '1946-06-01', '210929066', 1946, N'Vĩnh Lộc', 98, 7, NULL, N'Nguyễn Đình Tạo');
INSERT INTO CovidChinhThuc.dbo.ThongTinHoTro (ID, IDNoiDung, IDDoiTuong, IDCaNhan, NguoiTaoDL) VALUES ('7ff5942e-21c0-407b-841c-bc1f960cc805', 6, 'EDE2F0CC-2376-438A-B5FB-FACD867E38EF', 'd5ba8aff-d951-44f4-aa94-f1048a69d97a', N'Nguyễn Đình Tạo');
INSERT INTO CovidChinhThuc.dbo.ChiTiet_NguoiCoCong (ID_ThongTin, NguoiTaoDL) VALUES ('7ff5942e-21c0-407b-841c-bc1f960cc805', N'Nguyễn Đình Tạo');
-- row: [740]);
INSERT INTO CovidChinhThuc.dbo.CaNhan (ID, HoTen, NgaySinh, CMND, SinhNam, DiaChi, IDPhuongXa, IDQuanHuyen, SoKhaiSinh, NguoiTaoDL) VALUES ('e0fb746d-c991-4daa-b30c-8e16be2ca101', N'Nguyễn Thị Hoa', '1937-09-01', '210852660', 1937, N'Vĩnh Lộc', 98, 7, NULL, N'Nguyễn Đình Tạo');
INSERT INTO CovidChinhThuc.dbo.ThongTinHoTro (ID, IDNoiDung, IDDoiTuong, IDCaNhan, NguoiTaoDL) VALUES ('f96dece0-4263-47a5-8ae9-26a07cea8f1c', 6, 'EDE2F0CC-2376-438A-B5FB-FACD867E38EF', 'e0fb746d-c991-4daa-b30c-8e16be2ca101', N'Nguyễn Đình Tạo');
INSERT INTO CovidChinhThuc.dbo.ChiTiet_NguoiCoCong (ID_ThongTin, NguoiTaoDL) VALUES ('f96dece0-4263-47a5-8ae9-26a07cea8f1c', N'Nguyễn Đình Tạo');
-- row: [741]);
INSERT INTO CovidChinhThuc.dbo.CaNhan (ID, HoTen, NgaySinh, CMND, SinhNam, DiaChi, IDPhuongXa, IDQuanHuyen, SoKhaiSinh, NguoiTaoDL) VALUES ('9ae88aab-283d-4345-8fb0-ce93b886ca2c', N'Võ Thị Mai', '1928-02-01', '210852620', 1928, N'Vĩnh Lộc', 98, 7, NULL, N'Nguyễn Đình Tạo');
INSERT INTO CovidChinhThuc.dbo.ThongTinHoTro (ID, IDNoiDung, IDDoiTuong, IDCaNhan, NguoiTaoDL) VALUES ('be147e06-364f-498d-ae5d-78ac995445f4', 6, '3A65F299-2EFA-4982-BF70-81D7B5024935', '9ae88aab-283d-4345-8fb0-ce93b886ca2c', N'Nguyễn Đình Tạo');
INSERT INTO CovidChinhThuc.dbo.ChiTiet_NguoiCoCong (ID_ThongTin, NguoiTaoDL) VALUES ('be147e06-364f-498d-ae5d-78ac995445f4', N'Nguyễn Đình Tạo');
-- row: [742]);
INSERT INTO CovidChinhThuc.dbo.CaNhan (ID, HoTen, NgaySinh, CMND, SinhNam, DiaChi, IDPhuongXa, IDQuanHuyen, SoKhaiSinh, NguoiTaoDL) VALUES ('8f05601a-e0f3-495c-89d8-9a3b8039e5f0', N'Trần Thị Sen', '1935-06-01', '210929154', 1935, N'Vĩnh Lộc', 98, 7, NULL, N'Nguyễn Đình Tạo');
INSERT INTO CovidChinhThuc.dbo.ThongTinHoTro (ID, IDNoiDung, IDDoiTuong, IDCaNhan, NguoiTaoDL) VALUES ('5fa669ed-9ec7-400f-a8f1-3b880ee94af2', 6, '3A65F299-2EFA-4982-BF70-81D7B5024935', '8f05601a-e0f3-495c-89d8-9a3b8039e5f0', N'Nguyễn Đình Tạo');
INSERT INTO CovidChinhThuc.dbo.ChiTiet_NguoiCoCong (ID_ThongTin, NguoiTaoDL) VALUES ('5fa669ed-9ec7-400f-a8f1-3b880ee94af2', N'Nguyễn Đình Tạo');
-- row: [743]);
INSERT INTO CovidChinhThuc.dbo.CaNhan (ID, HoTen, NgaySinh, CMND, SinhNam, DiaChi, IDPhuongXa, IDQuanHuyen, SoKhaiSinh, NguoiTaoDL) VALUES ('2792d184-b550-45a4-b154-c5b3d526dc20', N'Phạm Thị Tủng', '1940-03-01', '210929101', 1940, N'Vĩnh Lộc', 98, 7, NULL, N'Nguyễn Đình Tạo');
INSERT INTO CovidChinhThuc.dbo.ThongTinHoTro (ID, IDNoiDung, IDDoiTuong, IDCaNhan, NguoiTaoDL) VALUES ('ea603dfd-9eed-4c0d-a094-c673373c6098', 6, '3A65F299-2EFA-4982-BF70-81D7B5024935', '2792d184-b550-45a4-b154-c5b3d526dc20', N'Nguyễn Đình Tạo');
INSERT INTO CovidChinhThuc.dbo.ChiTiet_NguoiCoCong (ID_ThongTin, NguoiTaoDL) VALUES ('ea603dfd-9eed-4c0d-a094-c673373c6098', N'Nguyễn Đình Tạo');
-- row: [744]);
INSERT INTO CovidChinhThuc.dbo.CaNhan (ID, HoTen, NgaySinh, CMND, SinhNam, DiaChi, IDPhuongXa, IDQuanHuyen, SoKhaiSinh, NguoiTaoDL) VALUES ('54fa3e84-693e-4aa4-b211-439f4dfeeef0', N'Phạm Ròng', '1943-04-01', '210936514', 1943, N'Vĩnh Lộc', 98, 7, NULL, N'Nguyễn Đình Tạo');
INSERT INTO CovidChinhThuc.dbo.ThongTinHoTro (ID, IDNoiDung, IDDoiTuong, IDCaNhan, NguoiTaoDL) VALUES ('7854d698-d1f8-4f76-b792-7dd2f8d2131c', 6, NULL, '54fa3e84-693e-4aa4-b211-439f4dfeeef0', N'Nguyễn Đình Tạo');
INSERT INTO CovidChinhThuc.dbo.ChiTiet_NguoiCoCong (ID_ThongTin, NguoiTaoDL) VALUES ('7854d698-d1f8-4f76-b792-7dd2f8d2131c', N'Nguyễn Đình Tạo');
-- row: [745]);
INSERT INTO CovidChinhThuc.dbo.CaNhan (ID, HoTen, NgaySinh, CMND, SinhNam, DiaChi, IDPhuongXa, IDQuanHuyen, SoKhaiSinh, NguoiTaoDL) VALUES ('c33bdce6-843b-42f7-aed6-42d899455834', N'Lê Thị Xuân Hương', '1942-04-01', '210929532', 1942, N'Kiên Thạnh', 98, 7, NULL, N'Nguyễn Đình Tạo');
INSERT INTO CovidChinhThuc.dbo.ThongTinHoTro (ID, IDNoiDung, IDDoiTuong, IDCaNhan, NguoiTaoDL) VALUES ('50fdc22b-198d-4215-b22a-dbbb27b9452d', 6, '3A65F299-2EFA-4982-BF70-81D7B5024935', 'c33bdce6-843b-42f7-aed6-42d899455834', N'Nguyễn Đình Tạo');
INSERT INTO CovidChinhThuc.dbo.ChiTiet_NguoiCoCong (ID_ThongTin, NguoiTaoDL) VALUES ('50fdc22b-198d-4215-b22a-dbbb27b9452d', N'Nguyễn Đình Tạo');
-- row: [746]);
INSERT INTO CovidChinhThuc.dbo.CaNhan (ID, HoTen, NgaySinh, CMND, SinhNam, DiaChi, IDPhuongXa, IDQuanHuyen, SoKhaiSinh, NguoiTaoDL) VALUES ('d17c6e50-c800-47a9-b8ba-9587e85d8d8e', N'Võ Thị Sáu', '1926-04-01', '210920382', 1926, N'Kiên Thạnh', 98, 7, NULL, N'Nguyễn Đình Tạo');
INSERT INTO CovidChinhThuc.dbo.ThongTinHoTro (ID, IDNoiDung, IDDoiTuong, IDCaNhan, NguoiTaoDL) VALUES ('0100479d-483a-4898-b855-a1e9905b897c', 6, '3A65F299-2EFA-4982-BF70-81D7B5024935', 'd17c6e50-c800-47a9-b8ba-9587e85d8d8e', N'Nguyễn Đình Tạo');
INSERT INTO CovidChinhThuc.dbo.ChiTiet_NguoiCoCong (ID_ThongTin, NguoiTaoDL) VALUES ('0100479d-483a-4898-b855-a1e9905b897c', N'Nguyễn Đình Tạo');
-- row: [747]);
INSERT INTO CovidChinhThuc.dbo.CaNhan (ID, HoTen, NgaySinh, CMND, SinhNam, DiaChi, IDPhuongXa, IDQuanHuyen, SoKhaiSinh, NguoiTaoDL) VALUES ('832953de-8057-42a2-9c2d-7567da07105c', N'Nguyễn Thị Đông', '1944-05-01', '211705890', 1944, N'Vân Tường', 98, 7, NULL, N'Nguyễn Đình Tạo');
INSERT INTO CovidChinhThuc.dbo.ThongTinHoTro (ID, IDNoiDung, IDDoiTuong, IDCaNhan, NguoiTaoDL) VALUES ('de87c330-4a04-4512-aad6-346fe425c3d7', 6, 'EDE2F0CC-2376-438A-B5FB-FACD867E38EF', '832953de-8057-42a2-9c2d-7567da07105c', N'Nguyễn Đình Tạo');
INSERT INTO CovidChinhThuc.dbo.ChiTiet_NguoiCoCong (ID_ThongTin, NguoiTaoDL) VALUES ('de87c330-4a04-4512-aad6-346fe425c3d7', N'Nguyễn Đình Tạo');
-- row: [748]);
INSERT INTO CovidChinhThuc.dbo.CaNhan (ID, HoTen, NgaySinh, CMND, SinhNam, DiaChi, IDPhuongXa, IDQuanHuyen, SoKhaiSinh, NguoiTaoDL) VALUES ('bc97c043-06ea-499b-be63-5530e749fb53', N'Cao Mạnh Tào', '1951-05-01', '211692162', 1951, N'Vân Tường', 98, 7, NULL, N'Nguyễn Đình Tạo');
INSERT INTO CovidChinhThuc.dbo.ThongTinHoTro (ID, IDNoiDung, IDDoiTuong, IDCaNhan, NguoiTaoDL) VALUES ('c149cede-c46b-41ad-9051-3e1c604eb283', 6, 'EDE2F0CC-2376-438A-B5FB-FACD867E38EF', 'bc97c043-06ea-499b-be63-5530e749fb53', N'Nguyễn Đình Tạo');
INSERT INTO CovidChinhThuc.dbo.ChiTiet_NguoiCoCong (ID_ThongTin, NguoiTaoDL) VALUES ('c149cede-c46b-41ad-9051-3e1c604eb283', N'Nguyễn Đình Tạo');
-- row: [749]);
INSERT INTO CovidChinhThuc.dbo.CaNhan (ID, HoTen, NgaySinh, CMND, SinhNam, DiaChi, IDPhuongXa, IDQuanHuyen, SoKhaiSinh, NguoiTaoDL) VALUES ('bb26ae83-15bf-4af3-82de-cda1f7f13788', N'Cao Minh Kỳ', '1944-01-01', '211705870', 1944, N'Vân Tường', 98, 7, NULL, N'Nguyễn Đình Tạo');
INSERT INTO CovidChinhThuc.dbo.ThongTinHoTro (ID, IDNoiDung, IDDoiTuong, IDCaNhan, NguoiTaoDL) VALUES ('04064a80-7844-473d-8038-4dd23a761d44', 6, '78AC3F79-5C50-4ACB-B626-E51ED3D4E8E5', 'bb26ae83-15bf-4af3-82de-cda1f7f13788', N'Nguyễn Đình Tạo');
INSERT INTO CovidChinhThuc.dbo.ChiTiet_NguoiCoCong (ID_ThongTin, NguoiTaoDL) VALUES ('04064a80-7844-473d-8038-4dd23a761d44', N'Nguyễn Đình Tạo');
-- row: [750]);
INSERT INTO CovidChinhThuc.dbo.CaNhan (ID, HoTen, NgaySinh, CMND, SinhNam, DiaChi, IDPhuongXa, IDQuanHuyen, SoKhaiSinh, NguoiTaoDL) VALUES ('2a0e43a5-5ef5-4c8e-a231-493d36f8659f', N'Nguyễn Văn Huệ', '1979-01-01', '215360281', 1979, N'Vân Tường', 98, 7, NULL, N'Nguyễn Đình Tạo');
INSERT INTO CovidChinhThuc.dbo.ThongTinHoTro (ID, IDNoiDung, IDDoiTuong, IDCaNhan, NguoiTaoDL) VALUES ('84b9a72b-fc08-4a8c-b816-ae9bb54a6a08', 6, '3A65F299-2EFA-4982-BF70-81D7B5024935', '2a0e43a5-5ef5-4c8e-a231-493d36f8659f', N'Nguyễn Đình Tạo');
INSERT INTO CovidChinhThuc.dbo.ChiTiet_NguoiCoCong (ID_ThongTin, NguoiTaoDL) VALUES ('84b9a72b-fc08-4a8c-b816-ae9bb54a6a08', N'Nguyễn Đình Tạo');
-- row: [751]);
INSERT INTO CovidChinhThuc.dbo.CaNhan (ID, HoTen, NgaySinh, CMND, SinhNam, DiaChi, IDPhuongXa, IDQuanHuyen, SoKhaiSinh, NguoiTaoDL) VALUES ('55a439ca-9c0c-4cb9-ba73-c3fad444f37f', N'Lý Thị Đậu', '1928-01-01', '210851975', 1928, N'Vân Tường', 98, 7, NULL, N'Nguyễn Đình Tạo');
INSERT INTO CovidChinhThuc.dbo.ThongTinHoTro (ID, IDNoiDung, IDDoiTuong, IDCaNhan, NguoiTaoDL) VALUES ('2df2e98d-3dbf-4fd3-bf47-2a5393ff427f', 6, '3A65F299-2EFA-4982-BF70-81D7B5024935', '55a439ca-9c0c-4cb9-ba73-c3fad444f37f', N'Nguyễn Đình Tạo');
INSERT INTO CovidChinhThuc.dbo.ChiTiet_NguoiCoCong (ID_ThongTin, NguoiTaoDL) VALUES ('2df2e98d-3dbf-4fd3-bf47-2a5393ff427f', N'Nguyễn Đình Tạo');
-- row: [752]);
INSERT INTO CovidChinhThuc.dbo.CaNhan (ID, HoTen, NgaySinh, CMND, SinhNam, DiaChi, IDPhuongXa, IDQuanHuyen, SoKhaiSinh, NguoiTaoDL) VALUES ('a30774c5-d988-441e-8694-f5566d98a544', N'Trần Thị Thu Hà', '1963-12-01', '210851820', 1963, N'Vân Tường', 98, 7, NULL, N'Nguyễn Đình Tạo');
INSERT INTO CovidChinhThuc.dbo.ThongTinHoTro (ID, IDNoiDung, IDDoiTuong, IDCaNhan, NguoiTaoDL) VALUES ('cd2255bc-d67f-4f8b-a048-5ddafd76830b', 6, '3A65F299-2EFA-4982-BF70-81D7B5024935', 'a30774c5-d988-441e-8694-f5566d98a544', N'Nguyễn Đình Tạo');
INSERT INTO CovidChinhThuc.dbo.ChiTiet_NguoiCoCong (ID_ThongTin, NguoiTaoDL) VALUES ('cd2255bc-d67f-4f8b-a048-5ddafd76830b', N'Nguyễn Đình Tạo');
-- row: [753]);
INSERT INTO CovidChinhThuc.dbo.CaNhan (ID, HoTen, NgaySinh, CMND, SinhNam, DiaChi, IDPhuongXa, IDQuanHuyen, SoKhaiSinh, NguoiTaoDL) VALUES ('84a14fd6-39b2-4b30-879b-dcf9255758ef', N'Trần Hăng', '1936-10-01', '210851987', 1936, N'Vân Tường', 98, 7, NULL, N'Nguyễn Đình Tạo');
INSERT INTO CovidChinhThuc.dbo.ThongTinHoTro (ID, IDNoiDung, IDDoiTuong, IDCaNhan, NguoiTaoDL) VALUES ('79c0816d-c4b9-4606-8692-8285e1351096', 6, '3A65F299-2EFA-4982-BF70-81D7B5024935', '84a14fd6-39b2-4b30-879b-dcf9255758ef', N'Nguyễn Đình Tạo');
INSERT INTO CovidChinhThuc.dbo.ChiTiet_NguoiCoCong (ID_ThongTin, NguoiTaoDL) VALUES ('79c0816d-c4b9-4606-8692-8285e1351096', N'Nguyễn Đình Tạo');
-- row: [754]);
INSERT INTO CovidChinhThuc.dbo.CaNhan (ID, HoTen, NgaySinh, CMND, SinhNam, DiaChi, IDPhuongXa, IDQuanHuyen, SoKhaiSinh, NguoiTaoDL) VALUES ('ed1a98f2-0fb3-4291-98e6-c7b86f94eb34', N'Đỗ Thị Minh', '1944-11-01', '210851985', 1944, N'Vân Tường', 98, 7, NULL, N'Nguyễn Đình Tạo');
INSERT INTO CovidChinhThuc.dbo.ThongTinHoTro (ID, IDNoiDung, IDDoiTuong, IDCaNhan, NguoiTaoDL) VALUES ('717224df-e6f5-4bc7-b57f-504259ffcde2', 6, '3A65F299-2EFA-4982-BF70-81D7B5024935', 'ed1a98f2-0fb3-4291-98e6-c7b86f94eb34', N'Nguyễn Đình Tạo');
INSERT INTO CovidChinhThuc.dbo.ChiTiet_NguoiCoCong (ID_ThongTin, NguoiTaoDL) VALUES ('717224df-e6f5-4bc7-b57f-504259ffcde2', N'Nguyễn Đình Tạo');
-- row: [755]);
INSERT INTO CovidChinhThuc.dbo.CaNhan (ID, HoTen, NgaySinh, CMND, SinhNam, DiaChi, IDPhuongXa, IDQuanHuyen, SoKhaiSinh, NguoiTaoDL) VALUES ('b4314af6-6d1d-49a5-ae70-f0f520aa5284', N'Cao Thị Chín', '1959-10-01', '210851900', 1959, N'Vân Tường', 98, 7, NULL, N'Nguyễn Đình Tạo');
INSERT INTO CovidChinhThuc.dbo.ThongTinHoTro (ID, IDNoiDung, IDDoiTuong, IDCaNhan, NguoiTaoDL) VALUES ('4ae40df4-c322-4ab2-a8fd-e249967dfa36', 6, NULL, 'b4314af6-6d1d-49a5-ae70-f0f520aa5284', N'Nguyễn Đình Tạo');
INSERT INTO CovidChinhThuc.dbo.ChiTiet_NguoiCoCong (ID_ThongTin, NguoiTaoDL) VALUES ('4ae40df4-c322-4ab2-a8fd-e249967dfa36', N'Nguyễn Đình Tạo');
-- row: [756]);
INSERT INTO CovidChinhThuc.dbo.CaNhan (ID, HoTen, NgaySinh, CMND, SinhNam, DiaChi, IDPhuongXa, IDQuanHuyen, SoKhaiSinh, NguoiTaoDL) VALUES ('385158ab-3488-4c55-8964-f19e39874e17', N'Trần Thị Cúc', '1947-02-01', '210851650', 1947, N'Vân Tường', 98, 7, NULL, N'Nguyễn Đình Tạo');
INSERT INTO CovidChinhThuc.dbo.ThongTinHoTro (ID, IDNoiDung, IDDoiTuong, IDCaNhan, NguoiTaoDL) VALUES ('3a6c6fca-4814-41de-9910-e6d57b630571', 6, '2DE801FE-8F9D-4CB2-A1C0-E61F4503CB74', '385158ab-3488-4c55-8964-f19e39874e17', N'Nguyễn Đình Tạo');
INSERT INTO CovidChinhThuc.dbo.ChiTiet_NguoiCoCong (ID_ThongTin, NguoiTaoDL) VALUES ('3a6c6fca-4814-41de-9910-e6d57b630571', N'Nguyễn Đình Tạo');
-- row: [757]);
INSERT INTO CovidChinhThuc.dbo.CaNhan (ID, HoTen, NgaySinh, CMND, SinhNam, DiaChi, IDPhuongXa, IDQuanHuyen, SoKhaiSinh, NguoiTaoDL) VALUES ('d5f053e6-e178-473a-8c7a-98d3b0acd31b', N'Nguyễn Văn Giáo', '1935-07-01', '211705877', 1935, N'Trường Định 1', 98, 7, NULL, N'Nguyễn Đình Tạo');
INSERT INTO CovidChinhThuc.dbo.ThongTinHoTro (ID, IDNoiDung, IDDoiTuong, IDCaNhan, NguoiTaoDL) VALUES ('62f5d5c0-2fc2-4e6a-92f8-a30aff0ad6f0', 6, 'EDE2F0CC-2376-438A-B5FB-FACD867E38EF', 'd5f053e6-e178-473a-8c7a-98d3b0acd31b', N'Nguyễn Đình Tạo');
INSERT INTO CovidChinhThuc.dbo.ChiTiet_NguoiCoCong (ID_ThongTin, NguoiTaoDL) VALUES ('62f5d5c0-2fc2-4e6a-92f8-a30aff0ad6f0', N'Nguyễn Đình Tạo');
-- row: [758]);
INSERT INTO CovidChinhThuc.dbo.CaNhan (ID, HoTen, NgaySinh, CMND, SinhNam, DiaChi, IDPhuongXa, IDQuanHuyen, SoKhaiSinh, NguoiTaoDL) VALUES ('dcb11afe-9fb9-459b-ae23-70d0f21f8ab4', N'Phan Thị Chánh', '1955-04-01', '210851162', 1955, N'Trường Định 1', 98, 7, NULL, N'Nguyễn Đình Tạo');
INSERT INTO CovidChinhThuc.dbo.ThongTinHoTro (ID, IDNoiDung, IDDoiTuong, IDCaNhan, NguoiTaoDL) VALUES ('2ddabbbf-ee3c-49e4-9969-64fc10d66594', 6, '3A65F299-2EFA-4982-BF70-81D7B5024935', 'dcb11afe-9fb9-459b-ae23-70d0f21f8ab4', N'Nguyễn Đình Tạo');
INSERT INTO CovidChinhThuc.dbo.ChiTiet_NguoiCoCong (ID_ThongTin, NguoiTaoDL) VALUES ('2ddabbbf-ee3c-49e4-9969-64fc10d66594', N'Nguyễn Đình Tạo');
-- row: [759]);
INSERT INTO CovidChinhThuc.dbo.CaNhan (ID, HoTen, NgaySinh, CMND, SinhNam, DiaChi, IDPhuongXa, IDQuanHuyen, SoKhaiSinh, NguoiTaoDL) VALUES ('74434651-e5ae-4833-ab74-a83a31c5c8b9', N'Nguyễn Thị Cà', '1924-01-01', '210580432', 1924, N'Trường Định 1', 98, 7, NULL, N'Nguyễn Đình Tạo');
INSERT INTO CovidChinhThuc.dbo.ThongTinHoTro (ID, IDNoiDung, IDDoiTuong, IDCaNhan, NguoiTaoDL) VALUES ('3fb0a968-81e8-459a-aa22-8b5a9be59414', 6, '3A65F299-2EFA-4982-BF70-81D7B5024935', '74434651-e5ae-4833-ab74-a83a31c5c8b9', N'Nguyễn Đình Tạo');
INSERT INTO CovidChinhThuc.dbo.ChiTiet_NguoiCoCong (ID_ThongTin, NguoiTaoDL) VALUES ('3fb0a968-81e8-459a-aa22-8b5a9be59414', N'Nguyễn Đình Tạo');
-- row: [760]);
INSERT INTO CovidChinhThuc.dbo.CaNhan (ID, HoTen, NgaySinh, CMND, SinhNam, DiaChi, IDPhuongXa, IDQuanHuyen, SoKhaiSinh, NguoiTaoDL) VALUES ('1ed562eb-144e-4313-b53a-102280c3baec', N'Huỳnh Thị Hoa', '1936-05-01', '210850661', 1936, N'Trường Định 1', 98, 7, NULL, N'Nguyễn Đình Tạo');
INSERT INTO CovidChinhThuc.dbo.ThongTinHoTro (ID, IDNoiDung, IDDoiTuong, IDCaNhan, NguoiTaoDL) VALUES ('34d1ef4f-5dc8-47e8-857a-da44f52c0914', 6, '3A65F299-2EFA-4982-BF70-81D7B5024935', '1ed562eb-144e-4313-b53a-102280c3baec', N'Nguyễn Đình Tạo');
INSERT INTO CovidChinhThuc.dbo.ChiTiet_NguoiCoCong (ID_ThongTin, NguoiTaoDL) VALUES ('34d1ef4f-5dc8-47e8-857a-da44f52c0914', N'Nguyễn Đình Tạo');
-- row: [761]);
INSERT INTO CovidChinhThuc.dbo.CaNhan (ID, HoTen, NgaySinh, CMND, SinhNam, DiaChi, IDPhuongXa, IDQuanHuyen, SoKhaiSinh, NguoiTaoDL) VALUES ('064f1277-3f5c-483b-b002-f97d100eb6b8', N'Trần Thị Minh', '1933-03-01', '210850502', 1933, N'Trường Định 1', 98, 7, NULL, N'Nguyễn Đình Tạo');
INSERT INTO CovidChinhThuc.dbo.ThongTinHoTro (ID, IDNoiDung, IDDoiTuong, IDCaNhan, NguoiTaoDL) VALUES ('a00d4ae8-0507-4756-9489-72a948dc433e', 6, '3A65F299-2EFA-4982-BF70-81D7B5024935', '064f1277-3f5c-483b-b002-f97d100eb6b8', N'Nguyễn Đình Tạo');
INSERT INTO CovidChinhThuc.dbo.ChiTiet_NguoiCoCong (ID_ThongTin, NguoiTaoDL) VALUES ('a00d4ae8-0507-4756-9489-72a948dc433e', N'Nguyễn Đình Tạo');
-- row: [762]);
INSERT INTO CovidChinhThuc.dbo.CaNhan (ID, HoTen, NgaySinh, CMND, SinhNam, DiaChi, IDPhuongXa, IDQuanHuyen, SoKhaiSinh, NguoiTaoDL) VALUES ('45999a84-94b3-402a-b682-679c87622773', N'Nguyễn Thị Nhung', '1962-01-01', '210850576', 1962, N'Trường Định 1', 98, 7, NULL, N'Nguyễn Đình Tạo');
INSERT INTO CovidChinhThuc.dbo.ThongTinHoTro (ID, IDNoiDung, IDDoiTuong, IDCaNhan, NguoiTaoDL) VALUES ('c3dc1900-cc82-43f9-b0b1-a674f0e83a10', 6, '3A65F299-2EFA-4982-BF70-81D7B5024935', '45999a84-94b3-402a-b682-679c87622773', N'Nguyễn Đình Tạo');
INSERT INTO CovidChinhThuc.dbo.ChiTiet_NguoiCoCong (ID_ThongTin, NguoiTaoDL) VALUES ('c3dc1900-cc82-43f9-b0b1-a674f0e83a10', N'Nguyễn Đình Tạo');
-- row: [763]);
INSERT INTO CovidChinhThuc.dbo.CaNhan (ID, HoTen, NgaySinh, CMND, SinhNam, DiaChi, IDPhuongXa, IDQuanHuyen, SoKhaiSinh, NguoiTaoDL) VALUES ('6a21ac3d-3ae8-44e8-9f26-27e2bbdd9815', N'Trần Thị Sỏi', '1934-01-01', '210850442', 1934, N'Trường Định 1', 98, 7, NULL, N'Nguyễn Đình Tạo');
INSERT INTO CovidChinhThuc.dbo.ThongTinHoTro (ID, IDNoiDung, IDDoiTuong, IDCaNhan, NguoiTaoDL) VALUES ('fd039973-2899-45ec-86e4-8e7903f85db1', 6, '3A65F299-2EFA-4982-BF70-81D7B5024935', '6a21ac3d-3ae8-44e8-9f26-27e2bbdd9815', N'Nguyễn Đình Tạo');
INSERT INTO CovidChinhThuc.dbo.ChiTiet_NguoiCoCong (ID_ThongTin, NguoiTaoDL) VALUES ('fd039973-2899-45ec-86e4-8e7903f85db1', N'Nguyễn Đình Tạo');
-- row: [764]);
INSERT INTO CovidChinhThuc.dbo.CaNhan (ID, HoTen, NgaySinh, CMND, SinhNam, DiaChi, IDPhuongXa, IDQuanHuyen, SoKhaiSinh, NguoiTaoDL) VALUES ('433660c3-60ff-4962-9d90-2141405c6b73', N'Nguyễn Thị Ỷ', '1943-06-01', '210850365', 1943, N'Trường Định 1', 98, 7, NULL, N'Nguyễn Đình Tạo');
INSERT INTO CovidChinhThuc.dbo.ThongTinHoTro (ID, IDNoiDung, IDDoiTuong, IDCaNhan, NguoiTaoDL) VALUES ('b51c114a-4d08-49fe-82ea-f8d5e7cc1b3d', 6, '3A65F299-2EFA-4982-BF70-81D7B5024935', '433660c3-60ff-4962-9d90-2141405c6b73', N'Nguyễn Đình Tạo');
INSERT INTO CovidChinhThuc.dbo.ChiTiet_NguoiCoCong (ID_ThongTin, NguoiTaoDL) VALUES ('b51c114a-4d08-49fe-82ea-f8d5e7cc1b3d', N'Nguyễn Đình Tạo');
-- row: [765]);
INSERT INTO CovidChinhThuc.dbo.CaNhan (ID, HoTen, NgaySinh, CMND, SinhNam, DiaChi, IDPhuongXa, IDQuanHuyen, SoKhaiSinh, NguoiTaoDL) VALUES ('81d012af-e07d-45c1-b976-e8b66dc98f15', N'Trần Thị Nga', '1931-01-01', '210847041', 1931, N'Trường Định 1', 98, 7, NULL, N'Nguyễn Đình Tạo');
INSERT INTO CovidChinhThuc.dbo.ThongTinHoTro (ID, IDNoiDung, IDDoiTuong, IDCaNhan, NguoiTaoDL) VALUES ('766451af-e175-494f-a10d-41983045a0d6', 6, NULL, '81d012af-e07d-45c1-b976-e8b66dc98f15', N'Nguyễn Đình Tạo');
INSERT INTO CovidChinhThuc.dbo.ChiTiet_NguoiCoCong (ID_ThongTin, NguoiTaoDL) VALUES ('766451af-e175-494f-a10d-41983045a0d6', N'Nguyễn Đình Tạo');
-- row: [766]);
INSERT INTO CovidChinhThuc.dbo.CaNhan (ID, HoTen, NgaySinh, CMND, SinhNam, DiaChi, IDPhuongXa, IDQuanHuyen, SoKhaiSinh, NguoiTaoDL) VALUES ('b48a4bf2-7ee2-4b7c-acf1-8cd1a863c8c4', N'Phan Chí Hùng', '1952-03-01', '210850993', 1952, N'Trường Định 2', 98, 7, NULL, N'Nguyễn Đình Tạo');
INSERT INTO CovidChinhThuc.dbo.ThongTinHoTro (ID, IDNoiDung, IDDoiTuong, IDCaNhan, NguoiTaoDL) VALUES ('ab395793-2b35-41a4-ae7c-b0a65ff510c6', 6, 'EDE2F0CC-2376-438A-B5FB-FACD867E38EF', 'b48a4bf2-7ee2-4b7c-acf1-8cd1a863c8c4', N'Nguyễn Đình Tạo');
INSERT INTO CovidChinhThuc.dbo.ChiTiet_NguoiCoCong (ID_ThongTin, NguoiTaoDL) VALUES ('ab395793-2b35-41a4-ae7c-b0a65ff510c6', N'Nguyễn Đình Tạo');
-- row: [767]);
INSERT INTO CovidChinhThuc.dbo.CaNhan (ID, HoTen, NgaySinh, CMND, SinhNam, DiaChi, IDPhuongXa, IDQuanHuyen, SoKhaiSinh, NguoiTaoDL) VALUES ('78d1671f-585f-45b8-b28c-24a9eefede05', N'Lê Văn Cảnh', '1965-05-01', '210026112', 1965, N'Trường Định 2', 98, 7, NULL, N'Nguyễn Đình Tạo');
INSERT INTO CovidChinhThuc.dbo.ThongTinHoTro (ID, IDNoiDung, IDDoiTuong, IDCaNhan, NguoiTaoDL) VALUES ('188fc806-0dcb-4150-8ab1-6ea1017799a5', 6, 'EDE2F0CC-2376-438A-B5FB-FACD867E38EF', '78d1671f-585f-45b8-b28c-24a9eefede05', N'Nguyễn Đình Tạo');
INSERT INTO CovidChinhThuc.dbo.ChiTiet_NguoiCoCong (ID_ThongTin, NguoiTaoDL) VALUES ('188fc806-0dcb-4150-8ab1-6ea1017799a5', N'Nguyễn Đình Tạo');
-- row: [768]);
INSERT INTO CovidChinhThuc.dbo.CaNhan (ID, HoTen, NgaySinh, CMND, SinhNam, DiaChi, IDPhuongXa, IDQuanHuyen, SoKhaiSinh, NguoiTaoDL) VALUES ('cb0e600c-da9e-44e5-bd4f-92836f601515', N'Phan Hữu Hạnh', '1939-01-01', '210851555', 1939, N'Trường Định 2', 98, 7, NULL, N'Nguyễn Đình Tạo');
INSERT INTO CovidChinhThuc.dbo.ThongTinHoTro (ID, IDNoiDung, IDDoiTuong, IDCaNhan, NguoiTaoDL) VALUES ('4d6b57a1-eea7-4308-a8bc-a3321f6c9cca', 6, '78AC3F79-5C50-4ACB-B626-E51ED3D4E8E5', 'cb0e600c-da9e-44e5-bd4f-92836f601515', N'Nguyễn Đình Tạo');
INSERT INTO CovidChinhThuc.dbo.ChiTiet_NguoiCoCong (ID_ThongTin, NguoiTaoDL) VALUES ('4d6b57a1-eea7-4308-a8bc-a3321f6c9cca', N'Nguyễn Đình Tạo');
-- row: [769]);
INSERT INTO CovidChinhThuc.dbo.CaNhan (ID, HoTen, NgaySinh, CMND, SinhNam, DiaChi, IDPhuongXa, IDQuanHuyen, SoKhaiSinh, NguoiTaoDL) VALUES ('487d09a2-d001-4160-80fb-acb317f5958c', N'Nguyễn Văn Lanh', '1948-01-01', '211015979', 1948, N'Trường Định 2', 98, 7, NULL, N'Nguyễn Đình Tạo');
INSERT INTO CovidChinhThuc.dbo.ThongTinHoTro (ID, IDNoiDung, IDDoiTuong, IDCaNhan, NguoiTaoDL) VALUES ('3e6a47b0-6699-4c86-a250-f54d7cd26aaa', 6, '78AC3F79-5C50-4ACB-B626-E51ED3D4E8E5', '487d09a2-d001-4160-80fb-acb317f5958c', N'Nguyễn Đình Tạo');
INSERT INTO CovidChinhThuc.dbo.ChiTiet_NguoiCoCong (ID_ThongTin, NguoiTaoDL) VALUES ('3e6a47b0-6699-4c86-a250-f54d7cd26aaa', N'Nguyễn Đình Tạo');
-- row: [770]);
INSERT INTO CovidChinhThuc.dbo.CaNhan (ID, HoTen, NgaySinh, CMND, SinhNam, DiaChi, IDPhuongXa, IDQuanHuyen, SoKhaiSinh, NguoiTaoDL) VALUES ('27f204aa-ca11-47f2-920b-ef73edb8e85b', N'Nguyễn Thị Dư', '1942-07-01', '210851052', 1942, N'Trường Định 2', 98, 7, NULL, N'Nguyễn Đình Tạo');
INSERT INTO CovidChinhThuc.dbo.ThongTinHoTro (ID, IDNoiDung, IDDoiTuong, IDCaNhan, NguoiTaoDL) VALUES ('23a41874-c35c-472a-808f-aa750515b985', 6, '3A65F299-2EFA-4982-BF70-81D7B5024935', '27f204aa-ca11-47f2-920b-ef73edb8e85b', N'Nguyễn Đình Tạo');
INSERT INTO CovidChinhThuc.dbo.ChiTiet_NguoiCoCong (ID_ThongTin, NguoiTaoDL) VALUES ('23a41874-c35c-472a-808f-aa750515b985', N'Nguyễn Đình Tạo');
-- row: [771]);
INSERT INTO CovidChinhThuc.dbo.CaNhan (ID, HoTen, NgaySinh, CMND, SinhNam, DiaChi, IDPhuongXa, IDQuanHuyen, SoKhaiSinh, NguoiTaoDL) VALUES ('49f81317-0451-449b-b0d6-5c737a9ffd8c', N'Nguyễn Thị Luận', '1934-04-01', '210851416', 1934, N'Trường Định 2', 98, 7, NULL, N'Nguyễn Đình Tạo');
INSERT INTO CovidChinhThuc.dbo.ThongTinHoTro (ID, IDNoiDung, IDDoiTuong, IDCaNhan, NguoiTaoDL) VALUES ('01f9dcc2-88b6-44f2-bcdd-310d8bed5746', 6, '3A65F299-2EFA-4982-BF70-81D7B5024935', '49f81317-0451-449b-b0d6-5c737a9ffd8c', N'Nguyễn Đình Tạo');
INSERT INTO CovidChinhThuc.dbo.ChiTiet_NguoiCoCong (ID_ThongTin, NguoiTaoDL) VALUES ('01f9dcc2-88b6-44f2-bcdd-310d8bed5746', N'Nguyễn Đình Tạo');
-- row: [772]);
INSERT INTO CovidChinhThuc.dbo.CaNhan (ID, HoTen, NgaySinh, CMND, SinhNam, DiaChi, IDPhuongXa, IDQuanHuyen, SoKhaiSinh, NguoiTaoDL) VALUES ('940cbec1-ddea-429d-8e5b-8a1b0ab42603', N'Hồ Thị Phước', '1961-05-01', '210861940', 1961, N'Trường Định 2', 98, 7, NULL, N'Nguyễn Đình Tạo');
INSERT INTO CovidChinhThuc.dbo.ThongTinHoTro (ID, IDNoiDung, IDDoiTuong, IDCaNhan, NguoiTaoDL) VALUES ('532bbfc6-bbdf-41b6-9b94-0ccb4c69afc5', 6, '3A65F299-2EFA-4982-BF70-81D7B5024935', '940cbec1-ddea-429d-8e5b-8a1b0ab42603', N'Nguyễn Đình Tạo');
INSERT INTO CovidChinhThuc.dbo.ChiTiet_NguoiCoCong (ID_ThongTin, NguoiTaoDL) VALUES ('532bbfc6-bbdf-41b6-9b94-0ccb4c69afc5', N'Nguyễn Đình Tạo');
-- row: [773]);
INSERT INTO CovidChinhThuc.dbo.CaNhan (ID, HoTen, NgaySinh, CMND, SinhNam, DiaChi, IDPhuongXa, IDQuanHuyen, SoKhaiSinh, NguoiTaoDL) VALUES ('9188ea50-9ed6-4fed-baba-d1062022e2d4', N'Lê Thị Qúy', '1924-02-01', '210851140', 1924, N'Trường Định 2', 98, 7, NULL, N'Nguyễn Đình Tạo');
INSERT INTO CovidChinhThuc.dbo.ThongTinHoTro (ID, IDNoiDung, IDDoiTuong, IDCaNhan, NguoiTaoDL) VALUES ('17b96372-42b9-4a5f-b737-5c9c3d9a1074', 6, '3A65F299-2EFA-4982-BF70-81D7B5024935', '9188ea50-9ed6-4fed-baba-d1062022e2d4', N'Nguyễn Đình Tạo');
INSERT INTO CovidChinhThuc.dbo.ChiTiet_NguoiCoCong (ID_ThongTin, NguoiTaoDL) VALUES ('17b96372-42b9-4a5f-b737-5c9c3d9a1074', N'Nguyễn Đình Tạo');
-- row: [774]);
INSERT INTO CovidChinhThuc.dbo.CaNhan (ID, HoTen, NgaySinh, CMND, SinhNam, DiaChi, IDPhuongXa, IDQuanHuyen, SoKhaiSinh, NguoiTaoDL) VALUES ('76091676-9b79-4cd2-9b29-d748773965c0', N'Nguyễn Thị Trung', '1935-08-31', '210851014', 1935, N'Trường Định 2', 98, 7, NULL, N'Nguyễn Đình Tạo');
INSERT INTO CovidChinhThuc.dbo.ThongTinHoTro (ID, IDNoiDung, IDDoiTuong, IDCaNhan, NguoiTaoDL) VALUES ('f6b7bd2e-e70f-4356-be90-c7c8f2c25360', 6, '3A65F299-2EFA-4982-BF70-81D7B5024935', '76091676-9b79-4cd2-9b29-d748773965c0', N'Nguyễn Đình Tạo');
INSERT INTO CovidChinhThuc.dbo.ChiTiet_NguoiCoCong (ID_ThongTin, NguoiTaoDL) VALUES ('f6b7bd2e-e70f-4356-be90-c7c8f2c25360', N'Nguyễn Đình Tạo');
-- row: [775]);
INSERT INTO CovidChinhThuc.dbo.CaNhan (ID, HoTen, NgaySinh, CMND, SinhNam, DiaChi, IDPhuongXa, IDQuanHuyen, SoKhaiSinh, NguoiTaoDL) VALUES ('c1a34e12-5382-48b6-b2ed-c472e7df606c', N'Bùi Thị Xuân', '1933-04-01', '210851361', 1933, N'Trường Định 2', 98, 7, NULL, N'Nguyễn Đình Tạo');
INSERT INTO CovidChinhThuc.dbo.ThongTinHoTro (ID, IDNoiDung, IDDoiTuong, IDCaNhan, NguoiTaoDL) VALUES ('d04ab27b-4207-4482-8cf3-6c4ada02bec7', 6, '3A65F299-2EFA-4982-BF70-81D7B5024935', 'c1a34e12-5382-48b6-b2ed-c472e7df606c', N'Nguyễn Đình Tạo');
INSERT INTO CovidChinhThuc.dbo.ChiTiet_NguoiCoCong (ID_ThongTin, NguoiTaoDL) VALUES ('d04ab27b-4207-4482-8cf3-6c4ada02bec7', N'Nguyễn Đình Tạo');
-- row: [776]);
INSERT INTO CovidChinhThuc.dbo.CaNhan (ID, HoTen, NgaySinh, CMND, SinhNam, DiaChi, IDPhuongXa, IDQuanHuyen, SoKhaiSinh, NguoiTaoDL) VALUES ('e36353ad-d040-4f6d-89fc-b0107d64be5e', N'Lê Thị Hiện', '1959-06-01', '210929083', 1959, N'Trường Định 2', 98, 7, NULL, N'Nguyễn Đình Tạo');
INSERT INTO CovidChinhThuc.dbo.ThongTinHoTro (ID, IDNoiDung, IDDoiTuong, IDCaNhan, NguoiTaoDL) VALUES ('76a721f4-bec8-4777-a3ee-18cf2f932f3c', 6, 'DF559633-EE29-45FD-BD59-1153DDD55C4B', 'e36353ad-d040-4f6d-89fc-b0107d64be5e', N'Nguyễn Đình Tạo');
INSERT INTO CovidChinhThuc.dbo.ChiTiet_NguoiCoCong (ID_ThongTin, NguoiTaoDL) VALUES ('76a721f4-bec8-4777-a3ee-18cf2f932f3c', N'Nguyễn Đình Tạo');
-- row: [777]);
INSERT INTO CovidChinhThuc.dbo.CaNhan (ID, HoTen, NgaySinh, CMND, SinhNam, DiaChi, IDPhuongXa, IDQuanHuyen, SoKhaiSinh, NguoiTaoDL) VALUES ('ecd53adc-7942-4cd1-9760-32b820db3db5', N'Huỳnh Đăng Toàn', '1934-12-01', '210851131', 1934, N'Trường Định 2', 98, 7, NULL, N'Nguyễn Đình Tạo');
INSERT INTO CovidChinhThuc.dbo.ThongTinHoTro (ID, IDNoiDung, IDDoiTuong, IDCaNhan, NguoiTaoDL) VALUES ('878509b9-c29e-4278-9df5-80960ac2e26d', 6, 'DF559633-EE29-45FD-BD59-1153DDD55C4B', 'ecd53adc-7942-4cd1-9760-32b820db3db5', N'Nguyễn Đình Tạo');
INSERT INTO CovidChinhThuc.dbo.ChiTiet_NguoiCoCong (ID_ThongTin, NguoiTaoDL) VALUES ('878509b9-c29e-4278-9df5-80960ac2e26d', N'Nguyễn Đình Tạo');
-- row: [778]);
INSERT INTO CovidChinhThuc.dbo.CaNhan (ID, HoTen, NgaySinh, CMND, SinhNam, DiaChi, IDPhuongXa, IDQuanHuyen, SoKhaiSinh, NguoiTaoDL) VALUES ('c421b86d-7fc3-45b3-ae3d-79c319bbf825', N'Huỳnh Thị Vân', '1938-03-01', '210851127', 1938, N'Trường Định 2', 98, 7, NULL, N'Nguyễn Đình Tạo');
INSERT INTO CovidChinhThuc.dbo.ThongTinHoTro (ID, IDNoiDung, IDDoiTuong, IDCaNhan, NguoiTaoDL) VALUES ('1532ad77-2094-4d8b-b17b-b1b89f421826', 6, 'DF559633-EE29-45FD-BD59-1153DDD55C4B', 'c421b86d-7fc3-45b3-ae3d-79c319bbf825', N'Nguyễn Đình Tạo');
INSERT INTO CovidChinhThuc.dbo.ChiTiet_NguoiCoCong (ID_ThongTin, NguoiTaoDL) VALUES ('1532ad77-2094-4d8b-b17b-b1b89f421826', N'Nguyễn Đình Tạo');
-- row: [779]);
INSERT INTO CovidChinhThuc.dbo.CaNhan (ID, HoTen, NgaySinh, CMND, SinhNam, DiaChi, IDPhuongXa, IDQuanHuyen, SoKhaiSinh, NguoiTaoDL) VALUES ('e2e3c88a-cd11-4973-a5ae-2dee19bbc39c', N'Nguyễn Thị Đào', '1937-08-01', '210851220', 1937, N'Trường Định 2', 98, 7, NULL, N'Nguyễn Đình Tạo');
INSERT INTO CovidChinhThuc.dbo.ThongTinHoTro (ID, IDNoiDung, IDDoiTuong, IDCaNhan, NguoiTaoDL) VALUES ('2f0aef0f-0bad-4fec-9857-9b3d9c2b33ed', 6, '41B0E9CD-732C-4E19-AAEC-3DC041CB6144', 'e2e3c88a-cd11-4973-a5ae-2dee19bbc39c', N'Nguyễn Đình Tạo');
INSERT INTO CovidChinhThuc.dbo.ChiTiet_NguoiCoCong (ID_ThongTin, NguoiTaoDL) VALUES ('2f0aef0f-0bad-4fec-9857-9b3d9c2b33ed', N'Nguyễn Đình Tạo');
-- row: [780]);
INSERT INTO CovidChinhThuc.dbo.CaNhan (ID, HoTen, NgaySinh, CMND, SinhNam, DiaChi, IDPhuongXa, IDQuanHuyen, SoKhaiSinh, NguoiTaoDL) VALUES ('bee29259-f02f-45e6-8d11-8c420aaf9d55', N'Lê Thị Hòa', '1934-01-01', '210851134', 1934, N'Trường Định 2', 98, 7, NULL, N'Nguyễn Đình Tạo');
INSERT INTO CovidChinhThuc.dbo.ThongTinHoTro (ID, IDNoiDung, IDDoiTuong, IDCaNhan, NguoiTaoDL) VALUES ('3b3bdd7b-1388-4f93-a16b-7acf2fc854a2', 6, '2DE801FE-8F9D-4CB2-A1C0-E61F4503CB74', 'bee29259-f02f-45e6-8d11-8c420aaf9d55', N'Nguyễn Đình Tạo');
INSERT INTO CovidChinhThuc.dbo.ChiTiet_NguoiCoCong (ID_ThongTin, NguoiTaoDL) VALUES ('3b3bdd7b-1388-4f93-a16b-7acf2fc854a2', N'Nguyễn Đình Tạo');
-- row: [781]);
INSERT INTO CovidChinhThuc.dbo.CaNhan (ID, HoTen, NgaySinh, CMND, SinhNam, DiaChi, IDPhuongXa, IDQuanHuyen, SoKhaiSinh, NguoiTaoDL) VALUES ('71b000c8-6f25-4278-a197-a4e53e999abb', N'Đặng Thị Hoa', '1925-01-01', '210845588', 1925, N'M6', 92, 7, NULL, N'Nguyễn Đình Tạo');
INSERT INTO CovidChinhThuc.dbo.ThongTinHoTro (ID, IDNoiDung, IDDoiTuong, IDCaNhan, NguoiTaoDL) VALUES ('11ea447b-7f4e-4ed1-9f53-0d36d2f0a2a2', 6, NULL, '71b000c8-6f25-4278-a197-a4e53e999abb', N'Nguyễn Đình Tạo');
INSERT INTO CovidChinhThuc.dbo.ChiTiet_NguoiCoCong (ID_ThongTin, NguoiTaoDL) VALUES ('11ea447b-7f4e-4ed1-9f53-0d36d2f0a2a2', N'Nguyễn Đình Tạo');
-- row: [782]);
INSERT INTO CovidChinhThuc.dbo.CaNhan (ID, HoTen, NgaySinh, CMND, SinhNam, DiaChi, IDPhuongXa, IDQuanHuyen, SoKhaiSinh, NguoiTaoDL) VALUES ('de2cdf52-8d6d-4525-80b0-6c77d46bd93f', N'Đặng Trưng', '1946-01-01', '210846972', 1946, N'Thuận ninh', 92, 7, NULL, N'Nguyễn Đình Tạo');
INSERT INTO CovidChinhThuc.dbo.ThongTinHoTro (ID, IDNoiDung, IDDoiTuong, IDCaNhan, NguoiTaoDL) VALUES ('2d0225a8-2bb5-4684-a29c-2409b771e9e1', 6, '78AC3F79-5C50-4ACB-B626-E51ED3D4E8E5', 'de2cdf52-8d6d-4525-80b0-6c77d46bd93f', N'Nguyễn Đình Tạo');
INSERT INTO CovidChinhThuc.dbo.ChiTiet_NguoiCoCong (ID_ThongTin, NguoiTaoDL) VALUES ('2d0225a8-2bb5-4684-a29c-2409b771e9e1', N'Nguyễn Đình Tạo');
-- row: [783]);
INSERT INTO CovidChinhThuc.dbo.CaNhan (ID, HoTen, NgaySinh, CMND, SinhNam, DiaChi, IDPhuongXa, IDQuanHuyen, SoKhaiSinh, NguoiTaoDL) VALUES ('66026563-b866-490c-af80-5a4a2f0317da', N'Đinh Thị Hnơhc', '1929-01-01', '211815108', 1929, N'M6', 92, 7, NULL, N'Nguyễn Đình Tạo');
INSERT INTO CovidChinhThuc.dbo.ThongTinHoTro (ID, IDNoiDung, IDDoiTuong, IDCaNhan, NguoiTaoDL) VALUES ('8a8ef3d7-2281-448f-b392-d5f6c97af075', 6, '41B0E9CD-732C-4E19-AAEC-3DC041CB6144', '66026563-b866-490c-af80-5a4a2f0317da', N'Nguyễn Đình Tạo');
INSERT INTO CovidChinhThuc.dbo.ChiTiet_NguoiCoCong (ID_ThongTin, NguoiTaoDL) VALUES ('8a8ef3d7-2281-448f-b392-d5f6c97af075', N'Nguyễn Đình Tạo');
-- row: [784]);
INSERT INTO CovidChinhThuc.dbo.CaNhan (ID, HoTen, NgaySinh, CMND, SinhNam, DiaChi, IDPhuongXa, IDQuanHuyen, SoKhaiSinh, NguoiTaoDL) VALUES ('93ebe2c7-f238-4a3b-b713-7292a370e95a', N'Đinh Thị Ken', '1938-01-01', '211436685', 1938, N'M6', 92, 7, NULL, N'Nguyễn Đình Tạo');
INSERT INTO CovidChinhThuc.dbo.ThongTinHoTro (ID, IDNoiDung, IDDoiTuong, IDCaNhan, NguoiTaoDL) VALUES ('37d13811-480d-45c9-b9b4-ead14dabf854', 6, '41B0E9CD-732C-4E19-AAEC-3DC041CB6144', '93ebe2c7-f238-4a3b-b713-7292a370e95a', N'Nguyễn Đình Tạo');
INSERT INTO CovidChinhThuc.dbo.ChiTiet_NguoiCoCong (ID_ThongTin, NguoiTaoDL) VALUES ('37d13811-480d-45c9-b9b4-ead14dabf854', N'Nguyễn Đình Tạo');
-- row: [785]);
INSERT INTO CovidChinhThuc.dbo.CaNhan (ID, HoTen, NgaySinh, CMND, SinhNam, DiaChi, IDPhuongXa, IDQuanHuyen, SoKhaiSinh, NguoiTaoDL) VALUES ('09955037-dca6-4134-987e-08c646df0294', N'Đinh Văn Long', '1952-01-01', NULL, 1952, N'M6', 92, 7, NULL, N'Nguyễn Đình Tạo');
INSERT INTO CovidChinhThuc.dbo.ThongTinHoTro (ID, IDNoiDung, IDDoiTuong, IDCaNhan, NguoiTaoDL) VALUES ('5476ea7c-12cb-4599-9d1c-1c045b9b0ae5', 6, '78AC3F79-5C50-4ACB-B626-E51ED3D4E8E5', '09955037-dca6-4134-987e-08c646df0294', N'Nguyễn Đình Tạo');
INSERT INTO CovidChinhThuc.dbo.ChiTiet_NguoiCoCong (ID_ThongTin, NguoiTaoDL) VALUES ('5476ea7c-12cb-4599-9d1c-1c045b9b0ae5', N'Nguyễn Đình Tạo');
-- row: [786]);
INSERT INTO CovidChinhThuc.dbo.CaNhan (ID, HoTen, NgaySinh, CMND, SinhNam, DiaChi, IDPhuongXa, IDQuanHuyen, SoKhaiSinh, NguoiTaoDL) VALUES ('626b7eac-908f-4406-ab7a-18613b857ec8', N'Đinh Văn Tập', '1945-01-01', '210845662', 1945, N'M6', 92, 7, NULL, N'Nguyễn Đình Tạo');
INSERT INTO CovidChinhThuc.dbo.ThongTinHoTro (ID, IDNoiDung, IDDoiTuong, IDCaNhan, NguoiTaoDL) VALUES ('6e5c1df1-86bd-41d2-8ee9-6d258511acaa', 6, '78AC3F79-5C50-4ACB-B626-E51ED3D4E8E5', '626b7eac-908f-4406-ab7a-18613b857ec8', N'Nguyễn Đình Tạo');
INSERT INTO CovidChinhThuc.dbo.ChiTiet_NguoiCoCong (ID_ThongTin, NguoiTaoDL) VALUES ('6e5c1df1-86bd-41d2-8ee9-6d258511acaa', N'Nguyễn Đình Tạo');
-- row: [787]);
INSERT INTO CovidChinhThuc.dbo.CaNhan (ID, HoTen, NgaySinh, CMND, SinhNam, DiaChi, IDPhuongXa, IDQuanHuyen, SoKhaiSinh, NguoiTaoDL) VALUES ('183b7fa7-ef79-4275-8638-8f0c4d03539a', N'Đinh Văn Vinh', '1952-06-01', '215140353', 1952, N'M6', 92, 7, NULL, N'Nguyễn Đình Tạo');
INSERT INTO CovidChinhThuc.dbo.ThongTinHoTro (ID, IDNoiDung, IDDoiTuong, IDCaNhan, NguoiTaoDL) VALUES ('4050bfe4-4c34-44a5-b12a-ced05ebdb879', 6, '78AC3F79-5C50-4ACB-B626-E51ED3D4E8E5', '183b7fa7-ef79-4275-8638-8f0c4d03539a', N'Nguyễn Đình Tạo');
INSERT INTO CovidChinhThuc.dbo.ChiTiet_NguoiCoCong (ID_ThongTin, NguoiTaoDL) VALUES ('4050bfe4-4c34-44a5-b12a-ced05ebdb879', N'Nguyễn Đình Tạo');
-- row: [788]);
INSERT INTO CovidChinhThuc.dbo.CaNhan (ID, HoTen, NgaySinh, CMND, SinhNam, DiaChi, IDPhuongXa, IDQuanHuyen, SoKhaiSinh, NguoiTaoDL) VALUES ('0de27a82-0b98-4c5d-a0df-8b5ada78d796', N'Hồ Đức Thắng', '1965-01-01', '211007604', 1965, N'Thuận Hòa', 92, 7, NULL, N'Nguyễn Đình Tạo');
INSERT INTO CovidChinhThuc.dbo.ThongTinHoTro (ID, IDNoiDung, IDDoiTuong, IDCaNhan, NguoiTaoDL) VALUES ('4938a439-1fc3-4b43-8e38-5f7ce69d5692', 6, '78AC3F79-5C50-4ACB-B626-E51ED3D4E8E5', '0de27a82-0b98-4c5d-a0df-8b5ada78d796', N'Nguyễn Đình Tạo');
INSERT INTO CovidChinhThuc.dbo.ChiTiet_NguoiCoCong (ID_ThongTin, NguoiTaoDL) VALUES ('4938a439-1fc3-4b43-8e38-5f7ce69d5692', N'Nguyễn Đình Tạo');
-- row: [789]);
INSERT INTO CovidChinhThuc.dbo.CaNhan (ID, HoTen, NgaySinh, CMND, SinhNam, DiaChi, IDPhuongXa, IDQuanHuyen, SoKhaiSinh, NguoiTaoDL) VALUES ('85fabf43-233a-4657-8c7b-abf6ac8a5a7a', N'Huỳnh Thị Khúc', '1928-01-01', '211089736', 1928, N'Thuận Ninh', 92, 7, NULL, N'Nguyễn Đình Tạo');
INSERT INTO CovidChinhThuc.dbo.ThongTinHoTro (ID, IDNoiDung, IDDoiTuong, IDCaNhan, NguoiTaoDL) VALUES ('af9d58d6-a528-4729-a0d5-07b82e0ae811', 6, '3A65F299-2EFA-4982-BF70-81D7B5024935', '85fabf43-233a-4657-8c7b-abf6ac8a5a7a', N'Nguyễn Đình Tạo');
INSERT INTO CovidChinhThuc.dbo.ChiTiet_NguoiCoCong (ID_ThongTin, NguoiTaoDL) VALUES ('af9d58d6-a528-4729-a0d5-07b82e0ae811', N'Nguyễn Đình Tạo');
-- row: [790]);
INSERT INTO CovidChinhThuc.dbo.CaNhan (ID, HoTen, NgaySinh, CMND, SinhNam, DiaChi, IDPhuongXa, IDQuanHuyen, SoKhaiSinh, NguoiTaoDL) VALUES ('98ae3ac2-cea2-4be8-af4d-f6a30c60c810', N'Lê Thị Hoa', '1946-01-01', '210845408', 1946, N'M6', 92, 7, NULL, N'Nguyễn Đình Tạo');
INSERT INTO CovidChinhThuc.dbo.ThongTinHoTro (ID, IDNoiDung, IDDoiTuong, IDCaNhan, NguoiTaoDL) VALUES ('e437ba5a-4c97-4d69-885a-214dd85a13ca', 6, 'EDE2F0CC-2376-438A-B5FB-FACD867E38EF', '98ae3ac2-cea2-4be8-af4d-f6a30c60c810', N'Nguyễn Đình Tạo');
INSERT INTO CovidChinhThuc.dbo.ChiTiet_NguoiCoCong (ID_ThongTin, NguoiTaoDL) VALUES ('e437ba5a-4c97-4d69-885a-214dd85a13ca', N'Nguyễn Đình Tạo');
-- row: [791]);
INSERT INTO CovidChinhThuc.dbo.CaNhan (ID, HoTen, NgaySinh, CMND, SinhNam, DiaChi, IDPhuongXa, IDQuanHuyen, SoKhaiSinh, NguoiTaoDL) VALUES ('6ad722bb-ffe6-47f3-bf3c-4f93df3a4b36', N'Lê Thị Nhạng', '1943-01-01', '210845539', 1943, N'M6', 92, 7, NULL, N'Nguyễn Đình Tạo');
INSERT INTO CovidChinhThuc.dbo.ThongTinHoTro (ID, IDNoiDung, IDDoiTuong, IDCaNhan, NguoiTaoDL) VALUES ('c580f5b1-cd99-461e-b74a-2d209683493f', 6, 'EDE2F0CC-2376-438A-B5FB-FACD867E38EF', '6ad722bb-ffe6-47f3-bf3c-4f93df3a4b36', N'Nguyễn Đình Tạo');
INSERT INTO CovidChinhThuc.dbo.ChiTiet_NguoiCoCong (ID_ThongTin, NguoiTaoDL) VALUES ('c580f5b1-cd99-461e-b74a-2d209683493f', N'Nguyễn Đình Tạo');
-- row: [792]);
INSERT INTO CovidChinhThuc.dbo.CaNhan (ID, HoTen, NgaySinh, CMND, SinhNam, DiaChi, IDPhuongXa, IDQuanHuyen, SoKhaiSinh, NguoiTaoDL) VALUES ('7bf72348-9011-47f9-bc50-4e8981ef18df', N'Nguyễn Đạt', '1937-01-01', '210845551', 1937, N'M6', 92, 7, NULL, N'Nguyễn Đình Tạo');
INSERT INTO CovidChinhThuc.dbo.ThongTinHoTro (ID, IDNoiDung, IDDoiTuong, IDCaNhan, NguoiTaoDL) VALUES ('94fc0539-5b1b-4dea-909a-5ee5dd28d9b2', 6, 'EDE2F0CC-2376-438A-B5FB-FACD867E38EF', '7bf72348-9011-47f9-bc50-4e8981ef18df', N'Nguyễn Đình Tạo');
INSERT INTO CovidChinhThuc.dbo.ChiTiet_NguoiCoCong (ID_ThongTin, NguoiTaoDL) VALUES ('94fc0539-5b1b-4dea-909a-5ee5dd28d9b2', N'Nguyễn Đình Tạo');
-- row: [793]);
INSERT INTO CovidChinhThuc.dbo.CaNhan (ID, HoTen, NgaySinh, CMND, SinhNam, DiaChi, IDPhuongXa, IDQuanHuyen, SoKhaiSinh, NguoiTaoDL) VALUES ('9303d5c2-fa5a-45dd-a51c-292189808a09', N'Nguyễn Đức Minh', '1929-01-01', '211191067', 1929, N'Thuận Hòa', 92, 7, NULL, N'Nguyễn Đình Tạo');
INSERT INTO CovidChinhThuc.dbo.ThongTinHoTro (ID, IDNoiDung, IDDoiTuong, IDCaNhan, NguoiTaoDL) VALUES ('f95df903-97bc-4d3b-b593-219b868d12bc', 6, '3A65F299-2EFA-4982-BF70-81D7B5024935', '9303d5c2-fa5a-45dd-a51c-292189808a09', N'Nguyễn Đình Tạo');
INSERT INTO CovidChinhThuc.dbo.ChiTiet_NguoiCoCong (ID_ThongTin, NguoiTaoDL) VALUES ('f95df903-97bc-4d3b-b593-219b868d12bc', N'Nguyễn Đình Tạo');
-- row: [794]);
INSERT INTO CovidChinhThuc.dbo.CaNhan (ID, HoTen, NgaySinh, CMND, SinhNam, DiaChi, IDPhuongXa, IDQuanHuyen, SoKhaiSinh, NguoiTaoDL) VALUES ('57189625-ad74-48e2-b8ae-70f0122f180b', N'Nguyễn Hay', '1946-01-01', '210006074', 1946, N'Thuận Ninh', 92, 7, NULL, N'Nguyễn Đình Tạo');
INSERT INTO CovidChinhThuc.dbo.ThongTinHoTro (ID, IDNoiDung, IDDoiTuong, IDCaNhan, NguoiTaoDL) VALUES ('488adc5e-9efb-4b2b-9740-df36d3f6911c', 6, '2DE801FE-8F9D-4CB2-A1C0-E61F4503CB74', '57189625-ad74-48e2-b8ae-70f0122f180b', N'Nguyễn Đình Tạo');
INSERT INTO CovidChinhThuc.dbo.ChiTiet_NguoiCoCong (ID_ThongTin, NguoiTaoDL) VALUES ('488adc5e-9efb-4b2b-9740-df36d3f6911c', N'Nguyễn Đình Tạo');
-- row: [795]);
INSERT INTO CovidChinhThuc.dbo.CaNhan (ID, HoTen, NgaySinh, CMND, SinhNam, DiaChi, IDPhuongXa, IDQuanHuyen, SoKhaiSinh, NguoiTaoDL) VALUES ('8fd99c4c-92f6-4079-bf5c-c193258d82b2', N'Nguyễn Khánh', '1927-01-01', '210861684', 1927, N'Phú Hưng', 92, 7, NULL, N'Nguyễn Đình Tạo');
INSERT INTO CovidChinhThuc.dbo.ThongTinHoTro (ID, IDNoiDung, IDDoiTuong, IDCaNhan, NguoiTaoDL) VALUES ('021c23e5-c6b0-46ce-9903-2b00cd8d24e0', 6, 'EDE2F0CC-2376-438A-B5FB-FACD867E38EF', '8fd99c4c-92f6-4079-bf5c-c193258d82b2', N'Nguyễn Đình Tạo');
INSERT INTO CovidChinhThuc.dbo.ChiTiet_NguoiCoCong (ID_ThongTin, NguoiTaoDL) VALUES ('021c23e5-c6b0-46ce-9903-2b00cd8d24e0', N'Nguyễn Đình Tạo');
-- row: [796]);
INSERT INTO CovidChinhThuc.dbo.CaNhan (ID, HoTen, NgaySinh, CMND, SinhNam, DiaChi, IDPhuongXa, IDQuanHuyen, SoKhaiSinh, NguoiTaoDL) VALUES ('f0813947-c600-46c5-b4d6-74c06cf92bbb', N'Nguyễn Thị Diêu', '1943-01-01', '210861040', 1943, N'Mỹ Thạch', 92, 7, NULL, N'Nguyễn Đình Tạo');
INSERT INTO CovidChinhThuc.dbo.ThongTinHoTro (ID, IDNoiDung, IDDoiTuong, IDCaNhan, NguoiTaoDL) VALUES ('beb59dfb-6934-4b6c-9971-bac4ad3ffc54', 6, 'EDE2F0CC-2376-438A-B5FB-FACD867E38EF', 'f0813947-c600-46c5-b4d6-74c06cf92bbb', N'Nguyễn Đình Tạo');
INSERT INTO CovidChinhThuc.dbo.ChiTiet_NguoiCoCong (ID_ThongTin, NguoiTaoDL) VALUES ('beb59dfb-6934-4b6c-9971-bac4ad3ffc54', N'Nguyễn Đình Tạo');
-- row: [797]);
INSERT INTO CovidChinhThuc.dbo.CaNhan (ID, HoTen, NgaySinh, CMND, SinhNam, DiaChi, IDPhuongXa, IDQuanHuyen, SoKhaiSinh, NguoiTaoDL) VALUES ('9fcb5f7c-6b34-4eb8-93f5-546cbbd8c1e5', N'Nguyễn Thị Hương', '1941-01-01', '210861998', 1941, N'Thuận Hòa', 92, 7, NULL, N'Nguyễn Đình Tạo');
INSERT INTO CovidChinhThuc.dbo.ThongTinHoTro (ID, IDNoiDung, IDDoiTuong, IDCaNhan, NguoiTaoDL) VALUES ('28238f52-f277-4fac-b2fd-deac56cba705', 6, '3A65F299-2EFA-4982-BF70-81D7B5024935', '9fcb5f7c-6b34-4eb8-93f5-546cbbd8c1e5', N'Nguyễn Đình Tạo');
INSERT INTO CovidChinhThuc.dbo.ChiTiet_NguoiCoCong (ID_ThongTin, NguoiTaoDL) VALUES ('28238f52-f277-4fac-b2fd-deac56cba705', N'Nguyễn Đình Tạo');
-- row: [798]);
INSERT INTO CovidChinhThuc.dbo.CaNhan (ID, HoTen, NgaySinh, CMND, SinhNam, DiaChi, IDPhuongXa, IDQuanHuyen, SoKhaiSinh, NguoiTaoDL) VALUES ('5f5666d9-df7f-4710-89b9-44f71c56c149', N'Nguyễn Thị Lai', '1915-01-01', '211101181', 1915, N'My Thạch', 92, 7, NULL, N'Nguyễn Đình Tạo');
INSERT INTO CovidChinhThuc.dbo.ThongTinHoTro (ID, IDNoiDung, IDDoiTuong, IDCaNhan, NguoiTaoDL) VALUES ('4cb8e391-8dfd-4d40-a377-fd5a25accd10', 6, '3A65F299-2EFA-4982-BF70-81D7B5024935', '5f5666d9-df7f-4710-89b9-44f71c56c149', N'Nguyễn Đình Tạo');
INSERT INTO CovidChinhThuc.dbo.ChiTiet_NguoiCoCong (ID_ThongTin, NguoiTaoDL) VALUES ('4cb8e391-8dfd-4d40-a377-fd5a25accd10', N'Nguyễn Đình Tạo');
-- row: [799]);
INSERT INTO CovidChinhThuc.dbo.CaNhan (ID, HoTen, NgaySinh, CMND, SinhNam, DiaChi, IDPhuongXa, IDQuanHuyen, SoKhaiSinh, NguoiTaoDL) VALUES ('dc1fba8e-3459-4a87-82b5-22d043273243', N'Nguyễn Thị Nhẫn', '1952-01-01', '211089677', 1952, N'Thuận hòa', 92, 7, NULL, N'Nguyễn Đình Tạo');
INSERT INTO CovidChinhThuc.dbo.ThongTinHoTro (ID, IDNoiDung, IDDoiTuong, IDCaNhan, NguoiTaoDL) VALUES ('f3cc0c4a-1793-45d4-a8b4-778855ddef16', 6, '3A65F299-2EFA-4982-BF70-81D7B5024935', 'dc1fba8e-3459-4a87-82b5-22d043273243', N'Nguyễn Đình Tạo');
INSERT INTO CovidChinhThuc.dbo.ChiTiet_NguoiCoCong (ID_ThongTin, NguoiTaoDL) VALUES ('f3cc0c4a-1793-45d4-a8b4-778855ddef16', N'Nguyễn Đình Tạo');
-- row: [800]);
INSERT INTO CovidChinhThuc.dbo.CaNhan (ID, HoTen, NgaySinh, CMND, SinhNam, DiaChi, IDPhuongXa, IDQuanHuyen, SoKhaiSinh, NguoiTaoDL) VALUES ('410d4e87-3521-4f1c-a0e1-ac6b3a125e8d', N'Nguyễn Thị Xuân', '1953-01-01', '210982259', 1953, N'Thuận Hòa', 92, 7, NULL, N'Nguyễn Đình Tạo');
INSERT INTO CovidChinhThuc.dbo.ThongTinHoTro (ID, IDNoiDung, IDDoiTuong, IDCaNhan, NguoiTaoDL) VALUES ('6bb56643-abea-4bcd-a0dc-46212f8ff0e3', 6, '3A65F299-2EFA-4982-BF70-81D7B5024935', '410d4e87-3521-4f1c-a0e1-ac6b3a125e8d', N'Nguyễn Đình Tạo');
INSERT INTO CovidChinhThuc.dbo.ChiTiet_NguoiCoCong (ID_ThongTin, NguoiTaoDL) VALUES ('6bb56643-abea-4bcd-a0dc-46212f8ff0e3', N'Nguyễn Đình Tạo');
-- row: [801]);
INSERT INTO CovidChinhThuc.dbo.CaNhan (ID, HoTen, NgaySinh, CMND, SinhNam, DiaChi, IDPhuongXa, IDQuanHuyen, SoKhaiSinh, NguoiTaoDL) VALUES ('57fff719-3fb1-4627-a10c-35b8999bba81', N'Nguyễn Trung Kiên', '1937-01-01', '210861111', 1937, N'Mỹ thạch', 92, 7, NULL, N'Nguyễn Đình Tạo');
INSERT INTO CovidChinhThuc.dbo.ThongTinHoTro (ID, IDNoiDung, IDDoiTuong, IDCaNhan, NguoiTaoDL) VALUES ('d5dd84d0-6f50-4ae1-b772-a18a63cc6930', 6, '2DE801FE-8F9D-4CB2-A1C0-E61F4503CB74', '57fff719-3fb1-4627-a10c-35b8999bba81', N'Nguyễn Đình Tạo');
INSERT INTO CovidChinhThuc.dbo.ChiTiet_NguoiCoCong (ID_ThongTin, NguoiTaoDL) VALUES ('d5dd84d0-6f50-4ae1-b772-a18a63cc6930', N'Nguyễn Đình Tạo');
-- row: [802]);
INSERT INTO CovidChinhThuc.dbo.CaNhan (ID, HoTen, NgaySinh, CMND, SinhNam, DiaChi, IDPhuongXa, IDQuanHuyen, SoKhaiSinh, NguoiTaoDL) VALUES ('2aec77a0-394e-48f4-898c-af2fbddae0e9', N'Nguyễn Văn Hay', '1946-01-01', '210006074', 1946, N'Thuận Ninh', 92, 7, NULL, N'Nguyễn Đình Tạo');
INSERT INTO CovidChinhThuc.dbo.ThongTinHoTro (ID, IDNoiDung, IDDoiTuong, IDCaNhan, NguoiTaoDL) VALUES ('6a4377e0-dafc-4853-96e1-42dd7c958fcd', 6, 'EDE2F0CC-2376-438A-B5FB-FACD867E38EF', '2aec77a0-394e-48f4-898c-af2fbddae0e9', N'Nguyễn Đình Tạo');
INSERT INTO CovidChinhThuc.dbo.ChiTiet_NguoiCoCong (ID_ThongTin, NguoiTaoDL) VALUES ('6a4377e0-dafc-4853-96e1-42dd7c958fcd', N'Nguyễn Đình Tạo');
-- row: [803]);
INSERT INTO CovidChinhThuc.dbo.CaNhan (ID, HoTen, NgaySinh, CMND, SinhNam, DiaChi, IDPhuongXa, IDQuanHuyen, SoKhaiSinh, NguoiTaoDL) VALUES ('8b9867fe-3d3f-423c-87a1-e1699d5b0a3f', N'Phạm Khắc Phi', '1960-01-01', '210846609', 1960, N'An Hội', 92, 7, NULL, N'Nguyễn Đình Tạo');
INSERT INTO CovidChinhThuc.dbo.ThongTinHoTro (ID, IDNoiDung, IDDoiTuong, IDCaNhan, NguoiTaoDL) VALUES ('ca833bb8-e583-4447-b56e-5e8e8d0d8c15', 6, '78AC3F79-5C50-4ACB-B626-E51ED3D4E8E5', '8b9867fe-3d3f-423c-87a1-e1699d5b0a3f', N'Nguyễn Đình Tạo');
INSERT INTO CovidChinhThuc.dbo.ChiTiet_NguoiCoCong (ID_ThongTin, NguoiTaoDL) VALUES ('ca833bb8-e583-4447-b56e-5e8e8d0d8c15', N'Nguyễn Đình Tạo');
-- row: [804]);
INSERT INTO CovidChinhThuc.dbo.CaNhan (ID, HoTen, NgaySinh, CMND, SinhNam, DiaChi, IDPhuongXa, IDQuanHuyen, SoKhaiSinh, NguoiTaoDL) VALUES ('0e0a9c8d-2c59-4d20-adfe-e23e0df39aa7', N'Phạm Thị Phường', '1930-01-01', '211140749', 1930, N'Thuận Hòa', 92, 7, NULL, N'Nguyễn Đình Tạo');
INSERT INTO CovidChinhThuc.dbo.ThongTinHoTro (ID, IDNoiDung, IDDoiTuong, IDCaNhan, NguoiTaoDL) VALUES ('d199819e-aaa1-47a7-a02d-dfdb39687156', 6, '3A65F299-2EFA-4982-BF70-81D7B5024935', '0e0a9c8d-2c59-4d20-adfe-e23e0df39aa7', N'Nguyễn Đình Tạo');
INSERT INTO CovidChinhThuc.dbo.ChiTiet_NguoiCoCong (ID_ThongTin, NguoiTaoDL) VALUES ('d199819e-aaa1-47a7-a02d-dfdb39687156', N'Nguyễn Đình Tạo');
-- row: [805]);
INSERT INTO CovidChinhThuc.dbo.CaNhan (ID, HoTen, NgaySinh, CMND, SinhNam, DiaChi, IDPhuongXa, IDQuanHuyen, SoKhaiSinh, NguoiTaoDL) VALUES ('db8c279e-789d-44cd-be9e-854d36fb13f8', N'Phan Thị Bích', '1935-01-01', '210846845', 1935, N'An Hội', 92, 7, NULL, N'Nguyễn Đình Tạo');
INSERT INTO CovidChinhThuc.dbo.ThongTinHoTro (ID, IDNoiDung, IDDoiTuong, IDCaNhan, NguoiTaoDL) VALUES ('969bded0-f72f-4772-9d96-1fac208638d3', 6, '3A65F299-2EFA-4982-BF70-81D7B5024935', 'db8c279e-789d-44cd-be9e-854d36fb13f8', N'Nguyễn Đình Tạo');
INSERT INTO CovidChinhThuc.dbo.ChiTiet_NguoiCoCong (ID_ThongTin, NguoiTaoDL) VALUES ('969bded0-f72f-4772-9d96-1fac208638d3', N'Nguyễn Đình Tạo');
-- row: [806]);
INSERT INTO CovidChinhThuc.dbo.CaNhan (ID, HoTen, NgaySinh, CMND, SinhNam, DiaChi, IDPhuongXa, IDQuanHuyen, SoKhaiSinh, NguoiTaoDL) VALUES ('7e2454f3-835e-4af9-a0d1-859fd66e2e03', N'Phan Thị Hoa', '1947-01-01', '210923615', 1947, N'thuận hòa', 92, 7, NULL, N'Nguyễn Đình Tạo');
INSERT INTO CovidChinhThuc.dbo.ThongTinHoTro (ID, IDNoiDung, IDDoiTuong, IDCaNhan, NguoiTaoDL) VALUES ('cd7845a4-131d-4966-90b2-64f4f97ef9f6', 6, 'EDE2F0CC-2376-438A-B5FB-FACD867E38EF', '7e2454f3-835e-4af9-a0d1-859fd66e2e03', N'Nguyễn Đình Tạo');
INSERT INTO CovidChinhThuc.dbo.ChiTiet_NguoiCoCong (ID_ThongTin, NguoiTaoDL) VALUES ('cd7845a4-131d-4966-90b2-64f4f97ef9f6', N'Nguyễn Đình Tạo');
-- row: [807]);
INSERT INTO CovidChinhThuc.dbo.CaNhan (ID, HoTen, NgaySinh, CMND, SinhNam, DiaChi, IDPhuongXa, IDQuanHuyen, SoKhaiSinh, NguoiTaoDL) VALUES ('fe2b1e59-fc9a-4dfe-b7d4-e851673e4370', N'Phan Thị Hồng Mai', '1937-01-01', '210860906', 1937, N'Mỹ Thạch', 92, 7, NULL, N'Nguyễn Đình Tạo');
INSERT INTO CovidChinhThuc.dbo.ThongTinHoTro (ID, IDNoiDung, IDDoiTuong, IDCaNhan, NguoiTaoDL) VALUES ('edfca5ea-be6d-40a5-9a5b-8610c849ded7', 6, 'EDE2F0CC-2376-438A-B5FB-FACD867E38EF', 'fe2b1e59-fc9a-4dfe-b7d4-e851673e4370', N'Nguyễn Đình Tạo');
INSERT INTO CovidChinhThuc.dbo.ChiTiet_NguoiCoCong (ID_ThongTin, NguoiTaoDL) VALUES ('edfca5ea-be6d-40a5-9a5b-8610c849ded7', N'Nguyễn Đình Tạo');
-- row: [808]);
INSERT INTO CovidChinhThuc.dbo.CaNhan (ID, HoTen, NgaySinh, CMND, SinhNam, DiaChi, IDPhuongXa, IDQuanHuyen, SoKhaiSinh, NguoiTaoDL) VALUES ('e9005c8c-cf25-4d0f-b706-d96f2bd26143', N'Phan Thị Nga', '1951-01-01', '210927723', 1951, N'Mỹ Thạch', 92, 7, NULL, N'Nguyễn Đình Tạo');
INSERT INTO CovidChinhThuc.dbo.ThongTinHoTro (ID, IDNoiDung, IDDoiTuong, IDCaNhan, NguoiTaoDL) VALUES ('df5c93ad-6692-49c3-b357-86d1d1107a08', 6, 'EDE2F0CC-2376-438A-B5FB-FACD867E38EF', 'e9005c8c-cf25-4d0f-b706-d96f2bd26143', N'Nguyễn Đình Tạo');
INSERT INTO CovidChinhThuc.dbo.ChiTiet_NguoiCoCong (ID_ThongTin, NguoiTaoDL) VALUES ('df5c93ad-6692-49c3-b357-86d1d1107a08', N'Nguyễn Đình Tạo');
-- row: [809]);
INSERT INTO CovidChinhThuc.dbo.CaNhan (ID, HoTen, NgaySinh, CMND, SinhNam, DiaChi, IDPhuongXa, IDQuanHuyen, SoKhaiSinh, NguoiTaoDL) VALUES ('1a16ae4a-783e-4c55-95a9-05c5b93abc94', N'Trần Mại', '1916-01-01', '215589958', 1916, N'Thuận Ninh', 92, 7, NULL, N'Nguyễn Đình Tạo');
INSERT INTO CovidChinhThuc.dbo.ThongTinHoTro (ID, IDNoiDung, IDDoiTuong, IDCaNhan, NguoiTaoDL) VALUES ('523e6a4b-09eb-45a7-8acd-8047852b55f3', 6, '3A65F299-2EFA-4982-BF70-81D7B5024935', '1a16ae4a-783e-4c55-95a9-05c5b93abc94', N'Nguyễn Đình Tạo');
INSERT INTO CovidChinhThuc.dbo.ChiTiet_NguoiCoCong (ID_ThongTin, NguoiTaoDL) VALUES ('523e6a4b-09eb-45a7-8acd-8047852b55f3', N'Nguyễn Đình Tạo');
-- row: [810]);
INSERT INTO CovidChinhThuc.dbo.CaNhan (ID, HoTen, NgaySinh, CMND, SinhNam, DiaChi, IDPhuongXa, IDQuanHuyen, SoKhaiSinh, NguoiTaoDL) VALUES ('7a171c69-ba39-4dc0-8efc-5ae9041db179', N'Trần Thị Hiệp', '1967-01-01', NULL, 1967, N'Thuận Hòa', 92, 7, NULL, N'Nguyễn Đình Tạo');
INSERT INTO CovidChinhThuc.dbo.ThongTinHoTro (ID, IDNoiDung, IDDoiTuong, IDCaNhan, NguoiTaoDL) VALUES ('63c7173a-899a-4a24-a75f-b623f6155d89', 6, 'E4E24DC6-98AE-4685-985D-47C0B48DD6FD', '7a171c69-ba39-4dc0-8efc-5ae9041db179', N'Nguyễn Đình Tạo');
INSERT INTO CovidChinhThuc.dbo.ChiTiet_NguoiCoCong (ID_ThongTin, NguoiTaoDL) VALUES ('63c7173a-899a-4a24-a75f-b623f6155d89', N'Nguyễn Đình Tạo');
-- row: [811]);
INSERT INTO CovidChinhThuc.dbo.CaNhan (ID, HoTen, NgaySinh, CMND, SinhNam, DiaChi, IDPhuongXa, IDQuanHuyen, SoKhaiSinh, NguoiTaoDL) VALUES ('2b33f0e1-b91c-4f65-9f7e-91ad18c8bd0c', N'Bùi Chuyên', '1929-01-01', '210865839', 1929, N'An Chánh', 99, 7, NULL, N'Nguyễn Đình Tạo');
INSERT INTO CovidChinhThuc.dbo.ThongTinHoTro (ID, IDNoiDung, IDDoiTuong, IDCaNhan, NguoiTaoDL) VALUES ('d2ee0ccd-01f2-49fa-8fe5-0ab73262feb9', 6, '3A65F299-2EFA-4982-BF70-81D7B5024935', '2b33f0e1-b91c-4f65-9f7e-91ad18c8bd0c', N'Nguyễn Đình Tạo');
INSERT INTO CovidChinhThuc.dbo.ChiTiet_NguoiCoCong (ID_ThongTin, NguoiTaoDL) VALUES ('d2ee0ccd-01f2-49fa-8fe5-0ab73262feb9', N'Nguyễn Đình Tạo');
-- row: [812]);
INSERT INTO CovidChinhThuc.dbo.CaNhan (ID, HoTen, NgaySinh, CMND, SinhNam, DiaChi, IDPhuongXa, IDQuanHuyen, SoKhaiSinh, NguoiTaoDL) VALUES ('3fee9b96-fc21-4e92-a0e2-0caecb781b79', N'Bùi Thị Chiến', '1942-01-01', '210847077', 1942, N'Mỹ An', 99, 7, NULL, N'Nguyễn Đình Tạo');
INSERT INTO CovidChinhThuc.dbo.ThongTinHoTro (ID, IDNoiDung, IDDoiTuong, IDCaNhan, NguoiTaoDL) VALUES ('07ab3f93-3051-4229-bdce-bab07ef41386', 6, 'EDE2F0CC-2376-438A-B5FB-FACD867E38EF', '3fee9b96-fc21-4e92-a0e2-0caecb781b79', N'Nguyễn Đình Tạo');
INSERT INTO CovidChinhThuc.dbo.ChiTiet_NguoiCoCong (ID_ThongTin, NguoiTaoDL) VALUES ('07ab3f93-3051-4229-bdce-bab07ef41386', N'Nguyễn Đình Tạo');
-- row: [813]);
INSERT INTO CovidChinhThuc.dbo.CaNhan (ID, HoTen, NgaySinh, CMND, SinhNam, DiaChi, IDPhuongXa, IDQuanHuyen, SoKhaiSinh, NguoiTaoDL) VALUES ('c9c2c21d-cd6d-45e1-aa5a-4167c76b07d5', N'Đặng Ngọc Cư', '1946-01-01', '211525813', 1946, N'Mỹ An', 99, 7, NULL, N'Nguyễn Đình Tạo');
INSERT INTO CovidChinhThuc.dbo.ThongTinHoTro (ID, IDNoiDung, IDDoiTuong, IDCaNhan, NguoiTaoDL) VALUES ('b9bbe28b-f4ec-4775-999e-3ee78b570f3e', 6, 'EDE2F0CC-2376-438A-B5FB-FACD867E38EF', 'c9c2c21d-cd6d-45e1-aa5a-4167c76b07d5', N'Nguyễn Đình Tạo');
INSERT INTO CovidChinhThuc.dbo.ChiTiet_NguoiCoCong (ID_ThongTin, NguoiTaoDL) VALUES ('b9bbe28b-f4ec-4775-999e-3ee78b570f3e', N'Nguyễn Đình Tạo');
-- row: [814]);
INSERT INTO CovidChinhThuc.dbo.CaNhan (ID, HoTen, NgaySinh, CMND, SinhNam, DiaChi, IDPhuongXa, IDQuanHuyen, SoKhaiSinh, NguoiTaoDL) VALUES ('6660313b-41c2-4a0a-abbf-695f266bfc3d', N'Đặng Thị Hường', '1932-01-01', '210866388', 1932, N'Mỹ Thuận', 99, 7, NULL, N'Nguyễn Đình Tạo');
INSERT INTO CovidChinhThuc.dbo.ThongTinHoTro (ID, IDNoiDung, IDDoiTuong, IDCaNhan, NguoiTaoDL) VALUES ('d1853b9b-1e78-4a6f-ad52-f15e1372dfca', 6, '3A65F299-2EFA-4982-BF70-81D7B5024935', '6660313b-41c2-4a0a-abbf-695f266bfc3d', N'Nguyễn Đình Tạo');
INSERT INTO CovidChinhThuc.dbo.ChiTiet_NguoiCoCong (ID_ThongTin, NguoiTaoDL) VALUES ('d1853b9b-1e78-4a6f-ad52-f15e1372dfca', N'Nguyễn Đình Tạo');
-- row: [815]);
INSERT INTO CovidChinhThuc.dbo.CaNhan (ID, HoTen, NgaySinh, CMND, SinhNam, DiaChi, IDPhuongXa, IDQuanHuyen, SoKhaiSinh, NguoiTaoDL) VALUES ('38ea8ae4-74d7-49d6-a191-ad5f44f4480e', N'Đặng Thị Sáu', '1930-01-01', '210866870', 1930, N'Mỹ An', 99, 7, NULL, N'Nguyễn Đình Tạo');
INSERT INTO CovidChinhThuc.dbo.ThongTinHoTro (ID, IDNoiDung, IDDoiTuong, IDCaNhan, NguoiTaoDL) VALUES ('0322a1ae-4b89-4fe7-ac7c-085397996606', 6, '3A65F299-2EFA-4982-BF70-81D7B5024935', '38ea8ae4-74d7-49d6-a191-ad5f44f4480e', N'Nguyễn Đình Tạo');
INSERT INTO CovidChinhThuc.dbo.ChiTiet_NguoiCoCong (ID_ThongTin, NguoiTaoDL) VALUES ('0322a1ae-4b89-4fe7-ac7c-085397996606', N'Nguyễn Đình Tạo');
-- row: [816]);
INSERT INTO CovidChinhThuc.dbo.CaNhan (ID, HoTen, NgaySinh, CMND, SinhNam, DiaChi, IDPhuongXa, IDQuanHuyen, SoKhaiSinh, NguoiTaoDL) VALUES ('ac73df6a-39d6-4c8c-b2c1-1c4d92028358', N'Đặng Văn Thuật', '1957-01-01', '211496627', 1957, N'Mỹ An', 99, 7, NULL, N'Nguyễn Đình Tạo');
INSERT INTO CovidChinhThuc.dbo.ThongTinHoTro (ID, IDNoiDung, IDDoiTuong, IDCaNhan, NguoiTaoDL) VALUES ('ff466439-6534-4309-809b-557b5b9ede91', 6, '78AC3F79-5C50-4ACB-B626-E51ED3D4E8E5', 'ac73df6a-39d6-4c8c-b2c1-1c4d92028358', N'Nguyễn Đình Tạo');
INSERT INTO CovidChinhThuc.dbo.ChiTiet_NguoiCoCong (ID_ThongTin, NguoiTaoDL) VALUES ('ff466439-6534-4309-809b-557b5b9ede91', N'Nguyễn Đình Tạo');
-- row: [817]);
INSERT INTO CovidChinhThuc.dbo.CaNhan (ID, HoTen, NgaySinh, CMND, SinhNam, DiaChi, IDPhuongXa, IDQuanHuyen, SoKhaiSinh, NguoiTaoDL) VALUES ('a1277c11-e922-44e0-b07d-4a07047f73f0', N'Đoàn Thị Ba', '1941-01-01', '210729014', 1941, N'Mỹ An', 99, 7, NULL, N'Nguyễn Đình Tạo');
INSERT INTO CovidChinhThuc.dbo.ThongTinHoTro (ID, IDNoiDung, IDDoiTuong, IDCaNhan, NguoiTaoDL) VALUES ('192c28f2-826d-43dd-b2e6-e53ba38051b1', 6, '3A65F299-2EFA-4982-BF70-81D7B5024935', 'a1277c11-e922-44e0-b07d-4a07047f73f0', N'Nguyễn Đình Tạo');
INSERT INTO CovidChinhThuc.dbo.ChiTiet_NguoiCoCong (ID_ThongTin, NguoiTaoDL) VALUES ('192c28f2-826d-43dd-b2e6-e53ba38051b1', N'Nguyễn Đình Tạo');
-- row: [818]);
INSERT INTO CovidChinhThuc.dbo.CaNhan (ID, HoTen, NgaySinh, CMND, SinhNam, DiaChi, IDPhuongXa, IDQuanHuyen, SoKhaiSinh, NguoiTaoDL) VALUES ('3f991990-7bf8-4341-a544-ff103794893c', N'Hồ Đức Đây', '1944-01-01', '211181143', 1944, N'An Chánh', 99, 7, NULL, N'Nguyễn Đình Tạo');
INSERT INTO CovidChinhThuc.dbo.ThongTinHoTro (ID, IDNoiDung, IDDoiTuong, IDCaNhan, NguoiTaoDL) VALUES ('110da5d8-4a59-421a-87cc-9bc695147da2', 6, 'EDE2F0CC-2376-438A-B5FB-FACD867E38EF', '3f991990-7bf8-4341-a544-ff103794893c', N'Nguyễn Đình Tạo');
INSERT INTO CovidChinhThuc.dbo.ChiTiet_NguoiCoCong (ID_ThongTin, NguoiTaoDL) VALUES ('110da5d8-4a59-421a-87cc-9bc695147da2', N'Nguyễn Đình Tạo');
-- row: [819]);
INSERT INTO CovidChinhThuc.dbo.CaNhan (ID, HoTen, NgaySinh, CMND, SinhNam, DiaChi, IDPhuongXa, IDQuanHuyen, SoKhaiSinh, NguoiTaoDL) VALUES ('0a1dd0d7-e231-4999-a501-14fcd3d65da6', N'Hồ Đức Tánh', '1948-01-01', '210034346', 1948, N'Mỹ An', 99, 7, NULL, N'Nguyễn Đình Tạo');
INSERT INTO CovidChinhThuc.dbo.ThongTinHoTro (ID, IDNoiDung, IDDoiTuong, IDCaNhan, NguoiTaoDL) VALUES ('0e49a034-6a39-47f3-bf03-425cc7fccf77', 6, 'EDE2F0CC-2376-438A-B5FB-FACD867E38EF', '0a1dd0d7-e231-4999-a501-14fcd3d65da6', N'Nguyễn Đình Tạo');
INSERT INTO CovidChinhThuc.dbo.ChiTiet_NguoiCoCong (ID_ThongTin, NguoiTaoDL) VALUES ('0e49a034-6a39-47f3-bf03-425cc7fccf77', N'Nguyễn Đình Tạo');
-- row: [820]);
INSERT INTO CovidChinhThuc.dbo.CaNhan (ID, HoTen, NgaySinh, CMND, SinhNam, DiaChi, IDPhuongXa, IDQuanHuyen, SoKhaiSinh, NguoiTaoDL) VALUES ('c10e3118-ccf6-48fc-9654-7c1f1bcd7dff', N'Hồ Lộc', '1936-01-01', '210865065', 1936, N'An Chánh', 99, 7, NULL, N'Nguyễn Đình Tạo');
INSERT INTO CovidChinhThuc.dbo.ThongTinHoTro (ID, IDNoiDung, IDDoiTuong, IDCaNhan, NguoiTaoDL) VALUES ('bc1320c8-df95-4613-a246-137280a2ac2a', 6, '3A65F299-2EFA-4982-BF70-81D7B5024935', 'c10e3118-ccf6-48fc-9654-7c1f1bcd7dff', N'Nguyễn Đình Tạo');
INSERT INTO CovidChinhThuc.dbo.ChiTiet_NguoiCoCong (ID_ThongTin, NguoiTaoDL) VALUES ('bc1320c8-df95-4613-a246-137280a2ac2a', N'Nguyễn Đình Tạo');
-- row: [821]);
INSERT INTO CovidChinhThuc.dbo.CaNhan (ID, HoTen, NgaySinh, CMND, SinhNam, DiaChi, IDPhuongXa, IDQuanHuyen, SoKhaiSinh, NguoiTaoDL) VALUES ('0313d0f5-6633-4cc6-8daa-9c18c6c4fed1', N'Hỗ Thị Chữ', '1943-01-01', '210866800', 1943, N'Mỹ An', 99, 7, NULL, N'Nguyễn Đình Tạo');
INSERT INTO CovidChinhThuc.dbo.ThongTinHoTro (ID, IDNoiDung, IDDoiTuong, IDCaNhan, NguoiTaoDL) VALUES ('e7498129-3761-4a46-b716-d7928bed0459', 6, 'DF559633-EE29-45FD-BD59-1153DDD55C4B', '0313d0f5-6633-4cc6-8daa-9c18c6c4fed1', N'Nguyễn Đình Tạo');
INSERT INTO CovidChinhThuc.dbo.ChiTiet_NguoiCoCong (ID_ThongTin, NguoiTaoDL) VALUES ('e7498129-3761-4a46-b716-d7928bed0459', N'Nguyễn Đình Tạo');
-- row: [822]);
INSERT INTO CovidChinhThuc.dbo.CaNhan (ID, HoTen, NgaySinh, CMND, SinhNam, DiaChi, IDPhuongXa, IDQuanHuyen, SoKhaiSinh, NguoiTaoDL) VALUES ('0c01399b-354b-437e-8246-90fa7dac70b4', N'Huỳnh Ngọc Anh', '1947-01-01', '210007952', 1947, N'An Chánh', 99, 7, NULL, N'Nguyễn Đình Tạo');
INSERT INTO CovidChinhThuc.dbo.ThongTinHoTro (ID, IDNoiDung, IDDoiTuong, IDCaNhan, NguoiTaoDL) VALUES ('9a9fe08f-6b0a-40f9-89e7-b83059b250b7', 6, 'EDE2F0CC-2376-438A-B5FB-FACD867E38EF', '0c01399b-354b-437e-8246-90fa7dac70b4', N'Nguyễn Đình Tạo');
INSERT INTO CovidChinhThuc.dbo.ChiTiet_NguoiCoCong (ID_ThongTin, NguoiTaoDL) VALUES ('9a9fe08f-6b0a-40f9-89e7-b83059b250b7', N'Nguyễn Đình Tạo');
-- row: [823]);
INSERT INTO CovidChinhThuc.dbo.CaNhan (ID, HoTen, NgaySinh, CMND, SinhNam, DiaChi, IDPhuongXa, IDQuanHuyen, SoKhaiSinh, NguoiTaoDL) VALUES ('341268af-db9e-4193-890b-86185af92519', N'Lâm Quyến', '1900-01-01', '210923370', 1900, N'Mỹ An', 99, 7, NULL, N'Nguyễn Đình Tạo');
INSERT INTO CovidChinhThuc.dbo.ThongTinHoTro (ID, IDNoiDung, IDDoiTuong, IDCaNhan, NguoiTaoDL) VALUES ('3d813135-c61c-4505-8e7e-78e3374cf163', 6, '41B0E9CD-732C-4E19-AAEC-3DC041CB6144', '341268af-db9e-4193-890b-86185af92519', N'Nguyễn Đình Tạo');
INSERT INTO CovidChinhThuc.dbo.ChiTiet_NguoiCoCong (ID_ThongTin, NguoiTaoDL) VALUES ('3d813135-c61c-4505-8e7e-78e3374cf163', N'Nguyễn Đình Tạo');
-- row: [824]);
INSERT INTO CovidChinhThuc.dbo.CaNhan (ID, HoTen, NgaySinh, CMND, SinhNam, DiaChi, IDPhuongXa, IDQuanHuyen, SoKhaiSinh, NguoiTaoDL) VALUES ('ede6c3b5-1705-4a8a-b2f7-1842849a1feb', N'Lê Thị Cảnh', '1937-01-01', '210866878', 1937, N'Mỹ An', 99, 7, NULL, N'Nguyễn Đình Tạo');
INSERT INTO CovidChinhThuc.dbo.ThongTinHoTro (ID, IDNoiDung, IDDoiTuong, IDCaNhan, NguoiTaoDL) VALUES ('aed6b0c1-d429-409d-8d3d-62d707a38114', 6, '3A65F299-2EFA-4982-BF70-81D7B5024935', 'ede6c3b5-1705-4a8a-b2f7-1842849a1feb', N'Nguyễn Đình Tạo');
INSERT INTO CovidChinhThuc.dbo.ChiTiet_NguoiCoCong (ID_ThongTin, NguoiTaoDL) VALUES ('aed6b0c1-d429-409d-8d3d-62d707a38114', N'Nguyễn Đình Tạo');
-- row: [825]);
INSERT INTO CovidChinhThuc.dbo.CaNhan (ID, HoTen, NgaySinh, CMND, SinhNam, DiaChi, IDPhuongXa, IDQuanHuyen, SoKhaiSinh, NguoiTaoDL) VALUES ('455f96f3-5eb7-483f-bec5-2fb4137ae512', N'Lê Thị Điều', '1954-01-01', '210866515', 1954, N'Mỹ Thuận', 99, 7, NULL, N'Nguyễn Đình Tạo');
INSERT INTO CovidChinhThuc.dbo.ThongTinHoTro (ID, IDNoiDung, IDDoiTuong, IDCaNhan, NguoiTaoDL) VALUES ('fe744b07-71f5-4fb6-b66f-9257d390fd31', 6, 'DF559633-EE29-45FD-BD59-1153DDD55C4B', '455f96f3-5eb7-483f-bec5-2fb4137ae512', N'Nguyễn Đình Tạo');
INSERT INTO CovidChinhThuc.dbo.ChiTiet_NguoiCoCong (ID_ThongTin, NguoiTaoDL) VALUES ('fe744b07-71f5-4fb6-b66f-9257d390fd31', N'Nguyễn Đình Tạo');
-- row: [826]);
INSERT INTO CovidChinhThuc.dbo.CaNhan (ID, HoTen, NgaySinh, CMND, SinhNam, DiaChi, IDPhuongXa, IDQuanHuyen, SoKhaiSinh, NguoiTaoDL) VALUES ('9b95a2df-1052-4b5c-9225-d96a26fc919d', N'Lê Văn Cảnh', '1937-01-01', '210866830', 1937, N'Mỹ An', 99, 7, NULL, N'Nguyễn Đình Tạo');
INSERT INTO CovidChinhThuc.dbo.ThongTinHoTro (ID, IDNoiDung, IDDoiTuong, IDCaNhan, NguoiTaoDL) VALUES ('1426e3db-398e-4f71-a1c1-2cb35c7235f5', 6, '3A65F299-2EFA-4982-BF70-81D7B5024935', '9b95a2df-1052-4b5c-9225-d96a26fc919d', N'Nguyễn Đình Tạo');
INSERT INTO CovidChinhThuc.dbo.ChiTiet_NguoiCoCong (ID_ThongTin, NguoiTaoDL) VALUES ('1426e3db-398e-4f71-a1c1-2cb35c7235f5', N'Nguyễn Đình Tạo');
-- row: [827]);
INSERT INTO CovidChinhThuc.dbo.CaNhan (ID, HoTen, NgaySinh, CMND, SinhNam, DiaChi, IDPhuongXa, IDQuanHuyen, SoKhaiSinh, NguoiTaoDL) VALUES ('49e45a81-e446-4c43-943d-653f8d5c1a74', N'Lê Văn Chương', '1999-01-01', '215566701', 1999, N'Mỹ An', 99, 7, NULL, N'Nguyễn Đình Tạo');
INSERT INTO CovidChinhThuc.dbo.ThongTinHoTro (ID, IDNoiDung, IDDoiTuong, IDCaNhan, NguoiTaoDL) VALUES ('63e0b961-eae3-4fb8-b900-2638d81d058e', 6, 'E4E24DC6-98AE-4685-985D-47C0B48DD6FD', '49e45a81-e446-4c43-943d-653f8d5c1a74', N'Nguyễn Đình Tạo');
INSERT INTO CovidChinhThuc.dbo.ChiTiet_NguoiCoCong (ID_ThongTin, NguoiTaoDL) VALUES ('63e0b961-eae3-4fb8-b900-2638d81d058e', N'Nguyễn Đình Tạo');
-- row: [828]);
INSERT INTO CovidChinhThuc.dbo.CaNhan (ID, HoTen, NgaySinh, CMND, SinhNam, DiaChi, IDPhuongXa, IDQuanHuyen, SoKhaiSinh, NguoiTaoDL) VALUES ('5f88dec5-ff23-4e9c-99db-9da967f595a3', N'Nguyễn Đình Chương', '1969-01-01', '211101960', 1969, N'Mỹ Thuận', 99, 7, NULL, N'Nguyễn Đình Tạo');
INSERT INTO CovidChinhThuc.dbo.ThongTinHoTro (ID, IDNoiDung, IDDoiTuong, IDCaNhan, NguoiTaoDL) VALUES ('85c7600d-3f76-4c89-a162-d316a489e7c8', 6, 'EDE2F0CC-2376-438A-B5FB-FACD867E38EF', '5f88dec5-ff23-4e9c-99db-9da967f595a3', N'Nguyễn Đình Tạo');
INSERT INTO CovidChinhThuc.dbo.ChiTiet_NguoiCoCong (ID_ThongTin, NguoiTaoDL) VALUES ('85c7600d-3f76-4c89-a162-d316a489e7c8', N'Nguyễn Đình Tạo');
-- row: [829]);
INSERT INTO CovidChinhThuc.dbo.CaNhan (ID, HoTen, NgaySinh, CMND, SinhNam, DiaChi, IDPhuongXa, IDQuanHuyen, SoKhaiSinh, NguoiTaoDL) VALUES ('f40937c6-9544-47b1-ab52-fa75528b16f6', N'Nguyễn Đình Nam', '1949-01-01', '210974343', 1949, N'Mỹ Thuận', 99, 7, NULL, N'Nguyễn Đình Tạo');
INSERT INTO CovidChinhThuc.dbo.ThongTinHoTro (ID, IDNoiDung, IDDoiTuong, IDCaNhan, NguoiTaoDL) VALUES ('34640256-6a0b-414a-aa1f-495b53d2dfef', 6, '2DE801FE-8F9D-4CB2-A1C0-E61F4503CB74', 'f40937c6-9544-47b1-ab52-fa75528b16f6', N'Nguyễn Đình Tạo');
INSERT INTO CovidChinhThuc.dbo.ChiTiet_NguoiCoCong (ID_ThongTin, NguoiTaoDL) VALUES ('34640256-6a0b-414a-aa1f-495b53d2dfef', N'Nguyễn Đình Tạo');
-- row: [830]);
INSERT INTO CovidChinhThuc.dbo.CaNhan (ID, HoTen, NgaySinh, CMND, SinhNam, DiaChi, IDPhuongXa, IDQuanHuyen, SoKhaiSinh, NguoiTaoDL) VALUES ('fe9405f0-7f20-40cb-b3da-914a5ed728a7', N'Nguyễn Du', '1937-06-01', '210007954', 1937, N'An Chánh', 99, 7, NULL, N'Nguyễn Đình Tạo');
INSERT INTO CovidChinhThuc.dbo.ThongTinHoTro (ID, IDNoiDung, IDDoiTuong, IDCaNhan, NguoiTaoDL) VALUES ('3aa0c993-5d78-455c-bb1b-675d35d8edce', 6, 'EDE2F0CC-2376-438A-B5FB-FACD867E38EF', 'fe9405f0-7f20-40cb-b3da-914a5ed728a7', N'Nguyễn Đình Tạo');
INSERT INTO CovidChinhThuc.dbo.ChiTiet_NguoiCoCong (ID_ThongTin, NguoiTaoDL) VALUES ('3aa0c993-5d78-455c-bb1b-675d35d8edce', N'Nguyễn Đình Tạo');
-- row: [831]);
INSERT INTO CovidChinhThuc.dbo.CaNhan (ID, HoTen, NgaySinh, CMND, SinhNam, DiaChi, IDPhuongXa, IDQuanHuyen, SoKhaiSinh, NguoiTaoDL) VALUES ('fb971e49-add5-4229-a151-df206f5c2c51', N'Nguyễn Hoàng Cung', '1966-01-01', '211030969', 1966, N'Mỹ An', 99, 7, NULL, N'Nguyễn Đình Tạo');
INSERT INTO CovidChinhThuc.dbo.ThongTinHoTro (ID, IDNoiDung, IDDoiTuong, IDCaNhan, NguoiTaoDL) VALUES ('fbba8e8a-39f0-43f0-b978-6b59b1843374', 6, 'DCCF51EF-D38F-4A9A-89AE-BA413D967DE4', 'fb971e49-add5-4229-a151-df206f5c2c51', N'Nguyễn Đình Tạo');
INSERT INTO CovidChinhThuc.dbo.ChiTiet_NguoiCoCong (ID_ThongTin, NguoiTaoDL) VALUES ('fbba8e8a-39f0-43f0-b978-6b59b1843374', N'Nguyễn Đình Tạo');
-- row: [832]);
INSERT INTO CovidChinhThuc.dbo.CaNhan (ID, HoTen, NgaySinh, CMND, SinhNam, DiaChi, IDPhuongXa, IDQuanHuyen, SoKhaiSinh, NguoiTaoDL) VALUES ('9aa8e479-f9af-441a-9bae-73c48cba1433', N'Nguyễn Khắc Trung', '1945-01-01', '210974139', 1945, N'An Chánh', 99, 7, NULL, N'Nguyễn Đình Tạo');
INSERT INTO CovidChinhThuc.dbo.ThongTinHoTro (ID, IDNoiDung, IDDoiTuong, IDCaNhan, NguoiTaoDL) VALUES ('120ec5e7-900c-4ec7-b4e4-ec8c16fa6f25', 6, 'EDE2F0CC-2376-438A-B5FB-FACD867E38EF', '9aa8e479-f9af-441a-9bae-73c48cba1433', N'Nguyễn Đình Tạo');
INSERT INTO CovidChinhThuc.dbo.ChiTiet_NguoiCoCong (ID_ThongTin, NguoiTaoDL) VALUES ('120ec5e7-900c-4ec7-b4e4-ec8c16fa6f25', N'Nguyễn Đình Tạo');
-- row: [833]);
INSERT INTO CovidChinhThuc.dbo.CaNhan (ID, HoTen, NgaySinh, CMND, SinhNam, DiaChi, IDPhuongXa, IDQuanHuyen, SoKhaiSinh, NguoiTaoDL) VALUES ('9db7ea3c-8943-4e6d-8705-71ecbc3b6ee3', N'Nguyễn Ngọc Vinh', '1950-01-01', '210877703', 1950, N'Mỹ An', 99, 7, NULL, N'Nguyễn Đình Tạo');
INSERT INTO CovidChinhThuc.dbo.ThongTinHoTro (ID, IDNoiDung, IDDoiTuong, IDCaNhan, NguoiTaoDL) VALUES ('104dabea-71b6-4880-be7b-aa2761656c75', 6, '2DE801FE-8F9D-4CB2-A1C0-E61F4503CB74', '9db7ea3c-8943-4e6d-8705-71ecbc3b6ee3', N'Nguyễn Đình Tạo');
INSERT INTO CovidChinhThuc.dbo.ChiTiet_NguoiCoCong (ID_ThongTin, NguoiTaoDL) VALUES ('104dabea-71b6-4880-be7b-aa2761656c75', N'Nguyễn Đình Tạo');
-- row: [834]);
INSERT INTO CovidChinhThuc.dbo.CaNhan (ID, HoTen, NgaySinh, CMND, SinhNam, DiaChi, IDPhuongXa, IDQuanHuyen, SoKhaiSinh, NguoiTaoDL) VALUES ('0865d6c4-1548-45a5-bf00-bfaa22f24d9f', N'Nguyễn Thị Bảy', '1930-01-01', '210866360', 1930, N'Mỹ Thuận', 99, 7, NULL, N'Nguyễn Đình Tạo');
INSERT INTO CovidChinhThuc.dbo.ThongTinHoTro (ID, IDNoiDung, IDDoiTuong, IDCaNhan, NguoiTaoDL) VALUES ('bd37cb41-2e7e-4f4c-b850-582f8d5be446', 6, 'EDE2F0CC-2376-438A-B5FB-FACD867E38EF', '0865d6c4-1548-45a5-bf00-bfaa22f24d9f', N'Nguyễn Đình Tạo');
INSERT INTO CovidChinhThuc.dbo.ChiTiet_NguoiCoCong (ID_ThongTin, NguoiTaoDL) VALUES ('bd37cb41-2e7e-4f4c-b850-582f8d5be446', N'Nguyễn Đình Tạo');
-- row: [835]);
INSERT INTO CovidChinhThuc.dbo.CaNhan (ID, HoTen, NgaySinh, CMND, SinhNam, DiaChi, IDPhuongXa, IDQuanHuyen, SoKhaiSinh, NguoiTaoDL) VALUES ('4ce35cf5-df66-4277-9814-054e2a7869a9', N'Nguyễn Thị Bông', '1943-01-01', '210866152', 1943, N'Mỹ Thuận', 99, 7, NULL, N'Nguyễn Đình Tạo');
INSERT INTO CovidChinhThuc.dbo.ThongTinHoTro (ID, IDNoiDung, IDDoiTuong, IDCaNhan, NguoiTaoDL) VALUES ('7ebb565f-b21b-41fe-8412-a339c83ce54b', 6, 'EDE2F0CC-2376-438A-B5FB-FACD867E38EF', '4ce35cf5-df66-4277-9814-054e2a7869a9', N'Nguyễn Đình Tạo');
INSERT INTO CovidChinhThuc.dbo.ChiTiet_NguoiCoCong (ID_ThongTin, NguoiTaoDL) VALUES ('7ebb565f-b21b-41fe-8412-a339c83ce54b', N'Nguyễn Đình Tạo');
-- row: [836]);
INSERT INTO CovidChinhThuc.dbo.CaNhan (ID, HoTen, NgaySinh, CMND, SinhNam, DiaChi, IDPhuongXa, IDQuanHuyen, SoKhaiSinh, NguoiTaoDL) VALUES ('1bdb4034-eeff-49a9-b24b-b422958f79d0', N'Nguyễn Thị Bông', '1955-01-01', '210866636', 1955, N'An Chánh', 99, 7, NULL, N'Nguyễn Đình Tạo');
INSERT INTO CovidChinhThuc.dbo.ThongTinHoTro (ID, IDNoiDung, IDDoiTuong, IDCaNhan, NguoiTaoDL) VALUES ('aa59b847-4c58-40f3-b554-cc1c0bb8e704', 6, '3A65F299-2EFA-4982-BF70-81D7B5024935', '1bdb4034-eeff-49a9-b24b-b422958f79d0', N'Nguyễn Đình Tạo');
INSERT INTO CovidChinhThuc.dbo.ChiTiet_NguoiCoCong (ID_ThongTin, NguoiTaoDL) VALUES ('aa59b847-4c58-40f3-b554-cc1c0bb8e704', N'Nguyễn Đình Tạo');
-- row: [837]);
INSERT INTO CovidChinhThuc.dbo.CaNhan (ID, HoTen, NgaySinh, CMND, SinhNam, DiaChi, IDPhuongXa, IDQuanHuyen, SoKhaiSinh, NguoiTaoDL) VALUES ('77e0e3db-b78b-44d5-8242-43365a67a6b7', N'Nguyễn Thị Cơ', '1939-01-01', '210865435', 1939, N'An Chánh', 99, 7, NULL, N'Nguyễn Đình Tạo');
INSERT INTO CovidChinhThuc.dbo.ThongTinHoTro (ID, IDNoiDung, IDDoiTuong, IDCaNhan, NguoiTaoDL) VALUES ('d2d086e2-e55b-4291-9493-86fbe360887e', 6, '3A65F299-2EFA-4982-BF70-81D7B5024935', '77e0e3db-b78b-44d5-8242-43365a67a6b7', N'Nguyễn Đình Tạo');
INSERT INTO CovidChinhThuc.dbo.ChiTiet_NguoiCoCong (ID_ThongTin, NguoiTaoDL) VALUES ('d2d086e2-e55b-4291-9493-86fbe360887e', N'Nguyễn Đình Tạo');
-- row: [838]);
INSERT INTO CovidChinhThuc.dbo.CaNhan (ID, HoTen, NgaySinh, CMND, SinhNam, DiaChi, IDPhuongXa, IDQuanHuyen, SoKhaiSinh, NguoiTaoDL) VALUES ('cf17ce66-0bd1-4a8c-b913-536973610e47', N'Nguyễn Thị Coi', '1927-01-01', '210866720', 1927, N'Mỹ Thuận', 99, 7, NULL, N'Nguyễn Đình Tạo');
INSERT INTO CovidChinhThuc.dbo.ThongTinHoTro (ID, IDNoiDung, IDDoiTuong, IDCaNhan, NguoiTaoDL) VALUES ('593b4500-d32d-4aa7-9bc1-d6b681a28b7f', 6, '3A65F299-2EFA-4982-BF70-81D7B5024935', 'cf17ce66-0bd1-4a8c-b913-536973610e47', N'Nguyễn Đình Tạo');
INSERT INTO CovidChinhThuc.dbo.ChiTiet_NguoiCoCong (ID_ThongTin, NguoiTaoDL) VALUES ('593b4500-d32d-4aa7-9bc1-d6b681a28b7f', N'Nguyễn Đình Tạo');
-- row: [839]);
INSERT INTO CovidChinhThuc.dbo.CaNhan (ID, HoTen, NgaySinh, CMND, SinhNam, DiaChi, IDPhuongXa, IDQuanHuyen, SoKhaiSinh, NguoiTaoDL) VALUES ('c738b84e-cb2e-418f-a7ef-e87d6371563f', N'Nguyễn Thị Cúc', '1938-01-01', '210037567', 1938, N'An Chánh', 99, 7, NULL, N'Nguyễn Đình Tạo');
INSERT INTO CovidChinhThuc.dbo.ThongTinHoTro (ID, IDNoiDung, IDDoiTuong, IDCaNhan, NguoiTaoDL) VALUES ('4fa099ea-4dce-4087-ad21-b436fbbfbfdd', 6, 'EDE2F0CC-2376-438A-B5FB-FACD867E38EF', 'c738b84e-cb2e-418f-a7ef-e87d6371563f', N'Nguyễn Đình Tạo');
INSERT INTO CovidChinhThuc.dbo.ChiTiet_NguoiCoCong (ID_ThongTin, NguoiTaoDL) VALUES ('4fa099ea-4dce-4087-ad21-b436fbbfbfdd', N'Nguyễn Đình Tạo');
-- row: [840]);
INSERT INTO CovidChinhThuc.dbo.CaNhan (ID, HoTen, NgaySinh, CMND, SinhNam, DiaChi, IDPhuongXa, IDQuanHuyen, SoKhaiSinh, NguoiTaoDL) VALUES ('9101bf19-7fb1-4c50-bf96-2aaed9b0a960', N'Nguyễn Thị Hà', '1926-01-01', '210866928', 1926, N'Mỹ An', 99, 7, NULL, N'Nguyễn Đình Tạo');
INSERT INTO CovidChinhThuc.dbo.ThongTinHoTro (ID, IDNoiDung, IDDoiTuong, IDCaNhan, NguoiTaoDL) VALUES ('5cba35d1-465e-429a-bea8-2e5a51f66146', 6, '3A65F299-2EFA-4982-BF70-81D7B5024935', '9101bf19-7fb1-4c50-bf96-2aaed9b0a960', N'Nguyễn Đình Tạo');
INSERT INTO CovidChinhThuc.dbo.ChiTiet_NguoiCoCong (ID_ThongTin, NguoiTaoDL) VALUES ('5cba35d1-465e-429a-bea8-2e5a51f66146', N'Nguyễn Đình Tạo');
-- row: [841]);
INSERT INTO CovidChinhThuc.dbo.CaNhan (ID, HoTen, NgaySinh, CMND, SinhNam, DiaChi, IDPhuongXa, IDQuanHuyen, SoKhaiSinh, NguoiTaoDL) VALUES ('59889235-bd3d-44ec-8de7-81fa6b7e001d', N'Nguyễn Thị Hoa', '1931-01-01', '210864925', 1931, N'An Chánh', 99, 7, NULL, N'Nguyễn Đình Tạo');
INSERT INTO CovidChinhThuc.dbo.ThongTinHoTro (ID, IDNoiDung, IDDoiTuong, IDCaNhan, NguoiTaoDL) VALUES ('4ba601ee-c502-46fe-9e29-8cc83454950e', 6, '3A65F299-2EFA-4982-BF70-81D7B5024935', '59889235-bd3d-44ec-8de7-81fa6b7e001d', N'Nguyễn Đình Tạo');
INSERT INTO CovidChinhThuc.dbo.ChiTiet_NguoiCoCong (ID_ThongTin, NguoiTaoDL) VALUES ('4ba601ee-c502-46fe-9e29-8cc83454950e', N'Nguyễn Đình Tạo');
-- row: [842]);
INSERT INTO CovidChinhThuc.dbo.CaNhan (ID, HoTen, NgaySinh, CMND, SinhNam, DiaChi, IDPhuongXa, IDQuanHuyen, SoKhaiSinh, NguoiTaoDL) VALUES ('52fbf992-af49-422a-86e0-b329c5a1edae', N'Nguyễn Thị Hương', '1925-01-01', '210866530', 1925, N'Mỹ Thuận', 99, 7, NULL, N'Nguyễn Đình Tạo');
INSERT INTO CovidChinhThuc.dbo.ThongTinHoTro (ID, IDNoiDung, IDDoiTuong, IDCaNhan, NguoiTaoDL) VALUES ('7e6bc68d-39ea-4d15-8b03-7ea14fa3edc6', 6, '17FAD857-895C-48FB-88C0-B4B95B567C34', '52fbf992-af49-422a-86e0-b329c5a1edae', N'Nguyễn Đình Tạo');
INSERT INTO CovidChinhThuc.dbo.ChiTiet_NguoiCoCong (ID_ThongTin, NguoiTaoDL) VALUES ('7e6bc68d-39ea-4d15-8b03-7ea14fa3edc6', N'Nguyễn Đình Tạo');
-- row: [843]);
INSERT INTO CovidChinhThuc.dbo.CaNhan (ID, HoTen, NgaySinh, CMND, SinhNam, DiaChi, IDPhuongXa, IDQuanHuyen, SoKhaiSinh, NguoiTaoDL) VALUES ('dc509f62-f12a-4070-b75c-3e459dbac132', N'Nguyễn Thị Lê', '1953-01-01', '210866682', 1953, N'Mỹ Thuận', 99, 7, NULL, N'Nguyễn Đình Tạo');
INSERT INTO CovidChinhThuc.dbo.ThongTinHoTro (ID, IDNoiDung, IDDoiTuong, IDCaNhan, NguoiTaoDL) VALUES ('a5a361ae-9843-4934-9db2-8abe70d7d3df', 6, '3A65F299-2EFA-4982-BF70-81D7B5024935', 'dc509f62-f12a-4070-b75c-3e459dbac132', N'Nguyễn Đình Tạo');
INSERT INTO CovidChinhThuc.dbo.ChiTiet_NguoiCoCong (ID_ThongTin, NguoiTaoDL) VALUES ('a5a361ae-9843-4934-9db2-8abe70d7d3df', N'Nguyễn Đình Tạo');
-- row: [844]);
INSERT INTO CovidChinhThuc.dbo.CaNhan (ID, HoTen, NgaySinh, CMND, SinhNam, DiaChi, IDPhuongXa, IDQuanHuyen, SoKhaiSinh, NguoiTaoDL) VALUES ('15ffa7a5-ac43-4311-aecd-d35eb5a4b634', N'Nguyễn Thị Mệ', '1931-01-01', '210974012', 1931, N'Mỹ Thuận', 99, 7, NULL, N'Nguyễn Đình Tạo');
INSERT INTO CovidChinhThuc.dbo.ThongTinHoTro (ID, IDNoiDung, IDDoiTuong, IDCaNhan, NguoiTaoDL) VALUES ('b16c9714-5df7-4d9f-8497-d39452f05a70', 6, '3A65F299-2EFA-4982-BF70-81D7B5024935', '15ffa7a5-ac43-4311-aecd-d35eb5a4b634', N'Nguyễn Đình Tạo');
INSERT INTO CovidChinhThuc.dbo.ChiTiet_NguoiCoCong (ID_ThongTin, NguoiTaoDL) VALUES ('b16c9714-5df7-4d9f-8497-d39452f05a70', N'Nguyễn Đình Tạo');
-- row: [845]);
INSERT INTO CovidChinhThuc.dbo.CaNhan (ID, HoTen, NgaySinh, CMND, SinhNam, DiaChi, IDPhuongXa, IDQuanHuyen, SoKhaiSinh, NguoiTaoDL) VALUES ('60cac5fc-1949-4c72-a9d3-f23ec780d1f3', N'Nguyễn Thị Nga', '1960-01-01', '210936851', 1960, N'Mỹ An', 99, 7, NULL, N'Nguyễn Đình Tạo');
INSERT INTO CovidChinhThuc.dbo.ThongTinHoTro (ID, IDNoiDung, IDDoiTuong, IDCaNhan, NguoiTaoDL) VALUES ('ff309e26-6d5e-4855-a25c-683e93ee6c7c', 6, 'DF559633-EE29-45FD-BD59-1153DDD55C4B', '60cac5fc-1949-4c72-a9d3-f23ec780d1f3', N'Nguyễn Đình Tạo');
INSERT INTO CovidChinhThuc.dbo.ChiTiet_NguoiCoCong (ID_ThongTin, NguoiTaoDL) VALUES ('ff309e26-6d5e-4855-a25c-683e93ee6c7c', N'Nguyễn Đình Tạo');
-- row: [846]);
INSERT INTO CovidChinhThuc.dbo.CaNhan (ID, HoTen, NgaySinh, CMND, SinhNam, DiaChi, IDPhuongXa, IDQuanHuyen, SoKhaiSinh, NguoiTaoDL) VALUES ('a519293d-378f-400d-a599-0b12c3a78be3', N'Nguyễn Thị Trà', '1948-01-01', '210866548', 1948, N'Mỹ Thuận', 99, 7, NULL, N'Nguyễn Đình Tạo');
INSERT INTO CovidChinhThuc.dbo.ThongTinHoTro (ID, IDNoiDung, IDDoiTuong, IDCaNhan, NguoiTaoDL) VALUES ('54626ff1-bd13-4743-96db-10cdec31a0e0', 6, 'EDE2F0CC-2376-438A-B5FB-FACD867E38EF', 'a519293d-378f-400d-a599-0b12c3a78be3', N'Nguyễn Đình Tạo');
INSERT INTO CovidChinhThuc.dbo.ChiTiet_NguoiCoCong (ID_ThongTin, NguoiTaoDL) VALUES ('54626ff1-bd13-4743-96db-10cdec31a0e0', N'Nguyễn Đình Tạo');
-- row: [847]);
INSERT INTO CovidChinhThuc.dbo.CaNhan (ID, HoTen, NgaySinh, CMND, SinhNam, DiaChi, IDPhuongXa, IDQuanHuyen, SoKhaiSinh, NguoiTaoDL) VALUES ('48726ae1-1fbd-4cb6-8e2e-cac6fa0a852f', N'Nguyễn Trung', '1952-01-01', '210034564', 1952, N'Mỹ An', 99, 7, NULL, N'Nguyễn Đình Tạo');
INSERT INTO CovidChinhThuc.dbo.ThongTinHoTro (ID, IDNoiDung, IDDoiTuong, IDCaNhan, NguoiTaoDL) VALUES ('ada1ddd4-8e06-4287-bbca-d0a087571cfe', 6, 'EDE2F0CC-2376-438A-B5FB-FACD867E38EF', '48726ae1-1fbd-4cb6-8e2e-cac6fa0a852f', N'Nguyễn Đình Tạo');
INSERT INTO CovidChinhThuc.dbo.ChiTiet_NguoiCoCong (ID_ThongTin, NguoiTaoDL) VALUES ('ada1ddd4-8e06-4287-bbca-d0a087571cfe', N'Nguyễn Đình Tạo');
-- row: [848]);
INSERT INTO CovidChinhThuc.dbo.CaNhan (ID, HoTen, NgaySinh, CMND, SinhNam, DiaChi, IDPhuongXa, IDQuanHuyen, SoKhaiSinh, NguoiTaoDL) VALUES ('4be146c2-f685-4949-aa33-06e1a44a6f77', N'Nguyễn Văn Cảm', '1960-01-01', '211052096', 1960, N'An Chánh', 99, 7, NULL, N'Nguyễn Đình Tạo');
INSERT INTO CovidChinhThuc.dbo.ThongTinHoTro (ID, IDNoiDung, IDDoiTuong, IDCaNhan, NguoiTaoDL) VALUES ('90fcd8a2-eb19-4c00-bb89-f21ac06964b7', 6, 'EDE2F0CC-2376-438A-B5FB-FACD867E38EF', '4be146c2-f685-4949-aa33-06e1a44a6f77', N'Nguyễn Đình Tạo');
INSERT INTO CovidChinhThuc.dbo.ChiTiet_NguoiCoCong (ID_ThongTin, NguoiTaoDL) VALUES ('90fcd8a2-eb19-4c00-bb89-f21ac06964b7', N'Nguyễn Đình Tạo');
-- row: [849]);
INSERT INTO CovidChinhThuc.dbo.CaNhan (ID, HoTen, NgaySinh, CMND, SinhNam, DiaChi, IDPhuongXa, IDQuanHuyen, SoKhaiSinh, NguoiTaoDL) VALUES ('93e91ac6-6046-443c-b35a-2a50e22a570a', N'Nguyễn Văn Dư', '1948-01-01', '211670903', 1948, N'An Chánh', 99, 7, NULL, N'Nguyễn Đình Tạo');
INSERT INTO CovidChinhThuc.dbo.ThongTinHoTro (ID, IDNoiDung, IDDoiTuong, IDCaNhan, NguoiTaoDL) VALUES ('e00bffdf-5fcb-4d74-bf75-1aaa2571ca3a', 6, 'EDE2F0CC-2376-438A-B5FB-FACD867E38EF', '93e91ac6-6046-443c-b35a-2a50e22a570a', N'Nguyễn Đình Tạo');
INSERT INTO CovidChinhThuc.dbo.ChiTiet_NguoiCoCong (ID_ThongTin, NguoiTaoDL) VALUES ('e00bffdf-5fcb-4d74-bf75-1aaa2571ca3a', N'Nguyễn Đình Tạo');
-- row: [850]);
INSERT INTO CovidChinhThuc.dbo.CaNhan (ID, HoTen, NgaySinh, CMND, SinhNam, DiaChi, IDPhuongXa, IDQuanHuyen, SoKhaiSinh, NguoiTaoDL) VALUES ('16919e61-3734-4afe-b0e9-c494d8dd33e4', N'Nguyễn Văn Tịnh', '1999-01-01', '215004964', 1999, N'Mỹ Thuận', 99, 7, NULL, N'Nguyễn Đình Tạo');
INSERT INTO CovidChinhThuc.dbo.ThongTinHoTro (ID, IDNoiDung, IDDoiTuong, IDCaNhan, NguoiTaoDL) VALUES ('924569cb-dc78-413c-abb6-409053a53c5f', 6, 'E4E24DC6-98AE-4685-985D-47C0B48DD6FD', '16919e61-3734-4afe-b0e9-c494d8dd33e4', N'Nguyễn Đình Tạo');
INSERT INTO CovidChinhThuc.dbo.ChiTiet_NguoiCoCong (ID_ThongTin, NguoiTaoDL) VALUES ('924569cb-dc78-413c-abb6-409053a53c5f', N'Nguyễn Đình Tạo');
-- row: [851]);
INSERT INTO CovidChinhThuc.dbo.CaNhan (ID, HoTen, NgaySinh, CMND, SinhNam, DiaChi, IDPhuongXa, IDQuanHuyen, SoKhaiSinh, NguoiTaoDL) VALUES ('feb75ad2-16c8-43cf-9879-1e4be28c70db', N'Nguyễn Xuân Trường', '1952-01-01', '210878028', 1952, N'Mỹ An', 99, 7, NULL, N'Nguyễn Đình Tạo');
INSERT INTO CovidChinhThuc.dbo.ThongTinHoTro (ID, IDNoiDung, IDDoiTuong, IDCaNhan, NguoiTaoDL) VALUES ('8628e1d8-7ced-4174-a177-65cb3e26b914', 6, 'EDE2F0CC-2376-438A-B5FB-FACD867E38EF', 'feb75ad2-16c8-43cf-9879-1e4be28c70db', N'Nguyễn Đình Tạo');
INSERT INTO CovidChinhThuc.dbo.ChiTiet_NguoiCoCong (ID_ThongTin, NguoiTaoDL) VALUES ('8628e1d8-7ced-4174-a177-65cb3e26b914', N'Nguyễn Đình Tạo');
-- row: [852]);
INSERT INTO CovidChinhThuc.dbo.CaNhan (ID, HoTen, NgaySinh, CMND, SinhNam, DiaChi, IDPhuongXa, IDQuanHuyen, SoKhaiSinh, NguoiTaoDL) VALUES ('c4b2dfa3-ccf3-4484-bbe7-d9b8e0b71848', N'Phạm Hùng Trang', '1955-01-01', '211101770', 1955, N'An Chánh', 99, 7, NULL, N'Nguyễn Đình Tạo');
INSERT INTO CovidChinhThuc.dbo.ThongTinHoTro (ID, IDNoiDung, IDDoiTuong, IDCaNhan, NguoiTaoDL) VALUES ('896b9d9d-53c7-4b52-9bdd-e1d117bd0d29', 6, 'EDE2F0CC-2376-438A-B5FB-FACD867E38EF', 'c4b2dfa3-ccf3-4484-bbe7-d9b8e0b71848', N'Nguyễn Đình Tạo');
INSERT INTO CovidChinhThuc.dbo.ChiTiet_NguoiCoCong (ID_ThongTin, NguoiTaoDL) VALUES ('896b9d9d-53c7-4b52-9bdd-e1d117bd0d29', N'Nguyễn Đình Tạo');
-- row: [853]);
INSERT INTO CovidChinhThuc.dbo.CaNhan (ID, HoTen, NgaySinh, CMND, SinhNam, DiaChi, IDPhuongXa, IDQuanHuyen, SoKhaiSinh, NguoiTaoDL) VALUES ('0793723f-bece-4fdb-b9c7-fed66eb6256a', N'Phạm Nghĩa', '1959-01-01', '211842211', 1959, N'An Chánh', 99, 7, NULL, N'Nguyễn Đình Tạo');
INSERT INTO CovidChinhThuc.dbo.ThongTinHoTro (ID, IDNoiDung, IDDoiTuong, IDCaNhan, NguoiTaoDL) VALUES ('9f46bb11-6927-4117-8151-e90f96d02ab7', 6, 'EDE2F0CC-2376-438A-B5FB-FACD867E38EF', '0793723f-bece-4fdb-b9c7-fed66eb6256a', N'Nguyễn Đình Tạo');
INSERT INTO CovidChinhThuc.dbo.ChiTiet_NguoiCoCong (ID_ThongTin, NguoiTaoDL) VALUES ('9f46bb11-6927-4117-8151-e90f96d02ab7', N'Nguyễn Đình Tạo');
-- row: [854]);
INSERT INTO CovidChinhThuc.dbo.CaNhan (ID, HoTen, NgaySinh, CMND, SinhNam, DiaChi, IDPhuongXa, IDQuanHuyen, SoKhaiSinh, NguoiTaoDL) VALUES ('69ffbbc7-1be4-4890-ab6f-7b06bff54651', N'Phạm Thị Huệ', '1942-01-01', '210866244', 1942, N'Mỹ Thuận', 99, 7, NULL, N'Nguyễn Đình Tạo');
INSERT INTO CovidChinhThuc.dbo.ThongTinHoTro (ID, IDNoiDung, IDDoiTuong, IDCaNhan, NguoiTaoDL) VALUES ('9df8f32c-9156-453a-8ef3-578cca5b958c', 6, '3A65F299-2EFA-4982-BF70-81D7B5024935', '69ffbbc7-1be4-4890-ab6f-7b06bff54651', N'Nguyễn Đình Tạo');
INSERT INTO CovidChinhThuc.dbo.ChiTiet_NguoiCoCong (ID_ThongTin, NguoiTaoDL) VALUES ('9df8f32c-9156-453a-8ef3-578cca5b958c', N'Nguyễn Đình Tạo');
-- row: [855]);
INSERT INTO CovidChinhThuc.dbo.CaNhan (ID, HoTen, NgaySinh, CMND, SinhNam, DiaChi, IDPhuongXa, IDQuanHuyen, SoKhaiSinh, NguoiTaoDL) VALUES ('9609e5fa-231a-495b-93b7-9374ec31f0e0', N'Phan Công Phước', '1958-01-01', '211015234', 1958, N'Mỹ An', 99, 7, NULL, N'Nguyễn Đình Tạo');
INSERT INTO CovidChinhThuc.dbo.ThongTinHoTro (ID, IDNoiDung, IDDoiTuong, IDCaNhan, NguoiTaoDL) VALUES ('ef77ae1c-7cf8-48de-bd5d-1b2335140bc1', 6, '3A65F299-2EFA-4982-BF70-81D7B5024935', '9609e5fa-231a-495b-93b7-9374ec31f0e0', N'Nguyễn Đình Tạo');
INSERT INTO CovidChinhThuc.dbo.ChiTiet_NguoiCoCong (ID_ThongTin, NguoiTaoDL) VALUES ('ef77ae1c-7cf8-48de-bd5d-1b2335140bc1', N'Nguyễn Đình Tạo');
-- row: [856]);
INSERT INTO CovidChinhThuc.dbo.CaNhan (ID, HoTen, NgaySinh, CMND, SinhNam, DiaChi, IDPhuongXa, IDQuanHuyen, SoKhaiSinh, NguoiTaoDL) VALUES ('ce7df80d-ccbb-4f5f-a7cd-efe5400c6fea', N'Phan Phi Hùng', '1955-01-01', '211704184', 1955, N'An Chánh', 99, 7, NULL, N'Nguyễn Đình Tạo');
INSERT INTO CovidChinhThuc.dbo.ThongTinHoTro (ID, IDNoiDung, IDDoiTuong, IDCaNhan, NguoiTaoDL) VALUES ('a09d26bb-3bdd-4395-9047-d96eefbc9e75', 6, '78AC3F79-5C50-4ACB-B626-E51ED3D4E8E5', 'ce7df80d-ccbb-4f5f-a7cd-efe5400c6fea', N'Nguyễn Đình Tạo');
INSERT INTO CovidChinhThuc.dbo.ChiTiet_NguoiCoCong (ID_ThongTin, NguoiTaoDL) VALUES ('a09d26bb-3bdd-4395-9047-d96eefbc9e75', N'Nguyễn Đình Tạo');
-- row: [857]);
INSERT INTO CovidChinhThuc.dbo.CaNhan (ID, HoTen, NgaySinh, CMND, SinhNam, DiaChi, IDPhuongXa, IDQuanHuyen, SoKhaiSinh, NguoiTaoDL) VALUES ('691086e1-2623-4958-9827-22bf097765c0', N'Phan Thị Hiệp', '1939-01-01', '210865607', 1939, N'An Chánh', 99, 7, NULL, N'Nguyễn Đình Tạo');
INSERT INTO CovidChinhThuc.dbo.ThongTinHoTro (ID, IDNoiDung, IDDoiTuong, IDCaNhan, NguoiTaoDL) VALUES ('c8d47190-aff0-45d4-a402-a9483513edf5', 6, '3A65F299-2EFA-4982-BF70-81D7B5024935', '691086e1-2623-4958-9827-22bf097765c0', N'Nguyễn Đình Tạo');
INSERT INTO CovidChinhThuc.dbo.ChiTiet_NguoiCoCong (ID_ThongTin, NguoiTaoDL) VALUES ('c8d47190-aff0-45d4-a402-a9483513edf5', N'Nguyễn Đình Tạo');
-- row: [858]);
INSERT INTO CovidChinhThuc.dbo.CaNhan (ID, HoTen, NgaySinh, CMND, SinhNam, DiaChi, IDPhuongXa, IDQuanHuyen, SoKhaiSinh, NguoiTaoDL) VALUES ('4b59b4d0-7892-4a68-9948-96e506871fa9', N'Phan Thị Lệ', '1947-01-01', '210927757', 1947, N'An Chánh', 99, 7, NULL, N'Nguyễn Đình Tạo');
INSERT INTO CovidChinhThuc.dbo.ThongTinHoTro (ID, IDNoiDung, IDDoiTuong, IDCaNhan, NguoiTaoDL) VALUES ('f68fe5ad-32d6-4bed-b1e8-40bb5990ebdf', 6, 'EDE2F0CC-2376-438A-B5FB-FACD867E38EF', '4b59b4d0-7892-4a68-9948-96e506871fa9', N'Nguyễn Đình Tạo');
INSERT INTO CovidChinhThuc.dbo.ChiTiet_NguoiCoCong (ID_ThongTin, NguoiTaoDL) VALUES ('f68fe5ad-32d6-4bed-b1e8-40bb5990ebdf', N'Nguyễn Đình Tạo');
-- row: [859]);
INSERT INTO CovidChinhThuc.dbo.CaNhan (ID, HoTen, NgaySinh, CMND, SinhNam, DiaChi, IDPhuongXa, IDQuanHuyen, SoKhaiSinh, NguoiTaoDL) VALUES ('09654849-a665-40d1-ae5b-bc3bdbf24207', N'Tạ Thi Ba', '1920-01-01', '210866312', 1920, N'Mỹ Thuận', 99, 7, NULL, N'Nguyễn Đình Tạo');
INSERT INTO CovidChinhThuc.dbo.ThongTinHoTro (ID, IDNoiDung, IDDoiTuong, IDCaNhan, NguoiTaoDL) VALUES ('49a34e00-4e8a-40a8-adff-ff664552c131', 6, '3A65F299-2EFA-4982-BF70-81D7B5024935', '09654849-a665-40d1-ae5b-bc3bdbf24207', N'Nguyễn Đình Tạo');
INSERT INTO CovidChinhThuc.dbo.ChiTiet_NguoiCoCong (ID_ThongTin, NguoiTaoDL) VALUES ('49a34e00-4e8a-40a8-adff-ff664552c131', N'Nguyễn Đình Tạo');
-- row: [860]);
INSERT INTO CovidChinhThuc.dbo.CaNhan (ID, HoTen, NgaySinh, CMND, SinhNam, DiaChi, IDPhuongXa, IDQuanHuyen, SoKhaiSinh, NguoiTaoDL) VALUES ('af91ec36-3f1e-4a4f-9ea0-c50d2c2f6465', N'Thái Thị Lan', '1999-01-01', NULL, 1999, N'Mỹ An', 99, 7, NULL, N'Nguyễn Đình Tạo');
INSERT INTO CovidChinhThuc.dbo.ThongTinHoTro (ID, IDNoiDung, IDDoiTuong, IDCaNhan, NguoiTaoDL) VALUES ('2cd25634-2603-4652-8e3e-e789da1f389c', 6, 'E4E24DC6-98AE-4685-985D-47C0B48DD6FD', 'af91ec36-3f1e-4a4f-9ea0-c50d2c2f6465', N'Nguyễn Đình Tạo');
INSERT INTO CovidChinhThuc.dbo.ChiTiet_NguoiCoCong (ID_ThongTin, NguoiTaoDL) VALUES ('2cd25634-2603-4652-8e3e-e789da1f389c', N'Nguyễn Đình Tạo');
-- row: [861]);
INSERT INTO CovidChinhThuc.dbo.CaNhan (ID, HoTen, NgaySinh, CMND, SinhNam, DiaChi, IDPhuongXa, IDQuanHuyen, SoKhaiSinh, NguoiTaoDL) VALUES ('8fa767ea-be08-4dce-bdf1-c1a20f7a4a36', N'Trà Thị Mẹo', '1925-01-01', '210866642', 1925, N'Mỹ Thuận', 99, 7, NULL, N'Nguyễn Đình Tạo');
INSERT INTO CovidChinhThuc.dbo.ThongTinHoTro (ID, IDNoiDung, IDDoiTuong, IDCaNhan, NguoiTaoDL) VALUES ('da574018-0142-4164-83ca-4a97042ab9dc', 6, '3A65F299-2EFA-4982-BF70-81D7B5024935', '8fa767ea-be08-4dce-bdf1-c1a20f7a4a36', N'Nguyễn Đình Tạo');
INSERT INTO CovidChinhThuc.dbo.ChiTiet_NguoiCoCong (ID_ThongTin, NguoiTaoDL) VALUES ('da574018-0142-4164-83ca-4a97042ab9dc', N'Nguyễn Đình Tạo');
-- row: [862]);
INSERT INTO CovidChinhThuc.dbo.CaNhan (ID, HoTen, NgaySinh, CMND, SinhNam, DiaChi, IDPhuongXa, IDQuanHuyen, SoKhaiSinh, NguoiTaoDL) VALUES ('6e38482a-9e0d-4a53-b56e-de9e6f5cc547', N'Trần Ngọc Tiệm', '1951-01-01', '210008103', 1951, N'An Chánh', 99, 7, NULL, N'Nguyễn Đình Tạo');
INSERT INTO CovidChinhThuc.dbo.ThongTinHoTro (ID, IDNoiDung, IDDoiTuong, IDCaNhan, NguoiTaoDL) VALUES ('45a48dcf-2300-477a-bd62-8e57a5b86a0e', 6, 'EDE2F0CC-2376-438A-B5FB-FACD867E38EF', '6e38482a-9e0d-4a53-b56e-de9e6f5cc547', N'Nguyễn Đình Tạo');
INSERT INTO CovidChinhThuc.dbo.ChiTiet_NguoiCoCong (ID_ThongTin, NguoiTaoDL) VALUES ('45a48dcf-2300-477a-bd62-8e57a5b86a0e', N'Nguyễn Đình Tạo');
-- row: [863]);
INSERT INTO CovidChinhThuc.dbo.CaNhan (ID, HoTen, NgaySinh, CMND, SinhNam, DiaChi, IDPhuongXa, IDQuanHuyen, SoKhaiSinh, NguoiTaoDL) VALUES ('1873b7f4-ff75-4197-b4f3-2a9b6612d0c0', N'Trần Thị Điền', '1956-01-01', '210866487', 1956, N'Mỹ An', 99, 7, NULL, N'Nguyễn Đình Tạo');
INSERT INTO CovidChinhThuc.dbo.ThongTinHoTro (ID, IDNoiDung, IDDoiTuong, IDCaNhan, NguoiTaoDL) VALUES ('9dda1c12-d14c-4802-b8c1-457a3abc0600', 6, '3A65F299-2EFA-4982-BF70-81D7B5024935', '1873b7f4-ff75-4197-b4f3-2a9b6612d0c0', N'Nguyễn Đình Tạo');
INSERT INTO CovidChinhThuc.dbo.ChiTiet_NguoiCoCong (ID_ThongTin, NguoiTaoDL) VALUES ('9dda1c12-d14c-4802-b8c1-457a3abc0600', N'Nguyễn Đình Tạo');
-- row: [864]);
INSERT INTO CovidChinhThuc.dbo.CaNhan (ID, HoTen, NgaySinh, CMND, SinhNam, DiaChi, IDPhuongXa, IDQuanHuyen, SoKhaiSinh, NguoiTaoDL) VALUES ('b29f8459-8ef8-4f68-9818-a6c8f8609713', N'Trần Thị Hoài', '1930-01-01', '210866545', 1930, N'Mỹ Thuận', 99, 7, NULL, N'Nguyễn Đình Tạo');
INSERT INTO CovidChinhThuc.dbo.ThongTinHoTro (ID, IDNoiDung, IDDoiTuong, IDCaNhan, NguoiTaoDL) VALUES ('c61b3016-0699-47c2-9959-282ed9684700', 6, '3A65F299-2EFA-4982-BF70-81D7B5024935', 'b29f8459-8ef8-4f68-9818-a6c8f8609713', N'Nguyễn Đình Tạo');
INSERT INTO CovidChinhThuc.dbo.ChiTiet_NguoiCoCong (ID_ThongTin, NguoiTaoDL) VALUES ('c61b3016-0699-47c2-9959-282ed9684700', N'Nguyễn Đình Tạo');
-- row: [865]);
INSERT INTO CovidChinhThuc.dbo.CaNhan (ID, HoTen, NgaySinh, CMND, SinhNam, DiaChi, IDPhuongXa, IDQuanHuyen, SoKhaiSinh, NguoiTaoDL) VALUES ('5ded9037-82c6-45ac-bacc-17a87d8ef26f', N'Trần Thị Lai', '1927-01-01', '210865775', 1927, N'An Chánh', 99, 7, NULL, N'Nguyễn Đình Tạo');
INSERT INTO CovidChinhThuc.dbo.ThongTinHoTro (ID, IDNoiDung, IDDoiTuong, IDCaNhan, NguoiTaoDL) VALUES ('f3c65110-777f-4c67-a225-10cd3fddc50e', 6, '3A65F299-2EFA-4982-BF70-81D7B5024935', '5ded9037-82c6-45ac-bacc-17a87d8ef26f', N'Nguyễn Đình Tạo');
INSERT INTO CovidChinhThuc.dbo.ChiTiet_NguoiCoCong (ID_ThongTin, NguoiTaoDL) VALUES ('f3c65110-777f-4c67-a225-10cd3fddc50e', N'Nguyễn Đình Tạo');
-- row: [866]);
INSERT INTO CovidChinhThuc.dbo.CaNhan (ID, HoTen, NgaySinh, CMND, SinhNam, DiaChi, IDPhuongXa, IDQuanHuyen, SoKhaiSinh, NguoiTaoDL) VALUES ('89aa58ce-95a4-4630-a9ff-768a0e90a843', N'Trần Thị Tâm', '1951-01-01', '210847815', 1951, N'Mỹ An', 99, 7, NULL, N'Nguyễn Đình Tạo');
INSERT INTO CovidChinhThuc.dbo.ThongTinHoTro (ID, IDNoiDung, IDDoiTuong, IDCaNhan, NguoiTaoDL) VALUES ('477af3af-cb03-40a1-911b-5ea1e74ce8be', 6, 'EDE2F0CC-2376-438A-B5FB-FACD867E38EF', '89aa58ce-95a4-4630-a9ff-768a0e90a843', N'Nguyễn Đình Tạo');
INSERT INTO CovidChinhThuc.dbo.ChiTiet_NguoiCoCong (ID_ThongTin, NguoiTaoDL) VALUES ('477af3af-cb03-40a1-911b-5ea1e74ce8be', N'Nguyễn Đình Tạo');
-- row: [867]);
INSERT INTO CovidChinhThuc.dbo.CaNhan (ID, HoTen, NgaySinh, CMND, SinhNam, DiaChi, IDPhuongXa, IDQuanHuyen, SoKhaiSinh, NguoiTaoDL) VALUES ('bb100e56-df1b-4380-be01-a2ba8ce69e8a', N'Trần Văn Đức', '1953-01-01', '211390645', 1953, N'Mỹ Thuận', 99, 7, NULL, N'Nguyễn Đình Tạo');
INSERT INTO CovidChinhThuc.dbo.ThongTinHoTro (ID, IDNoiDung, IDDoiTuong, IDCaNhan, NguoiTaoDL) VALUES ('6670070f-2116-4b44-bc69-5b1c0a6852df', 6, 'EDE2F0CC-2376-438A-B5FB-FACD867E38EF', 'bb100e56-df1b-4380-be01-a2ba8ce69e8a', N'Nguyễn Đình Tạo');
INSERT INTO CovidChinhThuc.dbo.ChiTiet_NguoiCoCong (ID_ThongTin, NguoiTaoDL) VALUES ('6670070f-2116-4b44-bc69-5b1c0a6852df', N'Nguyễn Đình Tạo');
-- row: [868]);
INSERT INTO CovidChinhThuc.dbo.CaNhan (ID, HoTen, NgaySinh, CMND, SinhNam, DiaChi, IDPhuongXa, IDQuanHuyen, SoKhaiSinh, NguoiTaoDL) VALUES ('a80cf108-1e79-4f86-aa33-6a43c7b5be47', N'Võ Thị Hường', '1944-01-01', '210865327', 1944, N'An Chánh', 99, 7, NULL, N'Nguyễn Đình Tạo');
INSERT INTO CovidChinhThuc.dbo.ThongTinHoTro (ID, IDNoiDung, IDDoiTuong, IDCaNhan, NguoiTaoDL) VALUES ('7623b24b-8211-4dd7-a6b4-2bded883f0c0', 6, '3A65F299-2EFA-4982-BF70-81D7B5024935', 'a80cf108-1e79-4f86-aa33-6a43c7b5be47', N'Nguyễn Đình Tạo');
INSERT INTO CovidChinhThuc.dbo.ChiTiet_NguoiCoCong (ID_ThongTin, NguoiTaoDL) VALUES ('7623b24b-8211-4dd7-a6b4-2bded883f0c0', N'Nguyễn Đình Tạo');
-- row: [869]);
INSERT INTO CovidChinhThuc.dbo.CaNhan (ID, HoTen, NgaySinh, CMND, SinhNam, DiaChi, IDPhuongXa, IDQuanHuyen, SoKhaiSinh, NguoiTaoDL) VALUES ('ce9dfe67-bb28-4bb6-b5c6-905e571535d8', N'Vương Thị Lưu', '1925-01-01', '210866162', 1925, N'Mỹ Thuận', 99, 7, NULL, N'Nguyễn Đình Tạo');
INSERT INTO CovidChinhThuc.dbo.ThongTinHoTro (ID, IDNoiDung, IDDoiTuong, IDCaNhan, NguoiTaoDL) VALUES ('f3013dc6-3451-4f5a-89e7-30670e5d35dd', 6, 'A02E0865-9021-4BDD-840E-889CB8F49B88', 'ce9dfe67-bb28-4bb6-b5c6-905e571535d8', N'Nguyễn Đình Tạo');
INSERT INTO CovidChinhThuc.dbo.ChiTiet_NguoiCoCong (ID_ThongTin, NguoiTaoDL) VALUES ('f3013dc6-3451-4f5a-89e7-30670e5d35dd', N'Nguyễn Đình Tạo');
-- row: [870]);
INSERT INTO CovidChinhThuc.dbo.CaNhan (ID, HoTen, NgaySinh, CMND, SinhNam, DiaChi, IDPhuongXa, IDQuanHuyen, SoKhaiSinh, NguoiTaoDL) VALUES ('745c53d8-d6ea-40ce-98a7-a529ca85b67c', N'Bùi Quế', '1926-01-01', '210879318', 1926, N'Nhơn thuận', 101, 7, NULL, N'Nguyễn Đình Tạo');
INSERT INTO CovidChinhThuc.dbo.ThongTinHoTro (ID, IDNoiDung, IDDoiTuong, IDCaNhan, NguoiTaoDL) VALUES ('0d70dcd0-e144-4e00-a027-b7188d61e061', 6, '2DE801FE-8F9D-4CB2-A1C0-E61F4503CB74', '745c53d8-d6ea-40ce-98a7-a529ca85b67c', N'Nguyễn Đình Tạo');
INSERT INTO CovidChinhThuc.dbo.ChiTiet_NguoiCoCong (ID_ThongTin, NguoiTaoDL) VALUES ('0d70dcd0-e144-4e00-a027-b7188d61e061', N'Nguyễn Đình Tạo');
-- row: [871]);
INSERT INTO CovidChinhThuc.dbo.CaNhan (ID, HoTen, NgaySinh, CMND, SinhNam, DiaChi, IDPhuongXa, IDQuanHuyen, SoKhaiSinh, NguoiTaoDL) VALUES ('b13c5076-3549-4ac2-ab57-35c0fcd3b488', N'Bùi Thị Nga', '1943-01-01', '210729091', 1943, N'Bính Đức', 101, 7, NULL, N'Nguyễn Đình Tạo');
INSERT INTO CovidChinhThuc.dbo.ThongTinHoTro (ID, IDNoiDung, IDDoiTuong, IDCaNhan, NguoiTaoDL) VALUES ('d5e9f525-9f77-4fdb-a7fd-f49174d23d8c', 6, '3A65F299-2EFA-4982-BF70-81D7B5024935', 'b13c5076-3549-4ac2-ab57-35c0fcd3b488', N'Nguyễn Đình Tạo');
INSERT INTO CovidChinhThuc.dbo.ChiTiet_NguoiCoCong (ID_ThongTin, NguoiTaoDL) VALUES ('d5e9f525-9f77-4fdb-a7fd-f49174d23d8c', N'Nguyễn Đình Tạo');
-- row: [872]);
INSERT INTO CovidChinhThuc.dbo.CaNhan (ID, HoTen, NgaySinh, CMND, SinhNam, DiaChi, IDPhuongXa, IDQuanHuyen, SoKhaiSinh, NguoiTaoDL) VALUES ('6653ef06-ef0c-42e0-991d-736a605639c2', N'Bùi Thị Thương', '1952-01-01', '210877910', 1952, N'An Vinh 1', 101, 7, NULL, N'Nguyễn Đình Tạo');
INSERT INTO CovidChinhThuc.dbo.ThongTinHoTro (ID, IDNoiDung, IDDoiTuong, IDCaNhan, NguoiTaoDL) VALUES ('a577a0db-1e5f-4787-8ea6-8b948e3016d6', 6, '2DE801FE-8F9D-4CB2-A1C0-E61F4503CB74', '6653ef06-ef0c-42e0-991d-736a605639c2', N'Nguyễn Đình Tạo');
INSERT INTO CovidChinhThuc.dbo.ChiTiet_NguoiCoCong (ID_ThongTin, NguoiTaoDL) VALUES ('a577a0db-1e5f-4787-8ea6-8b948e3016d6', N'Nguyễn Đình Tạo');
-- row: [873]);
INSERT INTO CovidChinhThuc.dbo.CaNhan (ID, HoTen, NgaySinh, CMND, SinhNam, DiaChi, IDPhuongXa, IDQuanHuyen, SoKhaiSinh, NguoiTaoDL) VALUES ('72abc8d6-9bd4-4e4a-80ea-c4473098c335', N'Bùi Thị Vân', '1954-01-01', '210879373', 1954, N'Nhơn thuận', 101, 7, NULL, N'Nguyễn Đình Tạo');
INSERT INTO CovidChinhThuc.dbo.ThongTinHoTro (ID, IDNoiDung, IDDoiTuong, IDCaNhan, NguoiTaoDL) VALUES ('876955c2-ce90-4a81-bd28-b8d7f258777b', 6, 'EDE2F0CC-2376-438A-B5FB-FACD867E38EF', '72abc8d6-9bd4-4e4a-80ea-c4473098c335', N'Nguyễn Đình Tạo');
INSERT INTO CovidChinhThuc.dbo.ChiTiet_NguoiCoCong (ID_ThongTin, NguoiTaoDL) VALUES ('876955c2-ce90-4a81-bd28-b8d7f258777b', N'Nguyễn Đình Tạo');
-- row: [874]);
INSERT INTO CovidChinhThuc.dbo.CaNhan (ID, HoTen, NgaySinh, CMND, SinhNam, DiaChi, IDPhuongXa, IDQuanHuyen, SoKhaiSinh, NguoiTaoDL) VALUES ('9ed66d0b-6c2e-41d6-b2ce-4c5d58d9c065', N'Bùi Văn Bảo', '1946-01-01', '211806956', 1946, N'Nhơn thuận', 101, 7, NULL, N'Nguyễn Đình Tạo');
INSERT INTO CovidChinhThuc.dbo.ThongTinHoTro (ID, IDNoiDung, IDDoiTuong, IDCaNhan, NguoiTaoDL) VALUES ('e7ccc1fc-424d-4825-9117-5d50cb723801', 6, NULL, '9ed66d0b-6c2e-41d6-b2ce-4c5d58d9c065', N'Nguyễn Đình Tạo');
INSERT INTO CovidChinhThuc.dbo.ChiTiet_NguoiCoCong (ID_ThongTin, NguoiTaoDL) VALUES ('e7ccc1fc-424d-4825-9117-5d50cb723801', N'Nguyễn Đình Tạo');
-- row: [875]);
INSERT INTO CovidChinhThuc.dbo.CaNhan (ID, HoTen, NgaySinh, CMND, SinhNam, DiaChi, IDPhuongXa, IDQuanHuyen, SoKhaiSinh, NguoiTaoDL) VALUES ('523d6d15-ada9-4a6f-90a0-82267c6aeb87', N'Cao Thị Cảnh', '1928-01-01', '210879374', 1928, N'Nhơn thuận', 101, 7, NULL, N'Nguyễn Đình Tạo');
INSERT INTO CovidChinhThuc.dbo.ThongTinHoTro (ID, IDNoiDung, IDDoiTuong, IDCaNhan, NguoiTaoDL) VALUES ('836a045e-e298-4b3e-8f62-2a197b3aeceb', 6, '3A65F299-2EFA-4982-BF70-81D7B5024935', '523d6d15-ada9-4a6f-90a0-82267c6aeb87', N'Nguyễn Đình Tạo');
INSERT INTO CovidChinhThuc.dbo.ChiTiet_NguoiCoCong (ID_ThongTin, NguoiTaoDL) VALUES ('836a045e-e298-4b3e-8f62-2a197b3aeceb', N'Nguyễn Đình Tạo');
-- row: [876]);
INSERT INTO CovidChinhThuc.dbo.CaNhan (ID, HoTen, NgaySinh, CMND, SinhNam, DiaChi, IDPhuongXa, IDQuanHuyen, SoKhaiSinh, NguoiTaoDL) VALUES ('bc6a77e0-0444-4cc6-b5b5-08735299a9d7', N'Đặng Ngưu', '1918-01-01', '210878570', 1918, N'Nhơn thuận', 101, 7, NULL, N'Nguyễn Đình Tạo');
INSERT INTO CovidChinhThuc.dbo.ThongTinHoTro (ID, IDNoiDung, IDDoiTuong, IDCaNhan, NguoiTaoDL) VALUES ('2e31455f-c532-41cc-89ff-dad3bd6bdef3', 6, '3A65F299-2EFA-4982-BF70-81D7B5024935', 'bc6a77e0-0444-4cc6-b5b5-08735299a9d7', N'Nguyễn Đình Tạo');
INSERT INTO CovidChinhThuc.dbo.ChiTiet_NguoiCoCong (ID_ThongTin, NguoiTaoDL) VALUES ('2e31455f-c532-41cc-89ff-dad3bd6bdef3', N'Nguyễn Đình Tạo');
-- row: [877]);
INSERT INTO CovidChinhThuc.dbo.CaNhan (ID, HoTen, NgaySinh, CMND, SinhNam, DiaChi, IDPhuongXa, IDQuanHuyen, SoKhaiSinh, NguoiTaoDL) VALUES ('989f0fe9-7882-4680-a42c-49baf2f3e8fe', N'Đặng Thành Nga', '1953-06-01', '210927125', 1953, N'Nhơn thuận', 101, 7, NULL, N'Nguyễn Đình Tạo');
INSERT INTO CovidChinhThuc.dbo.ThongTinHoTro (ID, IDNoiDung, IDDoiTuong, IDCaNhan, NguoiTaoDL) VALUES ('5c6266f6-da18-4574-9b04-17369d95cabb', 6, 'EDE2F0CC-2376-438A-B5FB-FACD867E38EF', '989f0fe9-7882-4680-a42c-49baf2f3e8fe', N'Nguyễn Đình Tạo');
INSERT INTO CovidChinhThuc.dbo.ChiTiet_NguoiCoCong (ID_ThongTin, NguoiTaoDL) VALUES ('5c6266f6-da18-4574-9b04-17369d95cabb', N'Nguyễn Đình Tạo');
-- row: [878]);
INSERT INTO CovidChinhThuc.dbo.CaNhan (ID, HoTen, NgaySinh, CMND, SinhNam, DiaChi, IDPhuongXa, IDQuanHuyen, SoKhaiSinh, NguoiTaoDL) VALUES ('6fb3173f-d91c-43f2-aae8-76c834c7478b', N'Đặng Thanh Phụng', '1999-01-01', '215004824', 1999, N'Nhơn thuận', 101, 7, NULL, N'Nguyễn Đình Tạo');
INSERT INTO CovidChinhThuc.dbo.ThongTinHoTro (ID, IDNoiDung, IDDoiTuong, IDCaNhan, NguoiTaoDL) VALUES ('bf970da9-43cf-40f8-a610-bc6706cae26f', 6, 'E4E24DC6-98AE-4685-985D-47C0B48DD6FD', '6fb3173f-d91c-43f2-aae8-76c834c7478b', N'Nguyễn Đình Tạo');
INSERT INTO CovidChinhThuc.dbo.ChiTiet_NguoiCoCong (ID_ThongTin, NguoiTaoDL) VALUES ('bf970da9-43cf-40f8-a610-bc6706cae26f', N'Nguyễn Đình Tạo');
-- row: [879]);
INSERT INTO CovidChinhThuc.dbo.CaNhan (ID, HoTen, NgaySinh, CMND, SinhNam, DiaChi, IDPhuongXa, IDQuanHuyen, SoKhaiSinh, NguoiTaoDL) VALUES ('dde38f70-3582-4dc2-9e74-668648fe7465', N'Đặng Thị Bảng', '1952-01-01', '210877876', 1952, N'An Vinh 1', 101, 7, NULL, N'Nguyễn Đình Tạo');
INSERT INTO CovidChinhThuc.dbo.ThongTinHoTro (ID, IDNoiDung, IDDoiTuong, IDCaNhan, NguoiTaoDL) VALUES ('481cab24-50c4-4c8f-ba7e-c4aa037e395f', 6, 'EDE2F0CC-2376-438A-B5FB-FACD867E38EF', 'dde38f70-3582-4dc2-9e74-668648fe7465', N'Nguyễn Đình Tạo');
INSERT INTO CovidChinhThuc.dbo.ChiTiet_NguoiCoCong (ID_ThongTin, NguoiTaoDL) VALUES ('481cab24-50c4-4c8f-ba7e-c4aa037e395f', N'Nguyễn Đình Tạo');
-- row: [880]);
INSERT INTO CovidChinhThuc.dbo.CaNhan (ID, HoTen, NgaySinh, CMND, SinhNam, DiaChi, IDPhuongXa, IDQuanHuyen, SoKhaiSinh, NguoiTaoDL) VALUES ('e6aae085-2988-4fef-aab7-6fabbfefbfa9', N'Đào Xuân Hưng', '1951-01-01', '211210287', 1951, N'Nhơn thuận', 101, 7, NULL, N'Nguyễn Đình Tạo');
INSERT INTO CovidChinhThuc.dbo.ThongTinHoTro (ID, IDNoiDung, IDDoiTuong, IDCaNhan, NguoiTaoDL) VALUES ('53171530-2a9c-4b3d-8ce9-b5bbb022d4ec', 6, '78AC3F79-5C50-4ACB-B626-E51ED3D4E8E5', 'e6aae085-2988-4fef-aab7-6fabbfefbfa9', N'Nguyễn Đình Tạo');
INSERT INTO CovidChinhThuc.dbo.ChiTiet_NguoiCoCong (ID_ThongTin, NguoiTaoDL) VALUES ('53171530-2a9c-4b3d-8ce9-b5bbb022d4ec', N'Nguyễn Đình Tạo');
-- row: [881]);
INSERT INTO CovidChinhThuc.dbo.CaNhan (ID, HoTen, NgaySinh, CMND, SinhNam, DiaChi, IDPhuongXa, IDQuanHuyen, SoKhaiSinh, NguoiTaoDL) VALUES ('fe6a440a-19b8-490d-921c-59a74221f945', N'Đỗ Thị Lan', '1931-01-01', '210877913', 1931, N'An Vinh 1', 101, 7, NULL, N'Nguyễn Đình Tạo');
INSERT INTO CovidChinhThuc.dbo.ThongTinHoTro (ID, IDNoiDung, IDDoiTuong, IDCaNhan, NguoiTaoDL) VALUES ('8504c222-ca15-46e4-af63-80785c4522f6', 6, '3A65F299-2EFA-4982-BF70-81D7B5024935', 'fe6a440a-19b8-490d-921c-59a74221f945', N'Nguyễn Đình Tạo');
INSERT INTO CovidChinhThuc.dbo.ChiTiet_NguoiCoCong (ID_ThongTin, NguoiTaoDL) VALUES ('8504c222-ca15-46e4-af63-80785c4522f6', N'Nguyễn Đình Tạo');
-- row: [882]);
INSERT INTO CovidChinhThuc.dbo.CaNhan (ID, HoTen, NgaySinh, CMND, SinhNam, DiaChi, IDPhuongXa, IDQuanHuyen, SoKhaiSinh, NguoiTaoDL) VALUES ('536e6fb7-b861-4660-b56a-5ce85bfde322', N'Đoàn Nhựt', '1932-01-01', '210878426', 1932, N'An Vinh 2', 101, 7, NULL, N'Nguyễn Đình Tạo');
INSERT INTO CovidChinhThuc.dbo.ThongTinHoTro (ID, IDNoiDung, IDDoiTuong, IDCaNhan, NguoiTaoDL) VALUES ('e27014b2-dccc-4b14-9f74-5c0ca8839a13', 6, '2DE801FE-8F9D-4CB2-A1C0-E61F4503CB74', '536e6fb7-b861-4660-b56a-5ce85bfde322', N'Nguyễn Đình Tạo');
INSERT INTO CovidChinhThuc.dbo.ChiTiet_NguoiCoCong (ID_ThongTin, NguoiTaoDL) VALUES ('e27014b2-dccc-4b14-9f74-5c0ca8839a13', N'Nguyễn Đình Tạo');
-- row: [883]);
INSERT INTO CovidChinhThuc.dbo.CaNhan (ID, HoTen, NgaySinh, CMND, SinhNam, DiaChi, IDPhuongXa, IDQuanHuyen, SoKhaiSinh, NguoiTaoDL) VALUES ('8067b1c6-899f-4fed-b208-26ce3f5281fb', N'Dương Ký Triều', '1930-01-01', '210729036', 1930, N'Bính Đức', 101, 7, NULL, N'Nguyễn Đình Tạo');
INSERT INTO CovidChinhThuc.dbo.ThongTinHoTro (ID, IDNoiDung, IDDoiTuong, IDCaNhan, NguoiTaoDL) VALUES ('c35bfa6c-07ea-49b4-9ef4-89f1ef9b5c6d', 6, 'EDE2F0CC-2376-438A-B5FB-FACD867E38EF', '8067b1c6-899f-4fed-b208-26ce3f5281fb', N'Nguyễn Đình Tạo');
INSERT INTO CovidChinhThuc.dbo.ChiTiet_NguoiCoCong (ID_ThongTin, NguoiTaoDL) VALUES ('c35bfa6c-07ea-49b4-9ef4-89f1ef9b5c6d', N'Nguyễn Đình Tạo');
-- row: [884]);
INSERT INTO CovidChinhThuc.dbo.CaNhan (ID, HoTen, NgaySinh, CMND, SinhNam, DiaChi, IDPhuongXa, IDQuanHuyen, SoKhaiSinh, NguoiTaoDL) VALUES ('7afe2211-55b6-4c35-abcc-36d26e6960b5', N'Dương Thị Hoa', '1941-01-01', '210879744', 1941, N'Bính Đức', 101, 7, NULL, N'Nguyễn Đình Tạo');
INSERT INTO CovidChinhThuc.dbo.ThongTinHoTro (ID, IDNoiDung, IDDoiTuong, IDCaNhan, NguoiTaoDL) VALUES ('9fe1bef7-3b24-4568-aceb-92775494533f', 6, '3A65F299-2EFA-4982-BF70-81D7B5024935', '7afe2211-55b6-4c35-abcc-36d26e6960b5', N'Nguyễn Đình Tạo');
INSERT INTO CovidChinhThuc.dbo.ChiTiet_NguoiCoCong (ID_ThongTin, NguoiTaoDL) VALUES ('9fe1bef7-3b24-4568-aceb-92775494533f', N'Nguyễn Đình Tạo');
-- row: [885]);
INSERT INTO CovidChinhThuc.dbo.CaNhan (ID, HoTen, NgaySinh, CMND, SinhNam, DiaChi, IDPhuongXa, IDQuanHuyen, SoKhaiSinh, NguoiTaoDL) VALUES ('e231e249-27bd-41da-a253-53cbba3c7d66', N'Dương Thị Sáu', '1935-01-01', '210877818', 1935, N'An Vinh 1', 101, 7, NULL, N'Nguyễn Đình Tạo');
INSERT INTO CovidChinhThuc.dbo.ThongTinHoTro (ID, IDNoiDung, IDDoiTuong, IDCaNhan, NguoiTaoDL) VALUES ('10f2e24e-0385-4f82-b28c-8b38a5b5f22d', 6, 'EDE2F0CC-2376-438A-B5FB-FACD867E38EF', 'e231e249-27bd-41da-a253-53cbba3c7d66', N'Nguyễn Đình Tạo');
INSERT INTO CovidChinhThuc.dbo.ChiTiet_NguoiCoCong (ID_ThongTin, NguoiTaoDL) VALUES ('10f2e24e-0385-4f82-b28c-8b38a5b5f22d', N'Nguyễn Đình Tạo');
-- row: [886]);
INSERT INTO CovidChinhThuc.dbo.CaNhan (ID, HoTen, NgaySinh, CMND, SinhNam, DiaChi, IDPhuongXa, IDQuanHuyen, SoKhaiSinh, NguoiTaoDL) VALUES ('07302b5e-ce86-40a5-8fb3-d304fec51b68', N'Hồ Sỹ Mười', '1939-01-01', '210877598', 1939, N'An Vinh 1', 101, 7, NULL, N'Nguyễn Đình Tạo');
INSERT INTO CovidChinhThuc.dbo.ThongTinHoTro (ID, IDNoiDung, IDDoiTuong, IDCaNhan, NguoiTaoDL) VALUES ('8b468d45-b259-437a-a284-d4e9337a9f31', 6, 'EDE2F0CC-2376-438A-B5FB-FACD867E38EF', '07302b5e-ce86-40a5-8fb3-d304fec51b68', N'Nguyễn Đình Tạo');
INSERT INTO CovidChinhThuc.dbo.ChiTiet_NguoiCoCong (ID_ThongTin, NguoiTaoDL) VALUES ('8b468d45-b259-437a-a284-d4e9337a9f31', N'Nguyễn Đình Tạo');
-- row: [887]);
INSERT INTO CovidChinhThuc.dbo.CaNhan (ID, HoTen, NgaySinh, CMND, SinhNam, DiaChi, IDPhuongXa, IDQuanHuyen, SoKhaiSinh, NguoiTaoDL) VALUES ('a1195cd2-f0e4-4ca0-aaa8-8848c07002b8', N'Hồ Thị Bốn', '1931-01-01', '210877686', 1931, N'An Vinh 1', 101, 7, NULL, N'Nguyễn Đình Tạo');
INSERT INTO CovidChinhThuc.dbo.ThongTinHoTro (ID, IDNoiDung, IDDoiTuong, IDCaNhan, NguoiTaoDL) VALUES ('0e80ee14-4d86-448a-8692-839bd6f4af97', 6, 'EDE2F0CC-2376-438A-B5FB-FACD867E38EF', 'a1195cd2-f0e4-4ca0-aaa8-8848c07002b8', N'Nguyễn Đình Tạo');
INSERT INTO CovidChinhThuc.dbo.ChiTiet_NguoiCoCong (ID_ThongTin, NguoiTaoDL) VALUES ('0e80ee14-4d86-448a-8692-839bd6f4af97', N'Nguyễn Đình Tạo');
-- row: [888]);
INSERT INTO CovidChinhThuc.dbo.CaNhan (ID, HoTen, NgaySinh, CMND, SinhNam, DiaChi, IDPhuongXa, IDQuanHuyen, SoKhaiSinh, NguoiTaoDL) VALUES ('49b41a9f-e64a-44ff-b78a-981e7c1ca363', N'Hồ Thị Tình', '1952-06-01', '210877453', 1952, N'An Vinh 1', 101, 7, NULL, N'Nguyễn Đình Tạo');
INSERT INTO CovidChinhThuc.dbo.ThongTinHoTro (ID, IDNoiDung, IDDoiTuong, IDCaNhan, NguoiTaoDL) VALUES ('d7d0f508-e993-4292-ba4e-26f27cf83ffc', 6, 'EDE2F0CC-2376-438A-B5FB-FACD867E38EF', '49b41a9f-e64a-44ff-b78a-981e7c1ca363', N'Nguyễn Đình Tạo');
INSERT INTO CovidChinhThuc.dbo.ChiTiet_NguoiCoCong (ID_ThongTin, NguoiTaoDL) VALUES ('d7d0f508-e993-4292-ba4e-26f27cf83ffc', N'Nguyễn Đình Tạo');
-- row: [889]);
INSERT INTO CovidChinhThuc.dbo.CaNhan (ID, HoTen, NgaySinh, CMND, SinhNam, DiaChi, IDPhuongXa, IDQuanHuyen, SoKhaiSinh, NguoiTaoDL) VALUES ('9282c477-a2cf-412e-954f-fac293b9b438', N'Huỳnh Bá', '1943-01-01', '210936966', 1943, N'Nhơn thuận', 101, 7, NULL, N'Nguyễn Đình Tạo');
INSERT INTO CovidChinhThuc.dbo.ThongTinHoTro (ID, IDNoiDung, IDDoiTuong, IDCaNhan, NguoiTaoDL) VALUES ('0f80eb8d-566b-4500-95a9-3e3b8deab2bc', 6, 'EDE2F0CC-2376-438A-B5FB-FACD867E38EF', '9282c477-a2cf-412e-954f-fac293b9b438', N'Nguyễn Đình Tạo');
INSERT INTO CovidChinhThuc.dbo.ChiTiet_NguoiCoCong (ID_ThongTin, NguoiTaoDL) VALUES ('0f80eb8d-566b-4500-95a9-3e3b8deab2bc', N'Nguyễn Đình Tạo');
-- row: [890]);
INSERT INTO CovidChinhThuc.dbo.CaNhan (ID, HoTen, NgaySinh, CMND, SinhNam, DiaChi, IDPhuongXa, IDQuanHuyen, SoKhaiSinh, NguoiTaoDL) VALUES ('8de0e5fd-32b7-49ee-b3ae-d8899872180f', N'Huỳnh Ngọc Điểm', '1964-01-01', '210879082', 1964, N'Nhơn thuận', 101, 7, NULL, N'Nguyễn Đình Tạo');
INSERT INTO CovidChinhThuc.dbo.ThongTinHoTro (ID, IDNoiDung, IDDoiTuong, IDCaNhan, NguoiTaoDL) VALUES ('bc741c09-b2fb-4a1b-a896-4c7b7ce504e1', 6, 'EDE2F0CC-2376-438A-B5FB-FACD867E38EF', '8de0e5fd-32b7-49ee-b3ae-d8899872180f', N'Nguyễn Đình Tạo');
INSERT INTO CovidChinhThuc.dbo.ChiTiet_NguoiCoCong (ID_ThongTin, NguoiTaoDL) VALUES ('bc741c09-b2fb-4a1b-a896-4c7b7ce504e1', N'Nguyễn Đình Tạo');
-- row: [891]);
INSERT INTO CovidChinhThuc.dbo.CaNhan (ID, HoTen, NgaySinh, CMND, SinhNam, DiaChi, IDPhuongXa, IDQuanHuyen, SoKhaiSinh, NguoiTaoDL) VALUES ('430c12cc-6756-4265-8421-9be3696b7d0b', N'Huỳnh Thành', '1937-01-01', '210879436', 1937, N'Nhơn thuận', 101, 7, NULL, N'Nguyễn Đình Tạo');
INSERT INTO CovidChinhThuc.dbo.ThongTinHoTro (ID, IDNoiDung, IDDoiTuong, IDCaNhan, NguoiTaoDL) VALUES ('51a40b2e-7595-45d7-a606-77cedd9e7818', 6, 'EDE2F0CC-2376-438A-B5FB-FACD867E38EF', '430c12cc-6756-4265-8421-9be3696b7d0b', N'Nguyễn Đình Tạo');
INSERT INTO CovidChinhThuc.dbo.ChiTiet_NguoiCoCong (ID_ThongTin, NguoiTaoDL) VALUES ('51a40b2e-7595-45d7-a606-77cedd9e7818', N'Nguyễn Đình Tạo');
-- row: [892]);
INSERT INTO CovidChinhThuc.dbo.CaNhan (ID, HoTen, NgaySinh, CMND, SinhNam, DiaChi, IDPhuongXa, IDQuanHuyen, SoKhaiSinh, NguoiTaoDL) VALUES ('cabb7943-91d6-485e-97ec-48bcaf1ffbba', N'Huỳnh Thị Lan (Lang)', '1950-01-01', '210878972', 1950, N'Nhơn thuận', 101, 7, NULL, N'Nguyễn Đình Tạo');
INSERT INTO CovidChinhThuc.dbo.ThongTinHoTro (ID, IDNoiDung, IDDoiTuong, IDCaNhan, NguoiTaoDL) VALUES ('96e7e3a0-4e48-4936-b3af-065523562a6a', 6, 'EDE2F0CC-2376-438A-B5FB-FACD867E38EF', 'cabb7943-91d6-485e-97ec-48bcaf1ffbba', N'Nguyễn Đình Tạo');
INSERT INTO CovidChinhThuc.dbo.ChiTiet_NguoiCoCong (ID_ThongTin, NguoiTaoDL) VALUES ('96e7e3a0-4e48-4936-b3af-065523562a6a', N'Nguyễn Đình Tạo');
-- row: [893]);
INSERT INTO CovidChinhThuc.dbo.CaNhan (ID, HoTen, NgaySinh, CMND, SinhNam, DiaChi, IDPhuongXa, IDQuanHuyen, SoKhaiSinh, NguoiTaoDL) VALUES ('bfa712b0-c00c-445b-bda7-405195219b6f', N'Huỳnh Văn Phe', '1947-01-01', '210877607', 1947, N'An Vinh 1', 101, 7, NULL, N'Nguyễn Đình Tạo');
INSERT INTO CovidChinhThuc.dbo.ThongTinHoTro (ID, IDNoiDung, IDDoiTuong, IDCaNhan, NguoiTaoDL) VALUES ('16df200f-4d07-4bda-9554-2f5b374f2c94', 6, 'EDE2F0CC-2376-438A-B5FB-FACD867E38EF', 'bfa712b0-c00c-445b-bda7-405195219b6f', N'Nguyễn Đình Tạo');
INSERT INTO CovidChinhThuc.dbo.ChiTiet_NguoiCoCong (ID_ThongTin, NguoiTaoDL) VALUES ('16df200f-4d07-4bda-9554-2f5b374f2c94', N'Nguyễn Đình Tạo');
-- row: [894]);
INSERT INTO CovidChinhThuc.dbo.CaNhan (ID, HoTen, NgaySinh, CMND, SinhNam, DiaChi, IDPhuongXa, IDQuanHuyen, SoKhaiSinh, NguoiTaoDL) VALUES ('bc5170ee-6022-4706-b57e-139bc2842f13', N'Lâm Thành Minh', '1950-01-01', '210034003', 1950, N'An Vinh 1', 101, 7, NULL, N'Nguyễn Đình Tạo');
INSERT INTO CovidChinhThuc.dbo.ThongTinHoTro (ID, IDNoiDung, IDDoiTuong, IDCaNhan, NguoiTaoDL) VALUES ('4f9ebd45-edd1-4874-bd84-15adaf6170d2', 6, NULL, 'bc5170ee-6022-4706-b57e-139bc2842f13', N'Nguyễn Đình Tạo');
INSERT INTO CovidChinhThuc.dbo.ChiTiet_NguoiCoCong (ID_ThongTin, NguoiTaoDL) VALUES ('4f9ebd45-edd1-4874-bd84-15adaf6170d2', N'Nguyễn Đình Tạo');
-- row: [895]);
INSERT INTO CovidChinhThuc.dbo.CaNhan (ID, HoTen, NgaySinh, CMND, SinhNam, DiaChi, IDPhuongXa, IDQuanHuyen, SoKhaiSinh, NguoiTaoDL) VALUES ('0655149f-57e0-48ee-8185-551da63058ba', N'Lê Đình Mai', '1945-01-01', '210034779', 1945, N'An Vinh 1', 101, 7, NULL, N'Nguyễn Đình Tạo');
INSERT INTO CovidChinhThuc.dbo.ThongTinHoTro (ID, IDNoiDung, IDDoiTuong, IDCaNhan, NguoiTaoDL) VALUES ('363ec23c-277f-454d-9a6c-a8a7f3f40150', 6, 'EDE2F0CC-2376-438A-B5FB-FACD867E38EF', '0655149f-57e0-48ee-8185-551da63058ba', N'Nguyễn Đình Tạo');
INSERT INTO CovidChinhThuc.dbo.ChiTiet_NguoiCoCong (ID_ThongTin, NguoiTaoDL) VALUES ('363ec23c-277f-454d-9a6c-a8a7f3f40150', N'Nguyễn Đình Tạo');
-- row: [896]);
INSERT INTO CovidChinhThuc.dbo.CaNhan (ID, HoTen, NgaySinh, CMND, SinhNam, DiaChi, IDPhuongXa, IDQuanHuyen, SoKhaiSinh, NguoiTaoDL) VALUES ('b0b1da9b-ac8a-4d6f-9b5c-7b91717aa6e6', N'Lê Đình Y', '1927-01-01', '210877978', 1927, N'An Vinh 1', 101, 7, NULL, N'Nguyễn Đình Tạo');
INSERT INTO CovidChinhThuc.dbo.ThongTinHoTro (ID, IDNoiDung, IDDoiTuong, IDCaNhan, NguoiTaoDL) VALUES ('c736d8f9-49bf-4b02-9f69-6d556e72b138', 6, 'EDE2F0CC-2376-438A-B5FB-FACD867E38EF', 'b0b1da9b-ac8a-4d6f-9b5c-7b91717aa6e6', N'Nguyễn Đình Tạo');
INSERT INTO CovidChinhThuc.dbo.ChiTiet_NguoiCoCong (ID_ThongTin, NguoiTaoDL) VALUES ('c736d8f9-49bf-4b02-9f69-6d556e72b138', N'Nguyễn Đình Tạo');
-- row: [897]);
INSERT INTO CovidChinhThuc.dbo.CaNhan (ID, HoTen, NgaySinh, CMND, SinhNam, DiaChi, IDPhuongXa, IDQuanHuyen, SoKhaiSinh, NguoiTaoDL) VALUES ('3d9eea93-48e1-4a0b-8bd0-e18b599f7d61', N'Lê Hồng Phát', '1935-01-01', '210034066', 1935, N'Nhơn thuận', 101, 7, NULL, N'Nguyễn Đình Tạo');
INSERT INTO CovidChinhThuc.dbo.ThongTinHoTro (ID, IDNoiDung, IDDoiTuong, IDCaNhan, NguoiTaoDL) VALUES ('123833c8-e078-4b77-8918-a0e834b031f5', 6, '2DE801FE-8F9D-4CB2-A1C0-E61F4503CB74', '3d9eea93-48e1-4a0b-8bd0-e18b599f7d61', N'Nguyễn Đình Tạo');
INSERT INTO CovidChinhThuc.dbo.ChiTiet_NguoiCoCong (ID_ThongTin, NguoiTaoDL) VALUES ('123833c8-e078-4b77-8918-a0e834b031f5', N'Nguyễn Đình Tạo');
-- row: [898]);
INSERT INTO CovidChinhThuc.dbo.CaNhan (ID, HoTen, NgaySinh, CMND, SinhNam, DiaChi, IDPhuongXa, IDQuanHuyen, SoKhaiSinh, NguoiTaoDL) VALUES ('897a1823-f253-4e37-adc5-02e86c85e87c', N'Lê Hùng Công', '1934-01-01', '211671567', 1934, N'An Vinh 1', 101, 7, NULL, N'Nguyễn Đình Tạo');
INSERT INTO CovidChinhThuc.dbo.ThongTinHoTro (ID, IDNoiDung, IDDoiTuong, IDCaNhan, NguoiTaoDL) VALUES ('e200f7dc-0aac-4304-bfba-e16742bae4c1', 6, 'EDE2F0CC-2376-438A-B5FB-FACD867E38EF', '897a1823-f253-4e37-adc5-02e86c85e87c', N'Nguyễn Đình Tạo');
INSERT INTO CovidChinhThuc.dbo.ChiTiet_NguoiCoCong (ID_ThongTin, NguoiTaoDL) VALUES ('e200f7dc-0aac-4304-bfba-e16742bae4c1', N'Nguyễn Đình Tạo');
-- row: [899]);
INSERT INTO CovidChinhThuc.dbo.CaNhan (ID, HoTen, NgaySinh, CMND, SinhNam, DiaChi, IDPhuongXa, IDQuanHuyen, SoKhaiSinh, NguoiTaoDL) VALUES ('41e0b578-008f-48f5-b9b3-d2cf30d825d1', N'Lê Kim Bá', '1919-01-01', '210729271', 1919, N'Bính Đức', 101, 7, NULL, N'Nguyễn Đình Tạo');
INSERT INTO CovidChinhThuc.dbo.ThongTinHoTro (ID, IDNoiDung, IDDoiTuong, IDCaNhan, NguoiTaoDL) VALUES ('cf078fd7-85a2-40bf-9c0a-8fb3f2012f18', 6, '3A65F299-2EFA-4982-BF70-81D7B5024935', '41e0b578-008f-48f5-b9b3-d2cf30d825d1', N'Nguyễn Đình Tạo');
INSERT INTO CovidChinhThuc.dbo.ChiTiet_NguoiCoCong (ID_ThongTin, NguoiTaoDL) VALUES ('cf078fd7-85a2-40bf-9c0a-8fb3f2012f18', N'Nguyễn Đình Tạo');
-- row: [900]);
INSERT INTO CovidChinhThuc.dbo.CaNhan (ID, HoTen, NgaySinh, CMND, SinhNam, DiaChi, IDPhuongXa, IDQuanHuyen, SoKhaiSinh, NguoiTaoDL) VALUES ('1488ed3b-e157-4e58-bf8f-a8cd42f56f90', N'Lê Ngọc Ánh', '1946-01-01', '210030668', 1946, N'An Vinh 2', 101, 7, NULL, N'Nguyễn Đình Tạo');
INSERT INTO CovidChinhThuc.dbo.ThongTinHoTro (ID, IDNoiDung, IDDoiTuong, IDCaNhan, NguoiTaoDL) VALUES ('9f797756-f50d-4e98-b4eb-2272ad9bd992', 6, 'EDE2F0CC-2376-438A-B5FB-FACD867E38EF', '1488ed3b-e157-4e58-bf8f-a8cd42f56f90', N'Nguyễn Đình Tạo');
INSERT INTO CovidChinhThuc.dbo.ChiTiet_NguoiCoCong (ID_ThongTin, NguoiTaoDL) VALUES ('9f797756-f50d-4e98-b4eb-2272ad9bd992', N'Nguyễn Đình Tạo');
-- row: [901]);
INSERT INTO CovidChinhThuc.dbo.CaNhan (ID, HoTen, NgaySinh, CMND, SinhNam, DiaChi, IDPhuongXa, IDQuanHuyen, SoKhaiSinh, NguoiTaoDL) VALUES ('682348a2-aaf0-4cbc-9fdd-947336fd0df0', N'Lê Ngọc Mạnh', '1963-01-01', '210877351', 1963, N'An Vinh 1', 101, 7, NULL, N'Nguyễn Đình Tạo');
INSERT INTO CovidChinhThuc.dbo.ThongTinHoTro (ID, IDNoiDung, IDDoiTuong, IDCaNhan, NguoiTaoDL) VALUES ('37b1f579-cca6-418d-b572-d13f820b16fe', 6, 'EDE2F0CC-2376-438A-B5FB-FACD867E38EF', '682348a2-aaf0-4cbc-9fdd-947336fd0df0', N'Nguyễn Đình Tạo');
INSERT INTO CovidChinhThuc.dbo.ChiTiet_NguoiCoCong (ID_ThongTin, NguoiTaoDL) VALUES ('37b1f579-cca6-418d-b572-d13f820b16fe', N'Nguyễn Đình Tạo');
-- row: [902]);
INSERT INTO CovidChinhThuc.dbo.CaNhan (ID, HoTen, NgaySinh, CMND, SinhNam, DiaChi, IDPhuongXa, IDQuanHuyen, SoKhaiSinh, NguoiTaoDL) VALUES ('c87eb4fa-12a5-4a63-a038-c2b8f95a7cd2', N'Lê Thị Ba', '1920-01-01', '210877783', 1920, N'An Vinh 1', 101, 7, NULL, N'Nguyễn Đình Tạo');
INSERT INTO CovidChinhThuc.dbo.ThongTinHoTro (ID, IDNoiDung, IDDoiTuong, IDCaNhan, NguoiTaoDL) VALUES ('51567c48-9607-431d-944a-c57b1203b50c', 6, '3A65F299-2EFA-4982-BF70-81D7B5024935', 'c87eb4fa-12a5-4a63-a038-c2b8f95a7cd2', N'Nguyễn Đình Tạo');
INSERT INTO CovidChinhThuc.dbo.ChiTiet_NguoiCoCong (ID_ThongTin, NguoiTaoDL) VALUES ('51567c48-9607-431d-944a-c57b1203b50c', N'Nguyễn Đình Tạo');
-- row: [903]);
INSERT INTO CovidChinhThuc.dbo.CaNhan (ID, HoTen, NgaySinh, CMND, SinhNam, DiaChi, IDPhuongXa, IDQuanHuyen, SoKhaiSinh, NguoiTaoDL) VALUES ('be51d7c3-18f7-458f-a0ab-84f8e718fdd0', N'Lê Thị Bảy', '1941-01-01', '210729022', 1941, N'Bính Đức', 101, 7, NULL, N'Nguyễn Đình Tạo');
INSERT INTO CovidChinhThuc.dbo.ThongTinHoTro (ID, IDNoiDung, IDDoiTuong, IDCaNhan, NguoiTaoDL) VALUES ('0ef1afad-b62f-4b96-a008-07a009815b7c', 6, 'EDE2F0CC-2376-438A-B5FB-FACD867E38EF', 'be51d7c3-18f7-458f-a0ab-84f8e718fdd0', N'Nguyễn Đình Tạo');
INSERT INTO CovidChinhThuc.dbo.ChiTiet_NguoiCoCong (ID_ThongTin, NguoiTaoDL) VALUES ('0ef1afad-b62f-4b96-a008-07a009815b7c', N'Nguyễn Đình Tạo');
-- row: [904]);
INSERT INTO CovidChinhThuc.dbo.CaNhan (ID, HoTen, NgaySinh, CMND, SinhNam, DiaChi, IDPhuongXa, IDQuanHuyen, SoKhaiSinh, NguoiTaoDL) VALUES ('42c97c41-732a-4615-9ee6-1fcb07bae853', N'Lê Thị Bốn', '1940-01-01', '210878001', 1940, N'An Vinh 1', 101, 7, NULL, N'Nguyễn Đình Tạo');
INSERT INTO CovidChinhThuc.dbo.ThongTinHoTro (ID, IDNoiDung, IDDoiTuong, IDCaNhan, NguoiTaoDL) VALUES ('499416e0-6a7d-43ae-a136-0f6ab3ad49b9', 6, NULL, '42c97c41-732a-4615-9ee6-1fcb07bae853', N'Nguyễn Đình Tạo');
INSERT INTO CovidChinhThuc.dbo.ChiTiet_NguoiCoCong (ID_ThongTin, NguoiTaoDL) VALUES ('499416e0-6a7d-43ae-a136-0f6ab3ad49b9', N'Nguyễn Đình Tạo');
-- row: [905]);
INSERT INTO CovidChinhThuc.dbo.CaNhan (ID, HoTen, NgaySinh, CMND, SinhNam, DiaChi, IDPhuongXa, IDQuanHuyen, SoKhaiSinh, NguoiTaoDL) VALUES ('c61b6438-a74b-4693-81f1-4a42c56d9c74', N'Lê Thị Chung', '1954-01-01', '210877926', 1954, N'An Vinh 1', 101, 7, NULL, N'Nguyễn Đình Tạo');
INSERT INTO CovidChinhThuc.dbo.ThongTinHoTro (ID, IDNoiDung, IDDoiTuong, IDCaNhan, NguoiTaoDL) VALUES ('9c998b43-1e89-46a2-aeca-3446aed93c13', 6, 'EDE2F0CC-2376-438A-B5FB-FACD867E38EF', 'c61b6438-a74b-4693-81f1-4a42c56d9c74', N'Nguyễn Đình Tạo');
INSERT INTO CovidChinhThuc.dbo.ChiTiet_NguoiCoCong (ID_ThongTin, NguoiTaoDL) VALUES ('9c998b43-1e89-46a2-aeca-3446aed93c13', N'Nguyễn Đình Tạo');
-- row: [906]);
INSERT INTO CovidChinhThuc.dbo.CaNhan (ID, HoTen, NgaySinh, CMND, SinhNam, DiaChi, IDPhuongXa, IDQuanHuyen, SoKhaiSinh, NguoiTaoDL) VALUES ('c2031089-6533-4610-9216-ea27086da79f', N'Lê Thị Điểm', '1944-01-01', '215619465', 1944, N'Bính Đức', 101, 7, NULL, N'Nguyễn Đình Tạo');
INSERT INTO CovidChinhThuc.dbo.ThongTinHoTro (ID, IDNoiDung, IDDoiTuong, IDCaNhan, NguoiTaoDL) VALUES ('95431ca8-b920-437a-b65c-2997560dee34', 6, 'EDE2F0CC-2376-438A-B5FB-FACD867E38EF', 'c2031089-6533-4610-9216-ea27086da79f', N'Nguyễn Đình Tạo');
INSERT INTO CovidChinhThuc.dbo.ChiTiet_NguoiCoCong (ID_ThongTin, NguoiTaoDL) VALUES ('95431ca8-b920-437a-b65c-2997560dee34', N'Nguyễn Đình Tạo');
-- row: [907]);
INSERT INTO CovidChinhThuc.dbo.CaNhan (ID, HoTen, NgaySinh, CMND, SinhNam, DiaChi, IDPhuongXa, IDQuanHuyen, SoKhaiSinh, NguoiTaoDL) VALUES ('02b636a9-aba3-4ed2-898f-f2c2590eb738', N'Lê Thị Hồng', '1927-01-01', '210729219', 1927, N'Bính Đức', 101, 7, NULL, N'Nguyễn Đình Tạo');
INSERT INTO CovidChinhThuc.dbo.ThongTinHoTro (ID, IDNoiDung, IDDoiTuong, IDCaNhan, NguoiTaoDL) VALUES ('7843293e-bcd6-4279-adb9-63ec0181c481', 6, '3A65F299-2EFA-4982-BF70-81D7B5024935', '02b636a9-aba3-4ed2-898f-f2c2590eb738', N'Nguyễn Đình Tạo');
INSERT INTO CovidChinhThuc.dbo.ChiTiet_NguoiCoCong (ID_ThongTin, NguoiTaoDL) VALUES ('7843293e-bcd6-4279-adb9-63ec0181c481', N'Nguyễn Đình Tạo');
-- row: [908]);
INSERT INTO CovidChinhThuc.dbo.CaNhan (ID, HoTen, NgaySinh, CMND, SinhNam, DiaChi, IDPhuongXa, IDQuanHuyen, SoKhaiSinh, NguoiTaoDL) VALUES ('6c491329-68dd-4a91-9e28-0b6e16b774e7', N'Lê Thị Hường', '1949-01-01', '210878388', 1949, N'An Vinh 2', 101, 7, NULL, N'Nguyễn Đình Tạo');
INSERT INTO CovidChinhThuc.dbo.ThongTinHoTro (ID, IDNoiDung, IDDoiTuong, IDCaNhan, NguoiTaoDL) VALUES ('829af05c-e8e0-401e-9acc-a776a547e225', 6, 'DF559633-EE29-45FD-BD59-1153DDD55C4B', '6c491329-68dd-4a91-9e28-0b6e16b774e7', N'Nguyễn Đình Tạo');
INSERT INTO CovidChinhThuc.dbo.ChiTiet_NguoiCoCong (ID_ThongTin, NguoiTaoDL) VALUES ('829af05c-e8e0-401e-9acc-a776a547e225', N'Nguyễn Đình Tạo');
-- row: [909]);
INSERT INTO CovidChinhThuc.dbo.CaNhan (ID, HoTen, NgaySinh, CMND, SinhNam, DiaChi, IDPhuongXa, IDQuanHuyen, SoKhaiSinh, NguoiTaoDL) VALUES ('07cfb2ed-abe2-4184-b757-54a02a19ccbf', N'Lê Thị Luận', '1942-01-01', '210878232', 1942, N'Bính Đức', 101, 7, NULL, N'Nguyễn Đình Tạo');
INSERT INTO CovidChinhThuc.dbo.ThongTinHoTro (ID, IDNoiDung, IDDoiTuong, IDCaNhan, NguoiTaoDL) VALUES ('08701730-a7ca-468f-8730-9862c30fdabb', 6, '3A65F299-2EFA-4982-BF70-81D7B5024935', '07cfb2ed-abe2-4184-b757-54a02a19ccbf', N'Nguyễn Đình Tạo');
INSERT INTO CovidChinhThuc.dbo.ChiTiet_NguoiCoCong (ID_ThongTin, NguoiTaoDL) VALUES ('08701730-a7ca-468f-8730-9862c30fdabb', N'Nguyễn Đình Tạo');
-- row: [910]);
INSERT INTO CovidChinhThuc.dbo.CaNhan (ID, HoTen, NgaySinh, CMND, SinhNam, DiaChi, IDPhuongXa, IDQuanHuyen, SoKhaiSinh, NguoiTaoDL) VALUES ('5106c062-6daa-49bc-ad0e-a81c3add6921', N'Lê Thị Mỹ Ngọc', '1954-01-01', '210877405', 1954, N'An Vinh 1', 101, 7, NULL, N'Nguyễn Đình Tạo');
INSERT INTO CovidChinhThuc.dbo.ThongTinHoTro (ID, IDNoiDung, IDDoiTuong, IDCaNhan, NguoiTaoDL) VALUES ('e0f8b0e2-c995-4232-969d-bd006ae14d99', 6, 'EDE2F0CC-2376-438A-B5FB-FACD867E38EF', '5106c062-6daa-49bc-ad0e-a81c3add6921', N'Nguyễn Đình Tạo');
INSERT INTO CovidChinhThuc.dbo.ChiTiet_NguoiCoCong (ID_ThongTin, NguoiTaoDL) VALUES ('e0f8b0e2-c995-4232-969d-bd006ae14d99', N'Nguyễn Đình Tạo');
-- row: [911]);
INSERT INTO CovidChinhThuc.dbo.CaNhan (ID, HoTen, NgaySinh, CMND, SinhNam, DiaChi, IDPhuongXa, IDQuanHuyen, SoKhaiSinh, NguoiTaoDL) VALUES ('ca9512d8-b1f8-4ba2-9fa0-76c25023f16e', N'Lê Thị Nhuận', '1961-01-01', '210279238', 1961, N'Bính Đức', 101, 7, NULL, N'Nguyễn Đình Tạo');
INSERT INTO CovidChinhThuc.dbo.ThongTinHoTro (ID, IDNoiDung, IDDoiTuong, IDCaNhan, NguoiTaoDL) VALUES ('b693210f-9687-4b5d-b25f-5fb1a57d0ecc', 6, '3A65F299-2EFA-4982-BF70-81D7B5024935', 'ca9512d8-b1f8-4ba2-9fa0-76c25023f16e', N'Nguyễn Đình Tạo');
INSERT INTO CovidChinhThuc.dbo.ChiTiet_NguoiCoCong (ID_ThongTin, NguoiTaoDL) VALUES ('b693210f-9687-4b5d-b25f-5fb1a57d0ecc', N'Nguyễn Đình Tạo');
-- row: [912]);
INSERT INTO CovidChinhThuc.dbo.CaNhan (ID, HoTen, NgaySinh, CMND, SinhNam, DiaChi, IDPhuongXa, IDQuanHuyen, SoKhaiSinh, NguoiTaoDL) VALUES ('0b32d6d7-55bc-4531-b07a-4b2ac096dd48', N'Lê Thị Tâm', '1922-01-01', '210877738', 1922, N'An Vinh 1', 101, 7, NULL, N'Nguyễn Đình Tạo');
INSERT INTO CovidChinhThuc.dbo.ThongTinHoTro (ID, IDNoiDung, IDDoiTuong, IDCaNhan, NguoiTaoDL) VALUES ('e9378f2e-108b-4351-a60b-331329fef328', 6, 'EDE2F0CC-2376-438A-B5FB-FACD867E38EF', '0b32d6d7-55bc-4531-b07a-4b2ac096dd48', N'Nguyễn Đình Tạo');
INSERT INTO CovidChinhThuc.dbo.ChiTiet_NguoiCoCong (ID_ThongTin, NguoiTaoDL) VALUES ('e9378f2e-108b-4351-a60b-331329fef328', N'Nguyễn Đình Tạo');
-- row: [913]);
INSERT INTO CovidChinhThuc.dbo.CaNhan (ID, HoTen, NgaySinh, CMND, SinhNam, DiaChi, IDPhuongXa, IDQuanHuyen, SoKhaiSinh, NguoiTaoDL) VALUES ('43c5e920-1071-46cb-a550-80c3ea3cb4f9', N'Lê Thị Thanh', '1938-01-01', '210878033', 1938, N'An Vinh 2', 101, 7, NULL, N'Nguyễn Đình Tạo');
INSERT INTO CovidChinhThuc.dbo.ThongTinHoTro (ID, IDNoiDung, IDDoiTuong, IDCaNhan, NguoiTaoDL) VALUES ('17c16a24-c0e1-480e-9613-059bc02cda05', 6, '3A65F299-2EFA-4982-BF70-81D7B5024935', '43c5e920-1071-46cb-a550-80c3ea3cb4f9', N'Nguyễn Đình Tạo');
INSERT INTO CovidChinhThuc.dbo.ChiTiet_NguoiCoCong (ID_ThongTin, NguoiTaoDL) VALUES ('17c16a24-c0e1-480e-9613-059bc02cda05', N'Nguyễn Đình Tạo');
-- row: [914]);
INSERT INTO CovidChinhThuc.dbo.CaNhan (ID, HoTen, NgaySinh, CMND, SinhNam, DiaChi, IDPhuongXa, IDQuanHuyen, SoKhaiSinh, NguoiTaoDL) VALUES ('db26cf33-0260-4538-a234-72ee883aebf5', N'Lê Thị Tưởng', '1931-01-01', '210877682', 1931, N'An Vinh 1', 101, 7, NULL, N'Nguyễn Đình Tạo');
INSERT INTO CovidChinhThuc.dbo.ThongTinHoTro (ID, IDNoiDung, IDDoiTuong, IDCaNhan, NguoiTaoDL) VALUES ('78ea2216-db0d-40d8-ad4a-5af4c34efdae', 6, '3A65F299-2EFA-4982-BF70-81D7B5024935', 'db26cf33-0260-4538-a234-72ee883aebf5', N'Nguyễn Đình Tạo');
INSERT INTO CovidChinhThuc.dbo.ChiTiet_NguoiCoCong (ID_ThongTin, NguoiTaoDL) VALUES ('78ea2216-db0d-40d8-ad4a-5af4c34efdae', N'Nguyễn Đình Tạo');
-- row: [915]);
INSERT INTO CovidChinhThuc.dbo.CaNhan (ID, HoTen, NgaySinh, CMND, SinhNam, DiaChi, IDPhuongXa, IDQuanHuyen, SoKhaiSinh, NguoiTaoDL) VALUES ('627874c8-3774-4917-840a-1d29a5739970', N'Lê Toàn Trung', '1952-01-01', '211705016', 1952, N'An Vinh 2', 101, 7, NULL, N'Nguyễn Đình Tạo');
INSERT INTO CovidChinhThuc.dbo.ThongTinHoTro (ID, IDNoiDung, IDDoiTuong, IDCaNhan, NguoiTaoDL) VALUES ('777ae78c-7e06-4b42-a97b-ef68d306fba6', 6, 'EDE2F0CC-2376-438A-B5FB-FACD867E38EF', '627874c8-3774-4917-840a-1d29a5739970', N'Nguyễn Đình Tạo');
INSERT INTO CovidChinhThuc.dbo.ChiTiet_NguoiCoCong (ID_ThongTin, NguoiTaoDL) VALUES ('777ae78c-7e06-4b42-a97b-ef68d306fba6', N'Nguyễn Đình Tạo');
-- row: [916]);
INSERT INTO CovidChinhThuc.dbo.CaNhan (ID, HoTen, NgaySinh, CMND, SinhNam, DiaChi, IDPhuongXa, IDQuanHuyen, SoKhaiSinh, NguoiTaoDL) VALUES ('66312e50-5061-4dfd-a586-9f974b17b3a3', N'Lê Văn Dũng', '1957-01-01', '215327165', 1957, N'An Vinh 1', 101, 7, NULL, N'Nguyễn Đình Tạo');
INSERT INTO CovidChinhThuc.dbo.ThongTinHoTro (ID, IDNoiDung, IDDoiTuong, IDCaNhan, NguoiTaoDL) VALUES ('71124f14-f06f-4d24-bb54-ad33b63f2200', 6, 'EDE2F0CC-2376-438A-B5FB-FACD867E38EF', '66312e50-5061-4dfd-a586-9f974b17b3a3', N'Nguyễn Đình Tạo');
INSERT INTO CovidChinhThuc.dbo.ChiTiet_NguoiCoCong (ID_ThongTin, NguoiTaoDL) VALUES ('71124f14-f06f-4d24-bb54-ad33b63f2200', N'Nguyễn Đình Tạo');
-- row: [917]);
INSERT INTO CovidChinhThuc.dbo.CaNhan (ID, HoTen, NgaySinh, CMND, SinhNam, DiaChi, IDPhuongXa, IDQuanHuyen, SoKhaiSinh, NguoiTaoDL) VALUES ('31928f80-a986-47fc-9bd1-c24dc8b87a02', N'Lê Văn Tới', '1964-01-01', '211670577', 1964, N'An Vinh 2', 101, 7, NULL, N'Nguyễn Đình Tạo');
INSERT INTO CovidChinhThuc.dbo.ThongTinHoTro (ID, IDNoiDung, IDDoiTuong, IDCaNhan, NguoiTaoDL) VALUES ('d8162f1c-8030-48e5-bb58-b28d9fcdca2b', 6, 'EDE2F0CC-2376-438A-B5FB-FACD867E38EF', '31928f80-a986-47fc-9bd1-c24dc8b87a02', N'Nguyễn Đình Tạo');
INSERT INTO CovidChinhThuc.dbo.ChiTiet_NguoiCoCong (ID_ThongTin, NguoiTaoDL) VALUES ('d8162f1c-8030-48e5-bb58-b28d9fcdca2b', N'Nguyễn Đình Tạo');
-- row: [918]);
INSERT INTO CovidChinhThuc.dbo.CaNhan (ID, HoTen, NgaySinh, CMND, SinhNam, DiaChi, IDPhuongXa, IDQuanHuyen, SoKhaiSinh, NguoiTaoDL) VALUES ('8affc982-26a5-4992-8bb6-9877c1b7a458', N'Lương Bông', '1929-01-01', '210878914', 1929, N'Nhơn thuận', 101, 7, NULL, N'Nguyễn Đình Tạo');
INSERT INTO CovidChinhThuc.dbo.ThongTinHoTro (ID, IDNoiDung, IDDoiTuong, IDCaNhan, NguoiTaoDL) VALUES ('0fe9939c-c735-4e52-a7fc-ab7249cead92', 6, '2DE801FE-8F9D-4CB2-A1C0-E61F4503CB74', '8affc982-26a5-4992-8bb6-9877c1b7a458', N'Nguyễn Đình Tạo');
INSERT INTO CovidChinhThuc.dbo.ChiTiet_NguoiCoCong (ID_ThongTin, NguoiTaoDL) VALUES ('0fe9939c-c735-4e52-a7fc-ab7249cead92', N'Nguyễn Đình Tạo');
-- row: [919]);
INSERT INTO CovidChinhThuc.dbo.CaNhan (ID, HoTen, NgaySinh, CMND, SinhNam, DiaChi, IDPhuongXa, IDQuanHuyen, SoKhaiSinh, NguoiTaoDL) VALUES ('e71b00d0-1517-4daa-85d0-b57bf47f7fbb', N'Lương Thi Đề', '1928-01-01', '210878518', 1928, N'Nhơn thuận', 101, 7, NULL, N'Nguyễn Đình Tạo');
INSERT INTO CovidChinhThuc.dbo.ThongTinHoTro (ID, IDNoiDung, IDDoiTuong, IDCaNhan, NguoiTaoDL) VALUES ('694a9c44-e87c-43f8-94f4-041b3205e9dc', 6, 'EDE2F0CC-2376-438A-B5FB-FACD867E38EF', 'e71b00d0-1517-4daa-85d0-b57bf47f7fbb', N'Nguyễn Đình Tạo');
INSERT INTO CovidChinhThuc.dbo.ChiTiet_NguoiCoCong (ID_ThongTin, NguoiTaoDL) VALUES ('694a9c44-e87c-43f8-94f4-041b3205e9dc', N'Nguyễn Đình Tạo');
-- row: [920]);
INSERT INTO CovidChinhThuc.dbo.CaNhan (ID, HoTen, NgaySinh, CMND, SinhNam, DiaChi, IDPhuongXa, IDQuanHuyen, SoKhaiSinh, NguoiTaoDL) VALUES ('a2a8ec4b-5d9a-4e16-88b1-2bc876a5666d', N'Lương Thị Đính', '1947-01-01', '210878292', 1947, N'An Vinh 2', 101, 7, NULL, N'Nguyễn Đình Tạo');
INSERT INTO CovidChinhThuc.dbo.ThongTinHoTro (ID, IDNoiDung, IDDoiTuong, IDCaNhan, NguoiTaoDL) VALUES ('123eeb08-a2c7-4fa3-946e-42067b8eaa7a', 6, NULL, 'a2a8ec4b-5d9a-4e16-88b1-2bc876a5666d', N'Nguyễn Đình Tạo');
INSERT INTO CovidChinhThuc.dbo.ChiTiet_NguoiCoCong (ID_ThongTin, NguoiTaoDL) VALUES ('123eeb08-a2c7-4fa3-946e-42067b8eaa7a', N'Nguyễn Đình Tạo');
-- row: [921]);
INSERT INTO CovidChinhThuc.dbo.CaNhan (ID, HoTen, NgaySinh, CMND, SinhNam, DiaChi, IDPhuongXa, IDQuanHuyen, SoKhaiSinh, NguoiTaoDL) VALUES ('72919b06-3e64-42de-977a-20854f897635', N'Lương Thi Nguyệt', '1999-01-01', NULL, 1999, N'An Vinh 2', 101, 7, N'11701', N'Nguyễn Đình Tạo');
INSERT INTO CovidChinhThuc.dbo.ThongTinHoTro (ID, IDNoiDung, IDDoiTuong, IDCaNhan, NguoiTaoDL) VALUES ('93107daa-a4d4-4c55-95f4-6f1b61e0b42f', 6, 'E4E24DC6-98AE-4685-985D-47C0B48DD6FD', '72919b06-3e64-42de-977a-20854f897635', N'Nguyễn Đình Tạo');
INSERT INTO CovidChinhThuc.dbo.ChiTiet_NguoiCoCong (ID_ThongTin, NguoiTaoDL) VALUES ('93107daa-a4d4-4c55-95f4-6f1b61e0b42f', N'Nguyễn Đình Tạo');
-- row: [922]);
INSERT INTO CovidChinhThuc.dbo.CaNhan (ID, HoTen, NgaySinh, CMND, SinhNam, DiaChi, IDPhuongXa, IDQuanHuyen, SoKhaiSinh, NguoiTaoDL) VALUES ('2ad7d45b-ca0e-4587-b5a0-60ca6330c410', N'Lương Thị Túc', '1944-01-01', '241269237', 1944, N'An Vinh 1', 101, 7, NULL, N'Nguyễn Đình Tạo');
INSERT INTO CovidChinhThuc.dbo.ThongTinHoTro (ID, IDNoiDung, IDDoiTuong, IDCaNhan, NguoiTaoDL) VALUES ('869d047d-3e16-425f-be4d-385202ba95ec', 6, NULL, '2ad7d45b-ca0e-4587-b5a0-60ca6330c410', N'Nguyễn Đình Tạo');
INSERT INTO CovidChinhThuc.dbo.ChiTiet_NguoiCoCong (ID_ThongTin, NguoiTaoDL) VALUES ('869d047d-3e16-425f-be4d-385202ba95ec', N'Nguyễn Đình Tạo');
-- row: [923]);
INSERT INTO CovidChinhThuc.dbo.CaNhan (ID, HoTen, NgaySinh, CMND, SinhNam, DiaChi, IDPhuongXa, IDQuanHuyen, SoKhaiSinh, NguoiTaoDL) VALUES ('842c219e-9ab8-426b-80a9-ceab887e2b3d', N'Lương Văn Hào', '1951-01-01', '210878178', 1951, N'An Vinh 2', 101, 7, NULL, N'Nguyễn Đình Tạo');
INSERT INTO CovidChinhThuc.dbo.ThongTinHoTro (ID, IDNoiDung, IDDoiTuong, IDCaNhan, NguoiTaoDL) VALUES ('2e9d0a36-9db5-4e3e-b9d8-1b3d7f6a5125', 6, 'EDE2F0CC-2376-438A-B5FB-FACD867E38EF', '842c219e-9ab8-426b-80a9-ceab887e2b3d', N'Nguyễn Đình Tạo');
INSERT INTO CovidChinhThuc.dbo.ChiTiet_NguoiCoCong (ID_ThongTin, NguoiTaoDL) VALUES ('2e9d0a36-9db5-4e3e-b9d8-1b3d7f6a5125', N'Nguyễn Đình Tạo');
-- row: [924]);
INSERT INTO CovidChinhThuc.dbo.CaNhan (ID, HoTen, NgaySinh, CMND, SinhNam, DiaChi, IDPhuongXa, IDQuanHuyen, SoKhaiSinh, NguoiTaoDL) VALUES ('fb6cc94e-e169-45e8-ab8b-d00906c7f38c', N'Lương Văn Phúc', '1926-01-01', '210878640', 1926, N'Nhơn thuận', 101, 7, NULL, N'Nguyễn Đình Tạo');
INSERT INTO CovidChinhThuc.dbo.ThongTinHoTro (ID, IDNoiDung, IDDoiTuong, IDCaNhan, NguoiTaoDL) VALUES ('7807f784-3c2e-46cc-a1b3-5f650e6459c3', 6, 'EDE2F0CC-2376-438A-B5FB-FACD867E38EF', 'fb6cc94e-e169-45e8-ab8b-d00906c7f38c', N'Nguyễn Đình Tạo');
INSERT INTO CovidChinhThuc.dbo.ChiTiet_NguoiCoCong (ID_ThongTin, NguoiTaoDL) VALUES ('7807f784-3c2e-46cc-a1b3-5f650e6459c3', N'Nguyễn Đình Tạo');
-- row: [925]);
INSERT INTO CovidChinhThuc.dbo.CaNhan (ID, HoTen, NgaySinh, CMND, SinhNam, DiaChi, IDPhuongXa, IDQuanHuyen, SoKhaiSinh, NguoiTaoDL) VALUES ('13a5801b-45e7-4a26-9f70-696c1ccb3e0f', N'Mạc Như Dân', '1943-01-01', '210848533', 1943, N'An Vinh 1', 101, 7, NULL, N'Nguyễn Đình Tạo');
INSERT INTO CovidChinhThuc.dbo.ThongTinHoTro (ID, IDNoiDung, IDDoiTuong, IDCaNhan, NguoiTaoDL) VALUES ('403693b2-610c-4153-a03f-e0828805ded8', 6, NULL, '13a5801b-45e7-4a26-9f70-696c1ccb3e0f', N'Nguyễn Đình Tạo');
INSERT INTO CovidChinhThuc.dbo.ChiTiet_NguoiCoCong (ID_ThongTin, NguoiTaoDL) VALUES ('403693b2-610c-4153-a03f-e0828805ded8', N'Nguyễn Đình Tạo');
-- row: [926]);
INSERT INTO CovidChinhThuc.dbo.CaNhan (ID, HoTen, NgaySinh, CMND, SinhNam, DiaChi, IDPhuongXa, IDQuanHuyen, SoKhaiSinh, NguoiTaoDL) VALUES ('fa10603a-580b-48d2-8a1f-4a8cf23acb02', N'Mai Thị Lan', '1954-01-01', '210936687', 1954, N'An Vinh 1', 101, 7, NULL, N'Nguyễn Đình Tạo');
INSERT INTO CovidChinhThuc.dbo.ThongTinHoTro (ID, IDNoiDung, IDDoiTuong, IDCaNhan, NguoiTaoDL) VALUES ('ee172a19-5954-4e4c-b992-d0a111d3557e', 6, 'EDE2F0CC-2376-438A-B5FB-FACD867E38EF', 'fa10603a-580b-48d2-8a1f-4a8cf23acb02', N'Nguyễn Đình Tạo');
INSERT INTO CovidChinhThuc.dbo.ChiTiet_NguoiCoCong (ID_ThongTin, NguoiTaoDL) VALUES ('ee172a19-5954-4e4c-b992-d0a111d3557e', N'Nguyễn Đình Tạo');
-- row: [927]);
INSERT INTO CovidChinhThuc.dbo.CaNhan (ID, HoTen, NgaySinh, CMND, SinhNam, DiaChi, IDPhuongXa, IDQuanHuyen, SoKhaiSinh, NguoiTaoDL) VALUES ('be0231fd-455e-4ff5-9704-ae3305fd429b', N'Ngô Thị Bất', '1947-06-01', '210878614', 1947, N'An Vinh 1', 101, 7, NULL, N'Nguyễn Đình Tạo');
INSERT INTO CovidChinhThuc.dbo.ThongTinHoTro (ID, IDNoiDung, IDDoiTuong, IDCaNhan, NguoiTaoDL) VALUES ('8e2f6151-0796-4ec3-be8c-a82a5ef0b27e', 6, 'EDE2F0CC-2376-438A-B5FB-FACD867E38EF', 'be0231fd-455e-4ff5-9704-ae3305fd429b', N'Nguyễn Đình Tạo');
INSERT INTO CovidChinhThuc.dbo.ChiTiet_NguoiCoCong (ID_ThongTin, NguoiTaoDL) VALUES ('8e2f6151-0796-4ec3-be8c-a82a5ef0b27e', N'Nguyễn Đình Tạo');
-- row: [928]);
INSERT INTO CovidChinhThuc.dbo.CaNhan (ID, HoTen, NgaySinh, CMND, SinhNam, DiaChi, IDPhuongXa, IDQuanHuyen, SoKhaiSinh, NguoiTaoDL) VALUES ('76e25ff8-1d4b-4138-9a52-d6b3636faff2', N'Nguyễn Công Hòa', '1952-01-01', '210878100', 1952, N'An Vinh 2', 101, 7, NULL, N'Nguyễn Đình Tạo');
INSERT INTO CovidChinhThuc.dbo.ThongTinHoTro (ID, IDNoiDung, IDDoiTuong, IDCaNhan, NguoiTaoDL) VALUES ('485a594b-e28a-472b-a43f-25560d66144a', 6, '78AC3F79-5C50-4ACB-B626-E51ED3D4E8E5', '76e25ff8-1d4b-4138-9a52-d6b3636faff2', N'Nguyễn Đình Tạo');
INSERT INTO CovidChinhThuc.dbo.ChiTiet_NguoiCoCong (ID_ThongTin, NguoiTaoDL) VALUES ('485a594b-e28a-472b-a43f-25560d66144a', N'Nguyễn Đình Tạo');
-- row: [929]);
INSERT INTO CovidChinhThuc.dbo.CaNhan (ID, HoTen, NgaySinh, CMND, SinhNam, DiaChi, IDPhuongXa, IDQuanHuyen, SoKhaiSinh, NguoiTaoDL) VALUES ('c9092d64-ef1d-4c92-b0df-ff318a2010ae', N'Nguyễn Đại', '1917-01-01', '210877830', 1917, N'An Vinh 1', 101, 7, NULL, N'Nguyễn Đình Tạo');
INSERT INTO CovidChinhThuc.dbo.ThongTinHoTro (ID, IDNoiDung, IDDoiTuong, IDCaNhan, NguoiTaoDL) VALUES ('bc68c59a-b51f-4e05-85e5-cff815a25b63', 6, '3A65F299-2EFA-4982-BF70-81D7B5024935', 'c9092d64-ef1d-4c92-b0df-ff318a2010ae', N'Nguyễn Đình Tạo');
INSERT INTO CovidChinhThuc.dbo.ChiTiet_NguoiCoCong (ID_ThongTin, NguoiTaoDL) VALUES ('bc68c59a-b51f-4e05-85e5-cff815a25b63', N'Nguyễn Đình Tạo');
-- row: [930]);
INSERT INTO CovidChinhThuc.dbo.CaNhan (ID, HoTen, NgaySinh, CMND, SinhNam, DiaChi, IDPhuongXa, IDQuanHuyen, SoKhaiSinh, NguoiTaoDL) VALUES ('69828b30-41f6-44a1-8b6d-a0b5bcfcdfe5', N'Nguyễn Đình Danh', '1960-01-01', '210034779', 1960, N'An Vinh 1', 101, 7, NULL, N'Nguyễn Đình Tạo');
INSERT INTO CovidChinhThuc.dbo.ThongTinHoTro (ID, IDNoiDung, IDDoiTuong, IDCaNhan, NguoiTaoDL) VALUES ('e49a20ef-8a1e-40a1-8ed7-509533d267da', 6, 'EDE2F0CC-2376-438A-B5FB-FACD867E38EF', '69828b30-41f6-44a1-8b6d-a0b5bcfcdfe5', N'Nguyễn Đình Tạo');
INSERT INTO CovidChinhThuc.dbo.ChiTiet_NguoiCoCong (ID_ThongTin, NguoiTaoDL) VALUES ('e49a20ef-8a1e-40a1-8ed7-509533d267da', N'Nguyễn Đình Tạo');
-- row: [931]);
INSERT INTO CovidChinhThuc.dbo.CaNhan (ID, HoTen, NgaySinh, CMND, SinhNam, DiaChi, IDPhuongXa, IDQuanHuyen, SoKhaiSinh, NguoiTaoDL) VALUES ('feee8894-4dca-46c0-8486-dd0d68630212', N'Nguyễn Đức Hải', '1935-01-01', '210878244', 1935, N'An Vinh 2', 101, 7, NULL, N'Nguyễn Đình Tạo');
INSERT INTO CovidChinhThuc.dbo.ThongTinHoTro (ID, IDNoiDung, IDDoiTuong, IDCaNhan, NguoiTaoDL) VALUES ('2eb32656-ff1a-4f1f-a594-080881f07239', 6, 'EDE2F0CC-2376-438A-B5FB-FACD867E38EF', 'feee8894-4dca-46c0-8486-dd0d68630212', N'Nguyễn Đình Tạo');
INSERT INTO CovidChinhThuc.dbo.ChiTiet_NguoiCoCong (ID_ThongTin, NguoiTaoDL) VALUES ('2eb32656-ff1a-4f1f-a594-080881f07239', N'Nguyễn Đình Tạo');
-- row: [932]);
INSERT INTO CovidChinhThuc.dbo.CaNhan (ID, HoTen, NgaySinh, CMND, SinhNam, DiaChi, IDPhuongXa, IDQuanHuyen, SoKhaiSinh, NguoiTaoDL) VALUES ('0754a2a3-6f12-473b-9e5c-3297e2da7c01', N'Nguyễn Đức Thanh', '1956-01-01', '210936747', 1956, N'An Vinh 1', 101, 7, NULL, N'Nguyễn Đình Tạo');
INSERT INTO CovidChinhThuc.dbo.ThongTinHoTro (ID, IDNoiDung, IDDoiTuong, IDCaNhan, NguoiTaoDL) VALUES ('b45e3be4-5acc-4d93-b4d2-8f49e5a93908', 6, 'EDE2F0CC-2376-438A-B5FB-FACD867E38EF', '0754a2a3-6f12-473b-9e5c-3297e2da7c01', N'Nguyễn Đình Tạo');
INSERT INTO CovidChinhThuc.dbo.ChiTiet_NguoiCoCong (ID_ThongTin, NguoiTaoDL) VALUES ('b45e3be4-5acc-4d93-b4d2-8f49e5a93908', N'Nguyễn Đình Tạo');
-- row: [933]);
INSERT INTO CovidChinhThuc.dbo.CaNhan (ID, HoTen, NgaySinh, CMND, SinhNam, DiaChi, IDPhuongXa, IDQuanHuyen, SoKhaiSinh, NguoiTaoDL) VALUES ('e0a46894-fdac-43cb-9e8f-dd95691eac12', N'Nguyễn Hà Thanh', '1935-01-01', '210879470', 1935, N'Nhơn thuận', 101, 7, NULL, N'Nguyễn Đình Tạo');
INSERT INTO CovidChinhThuc.dbo.ThongTinHoTro (ID, IDNoiDung, IDDoiTuong, IDCaNhan, NguoiTaoDL) VALUES ('112bf91d-5f3d-4c46-89d3-88cc6f0a1f03', 6, '78AC3F79-5C50-4ACB-B626-E51ED3D4E8E5', 'e0a46894-fdac-43cb-9e8f-dd95691eac12', N'Nguyễn Đình Tạo');
INSERT INTO CovidChinhThuc.dbo.ChiTiet_NguoiCoCong (ID_ThongTin, NguoiTaoDL) VALUES ('112bf91d-5f3d-4c46-89d3-88cc6f0a1f03', N'Nguyễn Đình Tạo');
-- row: [934]);
INSERT INTO CovidChinhThuc.dbo.CaNhan (ID, HoTen, NgaySinh, CMND, SinhNam, DiaChi, IDPhuongXa, IDQuanHuyen, SoKhaiSinh, NguoiTaoDL) VALUES ('0b50be21-102b-4ba0-938d-dae90b021bb3', N'Nguyễn Hữu Lợi', '1958-01-01', '211671556', 1958, N'Bính Đức', 101, 7, NULL, N'Nguyễn Đình Tạo');
INSERT INTO CovidChinhThuc.dbo.ThongTinHoTro (ID, IDNoiDung, IDDoiTuong, IDCaNhan, NguoiTaoDL) VALUES ('26ace94d-0276-4867-a122-3ada7446f4cf', 6, 'EDE2F0CC-2376-438A-B5FB-FACD867E38EF', '0b50be21-102b-4ba0-938d-dae90b021bb3', N'Nguyễn Đình Tạo');
INSERT INTO CovidChinhThuc.dbo.ChiTiet_NguoiCoCong (ID_ThongTin, NguoiTaoDL) VALUES ('26ace94d-0276-4867-a122-3ada7446f4cf', N'Nguyễn Đình Tạo');
-- row: [935]);
INSERT INTO CovidChinhThuc.dbo.CaNhan (ID, HoTen, NgaySinh, CMND, SinhNam, DiaChi, IDPhuongXa, IDQuanHuyen, SoKhaiSinh, NguoiTaoDL) VALUES ('300dc97d-cda3-4676-80af-5ee95c5a349b', N'Nguyễn Hữu Tài', '1946-01-01', '210877832', 1946, N'An Vinh 1', 101, 7, NULL, N'Nguyễn Đình Tạo');
INSERT INTO CovidChinhThuc.dbo.ThongTinHoTro (ID, IDNoiDung, IDDoiTuong, IDCaNhan, NguoiTaoDL) VALUES ('5eaf9be4-496b-41c0-b35a-9642abf994dc', 6, 'EDE2F0CC-2376-438A-B5FB-FACD867E38EF', '300dc97d-cda3-4676-80af-5ee95c5a349b', N'Nguyễn Đình Tạo');
INSERT INTO CovidChinhThuc.dbo.ChiTiet_NguoiCoCong (ID_ThongTin, NguoiTaoDL) VALUES ('5eaf9be4-496b-41c0-b35a-9642abf994dc', N'Nguyễn Đình Tạo');
-- row: [936]);
INSERT INTO CovidChinhThuc.dbo.CaNhan (ID, HoTen, NgaySinh, CMND, SinhNam, DiaChi, IDPhuongXa, IDQuanHuyen, SoKhaiSinh, NguoiTaoDL) VALUES ('d23beb22-897e-492c-8143-067e064b51dd', N'Nguyễn Kim Ngọc', '1946-01-01', '210032313', 1946, N'An Vinh 2', 101, 7, NULL, N'Nguyễn Đình Tạo');
INSERT INTO CovidChinhThuc.dbo.ThongTinHoTro (ID, IDNoiDung, IDDoiTuong, IDCaNhan, NguoiTaoDL) VALUES ('41d4ccc8-8ce2-4c6d-89bc-c55a15c8cc65', 6, 'EDE2F0CC-2376-438A-B5FB-FACD867E38EF', 'd23beb22-897e-492c-8143-067e064b51dd', N'Nguyễn Đình Tạo');
INSERT INTO CovidChinhThuc.dbo.ChiTiet_NguoiCoCong (ID_ThongTin, NguoiTaoDL) VALUES ('41d4ccc8-8ce2-4c6d-89bc-c55a15c8cc65', N'Nguyễn Đình Tạo');
-- row: [937]);
INSERT INTO CovidChinhThuc.dbo.CaNhan (ID, HoTen, NgaySinh, CMND, SinhNam, DiaChi, IDPhuongXa, IDQuanHuyen, SoKhaiSinh, NguoiTaoDL) VALUES ('58585ea3-2a31-4035-9fb2-3dc36305c27c', N'Nguyễn Minh Cảnh', '1950-01-01', '210878222', 1950, N'An Vinh 2', 101, 7, NULL, N'Nguyễn Đình Tạo');
INSERT INTO CovidChinhThuc.dbo.ThongTinHoTro (ID, IDNoiDung, IDDoiTuong, IDCaNhan, NguoiTaoDL) VALUES ('f52671af-aa10-485c-a9c7-1a3fb23d9905', 6, 'EDE2F0CC-2376-438A-B5FB-FACD867E38EF', '58585ea3-2a31-4035-9fb2-3dc36305c27c', N'Nguyễn Đình Tạo');
INSERT INTO CovidChinhThuc.dbo.ChiTiet_NguoiCoCong (ID_ThongTin, NguoiTaoDL) VALUES ('f52671af-aa10-485c-a9c7-1a3fb23d9905', N'Nguyễn Đình Tạo');
-- row: [938]);
INSERT INTO CovidChinhThuc.dbo.CaNhan (ID, HoTen, NgaySinh, CMND, SinhNam, DiaChi, IDPhuongXa, IDQuanHuyen, SoKhaiSinh, NguoiTaoDL) VALUES ('4e1f447f-264f-4e61-a019-71af22056fca', N'Nguyễn Minh Chính', '1955-01-01', '211052488', 1955, N'An Vinh 1', 101, 7, NULL, N'Nguyễn Đình Tạo');
INSERT INTO CovidChinhThuc.dbo.ThongTinHoTro (ID, IDNoiDung, IDDoiTuong, IDCaNhan, NguoiTaoDL) VALUES ('0a1bf070-6945-47cd-bc6a-0efae00649c2', 6, 'EDE2F0CC-2376-438A-B5FB-FACD867E38EF', '4e1f447f-264f-4e61-a019-71af22056fca', N'Nguyễn Đình Tạo');
INSERT INTO CovidChinhThuc.dbo.ChiTiet_NguoiCoCong (ID_ThongTin, NguoiTaoDL) VALUES ('0a1bf070-6945-47cd-bc6a-0efae00649c2', N'Nguyễn Đình Tạo');
-- row: [939]);
INSERT INTO CovidChinhThuc.dbo.CaNhan (ID, HoTen, NgaySinh, CMND, SinhNam, DiaChi, IDPhuongXa, IDQuanHuyen, SoKhaiSinh, NguoiTaoDL) VALUES ('80ae1e26-f23b-4ba4-b311-531bd3ca6bf2', N'Nguyễn Minh Dũng', '1951-01-01', '210005612', 1951, N'An Vinh 1', 101, 7, NULL, N'Nguyễn Đình Tạo');
INSERT INTO CovidChinhThuc.dbo.ThongTinHoTro (ID, IDNoiDung, IDDoiTuong, IDCaNhan, NguoiTaoDL) VALUES ('85916211-1aed-4822-bcd1-beb52cead9aa', 6, 'EDE2F0CC-2376-438A-B5FB-FACD867E38EF', '80ae1e26-f23b-4ba4-b311-531bd3ca6bf2', N'Nguyễn Đình Tạo');
INSERT INTO CovidChinhThuc.dbo.ChiTiet_NguoiCoCong (ID_ThongTin, NguoiTaoDL) VALUES ('85916211-1aed-4822-bcd1-beb52cead9aa', N'Nguyễn Đình Tạo');
-- row: [940]);
INSERT INTO CovidChinhThuc.dbo.CaNhan (ID, HoTen, NgaySinh, CMND, SinhNam, DiaChi, IDPhuongXa, IDQuanHuyen, SoKhaiSinh, NguoiTaoDL) VALUES ('27c12921-6083-4540-b22b-d6aeb0720005', N'Nguyễn Ngọc Cảnh', '1931-01-01', '210878079', 1931, N'An Vinh 2', 101, 7, NULL, N'Nguyễn Đình Tạo');
INSERT INTO CovidChinhThuc.dbo.ThongTinHoTro (ID, IDNoiDung, IDDoiTuong, IDCaNhan, NguoiTaoDL) VALUES ('2985d299-5c15-40f7-9e31-9640699bd338', 6, 'EDE2F0CC-2376-438A-B5FB-FACD867E38EF', '27c12921-6083-4540-b22b-d6aeb0720005', N'Nguyễn Đình Tạo');
INSERT INTO CovidChinhThuc.dbo.ChiTiet_NguoiCoCong (ID_ThongTin, NguoiTaoDL) VALUES ('2985d299-5c15-40f7-9e31-9640699bd338', N'Nguyễn Đình Tạo');
-- row: [941]);
INSERT INTO CovidChinhThuc.dbo.CaNhan (ID, HoTen, NgaySinh, CMND, SinhNam, DiaChi, IDPhuongXa, IDQuanHuyen, SoKhaiSinh, NguoiTaoDL) VALUES ('0cfa6501-31e1-41bc-8d8e-5faed2b83f9b', N'Nguyễn Ngọc Quang', '1954-01-01', '210877846', 1954, N'An Vinh 1', 101, 7, NULL, N'Nguyễn Đình Tạo');
INSERT INTO CovidChinhThuc.dbo.ThongTinHoTro (ID, IDNoiDung, IDDoiTuong, IDCaNhan, NguoiTaoDL) VALUES ('cb5274f6-56aa-410b-b783-cdfc97130dea', 6, 'EDE2F0CC-2376-438A-B5FB-FACD867E38EF', '0cfa6501-31e1-41bc-8d8e-5faed2b83f9b', N'Nguyễn Đình Tạo');
INSERT INTO CovidChinhThuc.dbo.ChiTiet_NguoiCoCong (ID_ThongTin, NguoiTaoDL) VALUES ('cb5274f6-56aa-410b-b783-cdfc97130dea', N'Nguyễn Đình Tạo');
-- row: [942]);
INSERT INTO CovidChinhThuc.dbo.CaNhan (ID, HoTen, NgaySinh, CMND, SinhNam, DiaChi, IDPhuongXa, IDQuanHuyen, SoKhaiSinh, NguoiTaoDL) VALUES ('f786639e-4292-48e0-bdc3-088a04056339', N'Nguyễn Ngọc Thành', '1950-01-01', '210879237', 1950, N'Nhơn thuận', 101, 7, NULL, N'Nguyễn Đình Tạo');
INSERT INTO CovidChinhThuc.dbo.ThongTinHoTro (ID, IDNoiDung, IDDoiTuong, IDCaNhan, NguoiTaoDL) VALUES ('b8cf28af-f906-4e5b-9aae-98b13fc0b42e', 6, 'EDE2F0CC-2376-438A-B5FB-FACD867E38EF', 'f786639e-4292-48e0-bdc3-088a04056339', N'Nguyễn Đình Tạo');
INSERT INTO CovidChinhThuc.dbo.ChiTiet_NguoiCoCong (ID_ThongTin, NguoiTaoDL) VALUES ('b8cf28af-f906-4e5b-9aae-98b13fc0b42e', N'Nguyễn Đình Tạo');
-- row: [943]);
INSERT INTO CovidChinhThuc.dbo.CaNhan (ID, HoTen, NgaySinh, CMND, SinhNam, DiaChi, IDPhuongXa, IDQuanHuyen, SoKhaiSinh, NguoiTaoDL) VALUES ('dac96afb-0333-41f5-a25b-16904e208031', N'Nguyễn Ngọc Tư', '1955-01-01', '210877953', 1955, N'An Vinh 1', 101, 7, NULL, N'Nguyễn Đình Tạo');
INSERT INTO CovidChinhThuc.dbo.ThongTinHoTro (ID, IDNoiDung, IDDoiTuong, IDCaNhan, NguoiTaoDL) VALUES ('d0f5f450-306b-4e8a-8ad6-11dee1278aa9', 6, 'EDE2F0CC-2376-438A-B5FB-FACD867E38EF', 'dac96afb-0333-41f5-a25b-16904e208031', N'Nguyễn Đình Tạo');
INSERT INTO CovidChinhThuc.dbo.ChiTiet_NguoiCoCong (ID_ThongTin, NguoiTaoDL) VALUES ('d0f5f450-306b-4e8a-8ad6-11dee1278aa9', N'Nguyễn Đình Tạo');
-- row: [944]);
INSERT INTO CovidChinhThuc.dbo.CaNhan (ID, HoTen, NgaySinh, CMND, SinhNam, DiaChi, IDPhuongXa, IDQuanHuyen, SoKhaiSinh, NguoiTaoDL) VALUES ('346a3c4b-88d3-4d62-8789-910898c9effd', N'Nguyễn Tấn Hiến', NULL, '211052405', NULL, N'Bính Đức', 101, 7, NULL, N'Nguyễn Đình Tạo');
INSERT INTO CovidChinhThuc.dbo.ThongTinHoTro (ID, IDNoiDung, IDDoiTuong, IDCaNhan, NguoiTaoDL) VALUES ('01cfa34a-9844-44b3-a309-ef0d8c43ebfd', 6, 'EDE2F0CC-2376-438A-B5FB-FACD867E38EF', '346a3c4b-88d3-4d62-8789-910898c9effd', N'Nguyễn Đình Tạo');
INSERT INTO CovidChinhThuc.dbo.ChiTiet_NguoiCoCong (ID_ThongTin, NguoiTaoDL) VALUES ('01cfa34a-9844-44b3-a309-ef0d8c43ebfd', N'Nguyễn Đình Tạo');
-- row: [945]);
INSERT INTO CovidChinhThuc.dbo.CaNhan (ID, HoTen, NgaySinh, CMND, SinhNam, DiaChi, IDPhuongXa, IDQuanHuyen, SoKhaiSinh, NguoiTaoDL) VALUES ('cf3f94ac-c9e1-4232-9e3a-5e7ffe9cca76', N'Nguyễn Tấn Lân', '1957-01-01', '211052352', 1957, N'An Vinh 1', 101, 7, NULL, N'Nguyễn Đình Tạo');
INSERT INTO CovidChinhThuc.dbo.ThongTinHoTro (ID, IDNoiDung, IDDoiTuong, IDCaNhan, NguoiTaoDL) VALUES ('d67af1ba-5e0e-4182-9b4d-938705082523', 6, 'EDE2F0CC-2376-438A-B5FB-FACD867E38EF', 'cf3f94ac-c9e1-4232-9e3a-5e7ffe9cca76', N'Nguyễn Đình Tạo');
INSERT INTO CovidChinhThuc.dbo.ChiTiet_NguoiCoCong (ID_ThongTin, NguoiTaoDL) VALUES ('d67af1ba-5e0e-4182-9b4d-938705082523', N'Nguyễn Đình Tạo');
-- row: [946]);
INSERT INTO CovidChinhThuc.dbo.CaNhan (ID, HoTen, NgaySinh, CMND, SinhNam, DiaChi, IDPhuongXa, IDQuanHuyen, SoKhaiSinh, NguoiTaoDL) VALUES ('7b8a26d2-b28c-472a-bf84-a2a13ba801f0', N'Nguyễn Thanh Bình', '1953-01-01', '210877285', 1953, N'An Vinh 1', 101, 7, NULL, N'Nguyễn Đình Tạo');
INSERT INTO CovidChinhThuc.dbo.ThongTinHoTro (ID, IDNoiDung, IDDoiTuong, IDCaNhan, NguoiTaoDL) VALUES ('6d1a32a6-bdcc-4192-abbd-5612b4266e21', 6, 'EDE2F0CC-2376-438A-B5FB-FACD867E38EF', '7b8a26d2-b28c-472a-bf84-a2a13ba801f0', N'Nguyễn Đình Tạo');
INSERT INTO CovidChinhThuc.dbo.ChiTiet_NguoiCoCong (ID_ThongTin, NguoiTaoDL) VALUES ('6d1a32a6-bdcc-4192-abbd-5612b4266e21', N'Nguyễn Đình Tạo');
-- row: [947]);
INSERT INTO CovidChinhThuc.dbo.CaNhan (ID, HoTen, NgaySinh, CMND, SinhNam, DiaChi, IDPhuongXa, IDQuanHuyen, SoKhaiSinh, NguoiTaoDL) VALUES ('de9a4149-64d5-4ecd-8e41-2168ccfd6f2f', N'Nguyễn Thành Chung', '1951-01-01', '210878205', 1951, N'An Vinh 2', 101, 7, NULL, N'Nguyễn Đình Tạo');
INSERT INTO CovidChinhThuc.dbo.ThongTinHoTro (ID, IDNoiDung, IDDoiTuong, IDCaNhan, NguoiTaoDL) VALUES ('a237bcd5-a8ec-4265-a199-0dd5aa23af6c', 6, 'EDE2F0CC-2376-438A-B5FB-FACD867E38EF', 'de9a4149-64d5-4ecd-8e41-2168ccfd6f2f', N'Nguyễn Đình Tạo');
INSERT INTO CovidChinhThuc.dbo.ChiTiet_NguoiCoCong (ID_ThongTin, NguoiTaoDL) VALUES ('a237bcd5-a8ec-4265-a199-0dd5aa23af6c', N'Nguyễn Đình Tạo');
-- row: [948]);
INSERT INTO CovidChinhThuc.dbo.CaNhan (ID, HoTen, NgaySinh, CMND, SinhNam, DiaChi, IDPhuongXa, IDQuanHuyen, SoKhaiSinh, NguoiTaoDL) VALUES ('f646be86-0d93-4daa-905f-781d24960d95', N'Nguyễn Thanh Dương', '1938-01-01', '210729322', 1938, N'Bính Đức', 101, 7, NULL, N'Nguyễn Đình Tạo');
INSERT INTO CovidChinhThuc.dbo.ThongTinHoTro (ID, IDNoiDung, IDDoiTuong, IDCaNhan, NguoiTaoDL) VALUES ('d2fb7958-176a-470a-b36c-45d3bd1a650d', 6, '78AC3F79-5C50-4ACB-B626-E51ED3D4E8E5', 'f646be86-0d93-4daa-905f-781d24960d95', N'Nguyễn Đình Tạo');
INSERT INTO CovidChinhThuc.dbo.ChiTiet_NguoiCoCong (ID_ThongTin, NguoiTaoDL) VALUES ('d2fb7958-176a-470a-b36c-45d3bd1a650d', N'Nguyễn Đình Tạo');
-- row: [949]);
INSERT INTO CovidChinhThuc.dbo.CaNhan (ID, HoTen, NgaySinh, CMND, SinhNam, DiaChi, IDPhuongXa, IDQuanHuyen, SoKhaiSinh, NguoiTaoDL) VALUES ('cab0c440-64cc-401c-a8b9-2670f78e1820', N'Nguyễn Thanh Hoang', '1999-01-01', '215470311', 1999, N'Nhơn thuận', 101, 7, NULL, N'Nguyễn Đình Tạo');
INSERT INTO CovidChinhThuc.dbo.ThongTinHoTro (ID, IDNoiDung, IDDoiTuong, IDCaNhan, NguoiTaoDL) VALUES ('cd3d3f12-d90c-48b8-98f8-ef76c41630c3', 6, 'E4E24DC6-98AE-4685-985D-47C0B48DD6FD', 'cab0c440-64cc-401c-a8b9-2670f78e1820', N'Nguyễn Đình Tạo');
INSERT INTO CovidChinhThuc.dbo.ChiTiet_NguoiCoCong (ID_ThongTin, NguoiTaoDL) VALUES ('cd3d3f12-d90c-48b8-98f8-ef76c41630c3', N'Nguyễn Đình Tạo');
-- row: [950]);
INSERT INTO CovidChinhThuc.dbo.CaNhan (ID, HoTen, NgaySinh, CMND, SinhNam, DiaChi, IDPhuongXa, IDQuanHuyen, SoKhaiSinh, NguoiTaoDL) VALUES ('1e7819e8-4016-47ef-a70c-3b9d67302785', N'Nguyễn Thanh Hùng', '1948-01-01', '211705027', 1948, N'Nhơn thuận', 101, 7, NULL, N'Nguyễn Đình Tạo');
INSERT INTO CovidChinhThuc.dbo.ThongTinHoTro (ID, IDNoiDung, IDDoiTuong, IDCaNhan, NguoiTaoDL) VALUES ('845d6c0d-dd4b-4935-afc6-a5cd9fda1c2b', 6, 'EDE2F0CC-2376-438A-B5FB-FACD867E38EF', '1e7819e8-4016-47ef-a70c-3b9d67302785', N'Nguyễn Đình Tạo');
INSERT INTO CovidChinhThuc.dbo.ChiTiet_NguoiCoCong (ID_ThongTin, NguoiTaoDL) VALUES ('845d6c0d-dd4b-4935-afc6-a5cd9fda1c2b', N'Nguyễn Đình Tạo');
-- row: [951]);
INSERT INTO CovidChinhThuc.dbo.CaNhan (ID, HoTen, NgaySinh, CMND, SinhNam, DiaChi, IDPhuongXa, IDQuanHuyen, SoKhaiSinh, NguoiTaoDL) VALUES ('a260edc5-2739-4a24-bb1a-618b6bdb9d9f', N'Nguyễn Thành Sơn', '1955-01-01', '211015200', 1955, N'An Vinh 1', 101, 7, NULL, N'Nguyễn Đình Tạo');
INSERT INTO CovidChinhThuc.dbo.ThongTinHoTro (ID, IDNoiDung, IDDoiTuong, IDCaNhan, NguoiTaoDL) VALUES ('fdda2a36-d3ae-4ba9-877f-154f27607046', 6, 'EDE2F0CC-2376-438A-B5FB-FACD867E38EF', 'a260edc5-2739-4a24-bb1a-618b6bdb9d9f', N'Nguyễn Đình Tạo');
INSERT INTO CovidChinhThuc.dbo.ChiTiet_NguoiCoCong (ID_ThongTin, NguoiTaoDL) VALUES ('fdda2a36-d3ae-4ba9-877f-154f27607046', N'Nguyễn Đình Tạo');
-- row: [952]);
INSERT INTO CovidChinhThuc.dbo.CaNhan (ID, HoTen, NgaySinh, CMND, SinhNam, DiaChi, IDPhuongXa, IDQuanHuyen, SoKhaiSinh, NguoiTaoDL) VALUES ('cdbe65c6-80cd-4482-8ccc-c75b94b6d596', N'Nguyễn Thanh Tuấn', '1952-01-01', '211015292', 1952, N'Nhơn thuận', 101, 7, NULL, N'Nguyễn Đình Tạo');
INSERT INTO CovidChinhThuc.dbo.ThongTinHoTro (ID, IDNoiDung, IDDoiTuong, IDCaNhan, NguoiTaoDL) VALUES ('6d8e78b6-ab9b-4c5a-90f8-1a30dae3f996', 6, 'EDE2F0CC-2376-438A-B5FB-FACD867E38EF', 'cdbe65c6-80cd-4482-8ccc-c75b94b6d596', N'Nguyễn Đình Tạo');
INSERT INTO CovidChinhThuc.dbo.ChiTiet_NguoiCoCong (ID_ThongTin, NguoiTaoDL) VALUES ('6d8e78b6-ab9b-4c5a-90f8-1a30dae3f996', N'Nguyễn Đình Tạo');
-- row: [953]);
INSERT INTO CovidChinhThuc.dbo.CaNhan (ID, HoTen, NgaySinh, CMND, SinhNam, DiaChi, IDPhuongXa, IDQuanHuyen, SoKhaiSinh, NguoiTaoDL) VALUES ('8c2f5ed9-12fb-487d-887c-b2cb5c5ae982', N'Nguyễn Thị Bảy', '1950-01-01', '210877582', 1950, N'An Vinh 1', 101, 7, NULL, N'Nguyễn Đình Tạo');
INSERT INTO CovidChinhThuc.dbo.ThongTinHoTro (ID, IDNoiDung, IDDoiTuong, IDCaNhan, NguoiTaoDL) VALUES ('ef4a73d8-fc0f-458f-b857-06a6c095fdf7', 6, 'EDE2F0CC-2376-438A-B5FB-FACD867E38EF', '8c2f5ed9-12fb-487d-887c-b2cb5c5ae982', N'Nguyễn Đình Tạo');
INSERT INTO CovidChinhThuc.dbo.ChiTiet_NguoiCoCong (ID_ThongTin, NguoiTaoDL) VALUES ('ef4a73d8-fc0f-458f-b857-06a6c095fdf7', N'Nguyễn Đình Tạo');
-- row: [954]);
INSERT INTO CovidChinhThuc.dbo.CaNhan (ID, HoTen, NgaySinh, CMND, SinhNam, DiaChi, IDPhuongXa, IDQuanHuyen, SoKhaiSinh, NguoiTaoDL) VALUES ('dca6bc7e-1a54-46bc-97ba-c94ee9f87e58', N'Nguyễn Thị Cảnh', '1932-01-01', '210729309', 1932, N'Bính Đức', 101, 7, NULL, N'Nguyễn Đình Tạo');
INSERT INTO CovidChinhThuc.dbo.ThongTinHoTro (ID, IDNoiDung, IDDoiTuong, IDCaNhan, NguoiTaoDL) VALUES ('f74920e7-4466-4d93-9e3d-eed426fe1c46', 6, '3A65F299-2EFA-4982-BF70-81D7B5024935', 'dca6bc7e-1a54-46bc-97ba-c94ee9f87e58', N'Nguyễn Đình Tạo');
INSERT INTO CovidChinhThuc.dbo.ChiTiet_NguoiCoCong (ID_ThongTin, NguoiTaoDL) VALUES ('f74920e7-4466-4d93-9e3d-eed426fe1c46', N'Nguyễn Đình Tạo');
-- row: [955]);
INSERT INTO CovidChinhThuc.dbo.CaNhan (ID, HoTen, NgaySinh, CMND, SinhNam, DiaChi, IDPhuongXa, IDQuanHuyen, SoKhaiSinh, NguoiTaoDL) VALUES ('3ba77e80-e4a9-443e-8efa-bca9e48be548', N'Nguyễn Thị Cảnh', '1930-01-01', '210878506', 1930, N'An Vinh 1', 101, 7, NULL, N'Nguyễn Đình Tạo');
INSERT INTO CovidChinhThuc.dbo.ThongTinHoTro (ID, IDNoiDung, IDDoiTuong, IDCaNhan, NguoiTaoDL) VALUES ('f76e9028-bb98-4546-8010-b6e5b4918961', 6, '3A65F299-2EFA-4982-BF70-81D7B5024935', '3ba77e80-e4a9-443e-8efa-bca9e48be548', N'Nguyễn Đình Tạo');
INSERT INTO CovidChinhThuc.dbo.ChiTiet_NguoiCoCong (ID_ThongTin, NguoiTaoDL) VALUES ('f76e9028-bb98-4546-8010-b6e5b4918961', N'Nguyễn Đình Tạo');
-- row: [956]);
INSERT INTO CovidChinhThuc.dbo.CaNhan (ID, HoTen, NgaySinh, CMND, SinhNam, DiaChi, IDPhuongXa, IDQuanHuyen, SoKhaiSinh, NguoiTaoDL) VALUES ('9560c5f6-4214-446e-b0ff-eb6c7f6a1376', N'Nguyễn Thị Chất', '1946-01-01', '210879699', 1946, N'Bính Đức', 101, 7, NULL, N'Nguyễn Đình Tạo');
INSERT INTO CovidChinhThuc.dbo.ThongTinHoTro (ID, IDNoiDung, IDDoiTuong, IDCaNhan, NguoiTaoDL) VALUES ('73a49854-9919-460e-88bb-7ec1e9869157', 6, NULL, '9560c5f6-4214-446e-b0ff-eb6c7f6a1376', N'Nguyễn Đình Tạo');
INSERT INTO CovidChinhThuc.dbo.ChiTiet_NguoiCoCong (ID_ThongTin, NguoiTaoDL) VALUES ('73a49854-9919-460e-88bb-7ec1e9869157', N'Nguyễn Đình Tạo');
-- row: [957]);
INSERT INTO CovidChinhThuc.dbo.CaNhan (ID, HoTen, NgaySinh, CMND, SinhNam, DiaChi, IDPhuongXa, IDQuanHuyen, SoKhaiSinh, NguoiTaoDL) VALUES ('1dd6ff32-2f8a-484c-8de2-b00133988ddc', N'Nguyễn Thị Cúc', '1936-01-01', '210878030', 1936, N'An Vinh 2', 101, 7, NULL, N'Nguyễn Đình Tạo');
INSERT INTO CovidChinhThuc.dbo.ThongTinHoTro (ID, IDNoiDung, IDDoiTuong, IDCaNhan, NguoiTaoDL) VALUES ('a4ad12f2-faa8-4831-a42c-05414e33be6d', 6, 'EDE2F0CC-2376-438A-B5FB-FACD867E38EF', '1dd6ff32-2f8a-484c-8de2-b00133988ddc', N'Nguyễn Đình Tạo');
INSERT INTO CovidChinhThuc.dbo.ChiTiet_NguoiCoCong (ID_ThongTin, NguoiTaoDL) VALUES ('a4ad12f2-faa8-4831-a42c-05414e33be6d', N'Nguyễn Đình Tạo');
-- row: [958]);
INSERT INTO CovidChinhThuc.dbo.CaNhan (ID, HoTen, NgaySinh, CMND, SinhNam, DiaChi, IDPhuongXa, IDQuanHuyen, SoKhaiSinh, NguoiTaoDL) VALUES ('d47ca8a9-56b5-4e26-8d8b-7e44f542791a', N'Nguyễn Thị Cúc', '1951-01-01', '210037804', 1951, N'An Vinh 1', 101, 7, NULL, N'Nguyễn Đình Tạo');
INSERT INTO CovidChinhThuc.dbo.ThongTinHoTro (ID, IDNoiDung, IDDoiTuong, IDCaNhan, NguoiTaoDL) VALUES ('63ee770d-4f2d-4d91-83e8-43b4901df49e', 6, 'EDE2F0CC-2376-438A-B5FB-FACD867E38EF', 'd47ca8a9-56b5-4e26-8d8b-7e44f542791a', N'Nguyễn Đình Tạo');
INSERT INTO CovidChinhThuc.dbo.ChiTiet_NguoiCoCong (ID_ThongTin, NguoiTaoDL) VALUES ('63ee770d-4f2d-4d91-83e8-43b4901df49e', N'Nguyễn Đình Tạo');
-- row: [959]);
INSERT INTO CovidChinhThuc.dbo.CaNhan (ID, HoTen, NgaySinh, CMND, SinhNam, DiaChi, IDPhuongXa, IDQuanHuyen, SoKhaiSinh, NguoiTaoDL) VALUES ('a128a42b-0541-40a4-b046-a71c29c42388', N'Nguyễn Thị Cúc', '1955-01-01', '210034839', 1955, N'Bính Đức', 101, 7, NULL, N'Nguyễn Đình Tạo');
INSERT INTO CovidChinhThuc.dbo.ThongTinHoTro (ID, IDNoiDung, IDDoiTuong, IDCaNhan, NguoiTaoDL) VALUES ('751d55c7-3804-4906-b5a7-ad9b7f227595', 6, 'EDE2F0CC-2376-438A-B5FB-FACD867E38EF', 'a128a42b-0541-40a4-b046-a71c29c42388', N'Nguyễn Đình Tạo');
INSERT INTO CovidChinhThuc.dbo.ChiTiet_NguoiCoCong (ID_ThongTin, NguoiTaoDL) VALUES ('751d55c7-3804-4906-b5a7-ad9b7f227595', N'Nguyễn Đình Tạo');
-- row: [960]);
INSERT INTO CovidChinhThuc.dbo.CaNhan (ID, HoTen, NgaySinh, CMND, SinhNam, DiaChi, IDPhuongXa, IDQuanHuyen, SoKhaiSinh, NguoiTaoDL) VALUES ('5d90d46a-0b89-44ce-a5cc-557c747cdc9c', N'Nguyễn Thị Đào', '1931-01-01', '210878233', 1931, N'An Vinh 2', 101, 7, NULL, N'Nguyễn Đình Tạo');
INSERT INTO CovidChinhThuc.dbo.ThongTinHoTro (ID, IDNoiDung, IDDoiTuong, IDCaNhan, NguoiTaoDL) VALUES ('5b50cd14-c064-4ed3-bee3-0dbd0ac34d22', 6, '3A65F299-2EFA-4982-BF70-81D7B5024935', '5d90d46a-0b89-44ce-a5cc-557c747cdc9c', N'Nguyễn Đình Tạo');
INSERT INTO CovidChinhThuc.dbo.ChiTiet_NguoiCoCong (ID_ThongTin, NguoiTaoDL) VALUES ('5b50cd14-c064-4ed3-bee3-0dbd0ac34d22', N'Nguyễn Đình Tạo');
-- row: [961]);
INSERT INTO CovidChinhThuc.dbo.CaNhan (ID, HoTen, NgaySinh, CMND, SinhNam, DiaChi, IDPhuongXa, IDQuanHuyen, SoKhaiSinh, NguoiTaoDL) VALUES ('e534d064-e64e-4ebf-bbe5-9a71b972e96d', N'Nguyễn Thị Đạt', '1954-06-01', '210936695', 1954, N'An Vinh 1', 101, 7, NULL, N'Nguyễn Đình Tạo');
INSERT INTO CovidChinhThuc.dbo.ThongTinHoTro (ID, IDNoiDung, IDDoiTuong, IDCaNhan, NguoiTaoDL) VALUES ('d8949109-3c8c-413e-84ad-3d1decbf356d', 6, '78AC3F79-5C50-4ACB-B626-E51ED3D4E8E5', 'e534d064-e64e-4ebf-bbe5-9a71b972e96d', N'Nguyễn Đình Tạo');
INSERT INTO CovidChinhThuc.dbo.ChiTiet_NguoiCoCong (ID_ThongTin, NguoiTaoDL) VALUES ('d8949109-3c8c-413e-84ad-3d1decbf356d', N'Nguyễn Đình Tạo');
-- row: [962]);
INSERT INTO CovidChinhThuc.dbo.CaNhan (ID, HoTen, NgaySinh, CMND, SinhNam, DiaChi, IDPhuongXa, IDQuanHuyen, SoKhaiSinh, NguoiTaoDL) VALUES ('babf7001-1b59-425c-b292-dd84b52a4d25', N'Nguyễn Thị Điểm', '1953-01-01', '210877717', 1953, N'An Vinh 2', 101, 7, NULL, N'Nguyễn Đình Tạo');
INSERT INTO CovidChinhThuc.dbo.ThongTinHoTro (ID, IDNoiDung, IDDoiTuong, IDCaNhan, NguoiTaoDL) VALUES ('09c17373-01c2-45fd-830d-c628bc33e622', 6, NULL, 'babf7001-1b59-425c-b292-dd84b52a4d25', N'Nguyễn Đình Tạo');
INSERT INTO CovidChinhThuc.dbo.ChiTiet_NguoiCoCong (ID_ThongTin, NguoiTaoDL) VALUES ('09c17373-01c2-45fd-830d-c628bc33e622', N'Nguyễn Đình Tạo');
-- row: [963]);
INSERT INTO CovidChinhThuc.dbo.CaNhan (ID, HoTen, NgaySinh, CMND, SinhNam, DiaChi, IDPhuongXa, IDQuanHuyen, SoKhaiSinh, NguoiTaoDL) VALUES ('bedfc8b1-25a7-4460-a3c2-ce533a988fc8', N'Nguyễn Thị Hỏi', '1941-01-01', '210729088', 1941, N'An Vinh 2', 101, 7, NULL, N'Nguyễn Đình Tạo');
INSERT INTO CovidChinhThuc.dbo.ThongTinHoTro (ID, IDNoiDung, IDDoiTuong, IDCaNhan, NguoiTaoDL) VALUES ('b9d7934d-8130-4625-aed7-b6bcbba4f7fd', 6, '3A65F299-2EFA-4982-BF70-81D7B5024935', 'bedfc8b1-25a7-4460-a3c2-ce533a988fc8', N'Nguyễn Đình Tạo');
INSERT INTO CovidChinhThuc.dbo.ChiTiet_NguoiCoCong (ID_ThongTin, NguoiTaoDL) VALUES ('b9d7934d-8130-4625-aed7-b6bcbba4f7fd', N'Nguyễn Đình Tạo');
-- row: [964]);
INSERT INTO CovidChinhThuc.dbo.CaNhan (ID, HoTen, NgaySinh, CMND, SinhNam, DiaChi, IDPhuongXa, IDQuanHuyen, SoKhaiSinh, NguoiTaoDL) VALUES ('058cbd71-000a-4267-811e-5c50b5adb64e', N'Nguyễn Thị Hồng', '1950-01-01', '210878298', 1950, N'An Vinh 2', 101, 7, NULL, N'Nguyễn Đình Tạo');
INSERT INTO CovidChinhThuc.dbo.ThongTinHoTro (ID, IDNoiDung, IDDoiTuong, IDCaNhan, NguoiTaoDL) VALUES ('17af79e5-6776-40e3-b4a4-82d63ea64c93', 6, '2DE801FE-8F9D-4CB2-A1C0-E61F4503CB74', '058cbd71-000a-4267-811e-5c50b5adb64e', N'Nguyễn Đình Tạo');
INSERT INTO CovidChinhThuc.dbo.ChiTiet_NguoiCoCong (ID_ThongTin, NguoiTaoDL) VALUES ('17af79e5-6776-40e3-b4a4-82d63ea64c93', N'Nguyễn Đình Tạo');
-- row: [965]);
INSERT INTO CovidChinhThuc.dbo.CaNhan (ID, HoTen, NgaySinh, CMND, SinhNam, DiaChi, IDPhuongXa, IDQuanHuyen, SoKhaiSinh, NguoiTaoDL) VALUES ('436c5496-64b8-45c5-a0af-45d6cdb0d1aa', N'Nguyễn Thị Hữu', '1956-01-01', '210878275', 1956, N'An Vinh 2', 101, 7, NULL, N'Nguyễn Đình Tạo');
INSERT INTO CovidChinhThuc.dbo.ThongTinHoTro (ID, IDNoiDung, IDDoiTuong, IDCaNhan, NguoiTaoDL) VALUES ('93b57faf-c497-46d6-b0f8-d825ff3028f2', 6, 'EDE2F0CC-2376-438A-B5FB-FACD867E38EF', '436c5496-64b8-45c5-a0af-45d6cdb0d1aa', N'Nguyễn Đình Tạo');
INSERT INTO CovidChinhThuc.dbo.ChiTiet_NguoiCoCong (ID_ThongTin, NguoiTaoDL) VALUES ('93b57faf-c497-46d6-b0f8-d825ff3028f2', N'Nguyễn Đình Tạo');
-- row: [966]);
INSERT INTO CovidChinhThuc.dbo.CaNhan (ID, HoTen, NgaySinh, CMND, SinhNam, DiaChi, IDPhuongXa, IDQuanHuyen, SoKhaiSinh, NguoiTaoDL) VALUES ('833ea09a-b052-4e75-a154-f3c88a0d8f0b', N'Nguyễn Thị Kỵ', '1930-01-01', '210878270', 1930, N'An Vinh 2', 101, 7, NULL, N'Nguyễn Đình Tạo');
INSERT INTO CovidChinhThuc.dbo.ThongTinHoTro (ID, IDNoiDung, IDDoiTuong, IDCaNhan, NguoiTaoDL) VALUES ('187a656c-d2cc-4a0c-af4b-a3e3ac20e8b1', 6, '17FAD857-895C-48FB-88C0-B4B95B567C34', '833ea09a-b052-4e75-a154-f3c88a0d8f0b', N'Nguyễn Đình Tạo');
INSERT INTO CovidChinhThuc.dbo.ChiTiet_NguoiCoCong (ID_ThongTin, NguoiTaoDL) VALUES ('187a656c-d2cc-4a0c-af4b-a3e3ac20e8b1', N'Nguyễn Đình Tạo');
-- row: [967]);
INSERT INTO CovidChinhThuc.dbo.CaNhan (ID, HoTen, NgaySinh, CMND, SinhNam, DiaChi, IDPhuongXa, IDQuanHuyen, SoKhaiSinh, NguoiTaoDL) VALUES ('15aa7218-8b5b-443b-871a-68502c9ad1e3', N'Nguyễn Thị Lại', '1928-01-01', '210877722', 1928, N'An Vinh 1', 101, 7, NULL, N'Nguyễn Đình Tạo');
INSERT INTO CovidChinhThuc.dbo.ThongTinHoTro (ID, IDNoiDung, IDDoiTuong, IDCaNhan, NguoiTaoDL) VALUES ('ecff0986-fdcf-4426-8409-c0be9844222f', 6, '2DE801FE-8F9D-4CB2-A1C0-E61F4503CB74', '15aa7218-8b5b-443b-871a-68502c9ad1e3', N'Nguyễn Đình Tạo');
INSERT INTO CovidChinhThuc.dbo.ChiTiet_NguoiCoCong (ID_ThongTin, NguoiTaoDL) VALUES ('ecff0986-fdcf-4426-8409-c0be9844222f', N'Nguyễn Đình Tạo');
-- row: [968]);
INSERT INTO CovidChinhThuc.dbo.CaNhan (ID, HoTen, NgaySinh, CMND, SinhNam, DiaChi, IDPhuongXa, IDQuanHuyen, SoKhaiSinh, NguoiTaoDL) VALUES ('66ffe229-3e26-4a43-9aee-80fcb299403e', N'Nguyễn Thị Lan', '1952-01-01', '215100869', 1952, N'Nhơn thuận', 101, 7, NULL, N'Nguyễn Đình Tạo');
INSERT INTO CovidChinhThuc.dbo.ThongTinHoTro (ID, IDNoiDung, IDDoiTuong, IDCaNhan, NguoiTaoDL) VALUES ('dc42d833-664b-4bdd-88fd-dd8503433241', 6, 'EDE2F0CC-2376-438A-B5FB-FACD867E38EF', '66ffe229-3e26-4a43-9aee-80fcb299403e', N'Nguyễn Đình Tạo');
INSERT INTO CovidChinhThuc.dbo.ChiTiet_NguoiCoCong (ID_ThongTin, NguoiTaoDL) VALUES ('dc42d833-664b-4bdd-88fd-dd8503433241', N'Nguyễn Đình Tạo');
-- row: [969]);
INSERT INTO CovidChinhThuc.dbo.CaNhan (ID, HoTen, NgaySinh, CMND, SinhNam, DiaChi, IDPhuongXa, IDQuanHuyen, SoKhaiSinh, NguoiTaoDL) VALUES ('566bc54b-253e-4c1f-9c75-f49d3dc55c64', N'Nguyễn Thị Lang', '1956-01-01', '210879695', 1956, N'Bính Đức', 101, 7, NULL, N'Nguyễn Đình Tạo');
INSERT INTO CovidChinhThuc.dbo.ThongTinHoTro (ID, IDNoiDung, IDDoiTuong, IDCaNhan, NguoiTaoDL) VALUES ('3a4fe332-7fa6-450e-b4ba-718863aedfa6', 6, 'EDE2F0CC-2376-438A-B5FB-FACD867E38EF', '566bc54b-253e-4c1f-9c75-f49d3dc55c64', N'Nguyễn Đình Tạo');
INSERT INTO CovidChinhThuc.dbo.ChiTiet_NguoiCoCong (ID_ThongTin, NguoiTaoDL) VALUES ('3a4fe332-7fa6-450e-b4ba-718863aedfa6', N'Nguyễn Đình Tạo');
-- row: [970]);
INSERT INTO CovidChinhThuc.dbo.CaNhan (ID, HoTen, NgaySinh, CMND, SinhNam, DiaChi, IDPhuongXa, IDQuanHuyen, SoKhaiSinh, NguoiTaoDL) VALUES ('e215f50d-5f61-4ec5-8aa2-a73e8fed0146', N'Nguyễn Thị Lãnh', '1948-01-01', '210936786', 1948, N'Nhơn thuận', 101, 7, NULL, N'Nguyễn Đình Tạo');
INSERT INTO CovidChinhThuc.dbo.ThongTinHoTro (ID, IDNoiDung, IDDoiTuong, IDCaNhan, NguoiTaoDL) VALUES ('c7700eb0-eb11-46de-badc-1154c669d069', 6, 'EDE2F0CC-2376-438A-B5FB-FACD867E38EF', 'e215f50d-5f61-4ec5-8aa2-a73e8fed0146', N'Nguyễn Đình Tạo');
INSERT INTO CovidChinhThuc.dbo.ChiTiet_NguoiCoCong (ID_ThongTin, NguoiTaoDL) VALUES ('c7700eb0-eb11-46de-badc-1154c669d069', N'Nguyễn Đình Tạo');
-- row: [971]);
INSERT INTO CovidChinhThuc.dbo.CaNhan (ID, HoTen, NgaySinh, CMND, SinhNam, DiaChi, IDPhuongXa, IDQuanHuyen, SoKhaiSinh, NguoiTaoDL) VALUES ('19bd6238-6d2e-4780-bc9f-e02a2359c83a', N'Nguyễn Thị Phước', '1927-01-01', '210877908', 1927, N'An Vinh 1', 101, 7, NULL, N'Nguyễn Đình Tạo');
INSERT INTO CovidChinhThuc.dbo.ThongTinHoTro (ID, IDNoiDung, IDDoiTuong, IDCaNhan, NguoiTaoDL) VALUES ('8fb4e250-200d-47c9-a6fe-4493f8259465', 6, 'EDE2F0CC-2376-438A-B5FB-FACD867E38EF', '19bd6238-6d2e-4780-bc9f-e02a2359c83a', N'Nguyễn Đình Tạo');
INSERT INTO CovidChinhThuc.dbo.ChiTiet_NguoiCoCong (ID_ThongTin, NguoiTaoDL) VALUES ('8fb4e250-200d-47c9-a6fe-4493f8259465', N'Nguyễn Đình Tạo');
-- row: [972]);
INSERT INTO CovidChinhThuc.dbo.CaNhan (ID, HoTen, NgaySinh, CMND, SinhNam, DiaChi, IDPhuongXa, IDQuanHuyen, SoKhaiSinh, NguoiTaoDL) VALUES ('ddbcfc50-0aaf-4f16-91ad-383d6784a79d', N'Nguyễn Thị Phượng', '1950-01-01', '210878854', 1950, N'Nhơn thuận', 101, 7, NULL, N'Nguyễn Đình Tạo');
INSERT INTO CovidChinhThuc.dbo.ThongTinHoTro (ID, IDNoiDung, IDDoiTuong, IDCaNhan, NguoiTaoDL) VALUES ('9ee0ec78-0e84-4a99-8dff-40d655a244d7', 6, 'EDE2F0CC-2376-438A-B5FB-FACD867E38EF', 'ddbcfc50-0aaf-4f16-91ad-383d6784a79d', N'Nguyễn Đình Tạo');
INSERT INTO CovidChinhThuc.dbo.ChiTiet_NguoiCoCong (ID_ThongTin, NguoiTaoDL) VALUES ('9ee0ec78-0e84-4a99-8dff-40d655a244d7', N'Nguyễn Đình Tạo');
-- row: [973]);
INSERT INTO CovidChinhThuc.dbo.CaNhan (ID, HoTen, NgaySinh, CMND, SinhNam, DiaChi, IDPhuongXa, IDQuanHuyen, SoKhaiSinh, NguoiTaoDL) VALUES ('b03ab4f0-ada1-4ce8-b3c2-113e650dbbb8', N'Nguyễn Thị Thanh Tuyển', '1957-01-01', '210660086', 1957, N'Nhơn thuận', 101, 7, NULL, N'Nguyễn Đình Tạo');
INSERT INTO CovidChinhThuc.dbo.ThongTinHoTro (ID, IDNoiDung, IDDoiTuong, IDCaNhan, NguoiTaoDL) VALUES ('50ed6770-f808-4a91-8ea3-400f1be170f4', 6, 'EDE2F0CC-2376-438A-B5FB-FACD867E38EF', 'b03ab4f0-ada1-4ce8-b3c2-113e650dbbb8', N'Nguyễn Đình Tạo');
INSERT INTO CovidChinhThuc.dbo.ChiTiet_NguoiCoCong (ID_ThongTin, NguoiTaoDL) VALUES ('50ed6770-f808-4a91-8ea3-400f1be170f4', N'Nguyễn Đình Tạo');
-- row: [974]);
INSERT INTO CovidChinhThuc.dbo.CaNhan (ID, HoTen, NgaySinh, CMND, SinhNam, DiaChi, IDPhuongXa, IDQuanHuyen, SoKhaiSinh, NguoiTaoDL) VALUES ('9c1baab0-c27c-46fa-ae4a-2230542676f7', N'Nguyễn Thị Xuân', '1917-01-01', '210879108', 1917, N'Nhơn thuận', 101, 7, NULL, N'Nguyễn Đình Tạo');
INSERT INTO CovidChinhThuc.dbo.ThongTinHoTro (ID, IDNoiDung, IDDoiTuong, IDCaNhan, NguoiTaoDL) VALUES ('31fe832e-3753-45d3-91c6-50eba8e44c9e', 6, 'EDE2F0CC-2376-438A-B5FB-FACD867E38EF', '9c1baab0-c27c-46fa-ae4a-2230542676f7', N'Nguyễn Đình Tạo');
INSERT INTO CovidChinhThuc.dbo.ChiTiet_NguoiCoCong (ID_ThongTin, NguoiTaoDL) VALUES ('31fe832e-3753-45d3-91c6-50eba8e44c9e', N'Nguyễn Đình Tạo');
-- row: [975]);
INSERT INTO CovidChinhThuc.dbo.CaNhan (ID, HoTen, NgaySinh, CMND, SinhNam, DiaChi, IDPhuongXa, IDQuanHuyen, SoKhaiSinh, NguoiTaoDL) VALUES ('541622dc-e566-4956-9abc-79577d8e3f00', N'Nguyễn Tiến Lợi', '1957-01-01', '210936696', 1957, N'An Vinh 1', 101, 7, NULL, N'Nguyễn Đình Tạo');
INSERT INTO CovidChinhThuc.dbo.ThongTinHoTro (ID, IDNoiDung, IDDoiTuong, IDCaNhan, NguoiTaoDL) VALUES ('93905e5d-47e2-447f-8cdf-675fccee220e', 6, 'EDE2F0CC-2376-438A-B5FB-FACD867E38EF', '541622dc-e566-4956-9abc-79577d8e3f00', N'Nguyễn Đình Tạo');
INSERT INTO CovidChinhThuc.dbo.ChiTiet_NguoiCoCong (ID_ThongTin, NguoiTaoDL) VALUES ('93905e5d-47e2-447f-8cdf-675fccee220e', N'Nguyễn Đình Tạo');
-- row: [976]);
INSERT INTO CovidChinhThuc.dbo.CaNhan (ID, HoTen, NgaySinh, CMND, SinhNam, DiaChi, IDPhuongXa, IDQuanHuyen, SoKhaiSinh, NguoiTaoDL) VALUES ('6cc75ba7-f9d5-45ce-8ba8-f0eeddd13411', N'Nguyễn Tuấn Ngọc', '1952-01-01', '210877974', 1952, N'An Vinh 1', 101, 7, NULL, N'Nguyễn Đình Tạo');
INSERT INTO CovidChinhThuc.dbo.ThongTinHoTro (ID, IDNoiDung, IDDoiTuong, IDCaNhan, NguoiTaoDL) VALUES ('49c6e9aa-854c-49bb-a7da-5760d9177bfa', 6, '78AC3F79-5C50-4ACB-B626-E51ED3D4E8E5', '6cc75ba7-f9d5-45ce-8ba8-f0eeddd13411', N'Nguyễn Đình Tạo');
INSERT INTO CovidChinhThuc.dbo.ChiTiet_NguoiCoCong (ID_ThongTin, NguoiTaoDL) VALUES ('49c6e9aa-854c-49bb-a7da-5760d9177bfa', N'Nguyễn Đình Tạo');
-- row: [977]);
INSERT INTO CovidChinhThuc.dbo.CaNhan (ID, HoTen, NgaySinh, CMND, SinhNam, DiaChi, IDPhuongXa, IDQuanHuyen, SoKhaiSinh, NguoiTaoDL) VALUES ('92a3a5bc-f2fd-4675-b139-aef40c9f0c23', N'Nguyễn Văn Ấm', '1948-01-01', '210729350', 1948, N'Nhơn thuận', 101, 7, NULL, N'Nguyễn Đình Tạo');
INSERT INTO CovidChinhThuc.dbo.ThongTinHoTro (ID, IDNoiDung, IDDoiTuong, IDCaNhan, NguoiTaoDL) VALUES ('25fe27c3-134e-49d2-aa9d-9e1ef8646c90', 6, 'EDE2F0CC-2376-438A-B5FB-FACD867E38EF', '92a3a5bc-f2fd-4675-b139-aef40c9f0c23', N'Nguyễn Đình Tạo');
INSERT INTO CovidChinhThuc.dbo.ChiTiet_NguoiCoCong (ID_ThongTin, NguoiTaoDL) VALUES ('25fe27c3-134e-49d2-aa9d-9e1ef8646c90', N'Nguyễn Đình Tạo');
-- row: [978]);
INSERT INTO CovidChinhThuc.dbo.CaNhan (ID, HoTen, NgaySinh, CMND, SinhNam, DiaChi, IDPhuongXa, IDQuanHuyen, SoKhaiSinh, NguoiTaoDL) VALUES ('31595bd8-944d-4823-b6df-0d5e80f2c3b9', N'Nguyễn Văn Hanh', '1943-01-01', '211052654', 1943, N'An Vinh 1', 101, 7, NULL, N'Nguyễn Đình Tạo');
INSERT INTO CovidChinhThuc.dbo.ThongTinHoTro (ID, IDNoiDung, IDDoiTuong, IDCaNhan, NguoiTaoDL) VALUES ('d7b631f9-9bbf-4007-9779-fc1d71ef9d55', 6, 'EDE2F0CC-2376-438A-B5FB-FACD867E38EF', '31595bd8-944d-4823-b6df-0d5e80f2c3b9', N'Nguyễn Đình Tạo');
INSERT INTO CovidChinhThuc.dbo.ChiTiet_NguoiCoCong (ID_ThongTin, NguoiTaoDL) VALUES ('d7b631f9-9bbf-4007-9779-fc1d71ef9d55', N'Nguyễn Đình Tạo');
-- row: [979]);
INSERT INTO CovidChinhThuc.dbo.CaNhan (ID, HoTen, NgaySinh, CMND, SinhNam, DiaChi, IDPhuongXa, IDQuanHuyen, SoKhaiSinh, NguoiTaoDL) VALUES ('d635f4b7-8f92-4f60-b233-c785e834ab2c', N'Nguyễn Văn Hùng', '1958-01-01', '211052254', 1958, N'Nhơn thuận', 101, 7, NULL, N'Nguyễn Đình Tạo');
INSERT INTO CovidChinhThuc.dbo.ThongTinHoTro (ID, IDNoiDung, IDDoiTuong, IDCaNhan, NguoiTaoDL) VALUES ('6ef0a4e0-311e-4a02-a0db-c7c707af6986', 6, 'EDE2F0CC-2376-438A-B5FB-FACD867E38EF', 'd635f4b7-8f92-4f60-b233-c785e834ab2c', N'Nguyễn Đình Tạo');
INSERT INTO CovidChinhThuc.dbo.ChiTiet_NguoiCoCong (ID_ThongTin, NguoiTaoDL) VALUES ('6ef0a4e0-311e-4a02-a0db-c7c707af6986', N'Nguyễn Đình Tạo');
-- row: [980]);
INSERT INTO CovidChinhThuc.dbo.CaNhan (ID, HoTen, NgaySinh, CMND, SinhNam, DiaChi, IDPhuongXa, IDQuanHuyen, SoKhaiSinh, NguoiTaoDL) VALUES ('417f17d7-2739-46af-aeee-064b96d167a5', N'Nguyễn Văn Ngãi', '1964-01-01', '210877844', 1964, N'An Vinh 1', 101, 7, NULL, N'Nguyễn Đình Tạo');
INSERT INTO CovidChinhThuc.dbo.ThongTinHoTro (ID, IDNoiDung, IDDoiTuong, IDCaNhan, NguoiTaoDL) VALUES ('2b86c075-9ef8-4a15-b0cd-83b9cb586a18', 6, 'EDE2F0CC-2376-438A-B5FB-FACD867E38EF', '417f17d7-2739-46af-aeee-064b96d167a5', N'Nguyễn Đình Tạo');
INSERT INTO CovidChinhThuc.dbo.ChiTiet_NguoiCoCong (ID_ThongTin, NguoiTaoDL) VALUES ('2b86c075-9ef8-4a15-b0cd-83b9cb586a18', N'Nguyễn Đình Tạo');
-- row: [981]);
INSERT INTO CovidChinhThuc.dbo.CaNhan (ID, HoTen, NgaySinh, CMND, SinhNam, DiaChi, IDPhuongXa, IDQuanHuyen, SoKhaiSinh, NguoiTaoDL) VALUES ('e8bd8da9-0cc2-470d-a0aa-3d5029734ff1', N'Nguyễn Văn Tân', '1950-01-01', '210034641', 1950, N'Nhơn thuận', 101, 7, NULL, N'Nguyễn Đình Tạo');
INSERT INTO CovidChinhThuc.dbo.ThongTinHoTro (ID, IDNoiDung, IDDoiTuong, IDCaNhan, NguoiTaoDL) VALUES ('72a1b636-7ee2-4582-a860-3521fb6f8afa', 6, '2DE801FE-8F9D-4CB2-A1C0-E61F4503CB74', 'e8bd8da9-0cc2-470d-a0aa-3d5029734ff1', N'Nguyễn Đình Tạo');
INSERT INTO CovidChinhThuc.dbo.ChiTiet_NguoiCoCong (ID_ThongTin, NguoiTaoDL) VALUES ('72a1b636-7ee2-4582-a860-3521fb6f8afa', N'Nguyễn Đình Tạo');
-- row: [982]);
INSERT INTO CovidChinhThuc.dbo.CaNhan (ID, HoTen, NgaySinh, CMND, SinhNam, DiaChi, IDPhuongXa, IDQuanHuyen, SoKhaiSinh, NguoiTaoDL) VALUES ('6787f93f-b85e-418d-bb4e-4f5c9d57607a', N'Nguyễn Văn Thìn', '1951-01-01', '210878925', 1951, N'Nhơn thuận', 101, 7, NULL, N'Nguyễn Đình Tạo');
INSERT INTO CovidChinhThuc.dbo.ThongTinHoTro (ID, IDNoiDung, IDDoiTuong, IDCaNhan, NguoiTaoDL) VALUES ('32356753-5f7d-4e35-97d6-59ebc9046054', 6, '2DE801FE-8F9D-4CB2-A1C0-E61F4503CB74', '6787f93f-b85e-418d-bb4e-4f5c9d57607a', N'Nguyễn Đình Tạo');
INSERT INTO CovidChinhThuc.dbo.ChiTiet_NguoiCoCong (ID_ThongTin, NguoiTaoDL) VALUES ('32356753-5f7d-4e35-97d6-59ebc9046054', N'Nguyễn Đình Tạo');
-- row: [983]);
INSERT INTO CovidChinhThuc.dbo.CaNhan (ID, HoTen, NgaySinh, CMND, SinhNam, DiaChi, IDPhuongXa, IDQuanHuyen, SoKhaiSinh, NguoiTaoDL) VALUES ('d2321f4e-6399-4fed-b38b-e1f03c495ecf', N'Nguyễn Văn Thông', '1961-01-01', '210936714', 1961, N'An Vinh 1', 101, 7, NULL, N'Nguyễn Đình Tạo');
INSERT INTO CovidChinhThuc.dbo.ThongTinHoTro (ID, IDNoiDung, IDDoiTuong, IDCaNhan, NguoiTaoDL) VALUES ('c319510d-d79d-4e1e-b50d-c57a1a35a8a0', 6, '78AC3F79-5C50-4ACB-B626-E51ED3D4E8E5', 'd2321f4e-6399-4fed-b38b-e1f03c495ecf', N'Nguyễn Đình Tạo');
INSERT INTO CovidChinhThuc.dbo.ChiTiet_NguoiCoCong (ID_ThongTin, NguoiTaoDL) VALUES ('c319510d-d79d-4e1e-b50d-c57a1a35a8a0', N'Nguyễn Đình Tạo');
-- row: [984]);
INSERT INTO CovidChinhThuc.dbo.CaNhan (ID, HoTen, NgaySinh, CMND, SinhNam, DiaChi, IDPhuongXa, IDQuanHuyen, SoKhaiSinh, NguoiTaoDL) VALUES ('aaa6f928-648a-49e6-b465-6434bb0d0188', N'Nguyễn Văn Tiên', '1950-01-01', '210878353', 1950, N'An Vinh 2', 101, 7, NULL, N'Nguyễn Đình Tạo');
INSERT INTO CovidChinhThuc.dbo.ThongTinHoTro (ID, IDNoiDung, IDDoiTuong, IDCaNhan, NguoiTaoDL) VALUES ('feb7fae7-5396-42e8-ac47-08e3f733968c', 6, 'EDE2F0CC-2376-438A-B5FB-FACD867E38EF', 'aaa6f928-648a-49e6-b465-6434bb0d0188', N'Nguyễn Đình Tạo');
INSERT INTO CovidChinhThuc.dbo.ChiTiet_NguoiCoCong (ID_ThongTin, NguoiTaoDL) VALUES ('feb7fae7-5396-42e8-ac47-08e3f733968c', N'Nguyễn Đình Tạo');
-- row: [985]);
INSERT INTO CovidChinhThuc.dbo.CaNhan (ID, HoTen, NgaySinh, CMND, SinhNam, DiaChi, IDPhuongXa, IDQuanHuyen, SoKhaiSinh, NguoiTaoDL) VALUES ('4d6f05a8-8833-4092-86be-2c7e08271738', N'Nguyễn Văn Tiến', '1955-01-01', '210633796', 1955, N'Nhơn thuận', 101, 7, NULL, N'Nguyễn Đình Tạo');
INSERT INTO CovidChinhThuc.dbo.ThongTinHoTro (ID, IDNoiDung, IDDoiTuong, IDCaNhan, NguoiTaoDL) VALUES ('630b0f27-64d2-40d3-8e68-fdfc80a653ab', 6, 'EDE2F0CC-2376-438A-B5FB-FACD867E38EF', '4d6f05a8-8833-4092-86be-2c7e08271738', N'Nguyễn Đình Tạo');
INSERT INTO CovidChinhThuc.dbo.ChiTiet_NguoiCoCong (ID_ThongTin, NguoiTaoDL) VALUES ('630b0f27-64d2-40d3-8e68-fdfc80a653ab', N'Nguyễn Đình Tạo');
-- row: [986]);
INSERT INTO CovidChinhThuc.dbo.CaNhan (ID, HoTen, NgaySinh, CMND, SinhNam, DiaChi, IDPhuongXa, IDQuanHuyen, SoKhaiSinh, NguoiTaoDL) VALUES ('c4de6b58-afa3-41c5-ade7-71f09a760f09', N'Nguyễn Văn Tin', '1950-01-01', '210879284', 1950, N'Nhơn thuận', 101, 7, NULL, N'Nguyễn Đình Tạo');
INSERT INTO CovidChinhThuc.dbo.ThongTinHoTro (ID, IDNoiDung, IDDoiTuong, IDCaNhan, NguoiTaoDL) VALUES ('3a9ae6b5-79bf-4efd-b3b5-71c26b53707c', 6, 'EDE2F0CC-2376-438A-B5FB-FACD867E38EF', 'c4de6b58-afa3-41c5-ade7-71f09a760f09', N'Nguyễn Đình Tạo');
INSERT INTO CovidChinhThuc.dbo.ChiTiet_NguoiCoCong (ID_ThongTin, NguoiTaoDL) VALUES ('3a9ae6b5-79bf-4efd-b3b5-71c26b53707c', N'Nguyễn Đình Tạo');
-- row: [987]);
INSERT INTO CovidChinhThuc.dbo.CaNhan (ID, HoTen, NgaySinh, CMND, SinhNam, DiaChi, IDPhuongXa, IDQuanHuyen, SoKhaiSinh, NguoiTaoDL) VALUES ('356019d9-dc2f-4f1b-991d-444f2a2529b4', N'Nguyễn Xuân Đào', '1925-01-01', '210878612', 1925, N'Nhơn thuận', 101, 7, NULL, N'Nguyễn Đình Tạo');
INSERT INTO CovidChinhThuc.dbo.ThongTinHoTro (ID, IDNoiDung, IDDoiTuong, IDCaNhan, NguoiTaoDL) VALUES ('37984154-0c5f-42f9-8cae-8b308cd15e4e', 6, '3A65F299-2EFA-4982-BF70-81D7B5024935', '356019d9-dc2f-4f1b-991d-444f2a2529b4', N'Nguyễn Đình Tạo');
INSERT INTO CovidChinhThuc.dbo.ChiTiet_NguoiCoCong (ID_ThongTin, NguoiTaoDL) VALUES ('37984154-0c5f-42f9-8cae-8b308cd15e4e', N'Nguyễn Đình Tạo');
-- row: [988]);
INSERT INTO CovidChinhThuc.dbo.CaNhan (ID, HoTen, NgaySinh, CMND, SinhNam, DiaChi, IDPhuongXa, IDQuanHuyen, SoKhaiSinh, NguoiTaoDL) VALUES ('90bca04a-4849-42e4-8aaf-c19e360cae08', N'Nguyễn Xuân Quề', '1936-01-01', '211052049', 1936, N'An Vinh 1', 101, 7, NULL, N'Nguyễn Đình Tạo');
INSERT INTO CovidChinhThuc.dbo.ThongTinHoTro (ID, IDNoiDung, IDDoiTuong, IDCaNhan, NguoiTaoDL) VALUES ('7be72d36-b8a6-4acd-bb97-88e568bbfd8d', 6, 'EDE2F0CC-2376-438A-B5FB-FACD867E38EF', '90bca04a-4849-42e4-8aaf-c19e360cae08', N'Nguyễn Đình Tạo');
INSERT INTO CovidChinhThuc.dbo.ChiTiet_NguoiCoCong (ID_ThongTin, NguoiTaoDL) VALUES ('7be72d36-b8a6-4acd-bb97-88e568bbfd8d', N'Nguyễn Đình Tạo');
-- row: [989]);
INSERT INTO CovidChinhThuc.dbo.CaNhan (ID, HoTen, NgaySinh, CMND, SinhNam, DiaChi, IDPhuongXa, IDQuanHuyen, SoKhaiSinh, NguoiTaoDL) VALUES ('6d549341-fffe-410f-999e-942053af16f7', N'Nguyễn (cao) Thị Cúc', '1938-01-01', '210878139', 1938, N'An Vinh 2', 101, 7, NULL, N'Nguyễn Đình Tạo');
INSERT INTO CovidChinhThuc.dbo.ThongTinHoTro (ID, IDNoiDung, IDDoiTuong, IDCaNhan, NguoiTaoDL) VALUES ('99db4243-879c-49f0-95ef-b1d7c4dae4cc', 6, '3A65F299-2EFA-4982-BF70-81D7B5024935', '6d549341-fffe-410f-999e-942053af16f7', N'Nguyễn Đình Tạo');
INSERT INTO CovidChinhThuc.dbo.ChiTiet_NguoiCoCong (ID_ThongTin, NguoiTaoDL) VALUES ('99db4243-879c-49f0-95ef-b1d7c4dae4cc', N'Nguyễn Đình Tạo');
-- row: [990]);
INSERT INTO CovidChinhThuc.dbo.CaNhan (ID, HoTen, NgaySinh, CMND, SinhNam, DiaChi, IDPhuongXa, IDQuanHuyen, SoKhaiSinh, NguoiTaoDL) VALUES ('a4a05ddb-bdf6-4857-bcd4-cb65da63a7b0', N'Phạm Đằng', '1920-01-01', '210879043', 1920, N'Nhơn thuận', 101, 7, NULL, N'Nguyễn Đình Tạo');
INSERT INTO CovidChinhThuc.dbo.ThongTinHoTro (ID, IDNoiDung, IDDoiTuong, IDCaNhan, NguoiTaoDL) VALUES ('260524a5-de52-448d-8bef-8a98dd83f8f5', 6, '3A65F299-2EFA-4982-BF70-81D7B5024935', 'a4a05ddb-bdf6-4857-bcd4-cb65da63a7b0', N'Nguyễn Đình Tạo');
INSERT INTO CovidChinhThuc.dbo.ChiTiet_NguoiCoCong (ID_ThongTin, NguoiTaoDL) VALUES ('260524a5-de52-448d-8bef-8a98dd83f8f5', N'Nguyễn Đình Tạo');
-- row: [991]);
INSERT INTO CovidChinhThuc.dbo.CaNhan (ID, HoTen, NgaySinh, CMND, SinhNam, DiaChi, IDPhuongXa, IDQuanHuyen, SoKhaiSinh, NguoiTaoDL) VALUES ('4d3663a7-f52a-47d1-868a-0f044111732e', N'Phạm Đình Thêm', '1964-01-01', '210878084', 1964, N'An Vinh 2', 101, 7, NULL, N'Nguyễn Đình Tạo');
INSERT INTO CovidChinhThuc.dbo.ThongTinHoTro (ID, IDNoiDung, IDDoiTuong, IDCaNhan, NguoiTaoDL) VALUES ('bba7f2c8-a699-48b6-bf4c-8d11d20acd5d', 6, 'EDE2F0CC-2376-438A-B5FB-FACD867E38EF', '4d3663a7-f52a-47d1-868a-0f044111732e', N'Nguyễn Đình Tạo');
INSERT INTO CovidChinhThuc.dbo.ChiTiet_NguoiCoCong (ID_ThongTin, NguoiTaoDL) VALUES ('bba7f2c8-a699-48b6-bf4c-8d11d20acd5d', N'Nguyễn Đình Tạo');
-- row: [992]);
INSERT INTO CovidChinhThuc.dbo.CaNhan (ID, HoTen, NgaySinh, CMND, SinhNam, DiaChi, IDPhuongXa, IDQuanHuyen, SoKhaiSinh, NguoiTaoDL) VALUES ('354cdf8c-9b28-437a-906b-9401a2cb7f06', N'Phạm Thị Định', '1938-01-01', '210879000', 1938, N'Bính Đức', 101, 7, NULL, N'Nguyễn Đình Tạo');
INSERT INTO CovidChinhThuc.dbo.ThongTinHoTro (ID, IDNoiDung, IDDoiTuong, IDCaNhan, NguoiTaoDL) VALUES ('777586b4-ff7f-40c3-8530-2d7009998bd3', 6, 'EDE2F0CC-2376-438A-B5FB-FACD867E38EF', '354cdf8c-9b28-437a-906b-9401a2cb7f06', N'Nguyễn Đình Tạo');
INSERT INTO CovidChinhThuc.dbo.ChiTiet_NguoiCoCong (ID_ThongTin, NguoiTaoDL) VALUES ('777586b4-ff7f-40c3-8530-2d7009998bd3', N'Nguyễn Đình Tạo');
-- row: [993]);
INSERT INTO CovidChinhThuc.dbo.CaNhan (ID, HoTen, NgaySinh, CMND, SinhNam, DiaChi, IDPhuongXa, IDQuanHuyen, SoKhaiSinh, NguoiTaoDL) VALUES ('1eea9c2a-daec-411e-8217-ce31db0bc258', N'Phạm Thị Giỏi', '1934-01-01', '210878089', 1934, N'An Vinh 2', 101, 7, NULL, N'Nguyễn Đình Tạo');
INSERT INTO CovidChinhThuc.dbo.ThongTinHoTro (ID, IDNoiDung, IDDoiTuong, IDCaNhan, NguoiTaoDL) VALUES ('852886ee-5b5f-42b3-9a13-2250013529f4', 6, '3A65F299-2EFA-4982-BF70-81D7B5024935', '1eea9c2a-daec-411e-8217-ce31db0bc258', N'Nguyễn Đình Tạo');
INSERT INTO CovidChinhThuc.dbo.ChiTiet_NguoiCoCong (ID_ThongTin, NguoiTaoDL) VALUES ('852886ee-5b5f-42b3-9a13-2250013529f4', N'Nguyễn Đình Tạo');
-- row: [994]);
INSERT INTO CovidChinhThuc.dbo.CaNhan (ID, HoTen, NgaySinh, CMND, SinhNam, DiaChi, IDPhuongXa, IDQuanHuyen, SoKhaiSinh, NguoiTaoDL) VALUES ('9dbbab96-b442-4430-8115-0b96f1fbf591', N'Phạm Thị Lại', '1925-01-01', '210729089', 1925, N'Bính Đức', 101, 7, NULL, N'Nguyễn Đình Tạo');
INSERT INTO CovidChinhThuc.dbo.ThongTinHoTro (ID, IDNoiDung, IDDoiTuong, IDCaNhan, NguoiTaoDL) VALUES ('b47ffc33-4bc2-482b-97f8-ad2259ff2575', 6, '3A65F299-2EFA-4982-BF70-81D7B5024935', '9dbbab96-b442-4430-8115-0b96f1fbf591', N'Nguyễn Đình Tạo');
INSERT INTO CovidChinhThuc.dbo.ChiTiet_NguoiCoCong (ID_ThongTin, NguoiTaoDL) VALUES ('b47ffc33-4bc2-482b-97f8-ad2259ff2575', N'Nguyễn Đình Tạo');
-- row: [995]);
INSERT INTO CovidChinhThuc.dbo.CaNhan (ID, HoTen, NgaySinh, CMND, SinhNam, DiaChi, IDPhuongXa, IDQuanHuyen, SoKhaiSinh, NguoiTaoDL) VALUES ('96900756-a085-437f-90f5-5e5bd3587823', N'Phạm Thị Tùng', '1940-01-01', '211015215', 1940, N'Nhơn thuận', 101, 7, NULL, N'Nguyễn Đình Tạo');
INSERT INTO CovidChinhThuc.dbo.ThongTinHoTro (ID, IDNoiDung, IDDoiTuong, IDCaNhan, NguoiTaoDL) VALUES ('7a9948be-fe2f-4dad-87a0-0c8abdd9629b', 6, 'EDE2F0CC-2376-438A-B5FB-FACD867E38EF', '96900756-a085-437f-90f5-5e5bd3587823', N'Nguyễn Đình Tạo');
INSERT INTO CovidChinhThuc.dbo.ChiTiet_NguoiCoCong (ID_ThongTin, NguoiTaoDL) VALUES ('7a9948be-fe2f-4dad-87a0-0c8abdd9629b', N'Nguyễn Đình Tạo');
-- row: [996]);
INSERT INTO CovidChinhThuc.dbo.CaNhan (ID, HoTen, NgaySinh, CMND, SinhNam, DiaChi, IDPhuongXa, IDQuanHuyen, SoKhaiSinh, NguoiTaoDL) VALUES ('1a880a51-8457-4384-982e-de1d27bc52d8', N'Phạm Văn Bé', '1948-01-01', '210729115', 1948, N'Bính Đức', 101, 7, NULL, N'Nguyễn Đình Tạo');
INSERT INTO CovidChinhThuc.dbo.ThongTinHoTro (ID, IDNoiDung, IDDoiTuong, IDCaNhan, NguoiTaoDL) VALUES ('4097c66e-55bc-4f55-aced-c76fb31fe290', 6, 'EDE2F0CC-2376-438A-B5FB-FACD867E38EF', '1a880a51-8457-4384-982e-de1d27bc52d8', N'Nguyễn Đình Tạo');
INSERT INTO CovidChinhThuc.dbo.ChiTiet_NguoiCoCong (ID_ThongTin, NguoiTaoDL) VALUES ('4097c66e-55bc-4f55-aced-c76fb31fe290', N'Nguyễn Đình Tạo');
-- row: [997]);
INSERT INTO CovidChinhThuc.dbo.CaNhan (ID, HoTen, NgaySinh, CMND, SinhNam, DiaChi, IDPhuongXa, IDQuanHuyen, SoKhaiSinh, NguoiTaoDL) VALUES ('6fcf7533-cea6-4b01-823b-825730831f8b', N'Phan Thành Danh', '1955-01-01', '211671577', 1955, N'Nhơn thuận', 101, 7, NULL, N'Nguyễn Đình Tạo');
INSERT INTO CovidChinhThuc.dbo.ThongTinHoTro (ID, IDNoiDung, IDDoiTuong, IDCaNhan, NguoiTaoDL) VALUES ('3cc62496-3907-4729-9921-e513635123d5', 6, '78AC3F79-5C50-4ACB-B626-E51ED3D4E8E5', '6fcf7533-cea6-4b01-823b-825730831f8b', N'Nguyễn Đình Tạo');
INSERT INTO CovidChinhThuc.dbo.ChiTiet_NguoiCoCong (ID_ThongTin, NguoiTaoDL) VALUES ('3cc62496-3907-4729-9921-e513635123d5', N'Nguyễn Đình Tạo');
-- row: [998]);
INSERT INTO CovidChinhThuc.dbo.CaNhan (ID, HoTen, NgaySinh, CMND, SinhNam, DiaChi, IDPhuongXa, IDQuanHuyen, SoKhaiSinh, NguoiTaoDL) VALUES ('4246fd18-4717-4877-90f1-2832eaf701cd', N'Phan Thị Bích', '1934-01-01', '210879058', 1934, N'Nhơn thuận', 101, 7, NULL, N'Nguyễn Đình Tạo');
INSERT INTO CovidChinhThuc.dbo.ThongTinHoTro (ID, IDNoiDung, IDDoiTuong, IDCaNhan, NguoiTaoDL) VALUES ('3712e4d4-7be5-4115-9092-147239fdcd95', 6, 'EDE2F0CC-2376-438A-B5FB-FACD867E38EF', '4246fd18-4717-4877-90f1-2832eaf701cd', N'Nguyễn Đình Tạo');
INSERT INTO CovidChinhThuc.dbo.ChiTiet_NguoiCoCong (ID_ThongTin, NguoiTaoDL) VALUES ('3712e4d4-7be5-4115-9092-147239fdcd95', N'Nguyễn Đình Tạo');
-- row: [999]);
INSERT INTO CovidChinhThuc.dbo.CaNhan (ID, HoTen, NgaySinh, CMND, SinhNam, DiaChi, IDPhuongXa, IDQuanHuyen, SoKhaiSinh, NguoiTaoDL) VALUES ('1a3062a3-e091-4561-be51-0c1ef597c11a', N'Phan Thị Bốn', '1927-01-01', '210878042', 1927, N'An Vinh 2', 101, 7, NULL, N'Nguyễn Đình Tạo');
INSERT INTO CovidChinhThuc.dbo.ThongTinHoTro (ID, IDNoiDung, IDDoiTuong, IDCaNhan, NguoiTaoDL) VALUES ('bf0051d8-0d2e-4b8f-b280-2bae631eca89', 6, 'EDE2F0CC-2376-438A-B5FB-FACD867E38EF', '1a3062a3-e091-4561-be51-0c1ef597c11a', N'Nguyễn Đình Tạo');
INSERT INTO CovidChinhThuc.dbo.ChiTiet_NguoiCoCong (ID_ThongTin, NguoiTaoDL) VALUES ('bf0051d8-0d2e-4b8f-b280-2bae631eca89', N'Nguyễn Đình Tạo');
-- row: [1000]);
INSERT INTO CovidChinhThuc.dbo.CaNhan (ID, HoTen, NgaySinh, CMND, SinhNam, DiaChi, IDPhuongXa, IDQuanHuyen, SoKhaiSinh, NguoiTaoDL) VALUES ('88199c73-188d-41ad-94a7-76e4e43ce066', N'Phan Thị Chánh', '1931-01-01', '210878443', 1931, N'An Vinh 2', 101, 7, NULL, N'Nguyễn Đình Tạo');
INSERT INTO CovidChinhThuc.dbo.ThongTinHoTro (ID, IDNoiDung, IDDoiTuong, IDCaNhan, NguoiTaoDL) VALUES ('ed5fc40e-0aaf-475d-87be-b0f65425cdae', 6, '3A65F299-2EFA-4982-BF70-81D7B5024935', '88199c73-188d-41ad-94a7-76e4e43ce066', N'Nguyễn Đình Tạo');
INSERT INTO CovidChinhThuc.dbo.ChiTiet_NguoiCoCong (ID_ThongTin, NguoiTaoDL) VALUES ('ed5fc40e-0aaf-475d-87be-b0f65425cdae', N'Nguyễn Đình Tạo');
-- row: [1001]);
INSERT INTO CovidChinhThuc.dbo.CaNhan (ID, HoTen, NgaySinh, CMND, SinhNam, DiaChi, IDPhuongXa, IDQuanHuyen, SoKhaiSinh, NguoiTaoDL) VALUES ('61bdec7b-f23f-446f-b26e-7a22c08f5b77', N'Phan Thị Châu', '1939-01-01', '210878586', 1939, N'Nhơn thuận', 101, 7, NULL, N'Nguyễn Đình Tạo');
INSERT INTO CovidChinhThuc.dbo.ThongTinHoTro (ID, IDNoiDung, IDDoiTuong, IDCaNhan, NguoiTaoDL) VALUES ('4d33079d-c8bd-4ae8-a18f-5894c44f656a', 6, 'EDE2F0CC-2376-438A-B5FB-FACD867E38EF', '61bdec7b-f23f-446f-b26e-7a22c08f5b77', N'Nguyễn Đình Tạo');
INSERT INTO CovidChinhThuc.dbo.ChiTiet_NguoiCoCong (ID_ThongTin, NguoiTaoDL) VALUES ('4d33079d-c8bd-4ae8-a18f-5894c44f656a', N'Nguyễn Đình Tạo');
-- row: [1002]);
INSERT INTO CovidChinhThuc.dbo.CaNhan (ID, HoTen, NgaySinh, CMND, SinhNam, DiaChi, IDPhuongXa, IDQuanHuyen, SoKhaiSinh, NguoiTaoDL) VALUES ('fe3e167c-4ec7-454f-ad64-e1389b1f7a7a', N'Phan Văn Hậu', '1942-01-01', '210878771', 1942, N'Nhơn thuận', 101, 7, NULL, N'Nguyễn Đình Tạo');
INSERT INTO CovidChinhThuc.dbo.ThongTinHoTro (ID, IDNoiDung, IDDoiTuong, IDCaNhan, NguoiTaoDL) VALUES ('36e3a15b-0c24-4e64-afe9-eda15a1c0eb1', 6, '78AC3F79-5C50-4ACB-B626-E51ED3D4E8E5', 'fe3e167c-4ec7-454f-ad64-e1389b1f7a7a', N'Nguyễn Đình Tạo');
INSERT INTO CovidChinhThuc.dbo.ChiTiet_NguoiCoCong (ID_ThongTin, NguoiTaoDL) VALUES ('36e3a15b-0c24-4e64-afe9-eda15a1c0eb1', N'Nguyễn Đình Tạo');
-- row: [1003]);
INSERT INTO CovidChinhThuc.dbo.CaNhan (ID, HoTen, NgaySinh, CMND, SinhNam, DiaChi, IDPhuongXa, IDQuanHuyen, SoKhaiSinh, NguoiTaoDL) VALUES ('90cdd18f-c0d3-406f-8e82-6afae5bd74d6', N'Tào Thị Điểu', '1952-01-01', '211015184', 1952, N'An Vinh 1', 101, 7, NULL, N'Nguyễn Đình Tạo');
INSERT INTO CovidChinhThuc.dbo.ThongTinHoTro (ID, IDNoiDung, IDDoiTuong, IDCaNhan, NguoiTaoDL) VALUES ('18432bca-5d1d-4d91-8fe5-29d7a2809d0b', 6, '3A65F299-2EFA-4982-BF70-81D7B5024935', '90cdd18f-c0d3-406f-8e82-6afae5bd74d6', N'Nguyễn Đình Tạo');
INSERT INTO CovidChinhThuc.dbo.ChiTiet_NguoiCoCong (ID_ThongTin, NguoiTaoDL) VALUES ('18432bca-5d1d-4d91-8fe5-29d7a2809d0b', N'Nguyễn Đình Tạo');
-- row: [1004]);
INSERT INTO CovidChinhThuc.dbo.CaNhan (ID, HoTen, NgaySinh, CMND, SinhNam, DiaChi, IDPhuongXa, IDQuanHuyen, SoKhaiSinh, NguoiTaoDL) VALUES ('e6573e14-a4b4-4fb9-a0ab-3e6144ece0dc', N'Thái Thị Cẩm', '1929-01-01', '210879429', 1929, N'Nhơn thuận', 101, 7, NULL, N'Nguyễn Đình Tạo');
INSERT INTO CovidChinhThuc.dbo.ThongTinHoTro (ID, IDNoiDung, IDDoiTuong, IDCaNhan, NguoiTaoDL) VALUES ('bd80f08d-561e-412e-89e2-de57edd90380', 6, '17FAD857-895C-48FB-88C0-B4B95B567C34', 'e6573e14-a4b4-4fb9-a0ab-3e6144ece0dc', N'Nguyễn Đình Tạo');
INSERT INTO CovidChinhThuc.dbo.ChiTiet_NguoiCoCong (ID_ThongTin, NguoiTaoDL) VALUES ('bd80f08d-561e-412e-89e2-de57edd90380', N'Nguyễn Đình Tạo');
-- row: [1005]);
INSERT INTO CovidChinhThuc.dbo.CaNhan (ID, HoTen, NgaySinh, CMND, SinhNam, DiaChi, IDPhuongXa, IDQuanHuyen, SoKhaiSinh, NguoiTaoDL) VALUES ('df9c82b9-3c02-4de0-ae48-7ce9660a1478', N'Thái Thị Nhẫm', '1934-01-01', '210877735', 1934, N'An Vinh 1', 101, 7, NULL, N'Nguyễn Đình Tạo');
INSERT INTO CovidChinhThuc.dbo.ThongTinHoTro (ID, IDNoiDung, IDDoiTuong, IDCaNhan, NguoiTaoDL) VALUES ('16f7cbab-4e45-472e-91a3-7d198c460a22', 6, 'EDE2F0CC-2376-438A-B5FB-FACD867E38EF', 'df9c82b9-3c02-4de0-ae48-7ce9660a1478', N'Nguyễn Đình Tạo');
INSERT INTO CovidChinhThuc.dbo.ChiTiet_NguoiCoCong (ID_ThongTin, NguoiTaoDL) VALUES ('16f7cbab-4e45-472e-91a3-7d198c460a22', N'Nguyễn Đình Tạo');
-- row: [1006]);
INSERT INTO CovidChinhThuc.dbo.CaNhan (ID, HoTen, NgaySinh, CMND, SinhNam, DiaChi, IDPhuongXa, IDQuanHuyen, SoKhaiSinh, NguoiTaoDL) VALUES ('7bd33d82-72e5-430f-a6f6-1afbeaf55df9', N'Thái Thị Nhung', '1926-01-01', '210878070', 1926, N'An Vinh 1', 101, 7, NULL, N'Nguyễn Đình Tạo');
INSERT INTO CovidChinhThuc.dbo.ThongTinHoTro (ID, IDNoiDung, IDDoiTuong, IDCaNhan, NguoiTaoDL) VALUES ('3916f54d-a1cd-4cb1-a759-091ce7340f5d', 6, '17FAD857-895C-48FB-88C0-B4B95B567C34', '7bd33d82-72e5-430f-a6f6-1afbeaf55df9', N'Nguyễn Đình Tạo');
INSERT INTO CovidChinhThuc.dbo.ChiTiet_NguoiCoCong (ID_ThongTin, NguoiTaoDL) VALUES ('3916f54d-a1cd-4cb1-a759-091ce7340f5d', N'Nguyễn Đình Tạo');
-- row: [1007]);
INSERT INTO CovidChinhThuc.dbo.CaNhan (ID, HoTen, NgaySinh, CMND, SinhNam, DiaChi, IDPhuongXa, IDQuanHuyen, SoKhaiSinh, NguoiTaoDL) VALUES ('79ad8d79-ac7b-467b-b9cf-ad9236294582', N'Thái Thị Nở', '1956-06-01', '210878997', 1956, N'Nhơn thuận', 101, 7, NULL, N'Nguyễn Đình Tạo');
INSERT INTO CovidChinhThuc.dbo.ThongTinHoTro (ID, IDNoiDung, IDDoiTuong, IDCaNhan, NguoiTaoDL) VALUES ('56607b30-ddbf-4bf3-a1ea-2022640ddd72', 6, 'EDE2F0CC-2376-438A-B5FB-FACD867E38EF', '79ad8d79-ac7b-467b-b9cf-ad9236294582', N'Nguyễn Đình Tạo');
INSERT INTO CovidChinhThuc.dbo.ChiTiet_NguoiCoCong (ID_ThongTin, NguoiTaoDL) VALUES ('56607b30-ddbf-4bf3-a1ea-2022640ddd72', N'Nguyễn Đình Tạo');
-- row: [1008]);
INSERT INTO CovidChinhThuc.dbo.CaNhan (ID, HoTen, NgaySinh, CMND, SinhNam, DiaChi, IDPhuongXa, IDQuanHuyen, SoKhaiSinh, NguoiTaoDL) VALUES ('afa8151e-a402-4e19-89bf-353e83a56836', N'Thái Thị Thành', '1930-01-01', '210141656', 1930, N'Bính Đức', 101, 7, NULL, N'Nguyễn Đình Tạo');
INSERT INTO CovidChinhThuc.dbo.ThongTinHoTro (ID, IDNoiDung, IDDoiTuong, IDCaNhan, NguoiTaoDL) VALUES ('0f6e7e9f-ddd2-4028-9856-7b1adf9f263b', 6, NULL, 'afa8151e-a402-4e19-89bf-353e83a56836', N'Nguyễn Đình Tạo');
INSERT INTO CovidChinhThuc.dbo.ChiTiet_NguoiCoCong (ID_ThongTin, NguoiTaoDL) VALUES ('0f6e7e9f-ddd2-4028-9856-7b1adf9f263b', N'Nguyễn Đình Tạo');
-- row: [1009]);
INSERT INTO CovidChinhThuc.dbo.CaNhan (ID, HoTen, NgaySinh, CMND, SinhNam, DiaChi, IDPhuongXa, IDQuanHuyen, SoKhaiSinh, NguoiTaoDL) VALUES ('348fbefa-0154-44b8-95bf-8b0cff56e1fe', N'Thẩm Thị Thanh', '1930-01-01', '210877718', 1930, N'An Vinh 1', 101, 7, NULL, N'Nguyễn Đình Tạo');
INSERT INTO CovidChinhThuc.dbo.ThongTinHoTro (ID, IDNoiDung, IDDoiTuong, IDCaNhan, NguoiTaoDL) VALUES ('0086ace2-f1bb-4349-8d07-7c0bbd9a51b0', 6, '17FAD857-895C-48FB-88C0-B4B95B567C34', '348fbefa-0154-44b8-95bf-8b0cff56e1fe', N'Nguyễn Đình Tạo');
INSERT INTO CovidChinhThuc.dbo.ChiTiet_NguoiCoCong (ID_ThongTin, NguoiTaoDL) VALUES ('0086ace2-f1bb-4349-8d07-7c0bbd9a51b0', N'Nguyễn Đình Tạo');
-- row: [1010]);
INSERT INTO CovidChinhThuc.dbo.CaNhan (ID, HoTen, NgaySinh, CMND, SinhNam, DiaChi, IDPhuongXa, IDQuanHuyen, SoKhaiSinh, NguoiTaoDL) VALUES ('1a027db9-5778-4393-b024-0f035fbbe040', N'Tô Thị Trí', '1946-01-01', '210729032', 1946, N'Bính Đức', 101, 7, NULL, N'Nguyễn Đình Tạo');
INSERT INTO CovidChinhThuc.dbo.ThongTinHoTro (ID, IDNoiDung, IDDoiTuong, IDCaNhan, NguoiTaoDL) VALUES ('7ab9adcd-8491-4e3d-8c4a-70bfdc317f5d', 6, '3A65F299-2EFA-4982-BF70-81D7B5024935', '1a027db9-5778-4393-b024-0f035fbbe040', N'Nguyễn Đình Tạo');
INSERT INTO CovidChinhThuc.dbo.ChiTiet_NguoiCoCong (ID_ThongTin, NguoiTaoDL) VALUES ('7ab9adcd-8491-4e3d-8c4a-70bfdc317f5d', N'Nguyễn Đình Tạo');
-- row: [1011]);
INSERT INTO CovidChinhThuc.dbo.CaNhan (ID, HoTen, NgaySinh, CMND, SinhNam, DiaChi, IDPhuongXa, IDQuanHuyen, SoKhaiSinh, NguoiTaoDL) VALUES ('daace9ad-3ade-4e61-9ed6-2daa6f606aa7', N'Trần Ngọc Hướng', '1931-01-01', '210729021', 1931, N'Bính Đức', 101, 7, NULL, N'Nguyễn Đình Tạo');
INSERT INTO CovidChinhThuc.dbo.ThongTinHoTro (ID, IDNoiDung, IDDoiTuong, IDCaNhan, NguoiTaoDL) VALUES ('1ea03801-096a-44fc-95de-d989caa42e50', 6, 'EDE2F0CC-2376-438A-B5FB-FACD867E38EF', 'daace9ad-3ade-4e61-9ed6-2daa6f606aa7', N'Nguyễn Đình Tạo');
INSERT INTO CovidChinhThuc.dbo.ChiTiet_NguoiCoCong (ID_ThongTin, NguoiTaoDL) VALUES ('1ea03801-096a-44fc-95de-d989caa42e50', N'Nguyễn Đình Tạo');
-- row: [1012]);
INSERT INTO CovidChinhThuc.dbo.CaNhan (ID, HoTen, NgaySinh, CMND, SinhNam, DiaChi, IDPhuongXa, IDQuanHuyen, SoKhaiSinh, NguoiTaoDL) VALUES ('62f57786-2905-472f-b97f-9354e8751b2a', N'Trần Quang Tiến', '1952-01-01', '210877516', 1952, N'An Vinh 1', 101, 7, NULL, N'Nguyễn Đình Tạo');
INSERT INTO CovidChinhThuc.dbo.ThongTinHoTro (ID, IDNoiDung, IDDoiTuong, IDCaNhan, NguoiTaoDL) VALUES ('7f6f4116-bcb4-4752-81ad-f33fc6172b58', 6, '78AC3F79-5C50-4ACB-B626-E51ED3D4E8E5', '62f57786-2905-472f-b97f-9354e8751b2a', N'Nguyễn Đình Tạo');
INSERT INTO CovidChinhThuc.dbo.ChiTiet_NguoiCoCong (ID_ThongTin, NguoiTaoDL) VALUES ('7f6f4116-bcb4-4752-81ad-f33fc6172b58', N'Nguyễn Đình Tạo');
-- row: [1013]);
INSERT INTO CovidChinhThuc.dbo.CaNhan (ID, HoTen, NgaySinh, CMND, SinhNam, DiaChi, IDPhuongXa, IDQuanHuyen, SoKhaiSinh, NguoiTaoDL) VALUES ('bcec75cc-61b5-4c75-9156-c5165f190218', N'Trần Quang Vinh', '1950-01-01', '211052006', 1950, N'Bính Đức', 101, 7, NULL, N'Nguyễn Đình Tạo');
INSERT INTO CovidChinhThuc.dbo.ThongTinHoTro (ID, IDNoiDung, IDDoiTuong, IDCaNhan, NguoiTaoDL) VALUES ('2b7bfb3f-97d9-46ef-8251-26425dd1c4b8', 6, NULL, 'bcec75cc-61b5-4c75-9156-c5165f190218', N'Nguyễn Đình Tạo');
INSERT INTO CovidChinhThuc.dbo.ChiTiet_NguoiCoCong (ID_ThongTin, NguoiTaoDL) VALUES ('2b7bfb3f-97d9-46ef-8251-26425dd1c4b8', N'Nguyễn Đình Tạo');
-- row: [1014]);
INSERT INTO CovidChinhThuc.dbo.CaNhan (ID, HoTen, NgaySinh, CMND, SinhNam, DiaChi, IDPhuongXa, IDQuanHuyen, SoKhaiSinh, NguoiTaoDL) VALUES ('dd47e79e-2073-4230-8bad-43ccbd3da1ca', N'Trần Thị Chiều', '1955-01-01', '210878166', 1955, N'An Vinh 2', 101, 7, NULL, N'Nguyễn Đình Tạo');
INSERT INTO CovidChinhThuc.dbo.ThongTinHoTro (ID, IDNoiDung, IDDoiTuong, IDCaNhan, NguoiTaoDL) VALUES ('ce0a3d35-7f96-4511-82f7-d810a73b6ce6', 6, '78AC3F79-5C50-4ACB-B626-E51ED3D4E8E5', 'dd47e79e-2073-4230-8bad-43ccbd3da1ca', N'Nguyễn Đình Tạo');
INSERT INTO CovidChinhThuc.dbo.ChiTiet_NguoiCoCong (ID_ThongTin, NguoiTaoDL) VALUES ('ce0a3d35-7f96-4511-82f7-d810a73b6ce6', N'Nguyễn Đình Tạo');
-- row: [1015]);
INSERT INTO CovidChinhThuc.dbo.CaNhan (ID, HoTen, NgaySinh, CMND, SinhNam, DiaChi, IDPhuongXa, IDQuanHuyen, SoKhaiSinh, NguoiTaoDL) VALUES ('9b199b4f-b1aa-44db-987b-16b78f0e7629', N'Trần Thị Cúc', '1948-01-01', '210936703', 1948, N'An Vinh 1', 101, 7, NULL, N'Nguyễn Đình Tạo');
INSERT INTO CovidChinhThuc.dbo.ThongTinHoTro (ID, IDNoiDung, IDDoiTuong, IDCaNhan, NguoiTaoDL) VALUES ('38f251de-9fb5-4667-9acc-47bac3a990ec', 6, 'EDE2F0CC-2376-438A-B5FB-FACD867E38EF', '9b199b4f-b1aa-44db-987b-16b78f0e7629', N'Nguyễn Đình Tạo');
INSERT INTO CovidChinhThuc.dbo.ChiTiet_NguoiCoCong (ID_ThongTin, NguoiTaoDL) VALUES ('38f251de-9fb5-4667-9acc-47bac3a990ec', N'Nguyễn Đình Tạo');
-- row: [1016]);
INSERT INTO CovidChinhThuc.dbo.CaNhan (ID, HoTen, NgaySinh, CMND, SinhNam, DiaChi, IDPhuongXa, IDQuanHuyen, SoKhaiSinh, NguoiTaoDL) VALUES ('9a641c6f-3e2b-4ca3-9ad3-bb11f20047cc', N'Trần Thị Điểm', '1936-01-01', '210879026', 1936, N'Nhơn thuận', 101, 7, NULL, N'Nguyễn Đình Tạo');
INSERT INTO CovidChinhThuc.dbo.ThongTinHoTro (ID, IDNoiDung, IDDoiTuong, IDCaNhan, NguoiTaoDL) VALUES ('f8bb0560-1306-472f-a77d-e4735349e26a', 6, 'EDE2F0CC-2376-438A-B5FB-FACD867E38EF', '9a641c6f-3e2b-4ca3-9ad3-bb11f20047cc', N'Nguyễn Đình Tạo');
INSERT INTO CovidChinhThuc.dbo.ChiTiet_NguoiCoCong (ID_ThongTin, NguoiTaoDL) VALUES ('f8bb0560-1306-472f-a77d-e4735349e26a', N'Nguyễn Đình Tạo');
-- row: [1017]);
INSERT INTO CovidChinhThuc.dbo.CaNhan (ID, HoTen, NgaySinh, CMND, SinhNam, DiaChi, IDPhuongXa, IDQuanHuyen, SoKhaiSinh, NguoiTaoDL) VALUES ('2e956e37-69c6-445a-a554-8b2b14433d2b', N'Trần Thị Hương', '1932-01-01', '210877606', 1932, N'An Vinh 1', 101, 7, NULL, N'Nguyễn Đình Tạo');
INSERT INTO CovidChinhThuc.dbo.ThongTinHoTro (ID, IDNoiDung, IDDoiTuong, IDCaNhan, NguoiTaoDL) VALUES ('557ab652-8439-4849-aa95-cfaf7b3bce4f', 6, '3A65F299-2EFA-4982-BF70-81D7B5024935', '2e956e37-69c6-445a-a554-8b2b14433d2b', N'Nguyễn Đình Tạo');
INSERT INTO CovidChinhThuc.dbo.ChiTiet_NguoiCoCong (ID_ThongTin, NguoiTaoDL) VALUES ('557ab652-8439-4849-aa95-cfaf7b3bce4f', N'Nguyễn Đình Tạo');
-- row: [1018]);
INSERT INTO CovidChinhThuc.dbo.CaNhan (ID, HoTen, NgaySinh, CMND, SinhNam, DiaChi, IDPhuongXa, IDQuanHuyen, SoKhaiSinh, NguoiTaoDL) VALUES ('c24a5dfe-d26b-4674-9da1-ef97eac4a298', N'Trần Thị Ký', '1935-01-01', '210878773', 1935, N'Nhơn thuận', 101, 7, NULL, N'Nguyễn Đình Tạo');
INSERT INTO CovidChinhThuc.dbo.ThongTinHoTro (ID, IDNoiDung, IDDoiTuong, IDCaNhan, NguoiTaoDL) VALUES ('94ca82a2-19f2-4fb9-8da6-f08da263740a', 6, 'EDE2F0CC-2376-438A-B5FB-FACD867E38EF', 'c24a5dfe-d26b-4674-9da1-ef97eac4a298', N'Nguyễn Đình Tạo');
INSERT INTO CovidChinhThuc.dbo.ChiTiet_NguoiCoCong (ID_ThongTin, NguoiTaoDL) VALUES ('94ca82a2-19f2-4fb9-8da6-f08da263740a', N'Nguyễn Đình Tạo');
-- row: [1019]);
INSERT INTO CovidChinhThuc.dbo.CaNhan (ID, HoTen, NgaySinh, CMND, SinhNam, DiaChi, IDPhuongXa, IDQuanHuyen, SoKhaiSinh, NguoiTaoDL) VALUES ('4053c847-00ea-48d3-a93e-2bffded3a21f', N'Trần Thị Long', '1933-01-01', '210877365', 1933, N'An Vinh 1', 101, 7, NULL, N'Nguyễn Đình Tạo');
INSERT INTO CovidChinhThuc.dbo.ThongTinHoTro (ID, IDNoiDung, IDDoiTuong, IDCaNhan, NguoiTaoDL) VALUES ('a94bacc9-ac9d-466d-b06c-aab36eb70bf8', 6, '3A65F299-2EFA-4982-BF70-81D7B5024935', '4053c847-00ea-48d3-a93e-2bffded3a21f', N'Nguyễn Đình Tạo');
INSERT INTO CovidChinhThuc.dbo.ChiTiet_NguoiCoCong (ID_ThongTin, NguoiTaoDL) VALUES ('a94bacc9-ac9d-466d-b06c-aab36eb70bf8', N'Nguyễn Đình Tạo');
-- row: [1020]);
INSERT INTO CovidChinhThuc.dbo.CaNhan (ID, HoTen, NgaySinh, CMND, SinhNam, DiaChi, IDPhuongXa, IDQuanHuyen, SoKhaiSinh, NguoiTaoDL) VALUES ('51ef0425-39df-4920-bc83-591b2e948043', N'Trần Thị Nhẫn ( Dẫn)', '1920-01-01', NULL, 1920, N'Bính Đức', 101, 7, NULL, N'Nguyễn Đình Tạo');
INSERT INTO CovidChinhThuc.dbo.ThongTinHoTro (ID, IDNoiDung, IDDoiTuong, IDCaNhan, NguoiTaoDL) VALUES ('ba26bd69-4668-41b2-8023-4e04ea146fa9', 6, '3A65F299-2EFA-4982-BF70-81D7B5024935', '51ef0425-39df-4920-bc83-591b2e948043', N'Nguyễn Đình Tạo');
INSERT INTO CovidChinhThuc.dbo.ChiTiet_NguoiCoCong (ID_ThongTin, NguoiTaoDL) VALUES ('ba26bd69-4668-41b2-8023-4e04ea146fa9', N'Nguyễn Đình Tạo');
-- row: [1021]);
INSERT INTO CovidChinhThuc.dbo.CaNhan (ID, HoTen, NgaySinh, CMND, SinhNam, DiaChi, IDPhuongXa, IDQuanHuyen, SoKhaiSinh, NguoiTaoDL) VALUES ('a422dd11-e104-45e3-8c01-fd601b923d07', N'Trần Thị Thanh', '1955-01-01', '210877677', 1955, N'An Vinh 1', 101, 7, NULL, N'Nguyễn Đình Tạo');
INSERT INTO CovidChinhThuc.dbo.ThongTinHoTro (ID, IDNoiDung, IDDoiTuong, IDCaNhan, NguoiTaoDL) VALUES ('a73693b0-1365-42d6-b93d-e60406d924a6', 6, '78AC3F79-5C50-4ACB-B626-E51ED3D4E8E5', 'a422dd11-e104-45e3-8c01-fd601b923d07', N'Nguyễn Đình Tạo');
INSERT INTO CovidChinhThuc.dbo.ChiTiet_NguoiCoCong (ID_ThongTin, NguoiTaoDL) VALUES ('a73693b0-1365-42d6-b93d-e60406d924a6', N'Nguyễn Đình Tạo');
-- row: [1022]);
INSERT INTO CovidChinhThuc.dbo.CaNhan (ID, HoTen, NgaySinh, CMND, SinhNam, DiaChi, IDPhuongXa, IDQuanHuyen, SoKhaiSinh, NguoiTaoDL) VALUES ('da850886-d985-4d1e-b4e1-610aa1d6125e', N'Trần Thị Yến', '1930-01-01', '210878327', 1930, N'An Vinh 2', 101, 7, NULL, N'Nguyễn Đình Tạo');
INSERT INTO CovidChinhThuc.dbo.ThongTinHoTro (ID, IDNoiDung, IDDoiTuong, IDCaNhan, NguoiTaoDL) VALUES ('13a9073a-f499-439e-9ed5-c9d63b47d85f', 6, 'EDE2F0CC-2376-438A-B5FB-FACD867E38EF', 'da850886-d985-4d1e-b4e1-610aa1d6125e', N'Nguyễn Đình Tạo');
INSERT INTO CovidChinhThuc.dbo.ChiTiet_NguoiCoCong (ID_ThongTin, NguoiTaoDL) VALUES ('13a9073a-f499-439e-9ed5-c9d63b47d85f', N'Nguyễn Đình Tạo');
-- row: [1023]);
INSERT INTO CovidChinhThuc.dbo.CaNhan (ID, HoTen, NgaySinh, CMND, SinhNam, DiaChi, IDPhuongXa, IDQuanHuyen, SoKhaiSinh, NguoiTaoDL) VALUES ('b5eb97a8-90e3-4de6-a890-de1de8a54c1b', N'Trần Trung Thành', '1959-01-01', '211052306', 1959, N'An Vinh 1', 101, 7, NULL, N'Nguyễn Đình Tạo');
INSERT INTO CovidChinhThuc.dbo.ThongTinHoTro (ID, IDNoiDung, IDDoiTuong, IDCaNhan, NguoiTaoDL) VALUES ('eb0e68c2-2073-407c-8dc3-cb0c1cd7494d', 6, 'EDE2F0CC-2376-438A-B5FB-FACD867E38EF', 'b5eb97a8-90e3-4de6-a890-de1de8a54c1b', N'Nguyễn Đình Tạo');
INSERT INTO CovidChinhThuc.dbo.ChiTiet_NguoiCoCong (ID_ThongTin, NguoiTaoDL) VALUES ('eb0e68c2-2073-407c-8dc3-cb0c1cd7494d', N'Nguyễn Đình Tạo');
-- row: [1024]);
INSERT INTO CovidChinhThuc.dbo.CaNhan (ID, HoTen, NgaySinh, CMND, SinhNam, DiaChi, IDPhuongXa, IDQuanHuyen, SoKhaiSinh, NguoiTaoDL) VALUES ('8ba543fe-a756-48ca-be92-f72723668859', N'Trần Văn Thành', '1999-01-01', '211763019', 1999, N'An Vinh 1', 101, 7, NULL, N'Nguyễn Đình Tạo');
INSERT INTO CovidChinhThuc.dbo.ThongTinHoTro (ID, IDNoiDung, IDDoiTuong, IDCaNhan, NguoiTaoDL) VALUES ('d886b768-0406-4082-bb17-7aacde546ae7', 6, 'E4E24DC6-98AE-4685-985D-47C0B48DD6FD', '8ba543fe-a756-48ca-be92-f72723668859', N'Nguyễn Đình Tạo');
INSERT INTO CovidChinhThuc.dbo.ChiTiet_NguoiCoCong (ID_ThongTin, NguoiTaoDL) VALUES ('d886b768-0406-4082-bb17-7aacde546ae7', N'Nguyễn Đình Tạo');
-- row: [1025]);
INSERT INTO CovidChinhThuc.dbo.CaNhan (ID, HoTen, NgaySinh, CMND, SinhNam, DiaChi, IDPhuongXa, IDQuanHuyen, SoKhaiSinh, NguoiTaoDL) VALUES ('865bf7e2-369d-4f28-ad86-c9872286365b', N'Trần Xuân Hoàng', '1938-01-01', '210878286', 1938, N'An Vinh 2', 101, 7, NULL, N'Nguyễn Đình Tạo');
INSERT INTO CovidChinhThuc.dbo.ThongTinHoTro (ID, IDNoiDung, IDDoiTuong, IDCaNhan, NguoiTaoDL) VALUES ('b0d8f647-9cf9-43ea-afc8-eeaee211202e', 6, 'EDE2F0CC-2376-438A-B5FB-FACD867E38EF', '865bf7e2-369d-4f28-ad86-c9872286365b', N'Nguyễn Đình Tạo');
INSERT INTO CovidChinhThuc.dbo.ChiTiet_NguoiCoCong (ID_ThongTin, NguoiTaoDL) VALUES ('b0d8f647-9cf9-43ea-afc8-eeaee211202e', N'Nguyễn Đình Tạo');
-- row: [1026]);
INSERT INTO CovidChinhThuc.dbo.CaNhan (ID, HoTen, NgaySinh, CMND, SinhNam, DiaChi, IDPhuongXa, IDQuanHuyen, SoKhaiSinh, NguoiTaoDL) VALUES ('702a3fee-7e4a-4d0a-acff-428a1008b7d5', N'Trương Thị Gái', '1930-01-01', '210878804', 1930, N'Nhơn thuận', 101, 7, NULL, N'Nguyễn Đình Tạo');
INSERT INTO CovidChinhThuc.dbo.ThongTinHoTro (ID, IDNoiDung, IDDoiTuong, IDCaNhan, NguoiTaoDL) VALUES ('d6e6d875-ffde-4eae-b524-96b1a521edd7', 6, '3A65F299-2EFA-4982-BF70-81D7B5024935', '702a3fee-7e4a-4d0a-acff-428a1008b7d5', N'Nguyễn Đình Tạo');
INSERT INTO CovidChinhThuc.dbo.ChiTiet_NguoiCoCong (ID_ThongTin, NguoiTaoDL) VALUES ('d6e6d875-ffde-4eae-b524-96b1a521edd7', N'Nguyễn Đình Tạo');
-- row: [1027]);
INSERT INTO CovidChinhThuc.dbo.CaNhan (ID, HoTen, NgaySinh, CMND, SinhNam, DiaChi, IDPhuongXa, IDQuanHuyen, SoKhaiSinh, NguoiTaoDL) VALUES ('a1173555-ac56-44c5-8e01-ad6290c09761', N'Văn Thị Hữu Vân', '1999-01-01', '215470309', 1999, N'An Vinh 1', 101, 7, NULL, N'Nguyễn Đình Tạo');
INSERT INTO CovidChinhThuc.dbo.ThongTinHoTro (ID, IDNoiDung, IDDoiTuong, IDCaNhan, NguoiTaoDL) VALUES ('dee1e611-c87d-4642-bfdf-9fbccd5b965c', 6, 'E4E24DC6-98AE-4685-985D-47C0B48DD6FD', 'a1173555-ac56-44c5-8e01-ad6290c09761', N'Nguyễn Đình Tạo');
INSERT INTO CovidChinhThuc.dbo.ChiTiet_NguoiCoCong (ID_ThongTin, NguoiTaoDL) VALUES ('dee1e611-c87d-4642-bfdf-9fbccd5b965c', N'Nguyễn Đình Tạo');
-- row: [1028]);
INSERT INTO CovidChinhThuc.dbo.CaNhan (ID, HoTen, NgaySinh, CMND, SinhNam, DiaChi, IDPhuongXa, IDQuanHuyen, SoKhaiSinh, NguoiTaoDL) VALUES ('e900b2e0-b2e9-4bbc-90bc-8f698efe6992', N'Văn Xuân Hải', '1957-01-01', '210037964', 1957, N'An Vinh 1', 101, 7, NULL, N'Nguyễn Đình Tạo');
INSERT INTO CovidChinhThuc.dbo.ThongTinHoTro (ID, IDNoiDung, IDDoiTuong, IDCaNhan, NguoiTaoDL) VALUES ('91250f51-5291-4721-a2cc-365f62082403', 6, 'EDE2F0CC-2376-438A-B5FB-FACD867E38EF', 'e900b2e0-b2e9-4bbc-90bc-8f698efe6992', N'Nguyễn Đình Tạo');
INSERT INTO CovidChinhThuc.dbo.ChiTiet_NguoiCoCong (ID_ThongTin, NguoiTaoDL) VALUES ('91250f51-5291-4721-a2cc-365f62082403', N'Nguyễn Đình Tạo');
-- row: [1029]);
INSERT INTO CovidChinhThuc.dbo.CaNhan (ID, HoTen, NgaySinh, CMND, SinhNam, DiaChi, IDPhuongXa, IDQuanHuyen, SoKhaiSinh, NguoiTaoDL) VALUES ('800893b3-5010-42c1-9d53-9e4878048a0d', N'Võ Thanh Ân', '1937-01-01', '210729106', 1937, N'Bính Đức', 101, 7, NULL, N'Nguyễn Đình Tạo');
INSERT INTO CovidChinhThuc.dbo.ThongTinHoTro (ID, IDNoiDung, IDDoiTuong, IDCaNhan, NguoiTaoDL) VALUES ('8cf03441-6e6a-4f8d-810d-05fe00c5201d', 6, 'EDE2F0CC-2376-438A-B5FB-FACD867E38EF', '800893b3-5010-42c1-9d53-9e4878048a0d', N'Nguyễn Đình Tạo');
INSERT INTO CovidChinhThuc.dbo.ChiTiet_NguoiCoCong (ID_ThongTin, NguoiTaoDL) VALUES ('8cf03441-6e6a-4f8d-810d-05fe00c5201d', N'Nguyễn Đình Tạo');
-- row: [1030]);
INSERT INTO CovidChinhThuc.dbo.CaNhan (ID, HoTen, NgaySinh, CMND, SinhNam, DiaChi, IDPhuongXa, IDQuanHuyen, SoKhaiSinh, NguoiTaoDL) VALUES ('3aa986c4-255a-40e4-9188-a618c25bb76c', N'Võ Thị Hạnh', '1954-01-01', '210878134', 1954, N'An Vinh 2', 101, 7, NULL, N'Nguyễn Đình Tạo');
INSERT INTO CovidChinhThuc.dbo.ThongTinHoTro (ID, IDNoiDung, IDDoiTuong, IDCaNhan, NguoiTaoDL) VALUES ('e883e3ad-f1df-4cf6-8d0b-76a61aaae9c9', 6, 'EDE2F0CC-2376-438A-B5FB-FACD867E38EF', '3aa986c4-255a-40e4-9188-a618c25bb76c', N'Nguyễn Đình Tạo');
INSERT INTO CovidChinhThuc.dbo.ChiTiet_NguoiCoCong (ID_ThongTin, NguoiTaoDL) VALUES ('e883e3ad-f1df-4cf6-8d0b-76a61aaae9c9', N'Nguyễn Đình Tạo');
-- row: [1031]);
INSERT INTO CovidChinhThuc.dbo.CaNhan (ID, HoTen, NgaySinh, CMND, SinhNam, DiaChi, IDPhuongXa, IDQuanHuyen, SoKhaiSinh, NguoiTaoDL) VALUES ('9cb8743a-c2d2-4448-81a8-f0bfff657baa', N'Võ Thị Liễu', '1960-01-01', '211181344', 1960, N'Bính Đức', 101, 7, NULL, N'Nguyễn Đình Tạo');
INSERT INTO CovidChinhThuc.dbo.ThongTinHoTro (ID, IDNoiDung, IDDoiTuong, IDCaNhan, NguoiTaoDL) VALUES ('7984e9b3-d14c-4410-84cd-c81e47e237cf', 6, '3A65F299-2EFA-4982-BF70-81D7B5024935', '9cb8743a-c2d2-4448-81a8-f0bfff657baa', N'Nguyễn Đình Tạo');
INSERT INTO CovidChinhThuc.dbo.ChiTiet_NguoiCoCong (ID_ThongTin, NguoiTaoDL) VALUES ('7984e9b3-d14c-4410-84cd-c81e47e237cf', N'Nguyễn Đình Tạo');
-- row: [1032]);
INSERT INTO CovidChinhThuc.dbo.CaNhan (ID, HoTen, NgaySinh, CMND, SinhNam, DiaChi, IDPhuongXa, IDQuanHuyen, SoKhaiSinh, NguoiTaoDL) VALUES ('d5df28d1-d4e0-431d-835f-cbc224644179', N'Võ Thị Mười', '1947-01-01', '210677881', 1947, N'Nhơn thuận', 101, 7, NULL, N'Nguyễn Đình Tạo');
INSERT INTO CovidChinhThuc.dbo.ThongTinHoTro (ID, IDNoiDung, IDDoiTuong, IDCaNhan, NguoiTaoDL) VALUES ('6e1958dc-52c4-4b28-9a54-04a7fb2971e1', 6, '78AC3F79-5C50-4ACB-B626-E51ED3D4E8E5', 'd5df28d1-d4e0-431d-835f-cbc224644179', N'Nguyễn Đình Tạo');
INSERT INTO CovidChinhThuc.dbo.ChiTiet_NguoiCoCong (ID_ThongTin, NguoiTaoDL) VALUES ('6e1958dc-52c4-4b28-9a54-04a7fb2971e1', N'Nguyễn Đình Tạo');
-- row: [1033]);
INSERT INTO CovidChinhThuc.dbo.CaNhan (ID, HoTen, NgaySinh, CMND, SinhNam, DiaChi, IDPhuongXa, IDQuanHuyen, SoKhaiSinh, NguoiTaoDL) VALUES ('e3edc1b2-e4fd-4463-9e16-23325b655652', N'Võ Tòng', '1937-01-01', '210878281', 1937, N'An Vinh 2', 101, 7, NULL, N'Nguyễn Đình Tạo');
INSERT INTO CovidChinhThuc.dbo.ThongTinHoTro (ID, IDNoiDung, IDDoiTuong, IDCaNhan, NguoiTaoDL) VALUES ('9f446819-8f02-4ca8-921c-04f21d82d0fe', 6, 'EDE2F0CC-2376-438A-B5FB-FACD867E38EF', 'e3edc1b2-e4fd-4463-9e16-23325b655652', N'Nguyễn Đình Tạo');
INSERT INTO CovidChinhThuc.dbo.ChiTiet_NguoiCoCong (ID_ThongTin, NguoiTaoDL) VALUES ('9f446819-8f02-4ca8-921c-04f21d82d0fe', N'Nguyễn Đình Tạo');
-- row: [1034]);
INSERT INTO CovidChinhThuc.dbo.CaNhan (ID, HoTen, NgaySinh, CMND, SinhNam, DiaChi, IDPhuongXa, IDQuanHuyen, SoKhaiSinh, NguoiTaoDL) VALUES ('dbea3a57-6185-458d-a0f8-f5bf8a445c47', N'Võ Văn Dự', '1966-01-01', '211052120', 1966, N'Bính Đức', 101, 7, NULL, N'Nguyễn Đình Tạo');
INSERT INTO CovidChinhThuc.dbo.ThongTinHoTro (ID, IDNoiDung, IDDoiTuong, IDCaNhan, NguoiTaoDL) VALUES ('fc083fae-0c8f-44ef-8e59-9df3d8dc0db8', 6, 'EDE2F0CC-2376-438A-B5FB-FACD867E38EF', 'dbea3a57-6185-458d-a0f8-f5bf8a445c47', N'Nguyễn Đình Tạo');
INSERT INTO CovidChinhThuc.dbo.ChiTiet_NguoiCoCong (ID_ThongTin, NguoiTaoDL) VALUES ('fc083fae-0c8f-44ef-8e59-9df3d8dc0db8', N'Nguyễn Đình Tạo');
-- row: [1035]);
INSERT INTO CovidChinhThuc.dbo.CaNhan (ID, HoTen, NgaySinh, CMND, SinhNam, DiaChi, IDPhuongXa, IDQuanHuyen, SoKhaiSinh, NguoiTaoDL) VALUES ('fbf92b8f-e32d-4adf-9db8-59ff42ecd75b', N'Bùi Thị Băng', '1940-01-01', '210729523', 1940, N'Mỹ Đức', 97, 7, NULL, N'Nguyễn Đình Tạo');
INSERT INTO CovidChinhThuc.dbo.ThongTinHoTro (ID, IDNoiDung, IDDoiTuong, IDCaNhan, NguoiTaoDL) VALUES ('17cd135c-ada0-4b6b-b40c-da41352aed06', 6, '3A65F299-2EFA-4982-BF70-81D7B5024935', 'fbf92b8f-e32d-4adf-9db8-59ff42ecd75b', N'Nguyễn Đình Tạo');
INSERT INTO CovidChinhThuc.dbo.ChiTiet_NguoiCoCong (ID_ThongTin, NguoiTaoDL) VALUES ('17cd135c-ada0-4b6b-b40c-da41352aed06', N'Nguyễn Đình Tạo');
-- row: [1036]);
INSERT INTO CovidChinhThuc.dbo.CaNhan (ID, HoTen, NgaySinh, CMND, SinhNam, DiaChi, IDPhuongXa, IDQuanHuyen, SoKhaiSinh, NguoiTaoDL) VALUES ('3f297002-93fa-45be-8635-22709bcb3203', N'Châu Thị Mười', '1927-01-01', '210848205', 1927, N'Đại Chí', 97, 7, NULL, N'Nguyễn Đình Tạo');
INSERT INTO CovidChinhThuc.dbo.ThongTinHoTro (ID, IDNoiDung, IDDoiTuong, IDCaNhan, NguoiTaoDL) VALUES ('522cead6-0a30-47c9-807e-3ccd1ff3af19', 6, '3A65F299-2EFA-4982-BF70-81D7B5024935', '3f297002-93fa-45be-8635-22709bcb3203', N'Nguyễn Đình Tạo');
INSERT INTO CovidChinhThuc.dbo.ChiTiet_NguoiCoCong (ID_ThongTin, NguoiTaoDL) VALUES ('522cead6-0a30-47c9-807e-3ccd1ff3af19', N'Nguyễn Đình Tạo');
-- row: [1037]);
INSERT INTO CovidChinhThuc.dbo.CaNhan (ID, HoTen, NgaySinh, CMND, SinhNam, DiaChi, IDPhuongXa, IDQuanHuyen, SoKhaiSinh, NguoiTaoDL) VALUES ('254628c4-ffbe-48c5-82e9-1547f225b1fc', N'Đặng Minh Khê', '1936-01-01', '210729359', 1936, N'Mỹ Đức', 97, 7, NULL, N'Nguyễn Đình Tạo');
INSERT INTO CovidChinhThuc.dbo.ThongTinHoTro (ID, IDNoiDung, IDDoiTuong, IDCaNhan, NguoiTaoDL) VALUES ('70b2143c-cf87-452b-ba6c-5910dc6f1ec7', 6, 'EDE2F0CC-2376-438A-B5FB-FACD867E38EF', '254628c4-ffbe-48c5-82e9-1547f225b1fc', N'Nguyễn Đình Tạo');
INSERT INTO CovidChinhThuc.dbo.ChiTiet_NguoiCoCong (ID_ThongTin, NguoiTaoDL) VALUES ('70b2143c-cf87-452b-ba6c-5910dc6f1ec7', N'Nguyễn Đình Tạo');
-- row: [1038]);
INSERT INTO CovidChinhThuc.dbo.CaNhan (ID, HoTen, NgaySinh, CMND, SinhNam, DiaChi, IDPhuongXa, IDQuanHuyen, SoKhaiSinh, NguoiTaoDL) VALUES ('247805f7-6025-44f0-b181-22e7a6c185ef', N'Đặng Thành Suối', '1932-01-01', '210729642', 1932, N'Mỹ Đức', 97, 7, NULL, N'Nguyễn Đình Tạo');
INSERT INTO CovidChinhThuc.dbo.ThongTinHoTro (ID, IDNoiDung, IDDoiTuong, IDCaNhan, NguoiTaoDL) VALUES ('b580d0f0-7487-46ad-a3eb-7bceaf572374', 6, 'EDE2F0CC-2376-438A-B5FB-FACD867E38EF', '247805f7-6025-44f0-b181-22e7a6c185ef', N'Nguyễn Đình Tạo');
INSERT INTO CovidChinhThuc.dbo.ChiTiet_NguoiCoCong (ID_ThongTin, NguoiTaoDL) VALUES ('b580d0f0-7487-46ad-a3eb-7bceaf572374', N'Nguyễn Đình Tạo');
-- row: [1039]);
INSERT INTO CovidChinhThuc.dbo.CaNhan (ID, HoTen, NgaySinh, CMND, SinhNam, DiaChi, IDPhuongXa, IDQuanHuyen, SoKhaiSinh, NguoiTaoDL) VALUES ('3738fc9d-0e8f-4ae3-b46c-f7c231f85a38', N'Đặng Thành Thới', '1946-01-01', '211181221', 1946, N'Mỹ Đức', 97, 7, NULL, N'Nguyễn Đình Tạo');
INSERT INTO CovidChinhThuc.dbo.ThongTinHoTro (ID, IDNoiDung, IDDoiTuong, IDCaNhan, NguoiTaoDL) VALUES ('28962b2f-576f-4315-af9a-746de98b9d9c', 6, 'EDE2F0CC-2376-438A-B5FB-FACD867E38EF', '3738fc9d-0e8f-4ae3-b46c-f7c231f85a38', N'Nguyễn Đình Tạo');
INSERT INTO CovidChinhThuc.dbo.ChiTiet_NguoiCoCong (ID_ThongTin, NguoiTaoDL) VALUES ('28962b2f-576f-4315-af9a-746de98b9d9c', N'Nguyễn Đình Tạo');
-- row: [1040]);
INSERT INTO CovidChinhThuc.dbo.CaNhan (ID, HoTen, NgaySinh, CMND, SinhNam, DiaChi, IDPhuongXa, IDQuanHuyen, SoKhaiSinh, NguoiTaoDL) VALUES ('1cca867c-5db6-4243-840a-fa5bae6ef6d4', N'Đặng Thành Vĩnh', '1949-01-01', '210729632', 1949, N'Mỹ Đức', 97, 7, NULL, N'Nguyễn Đình Tạo');
INSERT INTO CovidChinhThuc.dbo.ThongTinHoTro (ID, IDNoiDung, IDDoiTuong, IDCaNhan, NguoiTaoDL) VALUES ('427373c4-485c-43b9-883c-31eafb215452', 6, 'EDE2F0CC-2376-438A-B5FB-FACD867E38EF', '1cca867c-5db6-4243-840a-fa5bae6ef6d4', N'Nguyễn Đình Tạo');
INSERT INTO CovidChinhThuc.dbo.ChiTiet_NguoiCoCong (ID_ThongTin, NguoiTaoDL) VALUES ('427373c4-485c-43b9-883c-31eafb215452', N'Nguyễn Đình Tạo');
-- row: [1041]);
INSERT INTO CovidChinhThuc.dbo.CaNhan (ID, HoTen, NgaySinh, CMND, SinhNam, DiaChi, IDPhuongXa, IDQuanHuyen, SoKhaiSinh, NguoiTaoDL) VALUES ('76419f27-48f8-4873-a09a-a5f904da2308', N'Đặng Thế Đa', '1954-01-01', '210729931', 1954, N'Mỹ Đức', 97, 7, NULL, N'Nguyễn Đình Tạo');
INSERT INTO CovidChinhThuc.dbo.ThongTinHoTro (ID, IDNoiDung, IDDoiTuong, IDCaNhan, NguoiTaoDL) VALUES ('b734b568-e001-4cae-bd01-87b611006fd2', 6, 'EDE2F0CC-2376-438A-B5FB-FACD867E38EF', '76419f27-48f8-4873-a09a-a5f904da2308', N'Nguyễn Đình Tạo');
INSERT INTO CovidChinhThuc.dbo.ChiTiet_NguoiCoCong (ID_ThongTin, NguoiTaoDL) VALUES ('b734b568-e001-4cae-bd01-87b611006fd2', N'Nguyễn Đình Tạo');
-- row: [1042]);
INSERT INTO CovidChinhThuc.dbo.CaNhan (ID, HoTen, NgaySinh, CMND, SinhNam, DiaChi, IDPhuongXa, IDQuanHuyen, SoKhaiSinh, NguoiTaoDL) VALUES ('9fc2c05e-79a7-4f67-84a5-133c0b0620c9', N'Đặng Vĩnh Hùng', '1966-01-01', '211052269', 1966, N'Mỹ Đức', 97, 7, NULL, N'Nguyễn Đình Tạo');
INSERT INTO CovidChinhThuc.dbo.ThongTinHoTro (ID, IDNoiDung, IDDoiTuong, IDCaNhan, NguoiTaoDL) VALUES ('c566c636-131d-4788-ac7d-bc5be30ea8a9', 6, 'EDE2F0CC-2376-438A-B5FB-FACD867E38EF', '9fc2c05e-79a7-4f67-84a5-133c0b0620c9', N'Nguyễn Đình Tạo');
INSERT INTO CovidChinhThuc.dbo.ChiTiet_NguoiCoCong (ID_ThongTin, NguoiTaoDL) VALUES ('c566c636-131d-4788-ac7d-bc5be30ea8a9', N'Nguyễn Đình Tạo');
-- row: [1043]);
INSERT INTO CovidChinhThuc.dbo.CaNhan (ID, HoTen, NgaySinh, CMND, SinhNam, DiaChi, IDPhuongXa, IDQuanHuyen, SoKhaiSinh, NguoiTaoDL) VALUES ('bb9cffce-2872-43e0-aab5-37a32d9d431f', N'Bùi Thị Khương', '1950-01-01', '210729606', 1950, N'Mỹ Đức', 97, 7, NULL, N'Nguyễn Đình Tạo');
INSERT INTO CovidChinhThuc.dbo.ThongTinHoTro (ID, IDNoiDung, IDDoiTuong, IDCaNhan, NguoiTaoDL) VALUES ('d740f518-1abd-4c59-91e0-07cfc227eb3d', 6, 'EDE2F0CC-2376-438A-B5FB-FACD867E38EF', 'bb9cffce-2872-43e0-aab5-37a32d9d431f', N'Nguyễn Đình Tạo');
INSERT INTO CovidChinhThuc.dbo.ChiTiet_NguoiCoCong (ID_ThongTin, NguoiTaoDL) VALUES ('d740f518-1abd-4c59-91e0-07cfc227eb3d', N'Nguyễn Đình Tạo');
-- row: [1044]);
INSERT INTO CovidChinhThuc.dbo.CaNhan (ID, HoTen, NgaySinh, CMND, SinhNam, DiaChi, IDPhuongXa, IDQuanHuyen, SoKhaiSinh, NguoiTaoDL) VALUES ('d4239ac5-8432-4375-b1ad-59e8710dbc5a', N'Hồ Đức Tuấn', '1941-01-01', '210728078', 1941, N'Trà Sơn', 97, 7, NULL, N'Nguyễn Đình Tạo');
INSERT INTO CovidChinhThuc.dbo.ThongTinHoTro (ID, IDNoiDung, IDDoiTuong, IDCaNhan, NguoiTaoDL) VALUES ('13f2eff6-bf54-496b-9afd-11be29274ac3', 6, 'EDE2F0CC-2376-438A-B5FB-FACD867E38EF', 'd4239ac5-8432-4375-b1ad-59e8710dbc5a', N'Nguyễn Đình Tạo');
INSERT INTO CovidChinhThuc.dbo.ChiTiet_NguoiCoCong (ID_ThongTin, NguoiTaoDL) VALUES ('13f2eff6-bf54-496b-9afd-11be29274ac3', N'Nguyễn Đình Tạo');
-- row: [1045]);
INSERT INTO CovidChinhThuc.dbo.CaNhan (ID, HoTen, NgaySinh, CMND, SinhNam, DiaChi, IDPhuongXa, IDQuanHuyen, SoKhaiSinh, NguoiTaoDL) VALUES ('6cb64cc1-4608-4a49-9beb-5006a3f17276', N'Hồ Thị Yến', '1932-01-01', '210128157', 1932, N'Háo Nghĩa', 97, 7, NULL, N'Nguyễn Đình Tạo');
INSERT INTO CovidChinhThuc.dbo.ThongTinHoTro (ID, IDNoiDung, IDDoiTuong, IDCaNhan, NguoiTaoDL) VALUES ('88e305b9-981b-45d5-9f28-1804f8d09341', 6, 'EDE2F0CC-2376-438A-B5FB-FACD867E38EF', '6cb64cc1-4608-4a49-9beb-5006a3f17276', N'Nguyễn Đình Tạo');
INSERT INTO CovidChinhThuc.dbo.ChiTiet_NguoiCoCong (ID_ThongTin, NguoiTaoDL) VALUES ('88e305b9-981b-45d5-9f28-1804f8d09341', N'Nguyễn Đình Tạo');
-- row: [1046]);
INSERT INTO CovidChinhThuc.dbo.CaNhan (ID, HoTen, NgaySinh, CMND, SinhNam, DiaChi, IDPhuongXa, IDQuanHuyen, SoKhaiSinh, NguoiTaoDL) VALUES ('b6e49313-4121-4bec-868a-7fbbda767dae', N'Hồ Xuân Anh', '1951-01-01', '210722815', 1951, N'Mỹ Đức', 97, 7, NULL, N'Nguyễn Đình Tạo');
INSERT INTO CovidChinhThuc.dbo.ThongTinHoTro (ID, IDNoiDung, IDDoiTuong, IDCaNhan, NguoiTaoDL) VALUES ('f778a953-388f-4dfa-8da2-a46f28b541a3', 6, 'EDE2F0CC-2376-438A-B5FB-FACD867E38EF', 'b6e49313-4121-4bec-868a-7fbbda767dae', N'Nguyễn Đình Tạo');
INSERT INTO CovidChinhThuc.dbo.ChiTiet_NguoiCoCong (ID_ThongTin, NguoiTaoDL) VALUES ('f778a953-388f-4dfa-8da2-a46f28b541a3', N'Nguyễn Đình Tạo');
-- row: [1047]);
INSERT INTO CovidChinhThuc.dbo.CaNhan (ID, HoTen, NgaySinh, CMND, SinhNam, DiaChi, IDPhuongXa, IDQuanHuyen, SoKhaiSinh, NguoiTaoDL) VALUES ('b2c51a17-56f2-4727-ba33-1e64f8a24cc1', N'Huỳnh Thị Đấy', '1931-01-01', '210848069', 1931, N'Đại Chí', 97, 7, NULL, N'Nguyễn Đình Tạo');
INSERT INTO CovidChinhThuc.dbo.ThongTinHoTro (ID, IDNoiDung, IDDoiTuong, IDCaNhan, NguoiTaoDL) VALUES ('6e3ee37b-3b88-4fa8-b084-3268baa49da2', 6, 'EDE2F0CC-2376-438A-B5FB-FACD867E38EF', 'b2c51a17-56f2-4727-ba33-1e64f8a24cc1', N'Nguyễn Đình Tạo');
INSERT INTO CovidChinhThuc.dbo.ChiTiet_NguoiCoCong (ID_ThongTin, NguoiTaoDL) VALUES ('6e3ee37b-3b88-4fa8-b084-3268baa49da2', N'Nguyễn Đình Tạo');
-- row: [1048]);
INSERT INTO CovidChinhThuc.dbo.CaNhan (ID, HoTen, NgaySinh, CMND, SinhNam, DiaChi, IDPhuongXa, IDQuanHuyen, SoKhaiSinh, NguoiTaoDL) VALUES ('2d25ef63-1209-4007-b4b6-3be69e310f78', N'Huỳnh Thị Hoa', '1945-01-01', '210848107', 1945, N'Đại Chí', 97, 7, NULL, N'Nguyễn Đình Tạo');
INSERT INTO CovidChinhThuc.dbo.ThongTinHoTro (ID, IDNoiDung, IDDoiTuong, IDCaNhan, NguoiTaoDL) VALUES ('9d4b8de7-9e05-4bbf-aa28-131d612f7bd1', 6, '3A65F299-2EFA-4982-BF70-81D7B5024935', '2d25ef63-1209-4007-b4b6-3be69e310f78', N'Nguyễn Đình Tạo');
INSERT INTO CovidChinhThuc.dbo.ChiTiet_NguoiCoCong (ID_ThongTin, NguoiTaoDL) VALUES ('9d4b8de7-9e05-4bbf-aa28-131d612f7bd1', N'Nguyễn Đình Tạo');
-- row: [1049]);
INSERT INTO CovidChinhThuc.dbo.CaNhan (ID, HoTen, NgaySinh, CMND, SinhNam, DiaChi, IDPhuongXa, IDQuanHuyen, SoKhaiSinh, NguoiTaoDL) VALUES ('a41d8f31-3c66-45e9-b266-55d3fc6ca33c', N'Huỳnh Thị Hoa', '1957-01-01', '211525787', 1957, N'Háo Nghĩa', 97, 7, NULL, N'Nguyễn Đình Tạo');
INSERT INTO CovidChinhThuc.dbo.ThongTinHoTro (ID, IDNoiDung, IDDoiTuong, IDCaNhan, NguoiTaoDL) VALUES ('47d5241f-40ed-418e-bee4-d05c22adec6a', 6, '3A65F299-2EFA-4982-BF70-81D7B5024935', 'a41d8f31-3c66-45e9-b266-55d3fc6ca33c', N'Nguyễn Đình Tạo');
INSERT INTO CovidChinhThuc.dbo.ChiTiet_NguoiCoCong (ID_ThongTin, NguoiTaoDL) VALUES ('47d5241f-40ed-418e-bee4-d05c22adec6a', N'Nguyễn Đình Tạo');
-- row: [1050]);
INSERT INTO CovidChinhThuc.dbo.CaNhan (ID, HoTen, NgaySinh, CMND, SinhNam, DiaChi, IDPhuongXa, IDQuanHuyen, SoKhaiSinh, NguoiTaoDL) VALUES ('a61ca902-111c-4f1c-a907-26c6de197678', N'Huỳnh Văn Tiến', '1944-01-01', '211660587', 1944, N'Trà Sơn', 97, 7, NULL, N'Nguyễn Đình Tạo');
INSERT INTO CovidChinhThuc.dbo.ThongTinHoTro (ID, IDNoiDung, IDDoiTuong, IDCaNhan, NguoiTaoDL) VALUES ('db919842-7d84-43f1-b225-b42846c04cee', 6, 'EDE2F0CC-2376-438A-B5FB-FACD867E38EF', 'a61ca902-111c-4f1c-a907-26c6de197678', N'Nguyễn Đình Tạo');
INSERT INTO CovidChinhThuc.dbo.ChiTiet_NguoiCoCong (ID_ThongTin, NguoiTaoDL) VALUES ('db919842-7d84-43f1-b225-b42846c04cee', N'Nguyễn Đình Tạo');
-- row: [1051]);
INSERT INTO CovidChinhThuc.dbo.CaNhan (ID, HoTen, NgaySinh, CMND, SinhNam, DiaChi, IDPhuongXa, IDQuanHuyen, SoKhaiSinh, NguoiTaoDL) VALUES ('ff56c8d7-cefb-41bf-ae7f-e69f142f4710', N'Huỳnh Văn Tòng', '1955-01-01', '211633306', 1955, N'Mỹ Đức', 97, 7, NULL, N'Nguyễn Đình Tạo');
INSERT INTO CovidChinhThuc.dbo.ThongTinHoTro (ID, IDNoiDung, IDDoiTuong, IDCaNhan, NguoiTaoDL) VALUES ('69965a46-3e85-4b34-a983-5dc3a8288fc1', 6, 'EDE2F0CC-2376-438A-B5FB-FACD867E38EF', 'ff56c8d7-cefb-41bf-ae7f-e69f142f4710', N'Nguyễn Đình Tạo');
INSERT INTO CovidChinhThuc.dbo.ChiTiet_NguoiCoCong (ID_ThongTin, NguoiTaoDL) VALUES ('69965a46-3e85-4b34-a983-5dc3a8288fc1', N'Nguyễn Đình Tạo');
-- row: [1052]);
INSERT INTO CovidChinhThuc.dbo.CaNhan (ID, HoTen, NgaySinh, CMND, SinhNam, DiaChi, IDPhuongXa, IDQuanHuyen, SoKhaiSinh, NguoiTaoDL) VALUES ('80e27778-30d3-4b17-b2d3-2f68156a8423', N'Huỳnh Văn Tổng', '1945-01-01', '210035637', 1945, N'Trà Sơn', 97, 7, NULL, N'Nguyễn Đình Tạo');
INSERT INTO CovidChinhThuc.dbo.ThongTinHoTro (ID, IDNoiDung, IDDoiTuong, IDCaNhan, NguoiTaoDL) VALUES ('611d4a25-7c85-4af3-9bf2-ac27b1125f11', 6, 'EDE2F0CC-2376-438A-B5FB-FACD867E38EF', '80e27778-30d3-4b17-b2d3-2f68156a8423', N'Nguyễn Đình Tạo');
INSERT INTO CovidChinhThuc.dbo.ChiTiet_NguoiCoCong (ID_ThongTin, NguoiTaoDL) VALUES ('611d4a25-7c85-4af3-9bf2-ac27b1125f11', N'Nguyễn Đình Tạo');
-- row: [1053]);
INSERT INTO CovidChinhThuc.dbo.CaNhan (ID, HoTen, NgaySinh, CMND, SinhNam, DiaChi, IDPhuongXa, IDQuanHuyen, SoKhaiSinh, NguoiTaoDL) VALUES ('35ff4f03-e28c-4291-bd49-c7b7dcdde9d2', N'Huỳnh Xuân Anh', '1952-01-01', '210728125', 1952, N'Mỹ Đức', 97, 7, NULL, N'Nguyễn Đình Tạo');
INSERT INTO CovidChinhThuc.dbo.ThongTinHoTro (ID, IDNoiDung, IDDoiTuong, IDCaNhan, NguoiTaoDL) VALUES ('83c0cf97-211c-46af-b1bc-7f7a80933a35', 6, 'EDE2F0CC-2376-438A-B5FB-FACD867E38EF', '35ff4f03-e28c-4291-bd49-c7b7dcdde9d2', N'Nguyễn Đình Tạo');
INSERT INTO CovidChinhThuc.dbo.ChiTiet_NguoiCoCong (ID_ThongTin, NguoiTaoDL) VALUES ('83c0cf97-211c-46af-b1bc-7f7a80933a35', N'Nguyễn Đình Tạo');
-- row: [1054]);
INSERT INTO CovidChinhThuc.dbo.CaNhan (ID, HoTen, NgaySinh, CMND, SinhNam, DiaChi, IDPhuongXa, IDQuanHuyen, SoKhaiSinh, NguoiTaoDL) VALUES ('25526556-2dff-4699-83bd-806f4ff1bc60', N'Huỳnh Văn Tùng', '1942-01-01', '210847870', 1942, N'Đại Chí', 97, 7, NULL, N'Nguyễn Đình Tạo');
INSERT INTO CovidChinhThuc.dbo.ThongTinHoTro (ID, IDNoiDung, IDDoiTuong, IDCaNhan, NguoiTaoDL) VALUES ('a48d092b-e84c-4aba-9a4f-c8f96a915326', 6, 'EDE2F0CC-2376-438A-B5FB-FACD867E38EF', '25526556-2dff-4699-83bd-806f4ff1bc60', N'Nguyễn Đình Tạo');
INSERT INTO CovidChinhThuc.dbo.ChiTiet_NguoiCoCong (ID_ThongTin, NguoiTaoDL) VALUES ('a48d092b-e84c-4aba-9a4f-c8f96a915326', N'Nguyễn Đình Tạo');
-- row: [1055]);
INSERT INTO CovidChinhThuc.dbo.CaNhan (ID, HoTen, NgaySinh, CMND, SinhNam, DiaChi, IDPhuongXa, IDQuanHuyen, SoKhaiSinh, NguoiTaoDL) VALUES ('3d0a5707-c739-4b1d-9496-e9228bdf80e6', N'Lâm Thành Long', '1972-01-01', '211390773', 1972, N'Mỹ Đức', 97, 7, NULL, N'Nguyễn Đình Tạo');
INSERT INTO CovidChinhThuc.dbo.ThongTinHoTro (ID, IDNoiDung, IDDoiTuong, IDCaNhan, NguoiTaoDL) VALUES ('2f7caf8a-f214-4859-b075-101a62bc6c5b', 6, 'EDE2F0CC-2376-438A-B5FB-FACD867E38EF', '3d0a5707-c739-4b1d-9496-e9228bdf80e6', N'Nguyễn Đình Tạo');
INSERT INTO CovidChinhThuc.dbo.ChiTiet_NguoiCoCong (ID_ThongTin, NguoiTaoDL) VALUES ('2f7caf8a-f214-4859-b075-101a62bc6c5b', N'Nguyễn Đình Tạo');
-- row: [1056]);
INSERT INTO CovidChinhThuc.dbo.CaNhan (ID, HoTen, NgaySinh, CMND, SinhNam, DiaChi, IDPhuongXa, IDQuanHuyen, SoKhaiSinh, NguoiTaoDL) VALUES ('ab7795cc-4b8f-42b6-a883-c4883e26b993', N'Lê Công Trạng', '1952-01-01', '210034429', 1952, N'Đại Chí', 97, 7, NULL, N'Nguyễn Đình Tạo');
INSERT INTO CovidChinhThuc.dbo.ThongTinHoTro (ID, IDNoiDung, IDDoiTuong, IDCaNhan, NguoiTaoDL) VALUES ('06acc503-9ff0-45a7-9dfa-907cbf0ed20d', 6, 'EDE2F0CC-2376-438A-B5FB-FACD867E38EF', 'ab7795cc-4b8f-42b6-a883-c4883e26b993', N'Nguyễn Đình Tạo');
INSERT INTO CovidChinhThuc.dbo.ChiTiet_NguoiCoCong (ID_ThongTin, NguoiTaoDL) VALUES ('06acc503-9ff0-45a7-9dfa-907cbf0ed20d', N'Nguyễn Đình Tạo');
-- row: [1057]);
INSERT INTO CovidChinhThuc.dbo.CaNhan (ID, HoTen, NgaySinh, CMND, SinhNam, DiaChi, IDPhuongXa, IDQuanHuyen, SoKhaiSinh, NguoiTaoDL) VALUES ('cd074a71-c233-473c-9967-22b4709cbd50', N'Lê Thị Bích', '1925-01-01', '210848359', 1925, N'Đại Chí', 97, 7, NULL, N'Nguyễn Đình Tạo');
INSERT INTO CovidChinhThuc.dbo.ThongTinHoTro (ID, IDNoiDung, IDDoiTuong, IDCaNhan, NguoiTaoDL) VALUES ('050e6e50-fa5b-4a64-9582-c98924e5e36a', 6, '3A65F299-2EFA-4982-BF70-81D7B5024935', 'cd074a71-c233-473c-9967-22b4709cbd50', N'Nguyễn Đình Tạo');
INSERT INTO CovidChinhThuc.dbo.ChiTiet_NguoiCoCong (ID_ThongTin, NguoiTaoDL) VALUES ('050e6e50-fa5b-4a64-9582-c98924e5e36a', N'Nguyễn Đình Tạo');
-- row: [1058]);
INSERT INTO CovidChinhThuc.dbo.CaNhan (ID, HoTen, NgaySinh, CMND, SinhNam, DiaChi, IDPhuongXa, IDQuanHuyen, SoKhaiSinh, NguoiTaoDL) VALUES ('a2902c19-6783-4e9c-9110-2b6681a861cd', N'Lê Thị Mai', '1938-01-01', '210728162', 1938, N'Háo Nghĩa', 97, 7, NULL, N'Nguyễn Đình Tạo');
INSERT INTO CovidChinhThuc.dbo.ThongTinHoTro (ID, IDNoiDung, IDDoiTuong, IDCaNhan, NguoiTaoDL) VALUES ('a40c5817-be95-4451-a393-c180ba328b1b', 6, 'EDE2F0CC-2376-438A-B5FB-FACD867E38EF', 'a2902c19-6783-4e9c-9110-2b6681a861cd', N'Nguyễn Đình Tạo');
INSERT INTO CovidChinhThuc.dbo.ChiTiet_NguoiCoCong (ID_ThongTin, NguoiTaoDL) VALUES ('a40c5817-be95-4451-a393-c180ba328b1b', N'Nguyễn Đình Tạo');
-- row: [1059]);
INSERT INTO CovidChinhThuc.dbo.CaNhan (ID, HoTen, NgaySinh, CMND, SinhNam, DiaChi, IDPhuongXa, IDQuanHuyen, SoKhaiSinh, NguoiTaoDL) VALUES ('01126591-f161-4c8c-a59b-cae90d90b302', N'Lê Văn Kỷ', '1956-01-01', '211390857', 1956, N'Đại Chí', 97, 7, NULL, N'Nguyễn Đình Tạo');
INSERT INTO CovidChinhThuc.dbo.ThongTinHoTro (ID, IDNoiDung, IDDoiTuong, IDCaNhan, NguoiTaoDL) VALUES ('d2b8a511-4f9e-42f2-8833-a034bbe2c06a', 6, 'EDE2F0CC-2376-438A-B5FB-FACD867E38EF', '01126591-f161-4c8c-a59b-cae90d90b302', N'Nguyễn Đình Tạo');
INSERT INTO CovidChinhThuc.dbo.ChiTiet_NguoiCoCong (ID_ThongTin, NguoiTaoDL) VALUES ('d2b8a511-4f9e-42f2-8833-a034bbe2c06a', N'Nguyễn Đình Tạo');
-- row: [1060]);
INSERT INTO CovidChinhThuc.dbo.CaNhan (ID, HoTen, NgaySinh, CMND, SinhNam, DiaChi, IDPhuongXa, IDQuanHuyen, SoKhaiSinh, NguoiTaoDL) VALUES ('fcfe1f02-84f8-40ba-9d02-3f165c2617b5', N'Ngô Thị Lịch', '1936-01-01', '210847948', 1936, N'Đại Chí', 97, 7, NULL, N'Nguyễn Đình Tạo');
INSERT INTO CovidChinhThuc.dbo.ThongTinHoTro (ID, IDNoiDung, IDDoiTuong, IDCaNhan, NguoiTaoDL) VALUES ('1083aa8d-a0a1-41c5-8c93-c05a013cc37d', 6, 'EDE2F0CC-2376-438A-B5FB-FACD867E38EF', 'fcfe1f02-84f8-40ba-9d02-3f165c2617b5', N'Nguyễn Đình Tạo');
INSERT INTO CovidChinhThuc.dbo.ChiTiet_NguoiCoCong (ID_ThongTin, NguoiTaoDL) VALUES ('1083aa8d-a0a1-41c5-8c93-c05a013cc37d', N'Nguyễn Đình Tạo');
-- row: [1061]);
INSERT INTO CovidChinhThuc.dbo.CaNhan (ID, HoTen, NgaySinh, CMND, SinhNam, DiaChi, IDPhuongXa, IDQuanHuyen, SoKhaiSinh, NguoiTaoDL) VALUES ('47647043-2e9b-45b4-abc9-8fdaf92d226c', N'Ngô Thị Nghĩa', '1936-01-01', '210264039', 1936, N'Mỹ Đức', 97, 7, NULL, N'Nguyễn Đình Tạo');
INSERT INTO CovidChinhThuc.dbo.ThongTinHoTro (ID, IDNoiDung, IDDoiTuong, IDCaNhan, NguoiTaoDL) VALUES ('f5a50e8a-1b73-4dcd-af9d-0f53994c998e', 6, '3A65F299-2EFA-4982-BF70-81D7B5024935', '47647043-2e9b-45b4-abc9-8fdaf92d226c', N'Nguyễn Đình Tạo');
INSERT INTO CovidChinhThuc.dbo.ChiTiet_NguoiCoCong (ID_ThongTin, NguoiTaoDL) VALUES ('f5a50e8a-1b73-4dcd-af9d-0f53994c998e', N'Nguyễn Đình Tạo');
-- row: [1062]);
INSERT INTO CovidChinhThuc.dbo.CaNhan (ID, HoTen, NgaySinh, CMND, SinhNam, DiaChi, IDPhuongXa, IDQuanHuyen, SoKhaiSinh, NguoiTaoDL) VALUES ('752319c4-dc04-4a1f-a3f6-b2f453adf6d6', N'Nguyễn Bụi', '1936-01-01', '210847366', 1936, N'Trà Sơn', 97, 7, NULL, N'Nguyễn Đình Tạo');
INSERT INTO CovidChinhThuc.dbo.ThongTinHoTro (ID, IDNoiDung, IDDoiTuong, IDCaNhan, NguoiTaoDL) VALUES ('1a03bd01-885f-4ee5-bbbe-29cdcffdb09e', 6, '3A65F299-2EFA-4982-BF70-81D7B5024935', '752319c4-dc04-4a1f-a3f6-b2f453adf6d6', N'Nguyễn Đình Tạo');
INSERT INTO CovidChinhThuc.dbo.ChiTiet_NguoiCoCong (ID_ThongTin, NguoiTaoDL) VALUES ('1a03bd01-885f-4ee5-bbbe-29cdcffdb09e', N'Nguyễn Đình Tạo');
-- row: [1063]);
INSERT INTO CovidChinhThuc.dbo.CaNhan (ID, HoTen, NgaySinh, CMND, SinhNam, DiaChi, IDPhuongXa, IDQuanHuyen, SoKhaiSinh, NguoiTaoDL) VALUES ('a8627c5f-bf6c-4d2b-9a5d-949e5db5c653', N'Nguyễn Nhiên', '1947-01-01', '210848109', 1947, N'Đại Chí', 97, 7, NULL, N'Nguyễn Đình Tạo');
INSERT INTO CovidChinhThuc.dbo.ThongTinHoTro (ID, IDNoiDung, IDDoiTuong, IDCaNhan, NguoiTaoDL) VALUES ('5f7a4d51-9508-4a43-83e2-d7bff8a11a36', 6, 'EDE2F0CC-2376-438A-B5FB-FACD867E38EF', 'a8627c5f-bf6c-4d2b-9a5d-949e5db5c653', N'Nguyễn Đình Tạo');
INSERT INTO CovidChinhThuc.dbo.ChiTiet_NguoiCoCong (ID_ThongTin, NguoiTaoDL) VALUES ('5f7a4d51-9508-4a43-83e2-d7bff8a11a36', N'Nguyễn Đình Tạo');
-- row: [1064]);
INSERT INTO CovidChinhThuc.dbo.CaNhan (ID, HoTen, NgaySinh, CMND, SinhNam, DiaChi, IDPhuongXa, IDQuanHuyen, SoKhaiSinh, NguoiTaoDL) VALUES ('d7b0a9b7-ec5a-4c71-8f53-d1c2300145d1', N'Nguyễn Phi Hổ', '1961-01-01', '210471141', 1961, N'Trà Sơn', 97, 7, NULL, N'Nguyễn Đình Tạo');
INSERT INTO CovidChinhThuc.dbo.ThongTinHoTro (ID, IDNoiDung, IDDoiTuong, IDCaNhan, NguoiTaoDL) VALUES ('d9bcb1fd-ef95-4ce3-a2af-88f999ca4e0d', 6, 'EDE2F0CC-2376-438A-B5FB-FACD867E38EF', 'd7b0a9b7-ec5a-4c71-8f53-d1c2300145d1', N'Nguyễn Đình Tạo');
INSERT INTO CovidChinhThuc.dbo.ChiTiet_NguoiCoCong (ID_ThongTin, NguoiTaoDL) VALUES ('d9bcb1fd-ef95-4ce3-a2af-88f999ca4e0d', N'Nguyễn Đình Tạo');
-- row: [1065]);
INSERT INTO CovidChinhThuc.dbo.CaNhan (ID, HoTen, NgaySinh, CMND, SinhNam, DiaChi, IDPhuongXa, IDQuanHuyen, SoKhaiSinh, NguoiTaoDL) VALUES ('fe738c70-49ea-4b55-ad54-39c4712a4e84', N'Nguyễn Thành Nhiên', '1952-01-01', '210729722', 1952, N'Mỹ Đức', 97, 7, NULL, N'Nguyễn Đình Tạo');
INSERT INTO CovidChinhThuc.dbo.ThongTinHoTro (ID, IDNoiDung, IDDoiTuong, IDCaNhan, NguoiTaoDL) VALUES ('168fdd26-8710-483d-9d2d-b0f0e29b5980', 6, 'EDE2F0CC-2376-438A-B5FB-FACD867E38EF', 'fe738c70-49ea-4b55-ad54-39c4712a4e84', N'Nguyễn Đình Tạo');
INSERT INTO CovidChinhThuc.dbo.ChiTiet_NguoiCoCong (ID_ThongTin, NguoiTaoDL) VALUES ('168fdd26-8710-483d-9d2d-b0f0e29b5980', N'Nguyễn Đình Tạo');
-- row: [1066]);
INSERT INTO CovidChinhThuc.dbo.CaNhan (ID, HoTen, NgaySinh, CMND, SinhNam, DiaChi, IDPhuongXa, IDQuanHuyen, SoKhaiSinh, NguoiTaoDL) VALUES ('080bd755-66c6-4774-ace2-a05b153ab4fb', N'Nguyễn Thị Chánh', '1944-01-01', '210848481', 1944, N'Trà Sơn', 97, 7, NULL, N'Nguyễn Đình Tạo');
INSERT INTO CovidChinhThuc.dbo.ThongTinHoTro (ID, IDNoiDung, IDDoiTuong, IDCaNhan, NguoiTaoDL) VALUES ('5d1a8f20-4f41-4b5e-8be8-5c813e13bb06', 6, '3A65F299-2EFA-4982-BF70-81D7B5024935', '080bd755-66c6-4774-ace2-a05b153ab4fb', N'Nguyễn Đình Tạo');
INSERT INTO CovidChinhThuc.dbo.ChiTiet_NguoiCoCong (ID_ThongTin, NguoiTaoDL) VALUES ('5d1a8f20-4f41-4b5e-8be8-5c813e13bb06', N'Nguyễn Đình Tạo');
-- row: [1067]);
INSERT INTO CovidChinhThuc.dbo.CaNhan (ID, HoTen, NgaySinh, CMND, SinhNam, DiaChi, IDPhuongXa, IDQuanHuyen, SoKhaiSinh, NguoiTaoDL) VALUES ('7be5225e-9e21-40e6-ad96-4aba3a1ff359', N'Nguyễn Thị Dĩa', '1920-01-01', '210847378', 1920, N'Trà Sơn', 97, 7, NULL, N'Nguyễn Đình Tạo');
INSERT INTO CovidChinhThuc.dbo.ThongTinHoTro (ID, IDNoiDung, IDDoiTuong, IDCaNhan, NguoiTaoDL) VALUES ('9632de4a-3ccd-4d93-a226-4acb5f064bd8', 6, '17FAD857-895C-48FB-88C0-B4B95B567C34', '7be5225e-9e21-40e6-ad96-4aba3a1ff359', N'Nguyễn Đình Tạo');
INSERT INTO CovidChinhThuc.dbo.ChiTiet_NguoiCoCong (ID_ThongTin, NguoiTaoDL) VALUES ('9632de4a-3ccd-4d93-a226-4acb5f064bd8', N'Nguyễn Đình Tạo');
-- row: [1068]);
INSERT INTO CovidChinhThuc.dbo.CaNhan (ID, HoTen, NgaySinh, CMND, SinhNam, DiaChi, IDPhuongXa, IDQuanHuyen, SoKhaiSinh, NguoiTaoDL) VALUES ('97c349ee-8890-494c-b5eb-08d3cbf0ac9c', N'Nguyễn Thị Định', '1956-01-01', '210728128', 1956, N'Háo Nghĩa', 97, 7, NULL, N'Nguyễn Đình Tạo');
INSERT INTO CovidChinhThuc.dbo.ThongTinHoTro (ID, IDNoiDung, IDDoiTuong, IDCaNhan, NguoiTaoDL) VALUES ('2c7e3433-ca54-48a1-bbac-9573cdd18063', 6, 'EDE2F0CC-2376-438A-B5FB-FACD867E38EF', '97c349ee-8890-494c-b5eb-08d3cbf0ac9c', N'Nguyễn Đình Tạo');
INSERT INTO CovidChinhThuc.dbo.ChiTiet_NguoiCoCong (ID_ThongTin, NguoiTaoDL) VALUES ('2c7e3433-ca54-48a1-bbac-9573cdd18063', N'Nguyễn Đình Tạo');
-- row: [1069]);
INSERT INTO CovidChinhThuc.dbo.CaNhan (ID, HoTen, NgaySinh, CMND, SinhNam, DiaChi, IDPhuongXa, IDQuanHuyen, SoKhaiSinh, NguoiTaoDL) VALUES ('2a309d36-eb0a-4bad-9f23-5a41f6b1975e', N'Nguyễn Thị Hương', '1945-01-01', '210034069', 1945, N'Mỹ Đức', 97, 7, NULL, N'Nguyễn Đình Tạo');
INSERT INTO CovidChinhThuc.dbo.ThongTinHoTro (ID, IDNoiDung, IDDoiTuong, IDCaNhan, NguoiTaoDL) VALUES ('dccdd42e-f76b-4547-8fc0-b72a60fcc502', 6, 'EDE2F0CC-2376-438A-B5FB-FACD867E38EF', '2a309d36-eb0a-4bad-9f23-5a41f6b1975e', N'Nguyễn Đình Tạo');
INSERT INTO CovidChinhThuc.dbo.ChiTiet_NguoiCoCong (ID_ThongTin, NguoiTaoDL) VALUES ('dccdd42e-f76b-4547-8fc0-b72a60fcc502', N'Nguyễn Đình Tạo');
-- row: [1070]);
INSERT INTO CovidChinhThuc.dbo.CaNhan (ID, HoTen, NgaySinh, CMND, SinhNam, DiaChi, IDPhuongXa, IDQuanHuyen, SoKhaiSinh, NguoiTaoDL) VALUES ('140ca847-5b1e-4a2b-93d8-564deaddfa38', N'Nguyễn Thị Hường', '1937-01-01', '210848373', 1937, N'Đại Chí', 97, 7, NULL, N'Nguyễn Đình Tạo');
INSERT INTO CovidChinhThuc.dbo.ThongTinHoTro (ID, IDNoiDung, IDDoiTuong, IDCaNhan, NguoiTaoDL) VALUES ('67a6c25c-e7e0-4570-9cf0-cd8e88346581', 6, '3A65F299-2EFA-4982-BF70-81D7B5024935', '140ca847-5b1e-4a2b-93d8-564deaddfa38', N'Nguyễn Đình Tạo');
INSERT INTO CovidChinhThuc.dbo.ChiTiet_NguoiCoCong (ID_ThongTin, NguoiTaoDL) VALUES ('67a6c25c-e7e0-4570-9cf0-cd8e88346581', N'Nguyễn Đình Tạo');
-- row: [1071]);
INSERT INTO CovidChinhThuc.dbo.CaNhan (ID, HoTen, NgaySinh, CMND, SinhNam, DiaChi, IDPhuongXa, IDQuanHuyen, SoKhaiSinh, NguoiTaoDL) VALUES ('f45f9c2b-4700-4c4a-b345-a18efe254932', N'Nguyễn Thị Hường', '1936-01-01', '210847312', 1936, N'Trà Sơn', 97, 7, NULL, N'Nguyễn Đình Tạo');
INSERT INTO CovidChinhThuc.dbo.ThongTinHoTro (ID, IDNoiDung, IDDoiTuong, IDCaNhan, NguoiTaoDL) VALUES ('188033a0-54ea-46c3-9a69-f632f280d659', 6, '3A65F299-2EFA-4982-BF70-81D7B5024935', 'f45f9c2b-4700-4c4a-b345-a18efe254932', N'Nguyễn Đình Tạo');
INSERT INTO CovidChinhThuc.dbo.ChiTiet_NguoiCoCong (ID_ThongTin, NguoiTaoDL) VALUES ('188033a0-54ea-46c3-9a69-f632f280d659', N'Nguyễn Đình Tạo');
-- row: [1072]);
INSERT INTO CovidChinhThuc.dbo.CaNhan (ID, HoTen, NgaySinh, CMND, SinhNam, DiaChi, IDPhuongXa, IDQuanHuyen, SoKhaiSinh, NguoiTaoDL) VALUES ('dc5a0b50-a5d6-46b6-b14d-4eb9a0fa8a44', N'Nguyễn Thị Lâm', '1956-01-01', '211604200', 1956, N'Mỹ Đức', 97, 7, NULL, N'Nguyễn Đình Tạo');
INSERT INTO CovidChinhThuc.dbo.ThongTinHoTro (ID, IDNoiDung, IDDoiTuong, IDCaNhan, NguoiTaoDL) VALUES ('ca993db5-0aff-42f8-b982-f36f524945cb', 6, 'EDE2F0CC-2376-438A-B5FB-FACD867E38EF', 'dc5a0b50-a5d6-46b6-b14d-4eb9a0fa8a44', N'Nguyễn Đình Tạo');
INSERT INTO CovidChinhThuc.dbo.ChiTiet_NguoiCoCong (ID_ThongTin, NguoiTaoDL) VALUES ('ca993db5-0aff-42f8-b982-f36f524945cb', N'Nguyễn Đình Tạo');
-- row: [1073]);
INSERT INTO CovidChinhThuc.dbo.CaNhan (ID, HoTen, NgaySinh, CMND, SinhNam, DiaChi, IDPhuongXa, IDQuanHuyen, SoKhaiSinh, NguoiTaoDL) VALUES ('07cc18d0-9290-4972-8af7-fdac969fcfa4', N'Nguyễn Thị Lòng', '1946-01-01', '210729943', 1946, N'Mỹ Đức', 97, 7, NULL, N'Nguyễn Đình Tạo');
INSERT INTO CovidChinhThuc.dbo.ThongTinHoTro (ID, IDNoiDung, IDDoiTuong, IDCaNhan, NguoiTaoDL) VALUES ('2d8d6ed4-073d-4add-a753-6b3afd610b08', 6, '3A65F299-2EFA-4982-BF70-81D7B5024935', '07cc18d0-9290-4972-8af7-fdac969fcfa4', N'Nguyễn Đình Tạo');
INSERT INTO CovidChinhThuc.dbo.ChiTiet_NguoiCoCong (ID_ThongTin, NguoiTaoDL) VALUES ('2d8d6ed4-073d-4add-a753-6b3afd610b08', N'Nguyễn Đình Tạo');
-- row: [1074]);
INSERT INTO CovidChinhThuc.dbo.CaNhan (ID, HoTen, NgaySinh, CMND, SinhNam, DiaChi, IDPhuongXa, IDQuanHuyen, SoKhaiSinh, NguoiTaoDL) VALUES ('0496e0bf-e99c-4cbc-be21-2bce7678815e', N'Nguyễn Thị Luận', '1954-01-01', '210729593', 1954, N'Mỹ Đức', 97, 7, NULL, N'Nguyễn Đình Tạo');
INSERT INTO CovidChinhThuc.dbo.ThongTinHoTro (ID, IDNoiDung, IDDoiTuong, IDCaNhan, NguoiTaoDL) VALUES ('98f832f9-bcc1-4a01-a0b5-fcfca860e9a7', 6, 'EDE2F0CC-2376-438A-B5FB-FACD867E38EF', '0496e0bf-e99c-4cbc-be21-2bce7678815e', N'Nguyễn Đình Tạo');
INSERT INTO CovidChinhThuc.dbo.ChiTiet_NguoiCoCong (ID_ThongTin, NguoiTaoDL) VALUES ('98f832f9-bcc1-4a01-a0b5-fcfca860e9a7', N'Nguyễn Đình Tạo');
-- row: [1075]);
INSERT INTO CovidChinhThuc.dbo.CaNhan (ID, HoTen, NgaySinh, CMND, SinhNam, DiaChi, IDPhuongXa, IDQuanHuyen, SoKhaiSinh, NguoiTaoDL) VALUES ('f241f751-d83a-4e4a-8d9e-8d8914ba7d61', N'Nguyễn Thị Luông', '1942-01-01', '210847868', 1942, N'Đại Chí', 97, 7, NULL, N'Nguyễn Đình Tạo');
INSERT INTO CovidChinhThuc.dbo.ThongTinHoTro (ID, IDNoiDung, IDDoiTuong, IDCaNhan, NguoiTaoDL) VALUES ('7b545b33-ccdc-47b6-8c37-862ef3f1bb06', 6, '3A65F299-2EFA-4982-BF70-81D7B5024935', 'f241f751-d83a-4e4a-8d9e-8d8914ba7d61', N'Nguyễn Đình Tạo');
INSERT INTO CovidChinhThuc.dbo.ChiTiet_NguoiCoCong (ID_ThongTin, NguoiTaoDL) VALUES ('7b545b33-ccdc-47b6-8c37-862ef3f1bb06', N'Nguyễn Đình Tạo');
-- row: [1076]);
INSERT INTO CovidChinhThuc.dbo.CaNhan (ID, HoTen, NgaySinh, CMND, SinhNam, DiaChi, IDPhuongXa, IDQuanHuyen, SoKhaiSinh, NguoiTaoDL) VALUES ('3f773f99-f2c1-4452-bea7-f8458662d213', N'Nguyễn Thị Não', '1933-01-01', '210848154', 1933, N'Đại Chí', 97, 7, NULL, N'Nguyễn Đình Tạo');
INSERT INTO CovidChinhThuc.dbo.ThongTinHoTro (ID, IDNoiDung, IDDoiTuong, IDCaNhan, NguoiTaoDL) VALUES ('08186dc5-36a8-46a9-b641-305836bd4881', 6, '3A65F299-2EFA-4982-BF70-81D7B5024935', '3f773f99-f2c1-4452-bea7-f8458662d213', N'Nguyễn Đình Tạo');
INSERT INTO CovidChinhThuc.dbo.ChiTiet_NguoiCoCong (ID_ThongTin, NguoiTaoDL) VALUES ('08186dc5-36a8-46a9-b641-305836bd4881', N'Nguyễn Đình Tạo');
-- row: [1077]);
INSERT INTO CovidChinhThuc.dbo.CaNhan (ID, HoTen, NgaySinh, CMND, SinhNam, DiaChi, IDPhuongXa, IDQuanHuyen, SoKhaiSinh, NguoiTaoDL) VALUES ('28a492d3-69ef-472d-9add-aad287418793', N'Nguyễn Thị Phẩm', '1931-01-01', '210729551', 1931, N'Mỹ Đức', 97, 7, NULL, N'Nguyễn Đình Tạo');
INSERT INTO CovidChinhThuc.dbo.ThongTinHoTro (ID, IDNoiDung, IDDoiTuong, IDCaNhan, NguoiTaoDL) VALUES ('d4d67669-fd2c-48d7-ad91-1279fd3e2cac', 6, '3A65F299-2EFA-4982-BF70-81D7B5024935', '28a492d3-69ef-472d-9add-aad287418793', N'Nguyễn Đình Tạo');
INSERT INTO CovidChinhThuc.dbo.ChiTiet_NguoiCoCong (ID_ThongTin, NguoiTaoDL) VALUES ('d4d67669-fd2c-48d7-ad91-1279fd3e2cac', N'Nguyễn Đình Tạo');
-- row: [1078]);
INSERT INTO CovidChinhThuc.dbo.CaNhan (ID, HoTen, NgaySinh, CMND, SinhNam, DiaChi, IDPhuongXa, IDQuanHuyen, SoKhaiSinh, NguoiTaoDL) VALUES ('239f40cb-26eb-4074-8e9c-c22b0b2199ed', N'Nguyễn Thị Thân', '1955-01-01', '210034867', 1955, N'Mỹ Đức', 97, 7, NULL, N'Nguyễn Đình Tạo');
INSERT INTO CovidChinhThuc.dbo.ThongTinHoTro (ID, IDNoiDung, IDDoiTuong, IDCaNhan, NguoiTaoDL) VALUES ('4442a226-9a7f-48e4-99ad-4535b9d3b008', 6, 'EDE2F0CC-2376-438A-B5FB-FACD867E38EF', '239f40cb-26eb-4074-8e9c-c22b0b2199ed', N'Nguyễn Đình Tạo');
INSERT INTO CovidChinhThuc.dbo.ChiTiet_NguoiCoCong (ID_ThongTin, NguoiTaoDL) VALUES ('4442a226-9a7f-48e4-99ad-4535b9d3b008', N'Nguyễn Đình Tạo');
-- row: [1079]);
INSERT INTO CovidChinhThuc.dbo.CaNhan (ID, HoTen, NgaySinh, CMND, SinhNam, DiaChi, IDPhuongXa, IDQuanHuyen, SoKhaiSinh, NguoiTaoDL) VALUES ('6a5b407b-8af3-4d85-9185-68f41eca6bc7', N'Nguyễn Thị Trưởng', '1942-01-01', '210847444', 1942, N'Trà Sơn', 97, 7, NULL, N'Nguyễn Đình Tạo');
INSERT INTO CovidChinhThuc.dbo.ThongTinHoTro (ID, IDNoiDung, IDDoiTuong, IDCaNhan, NguoiTaoDL) VALUES ('be83aecc-bc97-4c6a-89ac-22b1b6b9a1e6', 6, '3A65F299-2EFA-4982-BF70-81D7B5024935', '6a5b407b-8af3-4d85-9185-68f41eca6bc7', N'Nguyễn Đình Tạo');
INSERT INTO CovidChinhThuc.dbo.ChiTiet_NguoiCoCong (ID_ThongTin, NguoiTaoDL) VALUES ('be83aecc-bc97-4c6a-89ac-22b1b6b9a1e6', N'Nguyễn Đình Tạo');
-- row: [1080]);
INSERT INTO CovidChinhThuc.dbo.CaNhan (ID, HoTen, NgaySinh, CMND, SinhNam, DiaChi, IDPhuongXa, IDQuanHuyen, SoKhaiSinh, NguoiTaoDL) VALUES ('517a6f48-3331-4372-885f-69a3ffca0acb', N'Nguyễn Thị Tuyết', '1945-01-01', '210566650', 1945, N'Đại Chí', 97, 7, NULL, N'Nguyễn Đình Tạo');
INSERT INTO CovidChinhThuc.dbo.ThongTinHoTro (ID, IDNoiDung, IDDoiTuong, IDCaNhan, NguoiTaoDL) VALUES ('a74b4f1a-6087-4dac-911b-a30bff40ed83', 6, 'EDE2F0CC-2376-438A-B5FB-FACD867E38EF', '517a6f48-3331-4372-885f-69a3ffca0acb', N'Nguyễn Đình Tạo');
INSERT INTO CovidChinhThuc.dbo.ChiTiet_NguoiCoCong (ID_ThongTin, NguoiTaoDL) VALUES ('a74b4f1a-6087-4dac-911b-a30bff40ed83', N'Nguyễn Đình Tạo');
-- row: [1081]);
INSERT INTO CovidChinhThuc.dbo.CaNhan (ID, HoTen, NgaySinh, CMND, SinhNam, DiaChi, IDPhuongXa, IDQuanHuyen, SoKhaiSinh, NguoiTaoDL) VALUES ('4b5f8711-da87-4210-94b2-99862002bed6', N'Nguyễn Thị Xuân', '1952-01-01', '210037795', 1952, N'Trà Sơn', 97, 7, NULL, N'Nguyễn Đình Tạo');
INSERT INTO CovidChinhThuc.dbo.ThongTinHoTro (ID, IDNoiDung, IDDoiTuong, IDCaNhan, NguoiTaoDL) VALUES ('4d58a54d-ccc8-4a47-b788-47e1fc9d656f', 6, 'EDE2F0CC-2376-438A-B5FB-FACD867E38EF', '4b5f8711-da87-4210-94b2-99862002bed6', N'Nguyễn Đình Tạo');
INSERT INTO CovidChinhThuc.dbo.ChiTiet_NguoiCoCong (ID_ThongTin, NguoiTaoDL) VALUES ('4d58a54d-ccc8-4a47-b788-47e1fc9d656f', N'Nguyễn Đình Tạo');
-- row: [1082]);
INSERT INTO CovidChinhThuc.dbo.CaNhan (ID, HoTen, NgaySinh, CMND, SinhNam, DiaChi, IDPhuongXa, IDQuanHuyen, SoKhaiSinh, NguoiTaoDL) VALUES ('c8f2ee03-6ffd-47ea-98f5-515d8d0facc2', N'Nguyễn Văn Cũng', '1964-01-01', '210849558', 1964, N'Đại Chí', 97, 7, NULL, N'Nguyễn Đình Tạo');
INSERT INTO CovidChinhThuc.dbo.ThongTinHoTro (ID, IDNoiDung, IDDoiTuong, IDCaNhan, NguoiTaoDL) VALUES ('326e0dcf-f930-442e-8d56-848a9beee805', 6, 'EDE2F0CC-2376-438A-B5FB-FACD867E38EF', 'c8f2ee03-6ffd-47ea-98f5-515d8d0facc2', N'Nguyễn Đình Tạo');
INSERT INTO CovidChinhThuc.dbo.ChiTiet_NguoiCoCong (ID_ThongTin, NguoiTaoDL) VALUES ('326e0dcf-f930-442e-8d56-848a9beee805', N'Nguyễn Đình Tạo');
-- row: [1083]);
INSERT INTO CovidChinhThuc.dbo.CaNhan (ID, HoTen, NgaySinh, CMND, SinhNam, DiaChi, IDPhuongXa, IDQuanHuyen, SoKhaiSinh, NguoiTaoDL) VALUES ('e03575bd-c4b5-4ae2-aa60-be9679ca7e81', N'Nguyễn Văn Hay', '1946-01-01', '210220137', 1946, N'Mỹ Đức', 97, 7, NULL, N'Nguyễn Đình Tạo');
INSERT INTO CovidChinhThuc.dbo.ThongTinHoTro (ID, IDNoiDung, IDDoiTuong, IDCaNhan, NguoiTaoDL) VALUES ('60f47d6d-65ca-440c-8ef5-e2841f4182a6', 6, 'EDE2F0CC-2376-438A-B5FB-FACD867E38EF', 'e03575bd-c4b5-4ae2-aa60-be9679ca7e81', N'Nguyễn Đình Tạo');
INSERT INTO CovidChinhThuc.dbo.ChiTiet_NguoiCoCong (ID_ThongTin, NguoiTaoDL) VALUES ('60f47d6d-65ca-440c-8ef5-e2841f4182a6', N'Nguyễn Đình Tạo');
-- row: [1084]);
INSERT INTO CovidChinhThuc.dbo.CaNhan (ID, HoTen, NgaySinh, CMND, SinhNam, DiaChi, IDPhuongXa, IDQuanHuyen, SoKhaiSinh, NguoiTaoDL) VALUES ('0dcd01a3-b289-4422-8bf0-ee5c86ad2156', N'Nguyễn Văn Lắm', '1932-01-01', '210034521', 1932, N'Đại Chí', 97, 7, NULL, N'Nguyễn Đình Tạo');
INSERT INTO CovidChinhThuc.dbo.ThongTinHoTro (ID, IDNoiDung, IDDoiTuong, IDCaNhan, NguoiTaoDL) VALUES ('98c29534-7b40-4781-b76a-a35d6d669b6e', 6, 'EDE2F0CC-2376-438A-B5FB-FACD867E38EF', '0dcd01a3-b289-4422-8bf0-ee5c86ad2156', N'Nguyễn Đình Tạo');
INSERT INTO CovidChinhThuc.dbo.ChiTiet_NguoiCoCong (ID_ThongTin, NguoiTaoDL) VALUES ('98c29534-7b40-4781-b76a-a35d6d669b6e', N'Nguyễn Đình Tạo');
-- row: [1085]);
INSERT INTO CovidChinhThuc.dbo.CaNhan (ID, HoTen, NgaySinh, CMND, SinhNam, DiaChi, IDPhuongXa, IDQuanHuyen, SoKhaiSinh, NguoiTaoDL) VALUES ('27ac07da-517c-46d2-8e5f-404f9b8e48ab', N'Nguyễn Văn Luông', '1937-01-01', '210007835', 1937, N'Đại Chí', 97, 7, NULL, N'Nguyễn Đình Tạo');
INSERT INTO CovidChinhThuc.dbo.ThongTinHoTro (ID, IDNoiDung, IDDoiTuong, IDCaNhan, NguoiTaoDL) VALUES ('586795ad-c46c-46c6-b98a-f0ad86e711ba', 6, 'EDE2F0CC-2376-438A-B5FB-FACD867E38EF', '27ac07da-517c-46d2-8e5f-404f9b8e48ab', N'Nguyễn Đình Tạo');
INSERT INTO CovidChinhThuc.dbo.ChiTiet_NguoiCoCong (ID_ThongTin, NguoiTaoDL) VALUES ('586795ad-c46c-46c6-b98a-f0ad86e711ba', N'Nguyễn Đình Tạo');
-- row: [1086]);
INSERT INTO CovidChinhThuc.dbo.CaNhan (ID, HoTen, NgaySinh, CMND, SinhNam, DiaChi, IDPhuongXa, IDQuanHuyen, SoKhaiSinh, NguoiTaoDL) VALUES ('bd1d04d4-1d97-44bd-893e-8e0d198f4678', N'Nguyễn Văn Phê', '1938-01-01', '210034053', 1938, N'Đại Chí', 97, 7, NULL, N'Nguyễn Đình Tạo');
INSERT INTO CovidChinhThuc.dbo.ThongTinHoTro (ID, IDNoiDung, IDDoiTuong, IDCaNhan, NguoiTaoDL) VALUES ('c7807b23-a962-4da6-b139-80913a29e7ce', 6, 'EDE2F0CC-2376-438A-B5FB-FACD867E38EF', 'bd1d04d4-1d97-44bd-893e-8e0d198f4678', N'Nguyễn Đình Tạo');
INSERT INTO CovidChinhThuc.dbo.ChiTiet_NguoiCoCong (ID_ThongTin, NguoiTaoDL) VALUES ('c7807b23-a962-4da6-b139-80913a29e7ce', N'Nguyễn Đình Tạo');
-- row: [1087]);
INSERT INTO CovidChinhThuc.dbo.CaNhan (ID, HoTen, NgaySinh, CMND, SinhNam, DiaChi, IDPhuongXa, IDQuanHuyen, SoKhaiSinh, NguoiTaoDL) VALUES ('662e7126-cac7-4d7c-8b98-8e7eb58f0d54', N'Nguyễn Văn Xin', '1930-01-01', '210848097', 1930, N'Đồng Quy', 97, 7, NULL, N'Nguyễn Đình Tạo');
INSERT INTO CovidChinhThuc.dbo.ThongTinHoTro (ID, IDNoiDung, IDDoiTuong, IDCaNhan, NguoiTaoDL) VALUES ('9350550f-39e4-46ba-884b-28fc3678be8f', 6, 'EDE2F0CC-2376-438A-B5FB-FACD867E38EF', '662e7126-cac7-4d7c-8b98-8e7eb58f0d54', N'Nguyễn Đình Tạo');
INSERT INTO CovidChinhThuc.dbo.ChiTiet_NguoiCoCong (ID_ThongTin, NguoiTaoDL) VALUES ('9350550f-39e4-46ba-884b-28fc3678be8f', N'Nguyễn Đình Tạo');
-- row: [1088]);
INSERT INTO CovidChinhThuc.dbo.CaNhan (ID, HoTen, NgaySinh, CMND, SinhNam, DiaChi, IDPhuongXa, IDQuanHuyen, SoKhaiSinh, NguoiTaoDL) VALUES ('05c472c6-3f34-443a-a520-3adc81533a60', N'Phạm Thị Thanh', '1952-01-01', '210729543', 1952, N'Mỹ Đức', 97, 7, NULL, N'Nguyễn Đình Tạo');
INSERT INTO CovidChinhThuc.dbo.ThongTinHoTro (ID, IDNoiDung, IDDoiTuong, IDCaNhan, NguoiTaoDL) VALUES ('367eeb3c-225f-4473-8c98-a6e0fdafc279', 6, 'EDE2F0CC-2376-438A-B5FB-FACD867E38EF', '05c472c6-3f34-443a-a520-3adc81533a60', N'Nguyễn Đình Tạo');
INSERT INTO CovidChinhThuc.dbo.ChiTiet_NguoiCoCong (ID_ThongTin, NguoiTaoDL) VALUES ('367eeb3c-225f-4473-8c98-a6e0fdafc279', N'Nguyễn Đình Tạo');
-- row: [1089]);
INSERT INTO CovidChinhThuc.dbo.CaNhan (ID, HoTen, NgaySinh, CMND, SinhNam, DiaChi, IDPhuongXa, IDQuanHuyen, SoKhaiSinh, NguoiTaoDL) VALUES ('efdb237a-0c16-4042-a58e-669a0c023c95', N'Phan Xuân Hội', '1948-01-01', '210728172', 1948, N'Háo Nghĩa', 97, 7, NULL, N'Nguyễn Đình Tạo');
INSERT INTO CovidChinhThuc.dbo.ThongTinHoTro (ID, IDNoiDung, IDDoiTuong, IDCaNhan, NguoiTaoDL) VALUES ('0100181f-fb4b-45ec-91b9-e51ee35d75a6', 6, 'EDE2F0CC-2376-438A-B5FB-FACD867E38EF', 'efdb237a-0c16-4042-a58e-669a0c023c95', N'Nguyễn Đình Tạo');
INSERT INTO CovidChinhThuc.dbo.ChiTiet_NguoiCoCong (ID_ThongTin, NguoiTaoDL) VALUES ('0100181f-fb4b-45ec-91b9-e51ee35d75a6', N'Nguyễn Đình Tạo');
-- row: [1090]);
INSERT INTO CovidChinhThuc.dbo.CaNhan (ID, HoTen, NgaySinh, CMND, SinhNam, DiaChi, IDPhuongXa, IDQuanHuyen, SoKhaiSinh, NguoiTaoDL) VALUES ('88f172c5-eaf7-41fe-b3cd-8ab9fb305586', N'Phan Thị Chờ', '1935-01-01', '210848475', 1935, N'Đại Chí', 97, 7, NULL, N'Nguyễn Đình Tạo');
INSERT INTO CovidChinhThuc.dbo.ThongTinHoTro (ID, IDNoiDung, IDDoiTuong, IDCaNhan, NguoiTaoDL) VALUES ('9eb01aa3-85a3-4ce7-89c0-0f6da32a0924', 6, '3A65F299-2EFA-4982-BF70-81D7B5024935', '88f172c5-eaf7-41fe-b3cd-8ab9fb305586', N'Nguyễn Đình Tạo');
INSERT INTO CovidChinhThuc.dbo.ChiTiet_NguoiCoCong (ID_ThongTin, NguoiTaoDL) VALUES ('9eb01aa3-85a3-4ce7-89c0-0f6da32a0924', N'Nguyễn Đình Tạo');
-- row: [1091]);
INSERT INTO CovidChinhThuc.dbo.CaNhan (ID, HoTen, NgaySinh, CMND, SinhNam, DiaChi, IDPhuongXa, IDQuanHuyen, SoKhaiSinh, NguoiTaoDL) VALUES ('22751dfa-190c-4a82-9383-f73a8370a1bb', N'Phan Thị Giác', '1937-01-01', '210728161', 1937, N'Háo Nghĩa', 97, 7, NULL, N'Nguyễn Đình Tạo');
INSERT INTO CovidChinhThuc.dbo.ThongTinHoTro (ID, IDNoiDung, IDDoiTuong, IDCaNhan, NguoiTaoDL) VALUES ('36f80d31-3d29-46b7-886a-682573e36afd', 6, 'EDE2F0CC-2376-438A-B5FB-FACD867E38EF', '22751dfa-190c-4a82-9383-f73a8370a1bb', N'Nguyễn Đình Tạo');
INSERT INTO CovidChinhThuc.dbo.ChiTiet_NguoiCoCong (ID_ThongTin, NguoiTaoDL) VALUES ('36f80d31-3d29-46b7-886a-682573e36afd', N'Nguyễn Đình Tạo');
-- row: [1092]);
INSERT INTO CovidChinhThuc.dbo.CaNhan (ID, HoTen, NgaySinh, CMND, SinhNam, DiaChi, IDPhuongXa, IDQuanHuyen, SoKhaiSinh, NguoiTaoDL) VALUES ('1586e2cd-d899-4e28-b8a2-3f3dbc4ba004', N'Phan Thị Liên', '1944-01-01', '210260682', 1944, N'Đại Chí', 97, 7, NULL, N'Nguyễn Đình Tạo');
INSERT INTO CovidChinhThuc.dbo.ThongTinHoTro (ID, IDNoiDung, IDDoiTuong, IDCaNhan, NguoiTaoDL) VALUES ('524be2b3-2942-4c5e-8cf7-5e23a4b8fb1a', 6, 'EDE2F0CC-2376-438A-B5FB-FACD867E38EF', '1586e2cd-d899-4e28-b8a2-3f3dbc4ba004', N'Nguyễn Đình Tạo');
INSERT INTO CovidChinhThuc.dbo.ChiTiet_NguoiCoCong (ID_ThongTin, NguoiTaoDL) VALUES ('524be2b3-2942-4c5e-8cf7-5e23a4b8fb1a', N'Nguyễn Đình Tạo');
-- row: [1093]);
INSERT INTO CovidChinhThuc.dbo.CaNhan (ID, HoTen, NgaySinh, CMND, SinhNam, DiaChi, IDPhuongXa, IDQuanHuyen, SoKhaiSinh, NguoiTaoDL) VALUES ('0e544e64-2690-448e-9228-d4b27b768acb', N'Phan Thị Trập', '1926-01-01', NULL, 1926, N'Mỹ Đức', 97, 7, NULL, N'Nguyễn Đình Tạo');
INSERT INTO CovidChinhThuc.dbo.ThongTinHoTro (ID, IDNoiDung, IDDoiTuong, IDCaNhan, NguoiTaoDL) VALUES ('96d537e1-ca96-445b-8695-380ca8f8f01f', 6, '3A65F299-2EFA-4982-BF70-81D7B5024935', '0e544e64-2690-448e-9228-d4b27b768acb', N'Nguyễn Đình Tạo');
INSERT INTO CovidChinhThuc.dbo.ChiTiet_NguoiCoCong (ID_ThongTin, NguoiTaoDL) VALUES ('96d537e1-ca96-445b-8695-380ca8f8f01f', N'Nguyễn Đình Tạo');
-- row: [1094]);
INSERT INTO CovidChinhThuc.dbo.CaNhan (ID, HoTen, NgaySinh, CMND, SinhNam, DiaChi, IDPhuongXa, IDQuanHuyen, SoKhaiSinh, NguoiTaoDL) VALUES ('a9013840-e302-4675-8ad7-2d9bc6150743', N'Trần Đình Xuân', '1931-01-01', '211439232', 1931, N'Mỹ Đức', 97, 7, NULL, N'Nguyễn Đình Tạo');
INSERT INTO CovidChinhThuc.dbo.ThongTinHoTro (ID, IDNoiDung, IDDoiTuong, IDCaNhan, NguoiTaoDL) VALUES ('88db7d36-be59-44f6-a7c2-37e1f64d2327', 6, 'EDE2F0CC-2376-438A-B5FB-FACD867E38EF', 'a9013840-e302-4675-8ad7-2d9bc6150743', N'Nguyễn Đình Tạo');
INSERT INTO CovidChinhThuc.dbo.ChiTiet_NguoiCoCong (ID_ThongTin, NguoiTaoDL) VALUES ('88db7d36-be59-44f6-a7c2-37e1f64d2327', N'Nguyễn Đình Tạo');
-- row: [1095]);
INSERT INTO CovidChinhThuc.dbo.CaNhan (ID, HoTen, NgaySinh, CMND, SinhNam, DiaChi, IDPhuongXa, IDQuanHuyen, SoKhaiSinh, NguoiTaoDL) VALUES ('7fb25c21-dd58-4899-a227-769a7db4d279', N'Trần Thị Khánh', '1926-01-01', '210848478', 1926, N'Đại Chí', 97, 7, NULL, N'Nguyễn Đình Tạo');
INSERT INTO CovidChinhThuc.dbo.ThongTinHoTro (ID, IDNoiDung, IDDoiTuong, IDCaNhan, NguoiTaoDL) VALUES ('ee14a7ae-d467-45d6-9b6b-a74288448b38', 6, 'EDE2F0CC-2376-438A-B5FB-FACD867E38EF', '7fb25c21-dd58-4899-a227-769a7db4d279', N'Nguyễn Đình Tạo');
INSERT INTO CovidChinhThuc.dbo.ChiTiet_NguoiCoCong (ID_ThongTin, NguoiTaoDL) VALUES ('ee14a7ae-d467-45d6-9b6b-a74288448b38', N'Nguyễn Đình Tạo');
-- row: [1096]);
INSERT INTO CovidChinhThuc.dbo.CaNhan (ID, HoTen, NgaySinh, CMND, SinhNam, DiaChi, IDPhuongXa, IDQuanHuyen, SoKhaiSinh, NguoiTaoDL) VALUES ('2f8ef0c1-f7e0-4b6e-a053-5b45b96bfc8a', N'Trần Thị Rớt', '1930-01-01', '210847286', 1930, N'Đại Chí', 97, 7, NULL, N'Nguyễn Đình Tạo');
INSERT INTO CovidChinhThuc.dbo.ThongTinHoTro (ID, IDNoiDung, IDDoiTuong, IDCaNhan, NguoiTaoDL) VALUES ('097156e1-b7ff-415c-b0cd-e1ba0ee4e0a8', 6, '3A65F299-2EFA-4982-BF70-81D7B5024935', '2f8ef0c1-f7e0-4b6e-a053-5b45b96bfc8a', N'Nguyễn Đình Tạo');
INSERT INTO CovidChinhThuc.dbo.ChiTiet_NguoiCoCong (ID_ThongTin, NguoiTaoDL) VALUES ('097156e1-b7ff-415c-b0cd-e1ba0ee4e0a8', N'Nguyễn Đình Tạo');
-- row: [1097]);
INSERT INTO CovidChinhThuc.dbo.CaNhan (ID, HoTen, NgaySinh, CMND, SinhNam, DiaChi, IDPhuongXa, IDQuanHuyen, SoKhaiSinh, NguoiTaoDL) VALUES ('b8abd6e8-44b1-4f42-bc47-68d73f2849a2', N'Trần Xuân A', '1954-01-01', '210728138', 1954, N'Háo Nghĩa', 97, 7, NULL, N'Nguyễn Đình Tạo');
INSERT INTO CovidChinhThuc.dbo.ThongTinHoTro (ID, IDNoiDung, IDDoiTuong, IDCaNhan, NguoiTaoDL) VALUES ('95baa8cf-263f-455b-aad0-cddaf3aeacb7', 6, 'EDE2F0CC-2376-438A-B5FB-FACD867E38EF', 'b8abd6e8-44b1-4f42-bc47-68d73f2849a2', N'Nguyễn Đình Tạo');
INSERT INTO CovidChinhThuc.dbo.ChiTiet_NguoiCoCong (ID_ThongTin, NguoiTaoDL) VALUES ('95baa8cf-263f-455b-aad0-cddaf3aeacb7', N'Nguyễn Đình Tạo');
-- row: [1098]);
INSERT INTO CovidChinhThuc.dbo.CaNhan (ID, HoTen, NgaySinh, CMND, SinhNam, DiaChi, IDPhuongXa, IDQuanHuyen, SoKhaiSinh, NguoiTaoDL) VALUES ('8e076893-c45c-4572-b377-cd4b5e0ef354', N'Trịnh Văn Thạnh', '1950-01-01', '210261170', 1950, N'Đại Chí', 97, 7, NULL, N'Nguyễn Đình Tạo');
INSERT INTO CovidChinhThuc.dbo.ThongTinHoTro (ID, IDNoiDung, IDDoiTuong, IDCaNhan, NguoiTaoDL) VALUES ('b4b2a6b3-b830-49bb-b182-b72c26a70ec7', 6, 'EDE2F0CC-2376-438A-B5FB-FACD867E38EF', '8e076893-c45c-4572-b377-cd4b5e0ef354', N'Nguyễn Đình Tạo');
INSERT INTO CovidChinhThuc.dbo.ChiTiet_NguoiCoCong (ID_ThongTin, NguoiTaoDL) VALUES ('b4b2a6b3-b830-49bb-b182-b72c26a70ec7', N'Nguyễn Đình Tạo');
-- row: [1099]);
INSERT INTO CovidChinhThuc.dbo.CaNhan (ID, HoTen, NgaySinh, CMND, SinhNam, DiaChi, IDPhuongXa, IDQuanHuyen, SoKhaiSinh, NguoiTaoDL) VALUES ('6c97b9cc-6660-4ca4-9dbb-8992b19c0437', N'Trương Công Phó', '1942-01-01', '210847475', 1942, N'Trà Sơn', 97, 7, NULL, N'Nguyễn Đình Tạo');
INSERT INTO CovidChinhThuc.dbo.ThongTinHoTro (ID, IDNoiDung, IDDoiTuong, IDCaNhan, NguoiTaoDL) VALUES ('6998b8a4-4d56-4b1e-b11e-19e5a97e1345', 6, 'EDE2F0CC-2376-438A-B5FB-FACD867E38EF', '6c97b9cc-6660-4ca4-9dbb-8992b19c0437', N'Nguyễn Đình Tạo');
INSERT INTO CovidChinhThuc.dbo.ChiTiet_NguoiCoCong (ID_ThongTin, NguoiTaoDL) VALUES ('6998b8a4-4d56-4b1e-b11e-19e5a97e1345', N'Nguyễn Đình Tạo');
-- row: [1100]);
INSERT INTO CovidChinhThuc.dbo.CaNhan (ID, HoTen, NgaySinh, CMND, SinhNam, DiaChi, IDPhuongXa, IDQuanHuyen, SoKhaiSinh, NguoiTaoDL) VALUES ('78b0d6f9-e963-454c-8ecb-98b8b8d6284e', N'Trương Thị Liên', '1933-01-01', '210729495', 1933, N'Mỹ Đức', 97, 7, NULL, N'Nguyễn Đình Tạo');
INSERT INTO CovidChinhThuc.dbo.ThongTinHoTro (ID, IDNoiDung, IDDoiTuong, IDCaNhan, NguoiTaoDL) VALUES ('39e19098-b23d-450c-80b6-0ca840ad24b6', 6, 'EDE2F0CC-2376-438A-B5FB-FACD867E38EF', '78b0d6f9-e963-454c-8ecb-98b8b8d6284e', N'Nguyễn Đình Tạo');
INSERT INTO CovidChinhThuc.dbo.ChiTiet_NguoiCoCong (ID_ThongTin, NguoiTaoDL) VALUES ('39e19098-b23d-450c-80b6-0ca840ad24b6', N'Nguyễn Đình Tạo');
-- row: [1101]);
INSERT INTO CovidChinhThuc.dbo.CaNhan (ID, HoTen, NgaySinh, CMND, SinhNam, DiaChi, IDPhuongXa, IDQuanHuyen, SoKhaiSinh, NguoiTaoDL) VALUES ('a1ccb9ed-1722-4081-9317-093a8b096047', N'Trương Thị Mỹ', '1954-01-01', '210729521', 1954, N'Mỹ Đức', 97, 7, NULL, N'Nguyễn Đình Tạo');
INSERT INTO CovidChinhThuc.dbo.ThongTinHoTro (ID, IDNoiDung, IDDoiTuong, IDCaNhan, NguoiTaoDL) VALUES ('a70ff51b-3950-46a7-b1eb-f88044619d3b', 6, '2DE801FE-8F9D-4CB2-A1C0-E61F4503CB74', 'a1ccb9ed-1722-4081-9317-093a8b096047', N'Nguyễn Đình Tạo');
INSERT INTO CovidChinhThuc.dbo.ChiTiet_NguoiCoCong (ID_ThongTin, NguoiTaoDL) VALUES ('a70ff51b-3950-46a7-b1eb-f88044619d3b', N'Nguyễn Đình Tạo');
-- row: [1102]);
INSERT INTO CovidChinhThuc.dbo.CaNhan (ID, HoTen, NgaySinh, CMND, SinhNam, DiaChi, IDPhuongXa, IDQuanHuyen, SoKhaiSinh, NguoiTaoDL) VALUES ('38666471-4006-4138-a6f7-50cb1e59c7a0', N'Võ Cao Trí', '1955-01-01', '211038872', 1955, N'Trà Sơn', 97, 7, NULL, N'Nguyễn Đình Tạo');
INSERT INTO CovidChinhThuc.dbo.ThongTinHoTro (ID, IDNoiDung, IDDoiTuong, IDCaNhan, NguoiTaoDL) VALUES ('524110f8-05db-4f9b-bea9-68b6c359c8ce', 6, 'EDE2F0CC-2376-438A-B5FB-FACD867E38EF', '38666471-4006-4138-a6f7-50cb1e59c7a0', N'Nguyễn Đình Tạo');
INSERT INTO CovidChinhThuc.dbo.ChiTiet_NguoiCoCong (ID_ThongTin, NguoiTaoDL) VALUES ('524110f8-05db-4f9b-bea9-68b6c359c8ce', N'Nguyễn Đình Tạo');
-- row: [1103]);
INSERT INTO CovidChinhThuc.dbo.CaNhan (ID, HoTen, NgaySinh, CMND, SinhNam, DiaChi, IDPhuongXa, IDQuanHuyen, SoKhaiSinh, NguoiTaoDL) VALUES ('69065e86-20f4-4d9a-9f07-694820788d99', N'Võ Thị Giêng', '1944-01-01', '210847903', 1944, N'Đại Chí', 97, 7, NULL, N'Nguyễn Đình Tạo');
INSERT INTO CovidChinhThuc.dbo.ThongTinHoTro (ID, IDNoiDung, IDDoiTuong, IDCaNhan, NguoiTaoDL) VALUES ('bd83df56-48f5-4a2d-a0c6-25984cdbcd90', 6, '3A65F299-2EFA-4982-BF70-81D7B5024935', '69065e86-20f4-4d9a-9f07-694820788d99', N'Nguyễn Đình Tạo');
INSERT INTO CovidChinhThuc.dbo.ChiTiet_NguoiCoCong (ID_ThongTin, NguoiTaoDL) VALUES ('bd83df56-48f5-4a2d-a0c6-25984cdbcd90', N'Nguyễn Đình Tạo');
-- row: [1104]);
INSERT INTO CovidChinhThuc.dbo.CaNhan (ID, HoTen, NgaySinh, CMND, SinhNam, DiaChi, IDPhuongXa, IDQuanHuyen, SoKhaiSinh, NguoiTaoDL) VALUES ('24606ea6-2214-4bbd-8147-17f624a84694', N'Võ Thị Năng', '1953-01-01', NULL, 1953, N'Đại Chí', 97, 7, NULL, N'Nguyễn Đình Tạo');
INSERT INTO CovidChinhThuc.dbo.ThongTinHoTro (ID, IDNoiDung, IDDoiTuong, IDCaNhan, NguoiTaoDL) VALUES ('e378d693-7d4c-4642-bd40-415b0d097132', 6, '3A65F299-2EFA-4982-BF70-81D7B5024935', '24606ea6-2214-4bbd-8147-17f624a84694', N'Nguyễn Đình Tạo');
INSERT INTO CovidChinhThuc.dbo.ChiTiet_NguoiCoCong (ID_ThongTin, NguoiTaoDL) VALUES ('e378d693-7d4c-4642-bd40-415b0d097132', N'Nguyễn Đình Tạo');
-- row: [1105]);
INSERT INTO CovidChinhThuc.dbo.CaNhan (ID, HoTen, NgaySinh, CMND, SinhNam, DiaChi, IDPhuongXa, IDQuanHuyen, SoKhaiSinh, NguoiTaoDL) VALUES ('06428ff8-27f1-4b62-aa69-37352bfd0547', N'Võ Văn Ấm', '1963-01-01', '210847828', 1963, N'Đại Chí', 97, 7, NULL, N'Nguyễn Đình Tạo');
INSERT INTO CovidChinhThuc.dbo.ThongTinHoTro (ID, IDNoiDung, IDDoiTuong, IDCaNhan, NguoiTaoDL) VALUES ('ae5ce5ca-179a-4f1a-9148-b31726353bbf', 6, 'EDE2F0CC-2376-438A-B5FB-FACD867E38EF', '06428ff8-27f1-4b62-aa69-37352bfd0547', N'Nguyễn Đình Tạo');
INSERT INTO CovidChinhThuc.dbo.ChiTiet_NguoiCoCong (ID_ThongTin, NguoiTaoDL) VALUES ('ae5ce5ca-179a-4f1a-9148-b31726353bbf', N'Nguyễn Đình Tạo');
-- row: [1106]);
INSERT INTO CovidChinhThuc.dbo.CaNhan (ID, HoTen, NgaySinh, CMND, SinhNam, DiaChi, IDPhuongXa, IDQuanHuyen, SoKhaiSinh, NguoiTaoDL) VALUES ('c0eb30cb-a5fd-4757-b85e-1cecd51ae90e', N'Vũ Thị Hoa', '1945-01-01', '210729639', 1945, N'Mỹ Đức', 97, 7, NULL, N'Nguyễn Đình Tạo');
INSERT INTO CovidChinhThuc.dbo.ThongTinHoTro (ID, IDNoiDung, IDDoiTuong, IDCaNhan, NguoiTaoDL) VALUES ('2ad9b74f-3e29-44ee-8c9d-2b10ee0fd8f3', 6, 'EDE2F0CC-2376-438A-B5FB-FACD867E38EF', 'c0eb30cb-a5fd-4757-b85e-1cecd51ae90e', N'Nguyễn Đình Tạo');
INSERT INTO CovidChinhThuc.dbo.ChiTiet_NguoiCoCong (ID_ThongTin, NguoiTaoDL) VALUES ('2ad9b74f-3e29-44ee-8c9d-2b10ee0fd8f3', N'Nguyễn Đình Tạo');
-- row: [1107]);
INSERT INTO CovidChinhThuc.dbo.CaNhan (ID, HoTen, NgaySinh, CMND, SinhNam, DiaChi, IDPhuongXa, IDQuanHuyen, SoKhaiSinh, NguoiTaoDL) VALUES ('f961c8eb-3b42-41ee-9463-962487551105', N'Nguyễn Văn Bồng', '1951-10-03', '211684219', 1951, N'Hòa Sơn', 100, 7, NULL, N'Nguyễn Đình Tạo');
INSERT INTO CovidChinhThuc.dbo.ThongTinHoTro (ID, IDNoiDung, IDDoiTuong, IDCaNhan, NguoiTaoDL) VALUES ('ffd63c25-939f-403b-a546-b7ef9f26e376', 6, 'EDE2F0CC-2376-438A-B5FB-FACD867E38EF', 'f961c8eb-3b42-41ee-9463-962487551105', N'Nguyễn Đình Tạo');
INSERT INTO CovidChinhThuc.dbo.ChiTiet_NguoiCoCong (ID_ThongTin, NguoiTaoDL) VALUES ('ffd63c25-939f-403b-a546-b7ef9f26e376', N'Nguyễn Đình Tạo');
-- row: [1108]);
INSERT INTO CovidChinhThuc.dbo.CaNhan (ID, HoTen, NgaySinh, CMND, SinhNam, DiaChi, IDPhuongXa, IDQuanHuyen, SoKhaiSinh, NguoiTaoDL) VALUES ('101a8e2f-b146-4f60-ba10-3e8fb032be4f', N'Phan Thành Công', '1935-02-01', '210034488', 1935, N'Hòa Sơn', 100, 7, NULL, N'Nguyễn Đình Tạo');
INSERT INTO CovidChinhThuc.dbo.ThongTinHoTro (ID, IDNoiDung, IDDoiTuong, IDCaNhan, NguoiTaoDL) VALUES ('d49affbc-9780-449b-b03c-9b6028477992', 6, 'EDE2F0CC-2376-438A-B5FB-FACD867E38EF', '101a8e2f-b146-4f60-ba10-3e8fb032be4f', N'Nguyễn Đình Tạo');
INSERT INTO CovidChinhThuc.dbo.ChiTiet_NguoiCoCong (ID_ThongTin, NguoiTaoDL) VALUES ('d49affbc-9780-449b-b03c-9b6028477992', N'Nguyễn Đình Tạo');
-- row: [1109]);
INSERT INTO CovidChinhThuc.dbo.CaNhan (ID, HoTen, NgaySinh, CMND, SinhNam, DiaChi, IDPhuongXa, IDQuanHuyen, SoKhaiSinh, NguoiTaoDL) VALUES ('733892eb-13dc-4328-a42a-81bc9a24d606', N'Trần Đào', '1955-07-07', '210028876', 1955, N'Hòa Sơn', 100, 7, NULL, N'Nguyễn Đình Tạo');
INSERT INTO CovidChinhThuc.dbo.ThongTinHoTro (ID, IDNoiDung, IDDoiTuong, IDCaNhan, NguoiTaoDL) VALUES ('e8d09750-70d7-4ae4-8337-49ed6c1b3ad3', 6, 'EDE2F0CC-2376-438A-B5FB-FACD867E38EF', '733892eb-13dc-4328-a42a-81bc9a24d606', N'Nguyễn Đình Tạo');
INSERT INTO CovidChinhThuc.dbo.ChiTiet_NguoiCoCong (ID_ThongTin, NguoiTaoDL) VALUES ('e8d09750-70d7-4ae4-8337-49ed6c1b3ad3', N'Nguyễn Đình Tạo');
-- row: [1110]);
INSERT INTO CovidChinhThuc.dbo.CaNhan (ID, HoTen, NgaySinh, CMND, SinhNam, DiaChi, IDPhuongXa, IDQuanHuyen, SoKhaiSinh, NguoiTaoDL) VALUES ('6cd740ce-4a95-48ae-8008-c067e387a648', N'Lê Thị Giáo (Giác)', '1928-06-02', '210766292', 1928, N'Hòa Sơn', 100, 7, NULL, N'Nguyễn Đình Tạo');
INSERT INTO CovidChinhThuc.dbo.ThongTinHoTro (ID, IDNoiDung, IDDoiTuong, IDCaNhan, NguoiTaoDL) VALUES ('fe271093-0bc2-4b4d-a916-961bb63cf491', 6, 'EDE2F0CC-2376-438A-B5FB-FACD867E38EF', '6cd740ce-4a95-48ae-8008-c067e387a648', N'Nguyễn Đình Tạo');
INSERT INTO CovidChinhThuc.dbo.ChiTiet_NguoiCoCong (ID_ThongTin, NguoiTaoDL) VALUES ('fe271093-0bc2-4b4d-a916-961bb63cf491', N'Nguyễn Đình Tạo');
-- row: [1111]);
INSERT INTO CovidChinhThuc.dbo.CaNhan (ID, HoTen, NgaySinh, CMND, SinhNam, DiaChi, IDPhuongXa, IDQuanHuyen, SoKhaiSinh, NguoiTaoDL) VALUES ('a33481e3-7d6d-4b82-b15b-3e80ca0b6190', N'Phạm Thanh Hùng', '2020-01-01', '210982823', 2020, N'Hòa Sơn', 100, 7, NULL, N'Nguyễn Đình Tạo');
INSERT INTO CovidChinhThuc.dbo.ThongTinHoTro (ID, IDNoiDung, IDDoiTuong, IDCaNhan, NguoiTaoDL) VALUES ('11c664c5-14f1-4146-b7f5-4418057976b8', 6, 'EDE2F0CC-2376-438A-B5FB-FACD867E38EF', 'a33481e3-7d6d-4b82-b15b-3e80ca0b6190', N'Nguyễn Đình Tạo');
INSERT INTO CovidChinhThuc.dbo.ChiTiet_NguoiCoCong (ID_ThongTin, NguoiTaoDL) VALUES ('11c664c5-14f1-4146-b7f5-4418057976b8', N'Nguyễn Đình Tạo');
-- row: [1112]);
INSERT INTO CovidChinhThuc.dbo.CaNhan (ID, HoTen, NgaySinh, CMND, SinhNam, DiaChi, IDPhuongXa, IDQuanHuyen, SoKhaiSinh, NguoiTaoDL) VALUES ('2c3c44eb-a352-4403-9d68-d6db79398ee5', N'Nguyễn Thị Hương', '1928-01-01', '210766388', 1928, N'Hòa Sơn', 100, 7, NULL, N'Nguyễn Đình Tạo');
INSERT INTO CovidChinhThuc.dbo.ThongTinHoTro (ID, IDNoiDung, IDDoiTuong, IDCaNhan, NguoiTaoDL) VALUES ('0db2c511-59ff-40cd-90bd-b381976df909', 6, 'EDE2F0CC-2376-438A-B5FB-FACD867E38EF', '2c3c44eb-a352-4403-9d68-d6db79398ee5', N'Nguyễn Đình Tạo');
INSERT INTO CovidChinhThuc.dbo.ChiTiet_NguoiCoCong (ID_ThongTin, NguoiTaoDL) VALUES ('0db2c511-59ff-40cd-90bd-b381976df909', N'Nguyễn Đình Tạo');
-- row: [1113]);
INSERT INTO CovidChinhThuc.dbo.CaNhan (ID, HoTen, NgaySinh, CMND, SinhNam, DiaChi, IDPhuongXa, IDQuanHuyen, SoKhaiSinh, NguoiTaoDL) VALUES ('e4e943e6-f7b1-4ca8-bf01-d0baaa1d205d', N'Nguyễn Thị Không', '1937-10-03', '210766182', 1937, N'Hòa Sơn', 100, 7, NULL, N'Nguyễn Đình Tạo');
INSERT INTO CovidChinhThuc.dbo.ThongTinHoTro (ID, IDNoiDung, IDDoiTuong, IDCaNhan, NguoiTaoDL) VALUES ('479826b4-1464-4a37-93fa-219e1dc57dea', 6, 'EDE2F0CC-2376-438A-B5FB-FACD867E38EF', 'e4e943e6-f7b1-4ca8-bf01-d0baaa1d205d', N'Nguyễn Đình Tạo');
INSERT INTO CovidChinhThuc.dbo.ChiTiet_NguoiCoCong (ID_ThongTin, NguoiTaoDL) VALUES ('479826b4-1464-4a37-93fa-219e1dc57dea', N'Nguyễn Đình Tạo');
-- row: [1114]);
INSERT INTO CovidChinhThuc.dbo.CaNhan (ID, HoTen, NgaySinh, CMND, SinhNam, DiaChi, IDPhuongXa, IDQuanHuyen, SoKhaiSinh, NguoiTaoDL) VALUES ('7f8d183e-d405-48af-9006-c190caf83e42', N'Võ Thị Lan', '1953-03-09', '210766583', 1953, N'Hòa Sơn', 100, 7, NULL, N'Nguyễn Đình Tạo');
INSERT INTO CovidChinhThuc.dbo.ThongTinHoTro (ID, IDNoiDung, IDDoiTuong, IDCaNhan, NguoiTaoDL) VALUES ('5b93e291-aecf-46c1-962c-0ad40ffd86b2', 6, 'EDE2F0CC-2376-438A-B5FB-FACD867E38EF', '7f8d183e-d405-48af-9006-c190caf83e42', N'Nguyễn Đình Tạo');
INSERT INTO CovidChinhThuc.dbo.ChiTiet_NguoiCoCong (ID_ThongTin, NguoiTaoDL) VALUES ('5b93e291-aecf-46c1-962c-0ad40ffd86b2', N'Nguyễn Đình Tạo');
-- row: [1115]);
INSERT INTO CovidChinhThuc.dbo.CaNhan (ID, HoTen, NgaySinh, CMND, SinhNam, DiaChi, IDPhuongXa, IDQuanHuyen, SoKhaiSinh, NguoiTaoDL) VALUES ('fc8054d6-61ad-4089-bf9e-c7bdad54a986', N'Nguyễn Thị Lang', '1952-08-09', '210982808', 1952, N'Hòa Sơn', 100, 7, NULL, N'Nguyễn Đình Tạo');
INSERT INTO CovidChinhThuc.dbo.ThongTinHoTro (ID, IDNoiDung, IDDoiTuong, IDCaNhan, NguoiTaoDL) VALUES ('4143829e-5824-4049-af35-1a1b8b2ed41c', 6, 'EDE2F0CC-2376-438A-B5FB-FACD867E38EF', 'fc8054d6-61ad-4089-bf9e-c7bdad54a986', N'Nguyễn Đình Tạo');
INSERT INTO CovidChinhThuc.dbo.ChiTiet_NguoiCoCong (ID_ThongTin, NguoiTaoDL) VALUES ('4143829e-5824-4049-af35-1a1b8b2ed41c', N'Nguyễn Đình Tạo');
-- row: [1116]);
INSERT INTO CovidChinhThuc.dbo.CaNhan (ID, HoTen, NgaySinh, CMND, SinhNam, DiaChi, IDPhuongXa, IDQuanHuyen, SoKhaiSinh, NguoiTaoDL) VALUES ('5e3c5d7a-8e9d-46a3-85d0-b137f2da77d3', N'Trần Thanh Lâm', '1950-08-02', '211684214', 1950, N'Hòa Sơn', 100, 7, NULL, N'Nguyễn Đình Tạo');
INSERT INTO CovidChinhThuc.dbo.ThongTinHoTro (ID, IDNoiDung, IDDoiTuong, IDCaNhan, NguoiTaoDL) VALUES ('57ddf3f2-ce4a-4164-8db0-7c1775b89c01', 6, 'EDE2F0CC-2376-438A-B5FB-FACD867E38EF', '5e3c5d7a-8e9d-46a3-85d0-b137f2da77d3', N'Nguyễn Đình Tạo');
INSERT INTO CovidChinhThuc.dbo.ChiTiet_NguoiCoCong (ID_ThongTin, NguoiTaoDL) VALUES ('57ddf3f2-ce4a-4164-8db0-7c1775b89c01', N'Nguyễn Đình Tạo');
-- row: [1117]);
INSERT INTO CovidChinhThuc.dbo.CaNhan (ID, HoTen, NgaySinh, CMND, SinhNam, DiaChi, IDPhuongXa, IDQuanHuyen, SoKhaiSinh, NguoiTaoDL) VALUES ('197504c3-3974-4ab8-bf2f-d8449bb266f8', N'Đặng Thị Hồng Lê', '1956-11-03', '210028464', 1956, N'Hòa Sơn', 100, 7, NULL, N'Nguyễn Đình Tạo');
INSERT INTO CovidChinhThuc.dbo.ThongTinHoTro (ID, IDNoiDung, IDDoiTuong, IDCaNhan, NguoiTaoDL) VALUES ('21cab49b-5f57-46ec-9824-dd1253f31a32', 6, 'EDE2F0CC-2376-438A-B5FB-FACD867E38EF', '197504c3-3974-4ab8-bf2f-d8449bb266f8', N'Nguyễn Đình Tạo');
INSERT INTO CovidChinhThuc.dbo.ChiTiet_NguoiCoCong (ID_ThongTin, NguoiTaoDL) VALUES ('21cab49b-5f57-46ec-9824-dd1253f31a32', N'Nguyễn Đình Tạo');
-- row: [1118]);
INSERT INTO CovidChinhThuc.dbo.CaNhan (ID, HoTen, NgaySinh, CMND, SinhNam, DiaChi, IDPhuongXa, IDQuanHuyen, SoKhaiSinh, NguoiTaoDL) VALUES ('c286ad9e-6d19-4290-916b-0aa842fd6b88', N'Ngô Thị Liễu', '1935-12-02', '210766097', 1935, N'Hòa Sơn', 100, 7, NULL, N'Nguyễn Đình Tạo');
INSERT INTO CovidChinhThuc.dbo.ThongTinHoTro (ID, IDNoiDung, IDDoiTuong, IDCaNhan, NguoiTaoDL) VALUES ('66c3670a-37ab-460c-a703-f8a0a507c8d5', 6, 'EDE2F0CC-2376-438A-B5FB-FACD867E38EF', 'c286ad9e-6d19-4290-916b-0aa842fd6b88', N'Nguyễn Đình Tạo');
INSERT INTO CovidChinhThuc.dbo.ChiTiet_NguoiCoCong (ID_ThongTin, NguoiTaoDL) VALUES ('66c3670a-37ab-460c-a703-f8a0a507c8d5', N'Nguyễn Đình Tạo');
-- row: [1119]);
INSERT INTO CovidChinhThuc.dbo.CaNhan (ID, HoTen, NgaySinh, CMND, SinhNam, DiaChi, IDPhuongXa, IDQuanHuyen, SoKhaiSinh, NguoiTaoDL) VALUES ('21f9e6db-b8b1-461d-ac1a-0f9160b7665b', N'Phan Trung Long', '1955-12-03', '211704744', 1955, N'Hòa Sơn', 100, 7, NULL, N'Nguyễn Đình Tạo');
INSERT INTO CovidChinhThuc.dbo.ThongTinHoTro (ID, IDNoiDung, IDDoiTuong, IDCaNhan, NguoiTaoDL) VALUES ('f8282eec-9535-45f2-8a21-2d913bb22df2', 6, 'EDE2F0CC-2376-438A-B5FB-FACD867E38EF', '21f9e6db-b8b1-461d-ac1a-0f9160b7665b', N'Nguyễn Đình Tạo');
INSERT INTO CovidChinhThuc.dbo.ChiTiet_NguoiCoCong (ID_ThongTin, NguoiTaoDL) VALUES ('f8282eec-9535-45f2-8a21-2d913bb22df2', N'Nguyễn Đình Tạo');
-- row: [1120]);
INSERT INTO CovidChinhThuc.dbo.CaNhan (ID, HoTen, NgaySinh, CMND, SinhNam, DiaChi, IDPhuongXa, IDQuanHuyen, SoKhaiSinh, NguoiTaoDL) VALUES ('a023233a-9dce-4b88-bdb3-db2d29c28480', N'Trần Thị Mai', '1934-01-01', '210766014', 1934, N'Hòa Sơn', 100, 7, NULL, N'Nguyễn Đình Tạo');
INSERT INTO CovidChinhThuc.dbo.ThongTinHoTro (ID, IDNoiDung, IDDoiTuong, IDCaNhan, NguoiTaoDL) VALUES ('f6992208-db55-4e81-b192-d9e53c6e8c4d', 6, 'EDE2F0CC-2376-438A-B5FB-FACD867E38EF', 'a023233a-9dce-4b88-bdb3-db2d29c28480', N'Nguyễn Đình Tạo');
INSERT INTO CovidChinhThuc.dbo.ChiTiet_NguoiCoCong (ID_ThongTin, NguoiTaoDL) VALUES ('f6992208-db55-4e81-b192-d9e53c6e8c4d', N'Nguyễn Đình Tạo');
-- row: [1121]);
INSERT INTO CovidChinhThuc.dbo.CaNhan (ID, HoTen, NgaySinh, CMND, SinhNam, DiaChi, IDPhuongXa, IDQuanHuyen, SoKhaiSinh, NguoiTaoDL) VALUES ('87d26e06-68bd-4e60-b8dc-58937ca3e5c5', N'Nguyễn Thị Ngãi', '1937-12-06', '210766328', 1937, N'Hòa Sơn', 100, 7, NULL, N'Nguyễn Đình Tạo');
INSERT INTO CovidChinhThuc.dbo.ThongTinHoTro (ID, IDNoiDung, IDDoiTuong, IDCaNhan, NguoiTaoDL) VALUES ('00f2878e-20be-4239-beed-a24854cf7361', 6, 'EDE2F0CC-2376-438A-B5FB-FACD867E38EF', '87d26e06-68bd-4e60-b8dc-58937ca3e5c5', N'Nguyễn Đình Tạo');
INSERT INTO CovidChinhThuc.dbo.ChiTiet_NguoiCoCong (ID_ThongTin, NguoiTaoDL) VALUES ('00f2878e-20be-4239-beed-a24854cf7361', N'Nguyễn Đình Tạo');
-- row: [1122]);
INSERT INTO CovidChinhThuc.dbo.CaNhan (ID, HoTen, NgaySinh, CMND, SinhNam, DiaChi, IDPhuongXa, IDQuanHuyen, SoKhaiSinh, NguoiTaoDL) VALUES ('a36dba74-1757-44e2-b24a-bd9db18a9343', N'Phạm Thị Phải', '1938-01-01', '210726991', 1938, N'Hòa Sơn', 100, 7, NULL, N'Nguyễn Đình Tạo');
INSERT INTO CovidChinhThuc.dbo.ThongTinHoTro (ID, IDNoiDung, IDDoiTuong, IDCaNhan, NguoiTaoDL) VALUES ('e50e89c5-e91c-496f-94e2-8cfec58bd460', 6, 'EDE2F0CC-2376-438A-B5FB-FACD867E38EF', 'a36dba74-1757-44e2-b24a-bd9db18a9343', N'Nguyễn Đình Tạo');
INSERT INTO CovidChinhThuc.dbo.ChiTiet_NguoiCoCong (ID_ThongTin, NguoiTaoDL) VALUES ('e50e89c5-e91c-496f-94e2-8cfec58bd460', N'Nguyễn Đình Tạo');
-- row: [1123]);
INSERT INTO CovidChinhThuc.dbo.CaNhan (ID, HoTen, NgaySinh, CMND, SinhNam, DiaChi, IDPhuongXa, IDQuanHuyen, SoKhaiSinh, NguoiTaoDL) VALUES ('04265a3d-77d4-4674-aab3-833412e40c3c', N'Nguyễn Thị Phận (Phân)', '1932-10-07', '210766717', 1932, N'Hòa Sơn', 100, 7, NULL, N'Nguyễn Đình Tạo');
INSERT INTO CovidChinhThuc.dbo.ThongTinHoTro (ID, IDNoiDung, IDDoiTuong, IDCaNhan, NguoiTaoDL) VALUES ('a34c0e98-6ce1-46b6-adcd-b65d981ab5cb', 6, 'EDE2F0CC-2376-438A-B5FB-FACD867E38EF', '04265a3d-77d4-4674-aab3-833412e40c3c', N'Nguyễn Đình Tạo');
INSERT INTO CovidChinhThuc.dbo.ChiTiet_NguoiCoCong (ID_ThongTin, NguoiTaoDL) VALUES ('a34c0e98-6ce1-46b6-adcd-b65d981ab5cb', N'Nguyễn Đình Tạo');
-- row: [1124]);
INSERT INTO CovidChinhThuc.dbo.CaNhan (ID, HoTen, NgaySinh, CMND, SinhNam, DiaChi, IDPhuongXa, IDQuanHuyen, SoKhaiSinh, NguoiTaoDL) VALUES ('9fa45c5a-5f09-4b49-ac59-2e7a023198c7', N'Châu Thành Sang', '1956-12-07', '231095151', 1956, N'Hòa Sơn', 100, 7, NULL, N'Nguyễn Đình Tạo');
INSERT INTO CovidChinhThuc.dbo.ThongTinHoTro (ID, IDNoiDung, IDDoiTuong, IDCaNhan, NguoiTaoDL) VALUES ('8eb6dce0-7e1c-4bf2-b971-3cd9adf7a6d4', 6, 'EDE2F0CC-2376-438A-B5FB-FACD867E38EF', '9fa45c5a-5f09-4b49-ac59-2e7a023198c7', N'Nguyễn Đình Tạo');
INSERT INTO CovidChinhThuc.dbo.ChiTiet_NguoiCoCong (ID_ThongTin, NguoiTaoDL) VALUES ('8eb6dce0-7e1c-4bf2-b971-3cd9adf7a6d4', N'Nguyễn Đình Tạo');
-- row: [1125]);
INSERT INTO CovidChinhThuc.dbo.CaNhan (ID, HoTen, NgaySinh, CMND, SinhNam, DiaChi, IDPhuongXa, IDQuanHuyen, SoKhaiSinh, NguoiTaoDL) VALUES ('670ea1b4-21ca-4d04-bc19-0305861c40c8', N'Mai Thị Sáng', '1940-01-09', '210766288', 1940, N'Hòa Sơn', 100, 7, NULL, N'Nguyễn Đình Tạo');
INSERT INTO CovidChinhThuc.dbo.ThongTinHoTro (ID, IDNoiDung, IDDoiTuong, IDCaNhan, NguoiTaoDL) VALUES ('c6822a88-64f7-4c67-b0cf-c4e192410c2b', 6, 'EDE2F0CC-2376-438A-B5FB-FACD867E38EF', '670ea1b4-21ca-4d04-bc19-0305861c40c8', N'Nguyễn Đình Tạo');
INSERT INTO CovidChinhThuc.dbo.ChiTiet_NguoiCoCong (ID_ThongTin, NguoiTaoDL) VALUES ('c6822a88-64f7-4c67-b0cf-c4e192410c2b', N'Nguyễn Đình Tạo');
-- row: [1126]);
INSERT INTO CovidChinhThuc.dbo.CaNhan (ID, HoTen, NgaySinh, CMND, SinhNam, DiaChi, IDPhuongXa, IDQuanHuyen, SoKhaiSinh, NguoiTaoDL) VALUES ('e602f088-d125-4f9d-8e3c-43c8eb0d73a7', N'Nguyễn Thị Sáng', '1941-10-09', '210766087', 1941, N'Hòa Sơn', 100, 7, NULL, N'Nguyễn Đình Tạo');
INSERT INTO CovidChinhThuc.dbo.ThongTinHoTro (ID, IDNoiDung, IDDoiTuong, IDCaNhan, NguoiTaoDL) VALUES ('f42b2ddb-ffa2-4ba9-9da4-e8b70afaea25', 6, 'EDE2F0CC-2376-438A-B5FB-FACD867E38EF', 'e602f088-d125-4f9d-8e3c-43c8eb0d73a7', N'Nguyễn Đình Tạo');
INSERT INTO CovidChinhThuc.dbo.ChiTiet_NguoiCoCong (ID_ThongTin, NguoiTaoDL) VALUES ('f42b2ddb-ffa2-4ba9-9da4-e8b70afaea25', N'Nguyễn Đình Tạo');
-- row: [1127]);
INSERT INTO CovidChinhThuc.dbo.CaNhan (ID, HoTen, NgaySinh, CMND, SinhNam, DiaChi, IDPhuongXa, IDQuanHuyen, SoKhaiSinh, NguoiTaoDL) VALUES ('8327d299-6a4f-4e97-8687-f025d1117530', N'Trần Văn Sỹ', '1960-12-30', '215328301', 1960, N'Hòa Sơn', 100, 7, NULL, N'Nguyễn Đình Tạo');
INSERT INTO CovidChinhThuc.dbo.ThongTinHoTro (ID, IDNoiDung, IDDoiTuong, IDCaNhan, NguoiTaoDL) VALUES ('a8eb70b6-e077-4f44-a655-ae1e0314a0fd', 6, 'EDE2F0CC-2376-438A-B5FB-FACD867E38EF', '8327d299-6a4f-4e97-8687-f025d1117530', N'Nguyễn Đình Tạo');
INSERT INTO CovidChinhThuc.dbo.ChiTiet_NguoiCoCong (ID_ThongTin, NguoiTaoDL) VALUES ('a8eb70b6-e077-4f44-a655-ae1e0314a0fd', N'Nguyễn Đình Tạo');
-- row: [1128]);
INSERT INTO CovidChinhThuc.dbo.CaNhan (ID, HoTen, NgaySinh, CMND, SinhNam, DiaChi, IDPhuongXa, IDQuanHuyen, SoKhaiSinh, NguoiTaoDL) VALUES ('e246d98d-ffe1-4f3d-818b-639d81e306b6', N'Trần Thị Tình', '1936-01-01', '210766222', 1936, N'Hòa Sơn', 100, 7, NULL, N'Nguyễn Đình Tạo');
INSERT INTO CovidChinhThuc.dbo.ThongTinHoTro (ID, IDNoiDung, IDDoiTuong, IDCaNhan, NguoiTaoDL) VALUES ('6feee8ed-2a51-458d-96c3-6c4fded90170', 6, 'EDE2F0CC-2376-438A-B5FB-FACD867E38EF', 'e246d98d-ffe1-4f3d-818b-639d81e306b6', N'Nguyễn Đình Tạo');
INSERT INTO CovidChinhThuc.dbo.ChiTiet_NguoiCoCong (ID_ThongTin, NguoiTaoDL) VALUES ('6feee8ed-2a51-458d-96c3-6c4fded90170', N'Nguyễn Đình Tạo');
-- row: [1129]);
INSERT INTO CovidChinhThuc.dbo.CaNhan (ID, HoTen, NgaySinh, CMND, SinhNam, DiaChi, IDPhuongXa, IDQuanHuyen, SoKhaiSinh, NguoiTaoDL) VALUES ('33674716-2584-4db7-837f-6a2ec4b6408a', N'Nguyễn Thị Thanh', '1954-10-09', '211704736', 1954, N'Hòa Sơn', 100, 7, NULL, N'Nguyễn Đình Tạo');
INSERT INTO CovidChinhThuc.dbo.ThongTinHoTro (ID, IDNoiDung, IDDoiTuong, IDCaNhan, NguoiTaoDL) VALUES ('00d76ceb-718f-447f-8871-d1eb2846bb11', 6, 'EDE2F0CC-2376-438A-B5FB-FACD867E38EF', '33674716-2584-4db7-837f-6a2ec4b6408a', N'Nguyễn Đình Tạo');
INSERT INTO CovidChinhThuc.dbo.ChiTiet_NguoiCoCong (ID_ThongTin, NguoiTaoDL) VALUES ('00d76ceb-718f-447f-8871-d1eb2846bb11', N'Nguyễn Đình Tạo');
-- row: [1130]);
INSERT INTO CovidChinhThuc.dbo.CaNhan (ID, HoTen, NgaySinh, CMND, SinhNam, DiaChi, IDPhuongXa, IDQuanHuyen, SoKhaiSinh, NguoiTaoDL) VALUES ('fc648f8b-024e-4a82-a52d-a6ec9833572c', N'Đỗ Thị Thân', '1931-01-01', '210766060', 1931, N'Hòa Sơn', 100, 7, NULL, N'Nguyễn Đình Tạo');
INSERT INTO CovidChinhThuc.dbo.ThongTinHoTro (ID, IDNoiDung, IDDoiTuong, IDCaNhan, NguoiTaoDL) VALUES ('b3843c71-391a-43f7-948e-13a129dc8cc6', 6, 'EDE2F0CC-2376-438A-B5FB-FACD867E38EF', 'fc648f8b-024e-4a82-a52d-a6ec9833572c', N'Nguyễn Đình Tạo');
INSERT INTO CovidChinhThuc.dbo.ChiTiet_NguoiCoCong (ID_ThongTin, NguoiTaoDL) VALUES ('b3843c71-391a-43f7-948e-13a129dc8cc6', N'Nguyễn Đình Tạo');
-- row: [1131]);
INSERT INTO CovidChinhThuc.dbo.CaNhan (ID, HoTen, NgaySinh, CMND, SinhNam, DiaChi, IDPhuongXa, IDQuanHuyen, SoKhaiSinh, NguoiTaoDL) VALUES ('93ea09eb-db1e-460c-bea4-0be32a0a2904', N'Đặng Thị Vương', '1938-01-01', '210766142', 1938, N'Hòa Sơn', 100, 7, NULL, N'Nguyễn Đình Tạo');
INSERT INTO CovidChinhThuc.dbo.ThongTinHoTro (ID, IDNoiDung, IDDoiTuong, IDCaNhan, NguoiTaoDL) VALUES ('adf6841f-17fb-4d07-8c2b-23e2608b479e', 6, 'EDE2F0CC-2376-438A-B5FB-FACD867E38EF', '93ea09eb-db1e-460c-bea4-0be32a0a2904', N'Nguyễn Đình Tạo');
INSERT INTO CovidChinhThuc.dbo.ChiTiet_NguoiCoCong (ID_ThongTin, NguoiTaoDL) VALUES ('adf6841f-17fb-4d07-8c2b-23e2608b479e', N'Nguyễn Đình Tạo');
-- row: [1132]);
INSERT INTO CovidChinhThuc.dbo.CaNhan (ID, HoTen, NgaySinh, CMND, SinhNam, DiaChi, IDPhuongXa, IDQuanHuyen, SoKhaiSinh, NguoiTaoDL) VALUES ('697c0781-20bf-4809-a56f-4e06e2a946cd', N'Lê Văn Thái', '1950-04-08', '210862268', 1950, N'Hòa Sơn', 100, 7, NULL, N'Nguyễn Đình Tạo');
INSERT INTO CovidChinhThuc.dbo.ThongTinHoTro (ID, IDNoiDung, IDDoiTuong, IDCaNhan, NguoiTaoDL) VALUES ('c8bbda14-3202-4843-bf3c-9699e0565d1d', 6, '78AC3F79-5C50-4ACB-B626-E51ED3D4E8E5', '697c0781-20bf-4809-a56f-4e06e2a946cd', N'Nguyễn Đình Tạo');
INSERT INTO CovidChinhThuc.dbo.ChiTiet_NguoiCoCong (ID_ThongTin, NguoiTaoDL) VALUES ('c8bbda14-3202-4843-bf3c-9699e0565d1d', N'Nguyễn Đình Tạo');
-- row: [1133]);
INSERT INTO CovidChinhThuc.dbo.CaNhan (ID, HoTen, NgaySinh, CMND, SinhNam, DiaChi, IDPhuongXa, IDQuanHuyen, SoKhaiSinh, NguoiTaoDL) VALUES ('e0c49b25-3f4a-4dec-b65c-0eea3b2d1aaf', N'Trần Ngọc Thanh', '1946-10-01', '210766120', 1946, N'Hòa Sơn', 100, 7, NULL, N'Nguyễn Đình Tạo');
INSERT INTO CovidChinhThuc.dbo.ThongTinHoTro (ID, IDNoiDung, IDDoiTuong, IDCaNhan, NguoiTaoDL) VALUES ('cad40fa4-7395-4a69-91c9-7fd947f712a4', 6, '78AC3F79-5C50-4ACB-B626-E51ED3D4E8E5', 'e0c49b25-3f4a-4dec-b65c-0eea3b2d1aaf', N'Nguyễn Đình Tạo');
INSERT INTO CovidChinhThuc.dbo.ChiTiet_NguoiCoCong (ID_ThongTin, NguoiTaoDL) VALUES ('cad40fa4-7395-4a69-91c9-7fd947f712a4', N'Nguyễn Đình Tạo');
-- row: [1134]);
INSERT INTO CovidChinhThuc.dbo.CaNhan (ID, HoTen, NgaySinh, CMND, SinhNam, DiaChi, IDPhuongXa, IDQuanHuyen, SoKhaiSinh, NguoiTaoDL) VALUES ('939e543a-b8a4-4e8f-a448-429f183494ad', N'Đặng Thanh Xuân', '1935-02-02', '210766093', 1935, N'Hòa Sơn', 100, 7, NULL, N'Nguyễn Đình Tạo');
INSERT INTO CovidChinhThuc.dbo.ThongTinHoTro (ID, IDNoiDung, IDDoiTuong, IDCaNhan, NguoiTaoDL) VALUES ('a71d9348-a62f-448a-b175-6b705424930f', 6, '78AC3F79-5C50-4ACB-B626-E51ED3D4E8E5', '939e543a-b8a4-4e8f-a448-429f183494ad', N'Nguyễn Đình Tạo');
INSERT INTO CovidChinhThuc.dbo.ChiTiet_NguoiCoCong (ID_ThongTin, NguoiTaoDL) VALUES ('a71d9348-a62f-448a-b175-6b705424930f', N'Nguyễn Đình Tạo');
-- row: [1135]);
INSERT INTO CovidChinhThuc.dbo.CaNhan (ID, HoTen, NgaySinh, CMND, SinhNam, DiaChi, IDPhuongXa, IDQuanHuyen, SoKhaiSinh, NguoiTaoDL) VALUES ('3ab75612-f6e5-45a9-a43a-0801d2269392', N'Nguyễn Tiến Xuân', '1955-09-08', '211704699', 1955, N'Hòa Sơn', 100, 7, NULL, N'Nguyễn Đình Tạo');
INSERT INTO CovidChinhThuc.dbo.ThongTinHoTro (ID, IDNoiDung, IDDoiTuong, IDCaNhan, NguoiTaoDL) VALUES ('5297465d-5d27-47f3-9cde-81435bae5b48', 6, '78AC3F79-5C50-4ACB-B626-E51ED3D4E8E5', '3ab75612-f6e5-45a9-a43a-0801d2269392', N'Nguyễn Đình Tạo');
INSERT INTO CovidChinhThuc.dbo.ChiTiet_NguoiCoCong (ID_ThongTin, NguoiTaoDL) VALUES ('5297465d-5d27-47f3-9cde-81435bae5b48', N'Nguyễn Đình Tạo');
-- row: [1136]);
INSERT INTO CovidChinhThuc.dbo.CaNhan (ID, HoTen, NgaySinh, CMND, SinhNam, DiaChi, IDPhuongXa, IDQuanHuyen, SoKhaiSinh, NguoiTaoDL) VALUES ('4f7d83f9-0fab-4ca1-abb4-072ec9612bba', N'Nguyễn Văn Tám', '1948-10-03', '210766096', 1948, N'Hòa Sơn', 100, 7, NULL, N'Nguyễn Đình Tạo');
INSERT INTO CovidChinhThuc.dbo.ThongTinHoTro (ID, IDNoiDung, IDDoiTuong, IDCaNhan, NguoiTaoDL) VALUES ('5c95734a-e64d-4bd3-bf53-e5ac5c3f4fbf', 6, '78AC3F79-5C50-4ACB-B626-E51ED3D4E8E5', '4f7d83f9-0fab-4ca1-abb4-072ec9612bba', N'Nguyễn Đình Tạo');
INSERT INTO CovidChinhThuc.dbo.ChiTiet_NguoiCoCong (ID_ThongTin, NguoiTaoDL) VALUES ('5c95734a-e64d-4bd3-bf53-e5ac5c3f4fbf', N'Nguyễn Đình Tạo');
-- row: [1137]);
INSERT INTO CovidChinhThuc.dbo.CaNhan (ID, HoTen, NgaySinh, CMND, SinhNam, DiaChi, IDPhuongXa, IDQuanHuyen, SoKhaiSinh, NguoiTaoDL) VALUES ('0e7d43c8-7a18-428f-a72b-657d894c67fc', N'Nguyễn Thị Tuyết', '1951-12-03', '210766132', 1951, N'Hòa Sơn', 100, 7, NULL, N'Nguyễn Đình Tạo');
INSERT INTO CovidChinhThuc.dbo.ThongTinHoTro (ID, IDNoiDung, IDDoiTuong, IDCaNhan, NguoiTaoDL) VALUES ('64ab6ccf-6945-419f-869c-4442d6b5f084', 6, '78AC3F79-5C50-4ACB-B626-E51ED3D4E8E5', '0e7d43c8-7a18-428f-a72b-657d894c67fc', N'Nguyễn Đình Tạo');
INSERT INTO CovidChinhThuc.dbo.ChiTiet_NguoiCoCong (ID_ThongTin, NguoiTaoDL) VALUES ('64ab6ccf-6945-419f-869c-4442d6b5f084', N'Nguyễn Đình Tạo');
-- row: [1138]);
INSERT INTO CovidChinhThuc.dbo.CaNhan (ID, HoTen, NgaySinh, CMND, SinhNam, DiaChi, IDPhuongXa, IDQuanHuyen, SoKhaiSinh, NguoiTaoDL) VALUES ('14c4a4a6-4809-4435-91ca-a39e4d7538ca', N'Châu Thị Đào', '1935-01-01', '210766134', 1935, N'Hòa Sơn', 100, 7, NULL, N'Nguyễn Đình Tạo');
INSERT INTO CovidChinhThuc.dbo.ThongTinHoTro (ID, IDNoiDung, IDDoiTuong, IDCaNhan, NguoiTaoDL) VALUES ('75496d83-555b-4723-beda-c0da2f1e1e4c', 6, '3A65F299-2EFA-4982-BF70-81D7B5024935', '14c4a4a6-4809-4435-91ca-a39e4d7538ca', N'Nguyễn Đình Tạo');
INSERT INTO CovidChinhThuc.dbo.ChiTiet_NguoiCoCong (ID_ThongTin, NguoiTaoDL) VALUES ('75496d83-555b-4723-beda-c0da2f1e1e4c', N'Nguyễn Đình Tạo');
-- row: [1139]);
INSERT INTO CovidChinhThuc.dbo.CaNhan (ID, HoTen, NgaySinh, CMND, SinhNam, DiaChi, IDPhuongXa, IDQuanHuyen, SoKhaiSinh, NguoiTaoDL) VALUES ('170d4f9c-aca2-4ae2-b7a6-f6fa52ea9415', N'Nguyễn thị Hợi', '1926-09-20', '210726977', 1926, N'Hòa Sơn', 100, 7, NULL, N'Nguyễn Đình Tạo');
INSERT INTO CovidChinhThuc.dbo.ThongTinHoTro (ID, IDNoiDung, IDDoiTuong, IDCaNhan, NguoiTaoDL) VALUES ('d135c678-017d-48cf-9b26-6782e68cd201', 6, '3A65F299-2EFA-4982-BF70-81D7B5024935', '170d4f9c-aca2-4ae2-b7a6-f6fa52ea9415', N'Nguyễn Đình Tạo');
INSERT INTO CovidChinhThuc.dbo.ChiTiet_NguoiCoCong (ID_ThongTin, NguoiTaoDL) VALUES ('d135c678-017d-48cf-9b26-6782e68cd201', N'Nguyễn Đình Tạo');
-- row: [1140]);
INSERT INTO CovidChinhThuc.dbo.CaNhan (ID, HoTen, NgaySinh, CMND, SinhNam, DiaChi, IDPhuongXa, IDQuanHuyen, SoKhaiSinh, NguoiTaoDL) VALUES ('820c5791-e4cc-4d86-90a3-9a525538de33', N'Phạm Thị Năm(Nam)', '1922-10-04', '210766510', 1922, N'Hòa Sơn', 100, 7, NULL, N'Nguyễn Đình Tạo');
INSERT INTO CovidChinhThuc.dbo.ThongTinHoTro (ID, IDNoiDung, IDDoiTuong, IDCaNhan, NguoiTaoDL) VALUES ('1657e9fd-ced7-47a7-a62f-859783bd4712', 6, '3A65F299-2EFA-4982-BF70-81D7B5024935', '820c5791-e4cc-4d86-90a3-9a525538de33', N'Nguyễn Đình Tạo');
INSERT INTO CovidChinhThuc.dbo.ChiTiet_NguoiCoCong (ID_ThongTin, NguoiTaoDL) VALUES ('1657e9fd-ced7-47a7-a62f-859783bd4712', N'Nguyễn Đình Tạo');
-- row: [1141]);
INSERT INTO CovidChinhThuc.dbo.CaNhan (ID, HoTen, NgaySinh, CMND, SinhNam, DiaChi, IDPhuongXa, IDQuanHuyen, SoKhaiSinh, NguoiTaoDL) VALUES ('b026edcd-409c-42f8-bd53-2d1b16a4bec6', N'Lê Thị Sử', '1934-12-04', '210766839', 1934, N'Hòa Sơn', 100, 7, NULL, N'Nguyễn Đình Tạo');
INSERT INTO CovidChinhThuc.dbo.ThongTinHoTro (ID, IDNoiDung, IDDoiTuong, IDCaNhan, NguoiTaoDL) VALUES ('48fef38d-fdfd-46ec-95fd-17bd5134823a', 6, '3A65F299-2EFA-4982-BF70-81D7B5024935', 'b026edcd-409c-42f8-bd53-2d1b16a4bec6', N'Nguyễn Đình Tạo');
INSERT INTO CovidChinhThuc.dbo.ChiTiet_NguoiCoCong (ID_ThongTin, NguoiTaoDL) VALUES ('48fef38d-fdfd-46ec-95fd-17bd5134823a', N'Nguyễn Đình Tạo');
-- row: [1142]);
INSERT INTO CovidChinhThuc.dbo.CaNhan (ID, HoTen, NgaySinh, CMND, SinhNam, DiaChi, IDPhuongXa, IDQuanHuyen, SoKhaiSinh, NguoiTaoDL) VALUES ('2915e13b-467f-4f23-af44-8e348b4ee7df', N'TrầnNgọc Tài', '1930-03-01', '210766223', 1930, N'Hòa Sơn', 100, 7, NULL, N'Nguyễn Đình Tạo');
INSERT INTO CovidChinhThuc.dbo.ThongTinHoTro (ID, IDNoiDung, IDDoiTuong, IDCaNhan, NguoiTaoDL) VALUES ('7aad5f79-a1a3-4f08-b759-9f9eee4cb66a', 6, '3A65F299-2EFA-4982-BF70-81D7B5024935', '2915e13b-467f-4f23-af44-8e348b4ee7df', N'Nguyễn Đình Tạo');
INSERT INTO CovidChinhThuc.dbo.ChiTiet_NguoiCoCong (ID_ThongTin, NguoiTaoDL) VALUES ('7aad5f79-a1a3-4f08-b759-9f9eee4cb66a', N'Nguyễn Đình Tạo');
-- row: [1143]);
INSERT INTO CovidChinhThuc.dbo.CaNhan (ID, HoTen, NgaySinh, CMND, SinhNam, DiaChi, IDPhuongXa, IDQuanHuyen, SoKhaiSinh, NguoiTaoDL) VALUES ('db8a8f6e-1a59-4999-82a4-dd32551b0a0f', N'Trần Tuân', '1931-10-09', '210766899', 1931, N'Hòa Sơn', 100, 7, NULL, N'Nguyễn Đình Tạo');
INSERT INTO CovidChinhThuc.dbo.ThongTinHoTro (ID, IDNoiDung, IDDoiTuong, IDCaNhan, NguoiTaoDL) VALUES ('00398421-43df-4f7b-9f81-846a6def85f7', 6, '3A65F299-2EFA-4982-BF70-81D7B5024935', 'db8a8f6e-1a59-4999-82a4-dd32551b0a0f', N'Nguyễn Đình Tạo');
INSERT INTO CovidChinhThuc.dbo.ChiTiet_NguoiCoCong (ID_ThongTin, NguoiTaoDL) VALUES ('00398421-43df-4f7b-9f81-846a6def85f7', N'Nguyễn Đình Tạo');
-- row: [1144]);
INSERT INTO CovidChinhThuc.dbo.CaNhan (ID, HoTen, NgaySinh, CMND, SinhNam, DiaChi, IDPhuongXa, IDQuanHuyen, SoKhaiSinh, NguoiTaoDL) VALUES ('bb64df8a-c4ca-493c-9f04-a13f3e66ddba', N'Trần Thị Thừa', '1937-01-01', '210766792', 1937, N'Hòa Sơn', 100, 7, NULL, N'Nguyễn Đình Tạo');
INSERT INTO CovidChinhThuc.dbo.ThongTinHoTro (ID, IDNoiDung, IDDoiTuong, IDCaNhan, NguoiTaoDL) VALUES ('c08dff3c-a8a6-48fe-ba72-23bbc263b161', 6, '3A65F299-2EFA-4982-BF70-81D7B5024935', 'bb64df8a-c4ca-493c-9f04-a13f3e66ddba', N'Nguyễn Đình Tạo');
INSERT INTO CovidChinhThuc.dbo.ChiTiet_NguoiCoCong (ID_ThongTin, NguoiTaoDL) VALUES ('c08dff3c-a8a6-48fe-ba72-23bbc263b161', N'Nguyễn Đình Tạo');
-- row: [1145]);
INSERT INTO CovidChinhThuc.dbo.CaNhan (ID, HoTen, NgaySinh, CMND, SinhNam, DiaChi, IDPhuongXa, IDQuanHuyen, SoKhaiSinh, NguoiTaoDL) VALUES ('d408d38a-5503-42ea-b654-f97236221166', N'Nguyễn Thị Tri', '1949-04-19', '210810848', 1949, N'Hòa Sơn', 100, 7, NULL, N'Nguyễn Đình Tạo');
INSERT INTO CovidChinhThuc.dbo.ThongTinHoTro (ID, IDNoiDung, IDDoiTuong, IDCaNhan, NguoiTaoDL) VALUES ('5e0cca00-d84a-47d1-abd0-f443f3a29be0', 6, '3A65F299-2EFA-4982-BF70-81D7B5024935', 'd408d38a-5503-42ea-b654-f97236221166', N'Nguyễn Đình Tạo');
INSERT INTO CovidChinhThuc.dbo.ChiTiet_NguoiCoCong (ID_ThongTin, NguoiTaoDL) VALUES ('5e0cca00-d84a-47d1-abd0-f443f3a29be0', N'Nguyễn Đình Tạo');
-- row: [1146]);
INSERT INTO CovidChinhThuc.dbo.CaNhan (ID, HoTen, NgaySinh, CMND, SinhNam, DiaChi, IDPhuongXa, IDQuanHuyen, SoKhaiSinh, NguoiTaoDL) VALUES ('723e7777-4f81-4d9e-8191-696c91dacf4b', N'Nguyễn Thị Nhi', '1936-01-01', '210766935', 1936, N'Hòa Sơn', 100, 7, NULL, N'Nguyễn Đình Tạo');
INSERT INTO CovidChinhThuc.dbo.ThongTinHoTro (ID, IDNoiDung, IDDoiTuong, IDCaNhan, NguoiTaoDL) VALUES ('709dd8fe-aeba-4c9f-91e3-5b2620cdfdb2', 6, '3A65F299-2EFA-4982-BF70-81D7B5024935', '723e7777-4f81-4d9e-8191-696c91dacf4b', N'Nguyễn Đình Tạo');
INSERT INTO CovidChinhThuc.dbo.ChiTiet_NguoiCoCong (ID_ThongTin, NguoiTaoDL) VALUES ('709dd8fe-aeba-4c9f-91e3-5b2620cdfdb2', N'Nguyễn Đình Tạo');
-- row: [1147]);
INSERT INTO CovidChinhThuc.dbo.CaNhan (ID, HoTen, NgaySinh, CMND, SinhNam, DiaChi, IDPhuongXa, IDQuanHuyen, SoKhaiSinh, NguoiTaoDL) VALUES ('791aac6a-600e-4ed6-8342-70a79ffcf5bf', N'Lê Thị Nữ', '1992-02-09', '215438151', 1992, N'Hòa Sơn', 100, 7, NULL, N'Nguyễn Đình Tạo');
INSERT INTO CovidChinhThuc.dbo.ThongTinHoTro (ID, IDNoiDung, IDDoiTuong, IDCaNhan, NguoiTaoDL) VALUES ('d9668567-a02b-4046-b78b-8702854d5898', 6, 'E4E24DC6-98AE-4685-985D-47C0B48DD6FD', '791aac6a-600e-4ed6-8342-70a79ffcf5bf', N'Nguyễn Đình Tạo');
INSERT INTO CovidChinhThuc.dbo.ChiTiet_NguoiCoCong (ID_ThongTin, NguoiTaoDL) VALUES ('d9668567-a02b-4046-b78b-8702854d5898', N'Nguyễn Đình Tạo');
-- row: [1148]);
INSERT INTO CovidChinhThuc.dbo.CaNhan (ID, HoTen, NgaySinh, CMND, SinhNam, DiaChi, IDPhuongXa, IDQuanHuyen, SoKhaiSinh, NguoiTaoDL) VALUES ('d1e227f7-3332-42fe-8b9f-dd4c8416f526', N'Lê Văn Thiệt', '1986-03-17', '211819645', 1986, N'Hòa Sơn', 100, 7, NULL, N'Nguyễn Đình Tạo');
INSERT INTO CovidChinhThuc.dbo.ThongTinHoTro (ID, IDNoiDung, IDDoiTuong, IDCaNhan, NguoiTaoDL) VALUES ('74683fe4-cc63-4c2e-bf2e-f1572be9b934', 6, 'E4E24DC6-98AE-4685-985D-47C0B48DD6FD', 'd1e227f7-3332-42fe-8b9f-dd4c8416f526', N'Nguyễn Đình Tạo');
INSERT INTO CovidChinhThuc.dbo.ChiTiet_NguoiCoCong (ID_ThongTin, NguoiTaoDL) VALUES ('74683fe4-cc63-4c2e-bf2e-f1572be9b934', N'Nguyễn Đình Tạo');
-- row: [1149]);
INSERT INTO CovidChinhThuc.dbo.CaNhan (ID, HoTen, NgaySinh, CMND, SinhNam, DiaChi, IDPhuongXa, IDQuanHuyen, SoKhaiSinh, NguoiTaoDL) VALUES ('6a7bc0cc-6093-4aaa-90b7-5c0f259a77c1', N'Nguyễn Thị Cúc', '1955-12-01', '210766854', 1955, N'Hòa Sơn', 100, 7, NULL, N'Nguyễn Đình Tạo');
INSERT INTO CovidChinhThuc.dbo.ThongTinHoTro (ID, IDNoiDung, IDDoiTuong, IDCaNhan, NguoiTaoDL) VALUES ('01ed983f-7a33-4c74-894e-955ce89a1ed1', 6, '2DE801FE-8F9D-4CB2-A1C0-E61F4503CB74', '6a7bc0cc-6093-4aaa-90b7-5c0f259a77c1', N'Nguyễn Đình Tạo');
INSERT INTO CovidChinhThuc.dbo.ChiTiet_NguoiCoCong (ID_ThongTin, NguoiTaoDL) VALUES ('01ed983f-7a33-4c74-894e-955ce89a1ed1', N'Nguyễn Đình Tạo');
-- row: [1150]);
INSERT INTO CovidChinhThuc.dbo.CaNhan (ID, HoTen, NgaySinh, CMND, SinhNam, DiaChi, IDPhuongXa, IDQuanHuyen, SoKhaiSinh, NguoiTaoDL) VALUES ('1414dde4-c701-4577-8fd0-58cc17c8c77a', N'Nguyễn Thị Lan', '1927-01-01', '210766740', 1927, N'Hòa Sơn', 100, 7, NULL, N'Nguyễn Đình Tạo');
INSERT INTO CovidChinhThuc.dbo.ThongTinHoTro (ID, IDNoiDung, IDDoiTuong, IDCaNhan, NguoiTaoDL) VALUES ('1f5531fd-aac6-4b5f-b650-a88614eb884f', 6, '2DE801FE-8F9D-4CB2-A1C0-E61F4503CB74', '1414dde4-c701-4577-8fd0-58cc17c8c77a', N'Nguyễn Đình Tạo');
INSERT INTO CovidChinhThuc.dbo.ChiTiet_NguoiCoCong (ID_ThongTin, NguoiTaoDL) VALUES ('1f5531fd-aac6-4b5f-b650-a88614eb884f', N'Nguyễn Đình Tạo');
-- row: [1151]);
INSERT INTO CovidChinhThuc.dbo.CaNhan (ID, HoTen, NgaySinh, CMND, SinhNam, DiaChi, IDPhuongXa, IDQuanHuyen, SoKhaiSinh, NguoiTaoDL) VALUES ('08f2058f-a96e-47f9-aec4-da26ddc45d80', N'Trần Văn Bình', '1956-03-01', '211113510', 1956, N'Hòa Hiệp', 100, 7, NULL, N'Nguyễn Đình Tạo');
INSERT INTO CovidChinhThuc.dbo.ThongTinHoTro (ID, IDNoiDung, IDDoiTuong, IDCaNhan, NguoiTaoDL) VALUES ('f0886900-b704-49ac-a054-0f8fe44fc35d', 6, 'EDE2F0CC-2376-438A-B5FB-FACD867E38EF', '08f2058f-a96e-47f9-aec4-da26ddc45d80', N'Nguyễn Đình Tạo');
INSERT INTO CovidChinhThuc.dbo.ChiTiet_NguoiCoCong (ID_ThongTin, NguoiTaoDL) VALUES ('f0886900-b704-49ac-a054-0f8fe44fc35d', N'Nguyễn Đình Tạo');
-- row: [1152]);
INSERT INTO CovidChinhThuc.dbo.CaNhan (ID, HoTen, NgaySinh, CMND, SinhNam, DiaChi, IDPhuongXa, IDQuanHuyen, SoKhaiSinh, NguoiTaoDL) VALUES ('f7320d76-4d0b-437c-b95e-f788c1df47f7', N'Nguyễn Ngọc Chính', '1930-01-31', '210810678', 1930, N'Hòa Hiệp', 100, 7, NULL, N'Nguyễn Đình Tạo');
INSERT INTO CovidChinhThuc.dbo.ThongTinHoTro (ID, IDNoiDung, IDDoiTuong, IDCaNhan, NguoiTaoDL) VALUES ('1fefdb3e-a8a1-4254-9748-946c702b6ad3', 6, 'EDE2F0CC-2376-438A-B5FB-FACD867E38EF', 'f7320d76-4d0b-437c-b95e-f788c1df47f7', N'Nguyễn Đình Tạo');
INSERT INTO CovidChinhThuc.dbo.ChiTiet_NguoiCoCong (ID_ThongTin, NguoiTaoDL) VALUES ('1fefdb3e-a8a1-4254-9748-946c702b6ad3', N'Nguyễn Đình Tạo');
-- row: [1153]);
INSERT INTO CovidChinhThuc.dbo.CaNhan (ID, HoTen, NgaySinh, CMND, SinhNam, DiaChi, IDPhuongXa, IDQuanHuyen, SoKhaiSinh, NguoiTaoDL) VALUES ('a82845bc-4045-4458-abfd-bf31f8274ba4', N'Nguyễn Văn Dũng', '1958-05-02', '210766829', 1958, N'Hòa Hiệp', 100, 7, NULL, N'Nguyễn Đình Tạo');
INSERT INTO CovidChinhThuc.dbo.ThongTinHoTro (ID, IDNoiDung, IDDoiTuong, IDCaNhan, NguoiTaoDL) VALUES ('d55fb30f-2d97-4a11-90c5-b4e81275c290', 6, 'EDE2F0CC-2376-438A-B5FB-FACD867E38EF', 'a82845bc-4045-4458-abfd-bf31f8274ba4', N'Nguyễn Đình Tạo');
INSERT INTO CovidChinhThuc.dbo.ChiTiet_NguoiCoCong (ID_ThongTin, NguoiTaoDL) VALUES ('d55fb30f-2d97-4a11-90c5-b4e81275c290', N'Nguyễn Đình Tạo');
-- row: [1154]);
INSERT INTO CovidChinhThuc.dbo.CaNhan (ID, HoTen, NgaySinh, CMND, SinhNam, DiaChi, IDPhuongXa, IDQuanHuyen, SoKhaiSinh, NguoiTaoDL) VALUES ('9be45777-e796-416d-b065-dcc2edb5a3a4', N'Trần Thị Hương', '1951-10-01', '210810103', 1951, N'Hòa Hiệp', 100, 7, NULL, N'Nguyễn Đình Tạo');
INSERT INTO CovidChinhThuc.dbo.ThongTinHoTro (ID, IDNoiDung, IDDoiTuong, IDCaNhan, NguoiTaoDL) VALUES ('45073ebf-605d-43b5-9f3d-85c7b91d2a87', 6, 'EDE2F0CC-2376-438A-B5FB-FACD867E38EF', '9be45777-e796-416d-b065-dcc2edb5a3a4', N'Nguyễn Đình Tạo');
INSERT INTO CovidChinhThuc.dbo.ChiTiet_NguoiCoCong (ID_ThongTin, NguoiTaoDL) VALUES ('45073ebf-605d-43b5-9f3d-85c7b91d2a87', N'Nguyễn Đình Tạo');
-- row: [1155]);
INSERT INTO CovidChinhThuc.dbo.CaNhan (ID, HoTen, NgaySinh, CMND, SinhNam, DiaChi, IDPhuongXa, IDQuanHuyen, SoKhaiSinh, NguoiTaoDL) VALUES ('bc10512f-8953-49bf-84b3-c9d1c50ed0d9', N'Lê Thị Phương Lan', '1954-02-02', '210982898', 1954, N'Hòa Hiệp', 100, 7, NULL, N'Nguyễn Đình Tạo');
INSERT INTO CovidChinhThuc.dbo.ThongTinHoTro (ID, IDNoiDung, IDDoiTuong, IDCaNhan, NguoiTaoDL) VALUES ('fc6ff77a-b16c-49e3-bab0-29cd3713c65c', 6, 'EDE2F0CC-2376-438A-B5FB-FACD867E38EF', 'bc10512f-8953-49bf-84b3-c9d1c50ed0d9', N'Nguyễn Đình Tạo');
INSERT INTO CovidChinhThuc.dbo.ChiTiet_NguoiCoCong (ID_ThongTin, NguoiTaoDL) VALUES ('fc6ff77a-b16c-49e3-bab0-29cd3713c65c', N'Nguyễn Đình Tạo');
-- row: [1156]);
INSERT INTO CovidChinhThuc.dbo.CaNhan (ID, HoTen, NgaySinh, CMND, SinhNam, DiaChi, IDPhuongXa, IDQuanHuyen, SoKhaiSinh, NguoiTaoDL) VALUES ('23e5c891-3f12-4dd9-8188-a3e15c786c8e', N'Nguyễn Thị Lẽ', '1931-01-01', '210810328', 1931, N'Hòa Hiệp', 100, 7, NULL, N'Nguyễn Đình Tạo');
INSERT INTO CovidChinhThuc.dbo.ThongTinHoTro (ID, IDNoiDung, IDDoiTuong, IDCaNhan, NguoiTaoDL) VALUES ('abd5221a-af80-4757-b766-94cdd6a6dc7c', 6, 'EDE2F0CC-2376-438A-B5FB-FACD867E38EF', '23e5c891-3f12-4dd9-8188-a3e15c786c8e', N'Nguyễn Đình Tạo');
INSERT INTO CovidChinhThuc.dbo.ChiTiet_NguoiCoCong (ID_ThongTin, NguoiTaoDL) VALUES ('abd5221a-af80-4757-b766-94cdd6a6dc7c', N'Nguyễn Đình Tạo');
-- row: [1157]);
INSERT INTO CovidChinhThuc.dbo.CaNhan (ID, HoTen, NgaySinh, CMND, SinhNam, DiaChi, IDPhuongXa, IDQuanHuyen, SoKhaiSinh, NguoiTaoDL) VALUES ('20709098-8ae4-474c-8ac4-a2053ea88a09', N'Ngô Máy', '1957-04-17', '211839191', 1957, N'Hòa Hiệp', 100, 7, NULL, N'Nguyễn Đình Tạo');
INSERT INTO CovidChinhThuc.dbo.ThongTinHoTro (ID, IDNoiDung, IDDoiTuong, IDCaNhan, NguoiTaoDL) VALUES ('2d348f16-1560-4ad6-b9a8-40ea4cf60e3d', 6, 'EDE2F0CC-2376-438A-B5FB-FACD867E38EF', '20709098-8ae4-474c-8ac4-a2053ea88a09', N'Nguyễn Đình Tạo');
INSERT INTO CovidChinhThuc.dbo.ChiTiet_NguoiCoCong (ID_ThongTin, NguoiTaoDL) VALUES ('2d348f16-1560-4ad6-b9a8-40ea4cf60e3d', N'Nguyễn Đình Tạo');
-- row: [1158]);
INSERT INTO CovidChinhThuc.dbo.CaNhan (ID, HoTen, NgaySinh, CMND, SinhNam, DiaChi, IDPhuongXa, IDQuanHuyen, SoKhaiSinh, NguoiTaoDL) VALUES ('934cf241-1de9-41e0-aca3-2948b337c0ef', N'Nguyễn Văn Minh', '1957-10-25', '210981022', 1957, N'Hòa Hiệp', 100, 7, NULL, N'Nguyễn Đình Tạo');
INSERT INTO CovidChinhThuc.dbo.ThongTinHoTro (ID, IDNoiDung, IDDoiTuong, IDCaNhan, NguoiTaoDL) VALUES ('489c780a-7217-4124-b45c-e41810e91878', 6, 'EDE2F0CC-2376-438A-B5FB-FACD867E38EF', '934cf241-1de9-41e0-aca3-2948b337c0ef', N'Nguyễn Đình Tạo');
INSERT INTO CovidChinhThuc.dbo.ChiTiet_NguoiCoCong (ID_ThongTin, NguoiTaoDL) VALUES ('489c780a-7217-4124-b45c-e41810e91878', N'Nguyễn Đình Tạo');
-- row: [1159]);
INSERT INTO CovidChinhThuc.dbo.CaNhan (ID, HoTen, NgaySinh, CMND, SinhNam, DiaChi, IDPhuongXa, IDQuanHuyen, SoKhaiSinh, NguoiTaoDL) VALUES ('78bc3bc0-92cf-4569-b4c9-834dacee46e2', N'Lê Thị Mười', '1948-02-01', '210610564', 1948, N'Hòa Hiệp', 100, 7, NULL, N'Nguyễn Đình Tạo');
INSERT INTO CovidChinhThuc.dbo.ThongTinHoTro (ID, IDNoiDung, IDDoiTuong, IDCaNhan, NguoiTaoDL) VALUES ('382a98ea-d1df-4a7b-a83b-a444354f2e68', 6, 'EDE2F0CC-2376-438A-B5FB-FACD867E38EF', '78bc3bc0-92cf-4569-b4c9-834dacee46e2', N'Nguyễn Đình Tạo');
INSERT INTO CovidChinhThuc.dbo.ChiTiet_NguoiCoCong (ID_ThongTin, NguoiTaoDL) VALUES ('382a98ea-d1df-4a7b-a83b-a444354f2e68', N'Nguyễn Đình Tạo');
-- row: [1160]);
INSERT INTO CovidChinhThuc.dbo.CaNhan (ID, HoTen, NgaySinh, CMND, SinhNam, DiaChi, IDPhuongXa, IDQuanHuyen, SoKhaiSinh, NguoiTaoDL) VALUES ('3b92089b-eb57-415e-9dcc-8e864dce64ea', N'Nguyễn Thanh Mười', '1957-01-14', '215083409', 1957, N'Hòa Hiệp', 100, 7, NULL, N'Nguyễn Đình Tạo');
INSERT INTO CovidChinhThuc.dbo.ThongTinHoTro (ID, IDNoiDung, IDDoiTuong, IDCaNhan, NguoiTaoDL) VALUES ('2cff16b0-c039-4604-8e23-bdd063c85360', 6, NULL, '3b92089b-eb57-415e-9dcc-8e864dce64ea', N'Nguyễn Đình Tạo');
INSERT INTO CovidChinhThuc.dbo.ChiTiet_NguoiCoCong (ID_ThongTin, NguoiTaoDL) VALUES ('2cff16b0-c039-4604-8e23-bdd063c85360', N'Nguyễn Đình Tạo');
-- row: [1161]);
INSERT INTO CovidChinhThuc.dbo.CaNhan (ID, HoTen, NgaySinh, CMND, SinhNam, DiaChi, IDPhuongXa, IDQuanHuyen, SoKhaiSinh, NguoiTaoDL) VALUES ('2ea5640f-9fce-43bc-b322-0001a3392e6e', N'Nguyễn Văn Năm', '1953-12-02', '210810497', 1953, N'Hòa Hiệp', 100, 7, NULL, N'Nguyễn Đình Tạo');
INSERT INTO CovidChinhThuc.dbo.ThongTinHoTro (ID, IDNoiDung, IDDoiTuong, IDCaNhan, NguoiTaoDL) VALUES ('8586fa33-b2fc-426d-b5e0-b975334c6470', 6, 'EDE2F0CC-2376-438A-B5FB-FACD867E38EF', '2ea5640f-9fce-43bc-b322-0001a3392e6e', N'Nguyễn Đình Tạo');
INSERT INTO CovidChinhThuc.dbo.ChiTiet_NguoiCoCong (ID_ThongTin, NguoiTaoDL) VALUES ('8586fa33-b2fc-426d-b5e0-b975334c6470', N'Nguyễn Đình Tạo');
-- row: [1162]);
INSERT INTO CovidChinhThuc.dbo.CaNhan (ID, HoTen, NgaySinh, CMND, SinhNam, DiaChi, IDPhuongXa, IDQuanHuyen, SoKhaiSinh, NguoiTaoDL) VALUES ('e16a49ce-8c0a-47d7-9740-5e8068c07b14', N'Dương Quang', '1953-02-02', '215242475', 1953, N'Hòa Hiệp', 100, 7, NULL, N'Nguyễn Đình Tạo');
INSERT INTO CovidChinhThuc.dbo.ThongTinHoTro (ID, IDNoiDung, IDDoiTuong, IDCaNhan, NguoiTaoDL) VALUES ('8d78d480-46b0-4a61-a39f-0188fe28d7d9', 6, 'EDE2F0CC-2376-438A-B5FB-FACD867E38EF', 'e16a49ce-8c0a-47d7-9740-5e8068c07b14', N'Nguyễn Đình Tạo');
INSERT INTO CovidChinhThuc.dbo.ChiTiet_NguoiCoCong (ID_ThongTin, NguoiTaoDL) VALUES ('8d78d480-46b0-4a61-a39f-0188fe28d7d9', N'Nguyễn Đình Tạo');
-- row: [1163]);
INSERT INTO CovidChinhThuc.dbo.CaNhan (ID, HoTen, NgaySinh, CMND, SinhNam, DiaChi, IDPhuongXa, IDQuanHuyen, SoKhaiSinh, NguoiTaoDL) VALUES ('a6e0929b-5b3e-4a85-9c91-158bb624eb46', N'Nguyễn Thị Thanh', '1955-07-20', '210927721', 1955, N'Hòa Hiệp', 100, 7, NULL, N'Nguyễn Đình Tạo');
INSERT INTO CovidChinhThuc.dbo.ThongTinHoTro (ID, IDNoiDung, IDDoiTuong, IDCaNhan, NguoiTaoDL) VALUES ('9be4abcd-2646-4493-bf50-777e8890bb8a', 6, 'EDE2F0CC-2376-438A-B5FB-FACD867E38EF', 'a6e0929b-5b3e-4a85-9c91-158bb624eb46', N'Nguyễn Đình Tạo');
INSERT INTO CovidChinhThuc.dbo.ChiTiet_NguoiCoCong (ID_ThongTin, NguoiTaoDL) VALUES ('9be4abcd-2646-4493-bf50-777e8890bb8a', N'Nguyễn Đình Tạo');
-- row: [1164]);
INSERT INTO CovidChinhThuc.dbo.CaNhan (ID, HoTen, NgaySinh, CMND, SinhNam, DiaChi, IDPhuongXa, IDQuanHuyen, SoKhaiSinh, NguoiTaoDL) VALUES ('7c69fa0b-bfa0-4ee9-8b4d-a4c8905081ea', N'Nguyễn Văn Thi', '1954-02-02', '211683679', 1954, N'Hòa Hiệp', 100, 7, NULL, N'Nguyễn Đình Tạo');
INSERT INTO CovidChinhThuc.dbo.ThongTinHoTro (ID, IDNoiDung, IDDoiTuong, IDCaNhan, NguoiTaoDL) VALUES ('a512c4dd-97b5-4610-82d0-924f744f5543', 6, 'EDE2F0CC-2376-438A-B5FB-FACD867E38EF', '7c69fa0b-bfa0-4ee9-8b4d-a4c8905081ea', N'Nguyễn Đình Tạo');
INSERT INTO CovidChinhThuc.dbo.ChiTiet_NguoiCoCong (ID_ThongTin, NguoiTaoDL) VALUES ('a512c4dd-97b5-4610-82d0-924f744f5543', N'Nguyễn Đình Tạo');
-- row: [1165]);
INSERT INTO CovidChinhThuc.dbo.CaNhan (ID, HoTen, NgaySinh, CMND, SinhNam, DiaChi, IDPhuongXa, IDQuanHuyen, SoKhaiSinh, NguoiTaoDL) VALUES ('0c91deb9-d910-4519-bde7-37c5c4726b04', N'Nguyễn Hữu Thủy', '1957-10-20', '211309410', 1957, N'Hòa Hiệp', 100, 7, NULL, N'Nguyễn Đình Tạo');
INSERT INTO CovidChinhThuc.dbo.ThongTinHoTro (ID, IDNoiDung, IDDoiTuong, IDCaNhan, NguoiTaoDL) VALUES ('13b1ff7b-9a3c-4ba1-8915-64ae2a7eaafd', 6, 'EDE2F0CC-2376-438A-B5FB-FACD867E38EF', '0c91deb9-d910-4519-bde7-37c5c4726b04', N'Nguyễn Đình Tạo');
INSERT INTO CovidChinhThuc.dbo.ChiTiet_NguoiCoCong (ID_ThongTin, NguoiTaoDL) VALUES ('13b1ff7b-9a3c-4ba1-8915-64ae2a7eaafd', N'Nguyễn Đình Tạo');
-- row: [1166]);
INSERT INTO CovidChinhThuc.dbo.CaNhan (ID, HoTen, NgaySinh, CMND, SinhNam, DiaChi, IDPhuongXa, IDQuanHuyen, SoKhaiSinh, NguoiTaoDL) VALUES ('b047af53-e032-40dc-99ae-4045b292be93', N'Nguyễn Thị Trinh', '1945-10-20', '210810353', 1945, N'Hòa Hiệp', 100, 7, NULL, N'Nguyễn Đình Tạo');
INSERT INTO CovidChinhThuc.dbo.ThongTinHoTro (ID, IDNoiDung, IDDoiTuong, IDCaNhan, NguoiTaoDL) VALUES ('66777a94-9026-4b54-91b4-977167cd6072', 6, 'EDE2F0CC-2376-438A-B5FB-FACD867E38EF', 'b047af53-e032-40dc-99ae-4045b292be93', N'Nguyễn Đình Tạo');
INSERT INTO CovidChinhThuc.dbo.ChiTiet_NguoiCoCong (ID_ThongTin, NguoiTaoDL) VALUES ('66777a94-9026-4b54-91b4-977167cd6072', N'Nguyễn Đình Tạo');
-- row: [1167]);
INSERT INTO CovidChinhThuc.dbo.CaNhan (ID, HoTen, NgaySinh, CMND, SinhNam, DiaChi, IDPhuongXa, IDQuanHuyen, SoKhaiSinh, NguoiTaoDL) VALUES ('13eb81cd-c9db-4cc3-b346-f08e5590b0f8', N'Trương Văn Bảy', '1962-01-06', '211790503', 1962, N'Hòa Hiệp', 100, 7, NULL, N'Nguyễn Đình Tạo');
INSERT INTO CovidChinhThuc.dbo.ThongTinHoTro (ID, IDNoiDung, IDDoiTuong, IDCaNhan, NguoiTaoDL) VALUES ('f17b1d77-4a4e-496b-b857-7a6a21f87165', 6, 'EDE2F0CC-2376-438A-B5FB-FACD867E38EF', '13eb81cd-c9db-4cc3-b346-f08e5590b0f8', N'Nguyễn Đình Tạo');
INSERT INTO CovidChinhThuc.dbo.ChiTiet_NguoiCoCong (ID_ThongTin, NguoiTaoDL) VALUES ('f17b1d77-4a4e-496b-b857-7a6a21f87165', N'Nguyễn Đình Tạo');
-- row: [1168]);
INSERT INTO CovidChinhThuc.dbo.CaNhan (ID, HoTen, NgaySinh, CMND, SinhNam, DiaChi, IDPhuongXa, IDQuanHuyen, SoKhaiSinh, NguoiTaoDL) VALUES ('92ccfe82-527e-4ab4-bf18-f8b48f2ba63c', N'Nguyễn Thị Chung', '1937-01-01', '210810121', 1937, N'Hòa Hiệp', 100, 7, NULL, N'Nguyễn Đình Tạo');
INSERT INTO CovidChinhThuc.dbo.ThongTinHoTro (ID, IDNoiDung, IDDoiTuong, IDCaNhan, NguoiTaoDL) VALUES ('83f977a0-8fcf-491a-a92a-55e438e5ae6f', 6, '3A65F299-2EFA-4982-BF70-81D7B5024935', '92ccfe82-527e-4ab4-bf18-f8b48f2ba63c', N'Nguyễn Đình Tạo');
INSERT INTO CovidChinhThuc.dbo.ChiTiet_NguoiCoCong (ID_ThongTin, NguoiTaoDL) VALUES ('83f977a0-8fcf-491a-a92a-55e438e5ae6f', N'Nguyễn Đình Tạo');
-- row: [1169]);
INSERT INTO CovidChinhThuc.dbo.CaNhan (ID, HoTen, NgaySinh, CMND, SinhNam, DiaChi, IDPhuongXa, IDQuanHuyen, SoKhaiSinh, NguoiTaoDL) VALUES ('802bee37-d2ff-42d1-8295-2f992b73b1b8', N'Nguyễn Thị Lang', '1940-04-24', '210810459', 1940, N'Hòa Hiệp', 100, 7, NULL, N'Nguyễn Đình Tạo');
INSERT INTO CovidChinhThuc.dbo.ThongTinHoTro (ID, IDNoiDung, IDDoiTuong, IDCaNhan, NguoiTaoDL) VALUES ('625e3418-da77-44d1-9ee7-c7a541ee2be7', 6, '3A65F299-2EFA-4982-BF70-81D7B5024935', '802bee37-d2ff-42d1-8295-2f992b73b1b8', N'Nguyễn Đình Tạo');
INSERT INTO CovidChinhThuc.dbo.ChiTiet_NguoiCoCong (ID_ThongTin, NguoiTaoDL) VALUES ('625e3418-da77-44d1-9ee7-c7a541ee2be7', N'Nguyễn Đình Tạo');
-- row: [1170]);
INSERT INTO CovidChinhThuc.dbo.CaNhan (ID, HoTen, NgaySinh, CMND, SinhNam, DiaChi, IDPhuongXa, IDQuanHuyen, SoKhaiSinh, NguoiTaoDL) VALUES ('412a813a-fe02-46f6-bad1-82472ec68568', N'Võ Thị Long', '1934-01-01', '210810564', 1934, N'Hòa Hiệp', 100, 7, NULL, N'Nguyễn Đình Tạo');
INSERT INTO CovidChinhThuc.dbo.ThongTinHoTro (ID, IDNoiDung, IDDoiTuong, IDCaNhan, NguoiTaoDL) VALUES ('b602fc99-bee9-4d0f-98ee-b0e88cf2609e', 6, '3A65F299-2EFA-4982-BF70-81D7B5024935', '412a813a-fe02-46f6-bad1-82472ec68568', N'Nguyễn Đình Tạo');
INSERT INTO CovidChinhThuc.dbo.ChiTiet_NguoiCoCong (ID_ThongTin, NguoiTaoDL) VALUES ('b602fc99-bee9-4d0f-98ee-b0e88cf2609e', N'Nguyễn Đình Tạo');
-- row: [1171]);
INSERT INTO CovidChinhThuc.dbo.CaNhan (ID, HoTen, NgaySinh, CMND, SinhNam, DiaChi, IDPhuongXa, IDQuanHuyen, SoKhaiSinh, NguoiTaoDL) VALUES ('c1b3f05c-95ce-42bf-944f-044d3db5189e', N'Nguyễn Thị Phương', '1936-02-01', '210810317', 1936, N'Hòa Hiệp', 100, 7, NULL, N'Nguyễn Đình Tạo');
INSERT INTO CovidChinhThuc.dbo.ThongTinHoTro (ID, IDNoiDung, IDDoiTuong, IDCaNhan, NguoiTaoDL) VALUES ('d267281e-fdfb-45e8-8c57-c510c68b40d4', 6, '3A65F299-2EFA-4982-BF70-81D7B5024935', 'c1b3f05c-95ce-42bf-944f-044d3db5189e', N'Nguyễn Đình Tạo');
INSERT INTO CovidChinhThuc.dbo.ChiTiet_NguoiCoCong (ID_ThongTin, NguoiTaoDL) VALUES ('d267281e-fdfb-45e8-8c57-c510c68b40d4', N'Nguyễn Đình Tạo');
-- row: [1172]);
INSERT INTO CovidChinhThuc.dbo.CaNhan (ID, HoTen, NgaySinh, CMND, SinhNam, DiaChi, IDPhuongXa, IDQuanHuyen, SoKhaiSinh, NguoiTaoDL) VALUES ('49a15535-a202-45c7-b4f4-7016f46462dd', N'Nguyễn Duy Thông', '2006-05-19', NULL, 2006, N'Hòa Hiệp', 100, 7, N'117', N'Nguyễn Đình Tạo');
INSERT INTO CovidChinhThuc.dbo.ThongTinHoTro (ID, IDNoiDung, IDDoiTuong, IDCaNhan, NguoiTaoDL) VALUES ('83674a83-02ac-4044-9b4f-0946cbe106b1', 6, 'E4E24DC6-98AE-4685-985D-47C0B48DD6FD', '49a15535-a202-45c7-b4f4-7016f46462dd', N'Nguyễn Đình Tạo');
INSERT INTO CovidChinhThuc.dbo.ChiTiet_NguoiCoCong (ID_ThongTin, NguoiTaoDL) VALUES ('83674a83-02ac-4044-9b4f-0946cbe106b1', N'Nguyễn Đình Tạo');
-- row: [1173]);
INSERT INTO CovidChinhThuc.dbo.CaNhan (ID, HoTen, NgaySinh, CMND, SinhNam, DiaChi, IDPhuongXa, IDQuanHuyen, SoKhaiSinh, NguoiTaoDL) VALUES ('4e7a730f-d71e-4188-b4c6-5c17e587dbc3', N'Ngô Thị Kim Khanh', '1954-04-20', '210810203', 1954, N'Hòa Hiệp', 100, 7, NULL, N'Nguyễn Đình Tạo');
INSERT INTO CovidChinhThuc.dbo.ThongTinHoTro (ID, IDNoiDung, IDDoiTuong, IDCaNhan, NguoiTaoDL) VALUES ('3a8ca833-4d78-4262-9061-cdb5cfabc233', 6, '2DE801FE-8F9D-4CB2-A1C0-E61F4503CB74', '4e7a730f-d71e-4188-b4c6-5c17e587dbc3', N'Nguyễn Đình Tạo');
INSERT INTO CovidChinhThuc.dbo.ChiTiet_NguoiCoCong (ID_ThongTin, NguoiTaoDL) VALUES ('3a8ca833-4d78-4262-9061-cdb5cfabc233', N'Nguyễn Đình Tạo');
-- row: [1174]);
INSERT INTO CovidChinhThuc.dbo.CaNhan (ID, HoTen, NgaySinh, CMND, SinhNam, DiaChi, IDPhuongXa, IDQuanHuyen, SoKhaiSinh, NguoiTaoDL) VALUES ('209a7f1e-62f6-4936-827c-52ea5726824a', N'Trần Thị Phúc', '1950-10-09', '210034843', 1950, N'Hòa Trung', 100, 7, NULL, N'Nguyễn Đình Tạo');
INSERT INTO CovidChinhThuc.dbo.ThongTinHoTro (ID, IDNoiDung, IDDoiTuong, IDCaNhan, NguoiTaoDL) VALUES ('939cdfc2-430b-4c89-b706-727b3f00b7a2', 6, 'EDE2F0CC-2376-438A-B5FB-FACD867E38EF', '209a7f1e-62f6-4936-827c-52ea5726824a', N'Nguyễn Đình Tạo');
INSERT INTO CovidChinhThuc.dbo.ChiTiet_NguoiCoCong (ID_ThongTin, NguoiTaoDL) VALUES ('939cdfc2-430b-4c89-b706-727b3f00b7a2', N'Nguyễn Đình Tạo');
-- row: [1175]);
INSERT INTO CovidChinhThuc.dbo.CaNhan (ID, HoTen, NgaySinh, CMND, SinhNam, DiaChi, IDPhuongXa, IDQuanHuyen, SoKhaiSinh, NguoiTaoDL) VALUES ('587af7e1-191f-4be8-bdb8-18f1e60ab73c', N'Nguyễn Tứ Phương', '1960-02-15', '211704703', 1960, N'Hòa Trung', 100, 7, NULL, N'Nguyễn Đình Tạo');
INSERT INTO CovidChinhThuc.dbo.ThongTinHoTro (ID, IDNoiDung, IDDoiTuong, IDCaNhan, NguoiTaoDL) VALUES ('f11f9474-014b-48af-9d2a-a1dc909f411b', 6, 'EDE2F0CC-2376-438A-B5FB-FACD867E38EF', '587af7e1-191f-4be8-bdb8-18f1e60ab73c', N'Nguyễn Đình Tạo');
INSERT INTO CovidChinhThuc.dbo.ChiTiet_NguoiCoCong (ID_ThongTin, NguoiTaoDL) VALUES ('f11f9474-014b-48af-9d2a-a1dc909f411b', N'Nguyễn Đình Tạo');
-- row: [1176]);
INSERT INTO CovidChinhThuc.dbo.CaNhan (ID, HoTen, NgaySinh, CMND, SinhNam, DiaChi, IDPhuongXa, IDQuanHuyen, SoKhaiSinh, NguoiTaoDL) VALUES ('939e817f-5b74-45a0-98fb-9ebf155ff130', N'Lê văn Quý', '1955-01-01', '215328911', 1955, N'Hòa Trung', 100, 7, NULL, N'Nguyễn Đình Tạo');
INSERT INTO CovidChinhThuc.dbo.ThongTinHoTro (ID, IDNoiDung, IDDoiTuong, IDCaNhan, NguoiTaoDL) VALUES ('9f7a62cc-686d-4402-a939-c490d2062b3a', 6, 'EDE2F0CC-2376-438A-B5FB-FACD867E38EF', '939e817f-5b74-45a0-98fb-9ebf155ff130', N'Nguyễn Đình Tạo');
INSERT INTO CovidChinhThuc.dbo.ChiTiet_NguoiCoCong (ID_ThongTin, NguoiTaoDL) VALUES ('9f7a62cc-686d-4402-a939-c490d2062b3a', N'Nguyễn Đình Tạo');
-- row: [1177]);
INSERT INTO CovidChinhThuc.dbo.CaNhan (ID, HoTen, NgaySinh, CMND, SinhNam, DiaChi, IDPhuongXa, IDQuanHuyen, SoKhaiSinh, NguoiTaoDL) VALUES ('8cb07bc3-2366-4e77-a562-dc1c505cffdc', N'Lê Đình Từ', '1963-05-25', '211704725', 1963, N'Hòa Trung', 100, 7, NULL, N'Nguyễn Đình Tạo');
INSERT INTO CovidChinhThuc.dbo.ThongTinHoTro (ID, IDNoiDung, IDDoiTuong, IDCaNhan, NguoiTaoDL) VALUES ('55c026fa-2e53-488f-8df9-b7c1f03128d8', 6, 'EDE2F0CC-2376-438A-B5FB-FACD867E38EF', '8cb07bc3-2366-4e77-a562-dc1c505cffdc', N'Nguyễn Đình Tạo');
INSERT INTO CovidChinhThuc.dbo.ChiTiet_NguoiCoCong (ID_ThongTin, NguoiTaoDL) VALUES ('55c026fa-2e53-488f-8df9-b7c1f03128d8', N'Nguyễn Đình Tạo');
-- row: [1178]);
INSERT INTO CovidChinhThuc.dbo.CaNhan (ID, HoTen, NgaySinh, CMND, SinhNam, DiaChi, IDPhuongXa, IDQuanHuyen, SoKhaiSinh, NguoiTaoDL) VALUES ('5ecf29c5-2c89-4f28-a9f0-7427a7de49f6', N'Nguyễn Thanh', '1955-01-01', '211140756', 1955, N'Hòa Trung', 100, 7, NULL, N'Nguyễn Đình Tạo');
INSERT INTO CovidChinhThuc.dbo.ThongTinHoTro (ID, IDNoiDung, IDDoiTuong, IDCaNhan, NguoiTaoDL) VALUES ('6c37846d-5cc2-443d-b117-018d6a821134', 6, 'EDE2F0CC-2376-438A-B5FB-FACD867E38EF', '5ecf29c5-2c89-4f28-a9f0-7427a7de49f6', N'Nguyễn Đình Tạo');
INSERT INTO CovidChinhThuc.dbo.ChiTiet_NguoiCoCong (ID_ThongTin, NguoiTaoDL) VALUES ('6c37846d-5cc2-443d-b117-018d6a821134', N'Nguyễn Đình Tạo');
-- row: [1179]);
INSERT INTO CovidChinhThuc.dbo.CaNhan (ID, HoTen, NgaySinh, CMND, SinhNam, DiaChi, IDPhuongXa, IDQuanHuyen, SoKhaiSinh, NguoiTaoDL) VALUES ('515ba311-c521-4553-a958-544b23546f54', N'Nguyễn Thị Thanh', '1953-05-09', '210862208', 1953, N'Hòa Trung', 100, 7, NULL, N'Nguyễn Đình Tạo');
INSERT INTO CovidChinhThuc.dbo.ThongTinHoTro (ID, IDNoiDung, IDDoiTuong, IDCaNhan, NguoiTaoDL) VALUES ('8ba529e5-1610-40f3-9950-986119db5ec8', 6, 'EDE2F0CC-2376-438A-B5FB-FACD867E38EF', '515ba311-c521-4553-a958-544b23546f54', N'Nguyễn Đình Tạo');
INSERT INTO CovidChinhThuc.dbo.ChiTiet_NguoiCoCong (ID_ThongTin, NguoiTaoDL) VALUES ('8ba529e5-1610-40f3-9950-986119db5ec8', N'Nguyễn Đình Tạo');
-- row: [1180]);
INSERT INTO CovidChinhThuc.dbo.CaNhan (ID, HoTen, NgaySinh, CMND, SinhNam, DiaChi, IDPhuongXa, IDQuanHuyen, SoKhaiSinh, NguoiTaoDL) VALUES ('c7248bfa-72c0-4c62-9d52-711878b98386', N'Đoàn Nhật Thủy', '1958-04-03', '211194616', 1958, N'Hòa Trung', 100, 7, NULL, N'Nguyễn Đình Tạo');
INSERT INTO CovidChinhThuc.dbo.ThongTinHoTro (ID, IDNoiDung, IDDoiTuong, IDCaNhan, NguoiTaoDL) VALUES ('66db79b1-a5c0-47ef-82ae-2d2941dd6935', 6, 'EDE2F0CC-2376-438A-B5FB-FACD867E38EF', 'c7248bfa-72c0-4c62-9d52-711878b98386', N'Nguyễn Đình Tạo');
INSERT INTO CovidChinhThuc.dbo.ChiTiet_NguoiCoCong (ID_ThongTin, NguoiTaoDL) VALUES ('66db79b1-a5c0-47ef-82ae-2d2941dd6935', N'Nguyễn Đình Tạo');
-- row: [1181]);
INSERT INTO CovidChinhThuc.dbo.CaNhan (ID, HoTen, NgaySinh, CMND, SinhNam, DiaChi, IDPhuongXa, IDQuanHuyen, SoKhaiSinh, NguoiTaoDL) VALUES ('6ecccffe-cabd-42fa-a672-e922cdd6cc52', N'Nguyễn Thị Hồ', '1956-06-20', '210862456', 1956, N'Hòa Trung', 100, 7, NULL, N'Nguyễn Đình Tạo');
INSERT INTO CovidChinhThuc.dbo.ThongTinHoTro (ID, IDNoiDung, IDDoiTuong, IDCaNhan, NguoiTaoDL) VALUES ('5ed7d639-effe-4977-b8c5-ad9cdcba9278', 6, 'EDE2F0CC-2376-438A-B5FB-FACD867E38EF', '6ecccffe-cabd-42fa-a672-e922cdd6cc52', N'Nguyễn Đình Tạo');
INSERT INTO CovidChinhThuc.dbo.ChiTiet_NguoiCoCong (ID_ThongTin, NguoiTaoDL) VALUES ('5ed7d639-effe-4977-b8c5-ad9cdcba9278', N'Nguyễn Đình Tạo');
-- row: [1182]);
INSERT INTO CovidChinhThuc.dbo.CaNhan (ID, HoTen, NgaySinh, CMND, SinhNam, DiaChi, IDPhuongXa, IDQuanHuyen, SoKhaiSinh, NguoiTaoDL) VALUES ('bed23970-417a-4fcf-bc83-d6eff7bd0ba8', N'Lê Ngọc Thanh', '1947-01-01', '215262050', 1947, N'Hòa Trung', 100, 7, NULL, N'Nguyễn Đình Tạo');
INSERT INTO CovidChinhThuc.dbo.ThongTinHoTro (ID, IDNoiDung, IDDoiTuong, IDCaNhan, NguoiTaoDL) VALUES ('1d92ba9f-35e6-4f9e-be4b-9ccae12cc795', 6, 'EDE2F0CC-2376-438A-B5FB-FACD867E38EF', 'bed23970-417a-4fcf-bc83-d6eff7bd0ba8', N'Nguyễn Đình Tạo');
INSERT INTO CovidChinhThuc.dbo.ChiTiet_NguoiCoCong (ID_ThongTin, NguoiTaoDL) VALUES ('1d92ba9f-35e6-4f9e-be4b-9ccae12cc795', N'Nguyễn Đình Tạo');
-- row: [1183]);
INSERT INTO CovidChinhThuc.dbo.CaNhan (ID, HoTen, NgaySinh, CMND, SinhNam, DiaChi, IDPhuongXa, IDQuanHuyen, SoKhaiSinh, NguoiTaoDL) VALUES ('b4377494-c48a-4647-bd1b-ae9df38ca0ad', N'Nguyễn Thị Hạnh', '1930-05-03', '210862248', 1930, N'Hòa Trung', 100, 7, NULL, N'Nguyễn Đình Tạo');
INSERT INTO CovidChinhThuc.dbo.ThongTinHoTro (ID, IDNoiDung, IDDoiTuong, IDCaNhan, NguoiTaoDL) VALUES ('eae2e2bb-80a6-4573-b32e-c51f5d215efd', 6, '3A65F299-2EFA-4982-BF70-81D7B5024935', 'b4377494-c48a-4647-bd1b-ae9df38ca0ad', N'Nguyễn Đình Tạo');
INSERT INTO CovidChinhThuc.dbo.ChiTiet_NguoiCoCong (ID_ThongTin, NguoiTaoDL) VALUES ('eae2e2bb-80a6-4573-b32e-c51f5d215efd', N'Nguyễn Đình Tạo');
-- row: [1184]);
INSERT INTO CovidChinhThuc.dbo.CaNhan (ID, HoTen, NgaySinh, CMND, SinhNam, DiaChi, IDPhuongXa, IDQuanHuyen, SoKhaiSinh, NguoiTaoDL) VALUES ('41628f66-0395-417e-aeb1-f4ac29a354df', N'Đoàn Thị Lang', '1935-03-20', '210862727', 1935, N'Hòa Trung', 100, 7, NULL, N'Nguyễn Đình Tạo');
INSERT INTO CovidChinhThuc.dbo.ThongTinHoTro (ID, IDNoiDung, IDDoiTuong, IDCaNhan, NguoiTaoDL) VALUES ('50b66b7a-245b-4cf3-bf3b-ff51b0c07cfd', 6, '3A65F299-2EFA-4982-BF70-81D7B5024935', '41628f66-0395-417e-aeb1-f4ac29a354df', N'Nguyễn Đình Tạo');
INSERT INTO CovidChinhThuc.dbo.ChiTiet_NguoiCoCong (ID_ThongTin, NguoiTaoDL) VALUES ('50b66b7a-245b-4cf3-bf3b-ff51b0c07cfd', N'Nguyễn Đình Tạo');
-- row: [1185]);
INSERT INTO CovidChinhThuc.dbo.CaNhan (ID, HoTen, NgaySinh, CMND, SinhNam, DiaChi, IDPhuongXa, IDQuanHuyen, SoKhaiSinh, NguoiTaoDL) VALUES ('4394e54d-5054-44e8-91e4-52d063e433c4', N'Nguyễn Văn Oanh', '1934-01-04', '215330094', 1934, N'Hòa Trung', 100, 7, NULL, N'Nguyễn Đình Tạo');
INSERT INTO CovidChinhThuc.dbo.ThongTinHoTro (ID, IDNoiDung, IDDoiTuong, IDCaNhan, NguoiTaoDL) VALUES ('62ef33e4-9a43-4096-9d27-aa4ed7b68a03', 6, '3A65F299-2EFA-4982-BF70-81D7B5024935', '4394e54d-5054-44e8-91e4-52d063e433c4', N'Nguyễn Đình Tạo');
INSERT INTO CovidChinhThuc.dbo.ChiTiet_NguoiCoCong (ID_ThongTin, NguoiTaoDL) VALUES ('62ef33e4-9a43-4096-9d27-aa4ed7b68a03', N'Nguyễn Đình Tạo');
-- row: [1186]);
INSERT INTO CovidChinhThuc.dbo.CaNhan (ID, HoTen, NgaySinh, CMND, SinhNam, DiaChi, IDPhuongXa, IDQuanHuyen, SoKhaiSinh, NguoiTaoDL) VALUES ('0a3972bf-63dd-4539-b378-eba231d53758', N'Nguyễn Thị Hội(Hôi)', '1940-12-31', '210912097', 1940, N'Hòa Trung', 100, 7, NULL, N'Nguyễn Đình Tạo');
INSERT INTO CovidChinhThuc.dbo.ThongTinHoTro (ID, IDNoiDung, IDDoiTuong, IDCaNhan, NguoiTaoDL) VALUES ('560c330c-9da6-410c-a367-18e24e03c2a9', 6, '3A65F299-2EFA-4982-BF70-81D7B5024935', '0a3972bf-63dd-4539-b378-eba231d53758', N'Nguyễn Đình Tạo');
INSERT INTO CovidChinhThuc.dbo.ChiTiet_NguoiCoCong (ID_ThongTin, NguoiTaoDL) VALUES ('560c330c-9da6-410c-a367-18e24e03c2a9', N'Nguyễn Đình Tạo');
-- row: [1187]);
INSERT INTO CovidChinhThuc.dbo.CaNhan (ID, HoTen, NgaySinh, CMND, SinhNam, DiaChi, IDPhuongXa, IDQuanHuyen, SoKhaiSinh, NguoiTaoDL) VALUES ('f4a97c4d-14fc-4283-b0d0-983784ad7fc4', N'Đoàn Thị Bích', '1938-10-01', '210862179', 1938, N'Hòa Trung', 100, 7, NULL, N'Nguyễn Đình Tạo');
INSERT INTO CovidChinhThuc.dbo.ThongTinHoTro (ID, IDNoiDung, IDDoiTuong, IDCaNhan, NguoiTaoDL) VALUES ('ec68eb0b-4b43-42c2-8027-a55a27041d6f', 6, '2DE801FE-8F9D-4CB2-A1C0-E61F4503CB74', 'f4a97c4d-14fc-4283-b0d0-983784ad7fc4', N'Nguyễn Đình Tạo');
INSERT INTO CovidChinhThuc.dbo.ChiTiet_NguoiCoCong (ID_ThongTin, NguoiTaoDL) VALUES ('ec68eb0b-4b43-42c2-8027-a55a27041d6f', N'Nguyễn Đình Tạo');
-- row: [1188]);
INSERT INTO CovidChinhThuc.dbo.CaNhan (ID, HoTen, NgaySinh, CMND, SinhNam, DiaChi, IDPhuongXa, IDQuanHuyen, SoKhaiSinh, NguoiTaoDL) VALUES ('c83b47ca-f2da-4717-af74-191b06b014e3', N'Đoàn Chúng', '1936-01-01', '210862173', 1936, N'Hòa Trung', 100, 7, NULL, N'Nguyễn Đình Tạo');
INSERT INTO CovidChinhThuc.dbo.ThongTinHoTro (ID, IDNoiDung, IDDoiTuong, IDCaNhan, NguoiTaoDL) VALUES ('4c8471f4-599f-4eb9-ae70-737d3fa1b873', 6, '2DE801FE-8F9D-4CB2-A1C0-E61F4503CB74', 'c83b47ca-f2da-4717-af74-191b06b014e3', N'Nguyễn Đình Tạo');
INSERT INTO CovidChinhThuc.dbo.ChiTiet_NguoiCoCong (ID_ThongTin, NguoiTaoDL) VALUES ('4c8471f4-599f-4eb9-ae70-737d3fa1b873', N'Nguyễn Đình Tạo');
-- row: [1189]);
INSERT INTO CovidChinhThuc.dbo.CaNhan (ID, HoTen, NgaySinh, CMND, SinhNam, DiaChi, IDPhuongXa, IDQuanHuyen, SoKhaiSinh, NguoiTaoDL) VALUES ('0e8ac763-f566-48af-9db8-de8ce4df3252', N'Ngô Thị Ở', '1941-07-18', '210766503', 1941, N'Hòa Sơn', 100, 7, NULL, N'Nguyễn Đình Tạo');
INSERT INTO CovidChinhThuc.dbo.ThongTinHoTro (ID, IDNoiDung, IDDoiTuong, IDCaNhan, NguoiTaoDL) VALUES ('ae172981-9336-49e6-9089-ed43d282f4c2', 6, '2DE801FE-8F9D-4CB2-A1C0-E61F4503CB74', '0e8ac763-f566-48af-9db8-de8ce4df3252', N'Nguyễn Đình Tạo');
INSERT INTO CovidChinhThuc.dbo.ChiTiet_NguoiCoCong (ID_ThongTin, NguoiTaoDL) VALUES ('ae172981-9336-49e6-9089-ed43d282f4c2', N'Nguyễn Đình Tạo');
-- row: [1190]);
INSERT INTO CovidChinhThuc.dbo.CaNhan (ID, HoTen, NgaySinh, CMND, SinhNam, DiaChi, IDPhuongXa, IDQuanHuyen, SoKhaiSinh, NguoiTaoDL) VALUES ('b9d99fb5-7fe7-4a8e-b570-d4b8d702ab39', N'Phạm Thị Thừa', '1961-03-01', '210982806', 1961, N'Hòa Sơn', 100, 7, NULL, N'Nguyễn Đình Tạo');
INSERT INTO CovidChinhThuc.dbo.ThongTinHoTro (ID, IDNoiDung, IDDoiTuong, IDCaNhan, NguoiTaoDL) VALUES ('28de632e-a9df-49ee-b23b-b1ad30471324', 6, '3A65F299-2EFA-4982-BF70-81D7B5024935', 'b9d99fb5-7fe7-4a8e-b570-d4b8d702ab39', N'Nguyễn Đình Tạo');
INSERT INTO CovidChinhThuc.dbo.ChiTiet_NguoiCoCong (ID_ThongTin, NguoiTaoDL) VALUES ('28de632e-a9df-49ee-b23b-b1ad30471324', N'Nguyễn Đình Tạo');
