INSERT INTO [HoTroCovid].[dbo].[DoanhNghiep] (ID,Ten,MaSoThue) VALUES ('41e324fa-2a96-4769-8abf-ee78a2b0774c', N'Công ty TNHH Dịch vụ N&N', '4101434515');
INSERT INTO [HoTroCovid].[dbo].[DoanhNghiep] (ID,Ten,MaSoThue) VALUES ('8f68b99e-5018-4e4c-9fdb-8acedd7189fa', N'Công ty CP Đầu tư Phát triển Du lịch - Dịch vụ Quy Nhơn', '4101490478');
INSERT INTO [HoTroCovid].[dbo].[CaNhan] (ID, HoTen, GioiTinh, NgaySinh, CMND, SinhNam) VALUES ('dec4996a-bfb4-418b-a8fd-0deeafb28486', N'Vũ Thị Hằng', NULL, NULL, NULL, NULL);
INSERT INTO [HoTroCovid].[dbo].[CaNhan_DoanhNghiep] (ID, IDDoanhNghiep, IDCaNhan, IDDoiTuong, NgheNghiep, DaTra50) VALUES ('65a14cca-3f71-4900-9ccf-e9b985b5b161', '8f68b99e-5018-4e4c-9fdb-8acedd7189fa', 'dec4996a-bfb4-418b-a8fd-0deeafb28486', NULL, N'Nhân viên Kinh doanh', false);
INSERT INTO [HoTroCovid].[dbo].[ThongTinHoTro] (ID, IDNoiDung, IDDoiTuong, IDCaNhan) VALUES ('79209ba3-4253-46c3-8116-0fee5f658853', 1, NULL, 'dec4996a-bfb4-418b-a8fd-0deeafb28486');
INSERT INTO [HoTroCovid].[dbo].[HoSo] (ID, IDCaNhan, IDNoiDungHoTro, IDDoiTuong, SoThang, SoTien, ThanhTien, IDThongTinHoTro, DaChi, NguoiTao) VALUES ('f07f67ac-21c9-49ce-a5fa-3f27bbad9ce2', 'dec4996a-bfb4-418b-a8fd-0deeafb28486', 1, NULL, 3, 1800000, 5400000, '79209ba3-4253-46c3-8116-0fee5f658853', 0, 'solaodong');
INSERT INTO [HoTroCovid].[dbo].[DoanhNghiep] (ID,Ten,MaSoThue) VALUES ('c4ad3bb1-1bb2-4fb2-944c-499807906727', N'DNTN Khách sạn Nam Khánh', '4101557394');
INSERT INTO [HoTroCovid].[dbo].[DoanhNghiep] (ID,Ten,MaSoThue) VALUES ('d0b238df-7762-4686-9dd8-74cb3efc86ec', N'Công ty CP Xuất nhập khẩu Tiến Phước', '4100836719');
INSERT INTO [HoTroCovid].[dbo].[DoanhNghiep] (ID,Ten,MaSoThue) VALUES ('661117c5-fd90-4c1d-b623-4d81db47679a', N'Công ty TNHH Hồng Phúc', '4100267741');
INSERT INTO [HoTroCovid].[dbo].[DoanhNghiep] (ID,Ten,MaSoThue) VALUES ('f921f32f-ba1f-4295-a29a-f4ede878141b', N'Công ty CP Quản lý sửa chữa đường bộ Quy Nhơn', '4100298563');
INSERT INTO [HoTroCovid].[dbo].[CaNhan] (ID, HoTen, GioiTinh, NgaySinh, CMND, SinhNam) VALUES ('e6d5d672-3b4e-4fd2-9935-955ae7932ca0', N'Nguyễn Văn Minh', 1, '1969-10-05', NULL, 1969);
INSERT INTO [HoTroCovid].[dbo].[CaNhan_DoanhNghiep] (ID, IDDoanhNghiep, IDCaNhan, IDDoiTuong, NgheNghiep, DaTra50) VALUES ('60dff566-edac-4389-9587-b93d741734d1', 'f921f32f-ba1f-4295-a29a-f4ede878141b', 'e6d5d672-3b4e-4fd2-9935-955ae7932ca0', NULL, N'Công nhân cầu đường', false);
INSERT INTO [HoTroCovid].[dbo].[ThongTinHoTro] (ID, IDNoiDung, IDDoiTuong, IDCaNhan) VALUES ('807b2e46-6d86-4422-a72a-d67bbdb9f57b', 1, NULL, 'e6d5d672-3b4e-4fd2-9935-955ae7932ca0');
INSERT INTO [HoTroCovid].[dbo].[HoSo] (ID, IDCaNhan, IDNoiDungHoTro, IDDoiTuong, SoThang, SoTien, ThanhTien, IDThongTinHoTro, DaChi, NguoiTao) VALUES ('c4eb2681-8838-4a91-acdc-feea7e596cd3', 'e6d5d672-3b4e-4fd2-9935-955ae7932ca0', 1, NULL, 3, 1800000, 5400000, '807b2e46-6d86-4422-a72a-d67bbdb9f57b', 0, 'solaodong');
INSERT INTO [HoTroCovid].[dbo].[DoanhNghiep] (ID,Ten,MaSoThue) VALUES ('edf270a3-fe1b-46d2-8aff-159c8d587f6c', N'Công ty TNHH Đầu tư và Xây dựng Tường Duy', '4100463464');
INSERT INTO [HoTroCovid].[dbo].[DoanhNghiep] (ID,Ten,MaSoThue) VALUES ('3f714601-7978-4a32-a527-2d8835ffe667', N'Công ty CP Đường Sắt Nghĩa Bình', '4100259405');
INSERT INTO [HoTroCovid].[dbo].[DoanhNghiep] (ID,Ten,MaSoThue) VALUES ('e49841c9-785e-405e-9bf6-c9e9638c10e4', N'Công ty CP Thủy sản Bình Định', '4100301209');
INSERT INTO [HoTroCovid].[dbo].[DoanhNghiep] (ID,Ten,MaSoThue) VALUES ('d810a86a-afd9-4012-9c95-c92bd74f552a', N'Công ty CP Đầu tư và Vận tải Cửu Long', '4101461572');
INSERT INTO [HoTroCovid].[dbo].[CaNhan] (ID, HoTen, GioiTinh, NgaySinh, CMND, SinhNam) VALUES ('eb49bc87-1794-4635-a221-da25f245e138', N'Lê Văn Nhân', 1, '1993-09-08', '215298261', 1993);
INSERT INTO [HoTroCovid].[dbo].[CaNhan_DoanhNghiep] (ID, IDDoanhNghiep, IDCaNhan, IDDoiTuong, NgheNghiep, DaTra50) VALUES ('39f621c0-c199-4f8d-930a-cd47d6e2a7ad', '8f68b99e-5018-4e4c-9fdb-8acedd7189fa', 'eb49bc87-1794-4635-a221-da25f245e138', NULL, N'TBP Tiệc và Sự kiện', false);
INSERT INTO [HoTroCovid].[dbo].[ThongTinHoTro] (ID, IDNoiDung, IDDoiTuong, IDCaNhan) VALUES ('eaaddfb2-ee81-48d1-9371-e8974cc6a0f5', 1, NULL, 'eb49bc87-1794-4635-a221-da25f245e138');
INSERT INTO [HoTroCovid].[dbo].[HoSo] (ID, IDCaNhan, IDNoiDungHoTro, IDDoiTuong, SoThang, SoTien, ThanhTien, IDThongTinHoTro, DaChi, NguoiTao) VALUES ('a2b381f7-298c-4cdb-ae1a-e56440ae9a06', 'eb49bc87-1794-4635-a221-da25f245e138', 1, NULL, 3, 1800000, 5400000, 'eaaddfb2-ee81-48d1-9371-e8974cc6a0f5', 0, 'solaodong');
INSERT INTO [HoTroCovid].[dbo].[CaNhan] (ID, HoTen, GioiTinh, NgaySinh, CMND, SinhNam) VALUES ('856a0bb3-e295-4797-936c-f8ea92c67050', N'Bùi Công Chánh', 1, '1995-10-27', '215304128', 1995);
INSERT INTO [HoTroCovid].[dbo].[CaNhan_DoanhNghiep] (ID, IDDoanhNghiep, IDCaNhan, IDDoiTuong, NgheNghiep, DaTra50) VALUES ('2edf6f20-0071-42a5-b1d2-bbe54a06c34d', '8f68b99e-5018-4e4c-9fdb-8acedd7189fa', '856a0bb3-e295-4797-936c-f8ea92c67050', NULL, N'Nhân viên An ninh', false);
INSERT INTO [HoTroCovid].[dbo].[ThongTinHoTro] (ID, IDNoiDung, IDDoiTuong, IDCaNhan) VALUES ('c8ec9c94-0971-4993-a8bb-1e9777d893e9', 1, NULL, '856a0bb3-e295-4797-936c-f8ea92c67050');
INSERT INTO [HoTroCovid].[dbo].[HoSo] (ID, IDCaNhan, IDNoiDungHoTro, IDDoiTuong, SoThang, SoTien, ThanhTien, IDThongTinHoTro, DaChi, NguoiTao) VALUES ('c64df4e4-7d1c-452f-bc3c-9221e9082492', '856a0bb3-e295-4797-936c-f8ea92c67050', 1, NULL, 3, 1800000, 5400000, 'c8ec9c94-0971-4993-a8bb-1e9777d893e9', 0, 'solaodong');
INSERT INTO [HoTroCovid].[dbo].[CaNhan] (ID, HoTen, GioiTinh, NgaySinh, CMND, SinhNam) VALUES ('e0fde2f4-b3f2-4b04-add6-0184a2494717', N'Đào Thị Mỹ Nhân', NULL, '1994-04-28', '212764291', 1994);
INSERT INTO [HoTroCovid].[dbo].[CaNhan_DoanhNghiep] (ID, IDDoanhNghiep, IDCaNhan, IDDoiTuong, NgheNghiep, DaTra50) VALUES ('c68af724-de05-4227-8e0a-ff1398607503', '8f68b99e-5018-4e4c-9fdb-8acedd7189fa', 'e0fde2f4-b3f2-4b04-add6-0184a2494717', NULL, N'Nhân viên mua hàng', false);
INSERT INTO [HoTroCovid].[dbo].[ThongTinHoTro] (ID, IDNoiDung, IDDoiTuong, IDCaNhan) VALUES ('cadfe897-5666-404e-ac8b-e98f8fc50875', 1, NULL, 'e0fde2f4-b3f2-4b04-add6-0184a2494717');
INSERT INTO [HoTroCovid].[dbo].[HoSo] (ID, IDCaNhan, IDNoiDungHoTro, IDDoiTuong, SoThang, SoTien, ThanhTien, IDThongTinHoTro, DaChi, NguoiTao) VALUES ('5b861132-c4f1-4f55-b56e-6eed486b40a3', 'e0fde2f4-b3f2-4b04-add6-0184a2494717', 1, NULL, 3, 1800000, 5400000, 'cadfe897-5666-404e-ac8b-e98f8fc50875', 0, 'solaodong');
INSERT INTO [HoTroCovid].[dbo].[CaNhan] (ID, HoTen, GioiTinh, NgaySinh, CMND, SinhNam) VALUES ('5bd76e0f-7ed1-4198-9359-a11391843549', N'Nguyễn Thị Hồng Lợi', NULL, '1992-04-30', '215193607', 1992);
INSERT INTO [HoTroCovid].[dbo].[CaNhan_DoanhNghiep] (ID, IDDoanhNghiep, IDCaNhan, IDDoiTuong, NgheNghiep, DaTra50) VALUES ('45754fb7-d605-49e1-bef4-a7bbec7b9c37', 'c4ad3bb1-1bb2-4fb2-944c-499807906727', '5bd76e0f-7ed1-4198-9359-a11391843549', NULL, N'Lễ Tân', null);
INSERT INTO [HoTroCovid].[dbo].[ThongTinHoTro] (ID, IDNoiDung, IDDoiTuong, IDCaNhan) VALUES ('852bf7b7-f0eb-4c0b-85fb-86552d1e2a49', 1, NULL, '5bd76e0f-7ed1-4198-9359-a11391843549');
INSERT INTO [HoTroCovid].[dbo].[HoSo] (ID, IDCaNhan, IDNoiDungHoTro, IDDoiTuong, SoThang, SoTien, ThanhTien, IDThongTinHoTro, DaChi, NguoiTao) VALUES ('2616a0ff-1127-45d7-b64d-42b856aeaf7b', '5bd76e0f-7ed1-4198-9359-a11391843549', 1, NULL, 3, 1800000, 5400000, '852bf7b7-f0eb-4c0b-85fb-86552d1e2a49', 0, 'solaodong');
INSERT INTO [HoTroCovid].[dbo].[CaNhan] (ID, HoTen, GioiTinh, NgaySinh, CMND, SinhNam) VALUES ('96d9e6b8-8959-40c3-8afc-b0ef0dc16ea4', N'Ngô Đinh Phước Lộc', 1, '1979-10-23', '211592449', 1979);
INSERT INTO [HoTroCovid].[dbo].[CaNhan_DoanhNghiep] (ID, IDDoanhNghiep, IDCaNhan, IDDoiTuong, NgheNghiep, DaTra50) VALUES ('199af5b0-8dd5-4695-92c5-d807693695b6', 'f921f32f-ba1f-4295-a29a-f4ede878141b', '96d9e6b8-8959-40c3-8afc-b0ef0dc16ea4', NULL, N'Công nhân lái xe', false);
INSERT INTO [HoTroCovid].[dbo].[ThongTinHoTro] (ID, IDNoiDung, IDDoiTuong, IDCaNhan) VALUES ('0d5254d8-020c-4815-9a0a-6012900c7dab', 1, NULL, '96d9e6b8-8959-40c3-8afc-b0ef0dc16ea4');
INSERT INTO [HoTroCovid].[dbo].[HoSo] (ID, IDCaNhan, IDNoiDungHoTro, IDDoiTuong, SoThang, SoTien, ThanhTien, IDThongTinHoTro, DaChi, NguoiTao) VALUES ('18d29163-d719-46b9-b0aa-7e162f4991c9', '96d9e6b8-8959-40c3-8afc-b0ef0dc16ea4', 1, NULL, 3, 1800000, 5400000, '0d5254d8-020c-4815-9a0a-6012900c7dab', 0, 'solaodong');
INSERT INTO [HoTroCovid].[dbo].[CaNhan] (ID, HoTen, GioiTinh, NgaySinh, CMND, SinhNam) VALUES ('1facd0f8-04e8-4320-a89f-130e7c65daf9', N'Từ Thanh Quý', 1, '1997-03-16', '215411565', 1997);
INSERT INTO [HoTroCovid].[dbo].[CaNhan_DoanhNghiep] (ID, IDDoanhNghiep, IDCaNhan, IDDoiTuong, NgheNghiep, DaTra50) VALUES ('c6949a6f-2dca-45d9-a589-47eaa98c0da3', '8f68b99e-5018-4e4c-9fdb-8acedd7189fa', '1facd0f8-04e8-4320-a89f-130e7c65daf9', NULL, N'Nhân viên Kỹ thuật', false);
INSERT INTO [HoTroCovid].[dbo].[ThongTinHoTro] (ID, IDNoiDung, IDDoiTuong, IDCaNhan) VALUES ('b23c9a61-d726-4383-9078-9915689c3214', 1, NULL, '1facd0f8-04e8-4320-a89f-130e7c65daf9');
INSERT INTO [HoTroCovid].[dbo].[HoSo] (ID, IDCaNhan, IDNoiDungHoTro, IDDoiTuong, SoThang, SoTien, ThanhTien, IDThongTinHoTro, DaChi, NguoiTao) VALUES ('b992e94e-8087-4b90-ba35-ad3a92d3a6e9', '1facd0f8-04e8-4320-a89f-130e7c65daf9', 1, NULL, 3, 1800000, 5400000, 'b23c9a61-d726-4383-9078-9915689c3214', 0, 'solaodong');
INSERT INTO [HoTroCovid].[dbo].[CaNhan] (ID, HoTen, GioiTinh, NgaySinh, CMND, SinhNam) VALUES ('9673998c-739f-49b6-8435-f7b57b5c2a9f', N'Nguyễn Thị Bích Quyền', NULL, '2000-01-14', '215524369', 2000);
INSERT INTO [HoTroCovid].[dbo].[CaNhan_DoanhNghiep] (ID, IDDoanhNghiep, IDCaNhan, IDDoiTuong, NgheNghiep, DaTra50) VALUES ('9c754b21-1bbc-460c-9554-389e1de9f169', '41e324fa-2a96-4769-8abf-ee78a2b0774c', '9673998c-739f-49b6-8435-f7b57b5c2a9f', '8540ba47-a84e-46f0-a108-b16507bc412e', N'NV phục vụ', null);
INSERT INTO [HoTroCovid].[dbo].[ThongTinHoTro] (ID, IDNoiDung, IDDoiTuong, IDCaNhan) VALUES ('ef1e7c7f-3a50-475f-be84-a5dd57e8d07f', 4, '8540ba47-a84e-46f0-a108-b16507bc412e', '9673998c-739f-49b6-8435-f7b57b5c2a9f');
INSERT INTO [HoTroCovid].[dbo].[HoSo] (ID, IDCaNhan, IDNoiDungHoTro, IDDoiTuong, SoThang, SoTien, ThanhTien, IDThongTinHoTro, DaChi, NguoiTao) VALUES ('395dac77-886b-4ed3-a302-2e6be20b6565', '9673998c-739f-49b6-8435-f7b57b5c2a9f', 4, '8540ba47-a84e-46f0-a108-b16507bc412e', 3, 1000000, 3000000, 'ef1e7c7f-3a50-475f-be84-a5dd57e8d07f', 0, 'solaodong');
INSERT INTO [HoTroCovid].[dbo].[CaNhan] (ID, HoTen, GioiTinh, NgaySinh, CMND, SinhNam) VALUES ('81f0c77c-280a-408a-a273-7cc626df0373', N'Ngô Minh Châu', 1, '1984-07-16', '215090019', 1984);
INSERT INTO [HoTroCovid].[dbo].[CaNhan_DoanhNghiep] (ID, IDDoanhNghiep, IDCaNhan, IDDoiTuong, NgheNghiep, DaTra50) VALUES ('feb27c61-2bca-44d9-9e7c-c45d33d5db71', 'f921f32f-ba1f-4295-a29a-f4ede878141b', '81f0c77c-280a-408a-a273-7cc626df0373', NULL, N'Công nhân lái xe', false);
INSERT INTO [HoTroCovid].[dbo].[ThongTinHoTro] (ID, IDNoiDung, IDDoiTuong, IDCaNhan) VALUES ('ae7dbabf-9965-4e24-9add-55d9058154b4', 1, NULL, '81f0c77c-280a-408a-a273-7cc626df0373');
INSERT INTO [HoTroCovid].[dbo].[HoSo] (ID, IDCaNhan, IDNoiDungHoTro, IDDoiTuong, SoThang, SoTien, ThanhTien, IDThongTinHoTro, DaChi, NguoiTao) VALUES ('2877a4ae-dad5-4795-b913-d2c216d9727c', '81f0c77c-280a-408a-a273-7cc626df0373', 1, NULL, 3, 1800000, 5400000, 'ae7dbabf-9965-4e24-9add-55d9058154b4', 0, 'solaodong');
INSERT INTO [HoTroCovid].[dbo].[CaNhan] (ID, HoTen, GioiTinh, NgaySinh, CMND, SinhNam) VALUES ('2f6855b0-c294-429f-bfe2-65d9a41e0ee4', N'Lê Thị Cẩm Quyên', NULL, '1983-12-21', '211801128', 1983);
INSERT INTO [HoTroCovid].[dbo].[CaNhan_DoanhNghiep] (ID, IDDoanhNghiep, IDCaNhan, IDDoiTuong, NgheNghiep, DaTra50) VALUES ('bf80365d-902e-4440-a01f-de737a1aa964', '8f68b99e-5018-4e4c-9fdb-8acedd7189fa', '2f6855b0-c294-429f-bfe2-65d9a41e0ee4', NULL, N'Nhân viên phụ bếp', false);
INSERT INTO [HoTroCovid].[dbo].[ThongTinHoTro] (ID, IDNoiDung, IDDoiTuong, IDCaNhan) VALUES ('20271f81-c0bb-46a1-a6bd-7bce5e8bc387', 1, NULL, '2f6855b0-c294-429f-bfe2-65d9a41e0ee4');
INSERT INTO [HoTroCovid].[dbo].[HoSo] (ID, IDCaNhan, IDNoiDungHoTro, IDDoiTuong, SoThang, SoTien, ThanhTien, IDThongTinHoTro, DaChi, NguoiTao) VALUES ('4268412e-1868-40c5-834c-abe7353386bc', '2f6855b0-c294-429f-bfe2-65d9a41e0ee4', 1, NULL, 3, 1800000, 5400000, '20271f81-c0bb-46a1-a6bd-7bce5e8bc387', 0, 'solaodong');
INSERT INTO [HoTroCovid].[dbo].[CaNhan] (ID, HoTen, GioiTinh, NgaySinh, CMND, SinhNam) VALUES ('13f2b0c1-1c9b-487a-b846-827ae70ace62', N'Hà Văn Mót', 1, '1991-12-20', '215204603', 1991);
INSERT INTO [HoTroCovid].[dbo].[CaNhan_DoanhNghiep] (ID, IDDoanhNghiep, IDCaNhan, IDDoiTuong, NgheNghiep, DaTra50) VALUES ('f910d0f7-b273-4b5b-b3d2-f6bd421382b8', '8f68b99e-5018-4e4c-9fdb-8acedd7189fa', '13f2b0c1-1c9b-487a-b846-827ae70ace62', NULL, N'Nhân viên Kỹ thuật', false);
INSERT INTO [HoTroCovid].[dbo].[ThongTinHoTro] (ID, IDNoiDung, IDDoiTuong, IDCaNhan) VALUES ('1eee1b77-6c6a-4a41-9d5c-99ffb4a1b922', 1, NULL, '13f2b0c1-1c9b-487a-b846-827ae70ace62');
INSERT INTO [HoTroCovid].[dbo].[HoSo] (ID, IDCaNhan, IDNoiDungHoTro, IDDoiTuong, SoThang, SoTien, ThanhTien, IDThongTinHoTro, DaChi, NguoiTao) VALUES ('1a23d17b-8915-4a41-91da-a93e35b84d41', '13f2b0c1-1c9b-487a-b846-827ae70ace62', 1, NULL, 3, 1800000, 5400000, '1eee1b77-6c6a-4a41-9d5c-99ffb4a1b922', 0, 'solaodong');
INSERT INTO [HoTroCovid].[dbo].[CaNhan] (ID, HoTen, GioiTinh, NgaySinh, CMND, SinhNam) VALUES ('a28a2d87-e7c1-455f-8aa4-5310d7fbfdc4', N'Nguyễn Thành Tấn', 1, '1988-11-01', '215083730', 1988);
INSERT INTO [HoTroCovid].[dbo].[CaNhan_DoanhNghiep] (ID, IDDoanhNghiep, IDCaNhan, IDDoiTuong, NgheNghiep, DaTra50) VALUES ('42906fc2-aa97-4418-b990-246cb7614e06', 'f921f32f-ba1f-4295-a29a-f4ede878141b', 'a28a2d87-e7c1-455f-8aa4-5310d7fbfdc4', NULL, N'Công nhân lái xe', false);
INSERT INTO [HoTroCovid].[dbo].[ThongTinHoTro] (ID, IDNoiDung, IDDoiTuong, IDCaNhan) VALUES ('3788baa1-a67d-4d6d-89ad-c472b23a03ef', 1, NULL, 'a28a2d87-e7c1-455f-8aa4-5310d7fbfdc4');
INSERT INTO [HoTroCovid].[dbo].[HoSo] (ID, IDCaNhan, IDNoiDungHoTro, IDDoiTuong, SoThang, SoTien, ThanhTien, IDThongTinHoTro, DaChi, NguoiTao) VALUES ('d3cd3591-f6df-40df-ac27-ab719007b7d0', 'a28a2d87-e7c1-455f-8aa4-5310d7fbfdc4', 1, NULL, 3, 1800000, 5400000, '3788baa1-a67d-4d6d-89ad-c472b23a03ef', 0, 'solaodong');
INSERT INTO [HoTroCovid].[dbo].[CaNhan] (ID, HoTen, GioiTinh, NgaySinh, CMND, SinhNam) VALUES ('91dc54aa-0b75-440b-867b-48b21d8b502d', N'NGUYỄN HỒNG VIỆT', 1, '1980-10-11', '211736365', 1980);
INSERT INTO [HoTroCovid].[dbo].[CaNhan_DoanhNghiep] (ID, IDDoanhNghiep, IDCaNhan, IDDoiTuong, NgheNghiep, DaTra50) VALUES ('dfac4b64-576d-47ef-97de-cca58e719eb4', '661117c5-fd90-4c1d-b623-4d81db47679a', '91dc54aa-0b75-440b-867b-48b21d8b502d', NULL, N'Lái xe', null);
INSERT INTO [HoTroCovid].[dbo].[ThongTinHoTro] (ID, IDNoiDung, IDDoiTuong, IDCaNhan) VALUES ('453fb65d-3950-48e8-ae79-3be8f8437cee', 1, NULL, '91dc54aa-0b75-440b-867b-48b21d8b502d');
INSERT INTO [HoTroCovid].[dbo].[HoSo] (ID, IDCaNhan, IDNoiDungHoTro, IDDoiTuong, SoThang, SoTien, ThanhTien, IDThongTinHoTro, DaChi, NguoiTao) VALUES ('1b8b3f65-2c19-4e80-80c9-da78803afa64', '91dc54aa-0b75-440b-867b-48b21d8b502d', 1, NULL, 3, 1800000, 5400000, '453fb65d-3950-48e8-ae79-3be8f8437cee', 0, 'solaodong');
INSERT INTO [HoTroCovid].[dbo].[CaNhan] (ID, HoTen, GioiTinh, NgaySinh, CMND, SinhNam) VALUES ('f7842436-3a29-4fd6-89d2-aecb5c2b1744', N'ĐẶNG VĂN MINH', 1, '1970-02-07', '211403217', 1970);
INSERT INTO [HoTroCovid].[dbo].[CaNhan_DoanhNghiep] (ID, IDDoanhNghiep, IDCaNhan, IDDoiTuong, NgheNghiep, DaTra50) VALUES ('f6ecc741-66e9-4056-8710-fde3589b992e', '661117c5-fd90-4c1d-b623-4d81db47679a', 'f7842436-3a29-4fd6-89d2-aecb5c2b1744', NULL, N'Công nhân xây lắp', null);
INSERT INTO [HoTroCovid].[dbo].[ThongTinHoTro] (ID, IDNoiDung, IDDoiTuong, IDCaNhan) VALUES ('8f9af29b-0119-4dbb-bb05-72ee8b1ffe52', 1, NULL, 'f7842436-3a29-4fd6-89d2-aecb5c2b1744');
INSERT INTO [HoTroCovid].[dbo].[HoSo] (ID, IDCaNhan, IDNoiDungHoTro, IDDoiTuong, SoThang, SoTien, ThanhTien, IDThongTinHoTro, DaChi, NguoiTao) VALUES ('2b801aac-bb7f-47ed-aad4-25b182bc2037', 'f7842436-3a29-4fd6-89d2-aecb5c2b1744', 1, NULL, 3, 1800000, 5400000, '8f9af29b-0119-4dbb-bb05-72ee8b1ffe52', 0, 'solaodong');
INSERT INTO [HoTroCovid].[dbo].[CaNhan] (ID, HoTen, GioiTinh, NgaySinh, CMND, SinhNam) VALUES ('b0c2da4d-d5bc-434a-9308-6f5fba6d3e96', N'Phùng Tuấn Anh', 1, '1995-11-19', '230979948', 1995);
INSERT INTO [HoTroCovid].[dbo].[CaNhan_DoanhNghiep] (ID, IDDoanhNghiep, IDCaNhan, IDDoiTuong, NgheNghiep, DaTra50) VALUES ('3b4401af-e317-4939-bf71-737362927e94', '8f68b99e-5018-4e4c-9fdb-8acedd7189fa', 'b0c2da4d-d5bc-434a-9308-6f5fba6d3e96', NULL, N'Nhân viên Kỹ thuật', null);
INSERT INTO [HoTroCovid].[dbo].[ThongTinHoTro] (ID, IDNoiDung, IDDoiTuong, IDCaNhan) VALUES ('23453491-8951-42ba-8600-1c3f2f2ecc57', 1, NULL, 'b0c2da4d-d5bc-434a-9308-6f5fba6d3e96');
INSERT INTO [HoTroCovid].[dbo].[HoSo] (ID, IDCaNhan, IDNoiDungHoTro, IDDoiTuong, SoThang, SoTien, ThanhTien, IDThongTinHoTro, DaChi, NguoiTao) VALUES ('a982e3f3-b650-457a-9bf9-8f859463669d', 'b0c2da4d-d5bc-434a-9308-6f5fba6d3e96', 1, NULL, 3, 1800000, 5400000, '23453491-8951-42ba-8600-1c3f2f2ecc57', 0, 'solaodong');
INSERT INTO [HoTroCovid].[dbo].[CaNhan] (ID, HoTen, GioiTinh, NgaySinh, CMND, SinhNam) VALUES ('bcbae7ce-3745-46bf-99cb-bb697ab75e60', N'Trần Đình Nhơn', 1, '1987-09-17', '215043422', 1987);
INSERT INTO [HoTroCovid].[dbo].[CaNhan_DoanhNghiep] (ID, IDDoanhNghiep, IDCaNhan, IDDoiTuong, NgheNghiep, DaTra50) VALUES ('512b4e81-95d0-4c46-a3d0-e07f567d5f6e', 'd0b238df-7762-4686-9dd8-74cb3efc86ec', 'bcbae7ce-3745-46bf-99cb-bb697ab75e60', NULL, N'công nhân', null);
INSERT INTO [HoTroCovid].[dbo].[ThongTinHoTro] (ID, IDNoiDung, IDDoiTuong, IDCaNhan) VALUES ('0fb868cc-063b-4745-b61f-e642206384ba', 1, NULL, 'bcbae7ce-3745-46bf-99cb-bb697ab75e60');
INSERT INTO [HoTroCovid].[dbo].[HoSo] (ID, IDCaNhan, IDNoiDungHoTro, IDDoiTuong, SoThang, SoTien, ThanhTien, IDThongTinHoTro, DaChi, NguoiTao) VALUES ('a6df1b70-8afb-44db-b577-201e9e7ff8ab', 'bcbae7ce-3745-46bf-99cb-bb697ab75e60', 1, NULL, 3, 1800000, 5400000, '0fb868cc-063b-4745-b61f-e642206384ba', 0, 'solaodong');
INSERT INTO [HoTroCovid].[dbo].[CaNhan] (ID, HoTen, GioiTinh, NgaySinh, CMND, SinhNam) VALUES ('da19b16b-d232-44b2-930c-576b3e161c91', N'Bùi Công Viện', 1, '1975-07-11', '211702132', 1975);
INSERT INTO [HoTroCovid].[dbo].[CaNhan_DoanhNghiep] (ID, IDDoanhNghiep, IDCaNhan, IDDoiTuong, NgheNghiep, DaTra50) VALUES ('511762cb-b0ca-47f1-9e2f-502950fb032a', 'f921f32f-ba1f-4295-a29a-f4ede878141b', 'da19b16b-d232-44b2-930c-576b3e161c91', NULL, N'Công nhân cầu đường', false);
INSERT INTO [HoTroCovid].[dbo].[ThongTinHoTro] (ID, IDNoiDung, IDDoiTuong, IDCaNhan) VALUES ('c46e4fcf-f73d-4058-9b8a-8d70b0a45a97', 1, NULL, 'da19b16b-d232-44b2-930c-576b3e161c91');
INSERT INTO [HoTroCovid].[dbo].[HoSo] (ID, IDCaNhan, IDNoiDungHoTro, IDDoiTuong, SoThang, SoTien, ThanhTien, IDThongTinHoTro, DaChi, NguoiTao) VALUES ('7dad6995-5572-4999-868c-f37498849861', 'da19b16b-d232-44b2-930c-576b3e161c91', 1, NULL, 3, 1800000, 5400000, 'c46e4fcf-f73d-4058-9b8a-8d70b0a45a97', 0, 'solaodong');
INSERT INTO [HoTroCovid].[dbo].[CaNhan] (ID, HoTen, GioiTinh, NgaySinh, CMND, SinhNam) VALUES ('0ffbf263-6050-44e5-82e9-8b22b985ed62', N'Lê Thị Hương Giang', NULL, '1992-01-05', '215225842', 1992);
INSERT INTO [HoTroCovid].[dbo].[CaNhan_DoanhNghiep] (ID, IDDoanhNghiep, IDCaNhan, IDDoiTuong, NgheNghiep, DaTra50) VALUES ('d762178e-9509-48fa-965c-4618d95aadd7', '8f68b99e-5018-4e4c-9fdb-8acedd7189fa', '0ffbf263-6050-44e5-82e9-8b22b985ed62', NULL, N'Nhân viên Y tế', false);
INSERT INTO [HoTroCovid].[dbo].[ThongTinHoTro] (ID, IDNoiDung, IDDoiTuong, IDCaNhan) VALUES ('5ad1fd37-cbd9-4020-a9bf-3137de694022', 1, NULL, '0ffbf263-6050-44e5-82e9-8b22b985ed62');
INSERT INTO [HoTroCovid].[dbo].[HoSo] (ID, IDCaNhan, IDNoiDungHoTro, IDDoiTuong, SoThang, SoTien, ThanhTien, IDThongTinHoTro, DaChi, NguoiTao) VALUES ('f0d67caa-6d03-463a-9e77-8c8fe508c613', '0ffbf263-6050-44e5-82e9-8b22b985ed62', 1, NULL, 3, 1800000, 5400000, '5ad1fd37-cbd9-4020-a9bf-3137de694022', 0, 'solaodong');
INSERT INTO [HoTroCovid].[dbo].[CaNhan] (ID, HoTen, GioiTinh, NgaySinh, CMND, SinhNam) VALUES ('cb18295b-c3aa-46ee-af3d-37a3ecd0c72d', N'Võ Kim Kỳ', 1, '1968-03-09', '211135858', 1968);
INSERT INTO [HoTroCovid].[dbo].[CaNhan_DoanhNghiep] (ID, IDDoanhNghiep, IDCaNhan, IDDoiTuong, NgheNghiep, DaTra50) VALUES ('840328e1-dced-4faf-88c5-14a370aee907', 'f921f32f-ba1f-4295-a29a-f4ede878141b', 'cb18295b-c3aa-46ee-af3d-37a3ecd0c72d', NULL, N'Công nhân lái xe', false);
INSERT INTO [HoTroCovid].[dbo].[ThongTinHoTro] (ID, IDNoiDung, IDDoiTuong, IDCaNhan) VALUES ('222c8f0c-f1a6-46c7-a5ce-e9203ca1cfdc', 1, NULL, 'cb18295b-c3aa-46ee-af3d-37a3ecd0c72d');
INSERT INTO [HoTroCovid].[dbo].[HoSo] (ID, IDCaNhan, IDNoiDungHoTro, IDDoiTuong, SoThang, SoTien, ThanhTien, IDThongTinHoTro, DaChi, NguoiTao) VALUES ('4af248e7-b64c-413c-ae82-4351c91bef97', 'cb18295b-c3aa-46ee-af3d-37a3ecd0c72d', 1, NULL, 3, 1800000, 5400000, '222c8f0c-f1a6-46c7-a5ce-e9203ca1cfdc', 0, 'solaodong');
INSERT INTO [HoTroCovid].[dbo].[CaNhan] (ID, HoTen, GioiTinh, NgaySinh, CMND, SinhNam) VALUES ('a99f6191-1430-46c4-8784-a87381fd5f96', N'Nguyễn Thị Mỹ', NULL, '1981-08-23', '211773532', 1981);
INSERT INTO [HoTroCovid].[dbo].[CaNhan_DoanhNghiep] (ID, IDDoanhNghiep, IDCaNhan, IDDoiTuong, NgheNghiep, DaTra50) VALUES ('fb6ab8f6-9570-485d-8527-4e33fe88e829', 'd0b238df-7762-4686-9dd8-74cb3efc86ec', 'a99f6191-1430-46c4-8784-a87381fd5f96', NULL, N'HCNS', null);
INSERT INTO [HoTroCovid].[dbo].[ThongTinHoTro] (ID, IDNoiDung, IDDoiTuong, IDCaNhan) VALUES ('38088ef1-c4e5-448d-8937-832e5668f7fe', 1, NULL, 'a99f6191-1430-46c4-8784-a87381fd5f96');
INSERT INTO [HoTroCovid].[dbo].[HoSo] (ID, IDCaNhan, IDNoiDungHoTro, IDDoiTuong, SoThang, SoTien, ThanhTien, IDThongTinHoTro, DaChi, NguoiTao) VALUES ('401975e6-e8c3-48ba-b0e6-1eba566ab3fb', 'a99f6191-1430-46c4-8784-a87381fd5f96', 1, NULL, 3, 1800000, 5400000, '38088ef1-c4e5-448d-8937-832e5668f7fe', 0, 'solaodong');
INSERT INTO [HoTroCovid].[dbo].[CaNhan] (ID, HoTen, GioiTinh, NgaySinh, CMND, SinhNam) VALUES ('1ca02f3c-f547-4f77-a547-5b606c58a491', N'Bùi Nguyên Thoại', 1, '1989-12-11', '215075196', 1989);
INSERT INTO [HoTroCovid].[dbo].[CaNhan_DoanhNghiep] (ID, IDDoanhNghiep, IDCaNhan, IDDoiTuong, NgheNghiep, DaTra50) VALUES ('7170724a-2220-44aa-9b93-f3255943af37', 'd0b238df-7762-4686-9dd8-74cb3efc86ec', '1ca02f3c-f547-4f77-a547-5b606c58a491', NULL, N'NV Xây dựng', null);
INSERT INTO [HoTroCovid].[dbo].[ThongTinHoTro] (ID, IDNoiDung, IDDoiTuong, IDCaNhan) VALUES ('326d036a-e05a-4d82-9fd7-7ae64747f7ec', 1, NULL, '1ca02f3c-f547-4f77-a547-5b606c58a491');
INSERT INTO [HoTroCovid].[dbo].[HoSo] (ID, IDCaNhan, IDNoiDungHoTro, IDDoiTuong, SoThang, SoTien, ThanhTien, IDThongTinHoTro, DaChi, NguoiTao) VALUES ('85fd5ed6-8982-4953-8bac-ebe03e367fac', '1ca02f3c-f547-4f77-a547-5b606c58a491', 1, NULL, 3, 1800000, 5400000, '326d036a-e05a-4d82-9fd7-7ae64747f7ec', 0, 'solaodong');
INSERT INTO [HoTroCovid].[dbo].[CaNhan] (ID, HoTen, GioiTinh, NgaySinh, CMND, SinhNam) VALUES ('71c918fc-ef2f-4eff-a0d4-a647ebc3591f', N'NGUYỄN THANH PHONG', 1, '1990-10-11', '215183051', 1990);
INSERT INTO [HoTroCovid].[dbo].[CaNhan_DoanhNghiep] (ID, IDDoanhNghiep, IDCaNhan, IDDoiTuong, NgheNghiep, DaTra50) VALUES ('2ce26cee-bea8-4ab2-b9ee-cd71587e07bc', '661117c5-fd90-4c1d-b623-4d81db47679a', '71c918fc-ef2f-4eff-a0d4-a647ebc3591f', NULL, N'Công nhân xây lắp', null);
INSERT INTO [HoTroCovid].[dbo].[ThongTinHoTro] (ID, IDNoiDung, IDDoiTuong, IDCaNhan) VALUES ('a8428059-2e5c-4e98-9bef-e84cd74f1ce9', 1, NULL, '71c918fc-ef2f-4eff-a0d4-a647ebc3591f');
INSERT INTO [HoTroCovid].[dbo].[HoSo] (ID, IDCaNhan, IDNoiDungHoTro, IDDoiTuong, SoThang, SoTien, ThanhTien, IDThongTinHoTro, DaChi, NguoiTao) VALUES ('845c2378-34e4-493b-b8bb-51711d3d3542', '71c918fc-ef2f-4eff-a0d4-a647ebc3591f', 1, NULL, 3, 1800000, 5400000, 'a8428059-2e5c-4e98-9bef-e84cd74f1ce9', 0, 'solaodong');
INSERT INTO [HoTroCovid].[dbo].[CaNhan] (ID, HoTen, GioiTinh, NgaySinh, CMND, SinhNam) VALUES ('f23943c3-f3ca-4dd2-99cc-8fe8690a87a6', N'Gỉa Anh Tuấn', 1, '1993-01-04', '215198128', 1993);
INSERT INTO [HoTroCovid].[dbo].[CaNhan_DoanhNghiep] (ID, IDDoanhNghiep, IDCaNhan, IDDoiTuong, NgheNghiep, DaTra50) VALUES ('437f23a5-5e10-40b0-b4d3-7d13c8fbc869', 'd0b238df-7762-4686-9dd8-74cb3efc86ec', 'f23943c3-f3ca-4dd2-99cc-8fe8690a87a6', NULL, N'thủ kho', null);
INSERT INTO [HoTroCovid].[dbo].[ThongTinHoTro] (ID, IDNoiDung, IDDoiTuong, IDCaNhan) VALUES ('ce0d179f-2be1-48cc-bb52-a758248f171e', 1, NULL, 'f23943c3-f3ca-4dd2-99cc-8fe8690a87a6');
INSERT INTO [HoTroCovid].[dbo].[HoSo] (ID, IDCaNhan, IDNoiDungHoTro, IDDoiTuong, SoThang, SoTien, ThanhTien, IDThongTinHoTro, DaChi, NguoiTao) VALUES ('a4c2b35f-0919-4d4d-87be-bb9829e818d5', 'f23943c3-f3ca-4dd2-99cc-8fe8690a87a6', 1, NULL, 3, 1800000, 5400000, 'ce0d179f-2be1-48cc-bb52-a758248f171e', 0, 'solaodong');
INSERT INTO [HoTroCovid].[dbo].[CaNhan] (ID, HoTen, GioiTinh, NgaySinh, CMND, SinhNam) VALUES ('eb3ae50e-7849-4b92-a2ee-1d5f1b4f8388', N'NGUYỄN VĂN KHIẾT', 1, '1970-01-02', '211330482', 1970);
INSERT INTO [HoTroCovid].[dbo].[CaNhan_DoanhNghiep] (ID, IDDoanhNghiep, IDCaNhan, IDDoiTuong, NgheNghiep, DaTra50) VALUES ('371eb995-223c-4499-9115-621f2b1f0e04', '661117c5-fd90-4c1d-b623-4d81db47679a', 'eb3ae50e-7849-4b92-a2ee-1d5f1b4f8388', NULL, N'Lái xe', null);
INSERT INTO [HoTroCovid].[dbo].[ThongTinHoTro] (ID, IDNoiDung, IDDoiTuong, IDCaNhan) VALUES ('3c40728e-2c44-40fe-a235-43ddc9332812', 1, NULL, 'eb3ae50e-7849-4b92-a2ee-1d5f1b4f8388');
INSERT INTO [HoTroCovid].[dbo].[HoSo] (ID, IDCaNhan, IDNoiDungHoTro, IDDoiTuong, SoThang, SoTien, ThanhTien, IDThongTinHoTro, DaChi, NguoiTao) VALUES ('ab093eeb-a328-45a6-b35f-e4bb614d1514', 'eb3ae50e-7849-4b92-a2ee-1d5f1b4f8388', 1, NULL, 3, 1800000, 5400000, '3c40728e-2c44-40fe-a235-43ddc9332812', 0, 'solaodong');
INSERT INTO [HoTroCovid].[dbo].[CaNhan] (ID, HoTen, GioiTinh, NgaySinh, CMND, SinhNam) VALUES ('eb57b26f-12a3-48a6-8a18-fe76f6771dec', N'Nguyễn Tường Nha', 1, '1971-09-29', '211278447', 1971);
INSERT INTO [HoTroCovid].[dbo].[CaNhan_DoanhNghiep] (ID, IDDoanhNghiep, IDCaNhan, IDDoiTuong, NgheNghiep, DaTra50) VALUES ('2de99b24-9ae7-4a75-89ed-63bc9ec26ac8', 'f921f32f-ba1f-4295-a29a-f4ede878141b', 'eb57b26f-12a3-48a6-8a18-fe76f6771dec', NULL, N'Công nhân lái xe', false);
INSERT INTO [HoTroCovid].[dbo].[ThongTinHoTro] (ID, IDNoiDung, IDDoiTuong, IDCaNhan) VALUES ('1fdf2593-013f-4cc6-9b37-60af31df3451', 1, NULL, 'eb57b26f-12a3-48a6-8a18-fe76f6771dec');
INSERT INTO [HoTroCovid].[dbo].[HoSo] (ID, IDCaNhan, IDNoiDungHoTro, IDDoiTuong, SoThang, SoTien, ThanhTien, IDThongTinHoTro, DaChi, NguoiTao) VALUES ('af2045ca-cb98-4068-b58f-409b22ae997d', 'eb57b26f-12a3-48a6-8a18-fe76f6771dec', 1, NULL, 3, 1800000, 5400000, '1fdf2593-013f-4cc6-9b37-60af31df3451', 0, 'solaodong');
INSERT INTO [HoTroCovid].[dbo].[CaNhan] (ID, HoTen, GioiTinh, NgaySinh, CMND, SinhNam) VALUES ('f1cf3c7d-0bf9-42e0-9e9f-466280262937', N'PHAÏM VAÊN VINH', 1, '1979-10-12', '211602588', 1979);
INSERT INTO [HoTroCovid].[dbo].[CaNhan_DoanhNghiep] (ID, IDDoanhNghiep, IDCaNhan, IDDoiTuong, NgheNghiep, DaTra50) VALUES ('9738a6d9-45f8-4bc8-93fd-52d1067a8e49', '661117c5-fd90-4c1d-b623-4d81db47679a', 'f1cf3c7d-0bf9-42e0-9e9f-466280262937', NULL, N'Kỷ thuật thi công', null);
INSERT INTO [HoTroCovid].[dbo].[ThongTinHoTro] (ID, IDNoiDung, IDDoiTuong, IDCaNhan) VALUES ('79f85da7-bfab-46d5-b9d9-41c069480cab', 1, NULL, 'f1cf3c7d-0bf9-42e0-9e9f-466280262937');
INSERT INTO [HoTroCovid].[dbo].[HoSo] (ID, IDCaNhan, IDNoiDungHoTro, IDDoiTuong, SoThang, SoTien, ThanhTien, IDThongTinHoTro, DaChi, NguoiTao) VALUES ('98cdc2e1-4e66-411c-998e-18068cff9635', 'f1cf3c7d-0bf9-42e0-9e9f-466280262937', 1, NULL, 3, 1800000, 5400000, '79f85da7-bfab-46d5-b9d9-41c069480cab', 0, 'solaodong');
INSERT INTO [HoTroCovid].[dbo].[CaNhan] (ID, HoTen, GioiTinh, NgaySinh, CMND, SinhNam) VALUES ('b1879822-588a-4a53-be69-7abd73fd3505', N'Bạch Thanh Xuân', 1, '1995-11-06', '215353653', 1995);
INSERT INTO [HoTroCovid].[dbo].[CaNhan_DoanhNghiep] (ID, IDDoanhNghiep, IDCaNhan, IDDoiTuong, NgheNghiep, DaTra50) VALUES ('ff98e837-3122-421e-9111-2ce305523f5c', 'd0b238df-7762-4686-9dd8-74cb3efc86ec', 'b1879822-588a-4a53-be69-7abd73fd3505', NULL, N'công nhân', null);
INSERT INTO [HoTroCovid].[dbo].[ThongTinHoTro] (ID, IDNoiDung, IDDoiTuong, IDCaNhan) VALUES ('b6bae1df-f388-45df-b629-be7bd0d4501a', 1, NULL, 'b1879822-588a-4a53-be69-7abd73fd3505');
INSERT INTO [HoTroCovid].[dbo].[HoSo] (ID, IDCaNhan, IDNoiDungHoTro, IDDoiTuong, SoThang, SoTien, ThanhTien, IDThongTinHoTro, DaChi, NguoiTao) VALUES ('3da8a3fe-1d0b-4462-8df1-a4cf6ce0d450', 'b1879822-588a-4a53-be69-7abd73fd3505', 1, NULL, 3, 1800000, 5400000, 'b6bae1df-f388-45df-b629-be7bd0d4501a', 0, 'solaodong');
INSERT INTO [HoTroCovid].[dbo].[CaNhan] (ID, HoTen, GioiTinh, NgaySinh, CMND, SinhNam) VALUES ('30231f3d-ac61-40cb-b502-1a87b1dad1a8', N'Trần Thị Bảo Yến', NULL, '1987-08-25', '215070919', 1987);
INSERT INTO [HoTroCovid].[dbo].[CaNhan_DoanhNghiep] (ID, IDDoanhNghiep, IDCaNhan, IDDoiTuong, NgheNghiep, DaTra50) VALUES ('3d65346e-f967-4450-976c-ce36fce72445', 'f921f32f-ba1f-4295-a29a-f4ede878141b', '30231f3d-ac61-40cb-b502-1a87b1dad1a8', NULL, N'Kế toán', false);
INSERT INTO [HoTroCovid].[dbo].[ThongTinHoTro] (ID, IDNoiDung, IDDoiTuong, IDCaNhan) VALUES ('84a46c88-0269-473c-8489-d51c92339d25', 1, NULL, '30231f3d-ac61-40cb-b502-1a87b1dad1a8');
INSERT INTO [HoTroCovid].[dbo].[HoSo] (ID, IDCaNhan, IDNoiDungHoTro, IDDoiTuong, SoThang, SoTien, ThanhTien, IDThongTinHoTro, DaChi, NguoiTao) VALUES ('94100123-f9e2-41a2-a49d-e68d1dc51f2f', '30231f3d-ac61-40cb-b502-1a87b1dad1a8', 1, NULL, 3, 1800000, 5400000, '84a46c88-0269-473c-8489-d51c92339d25', 0, 'solaodong');
INSERT INTO [HoTroCovid].[dbo].[CaNhan] (ID, HoTen, GioiTinh, NgaySinh, CMND, SinhNam) VALUES ('432ddb56-920b-4d0d-9d06-83ceb1f71d8a', N'Trần Thị Hoàng Vy', NULL, '1988-10-27', '215090427', 1988);
INSERT INTO [HoTroCovid].[dbo].[CaNhan_DoanhNghiep] (ID, IDDoanhNghiep, IDCaNhan, IDDoiTuong, NgheNghiep, DaTra50) VALUES ('404e399b-4d3e-4064-be84-e13fc11fabf2', '8f68b99e-5018-4e4c-9fdb-8acedd7189fa', '432ddb56-920b-4d0d-9d06-83ceb1f71d8a', NULL, N'Nhân viên Nhân sự', false);
INSERT INTO [HoTroCovid].[dbo].[ThongTinHoTro] (ID, IDNoiDung, IDDoiTuong, IDCaNhan) VALUES ('f39b7801-62b1-4556-87db-b3611e29221b', 1, NULL, '432ddb56-920b-4d0d-9d06-83ceb1f71d8a');
INSERT INTO [HoTroCovid].[dbo].[HoSo] (ID, IDCaNhan, IDNoiDungHoTro, IDDoiTuong, SoThang, SoTien, ThanhTien, IDThongTinHoTro, DaChi, NguoiTao) VALUES ('2aca459e-24cb-432d-8cfc-d0c377eba7b0', '432ddb56-920b-4d0d-9d06-83ceb1f71d8a', 1, NULL, 3, 1800000, 5400000, 'f39b7801-62b1-4556-87db-b3611e29221b', 0, 'solaodong');
INSERT INTO [HoTroCovid].[dbo].[CaNhan] (ID, HoTen, GioiTinh, NgaySinh, CMND, SinhNam) VALUES ('f72ad30b-9bde-44a8-8803-04ec0bdbcc55', N'Vũ Duy Hóa', 1, '1971-02-24', '211702179', 1971);
INSERT INTO [HoTroCovid].[dbo].[CaNhan_DoanhNghiep] (ID, IDDoanhNghiep, IDCaNhan, IDDoiTuong, NgheNghiep, DaTra50) VALUES ('0fdcfd6d-9f08-4f68-a789-0eb35b86aebf', 'f921f32f-ba1f-4295-a29a-f4ede878141b', 'f72ad30b-9bde-44a8-8803-04ec0bdbcc55', NULL, N'Công nhân lái xe', false);
INSERT INTO [HoTroCovid].[dbo].[ThongTinHoTro] (ID, IDNoiDung, IDDoiTuong, IDCaNhan) VALUES ('d602fe17-f796-4800-b22a-bf687421efdb', 1, NULL, 'f72ad30b-9bde-44a8-8803-04ec0bdbcc55');
INSERT INTO [HoTroCovid].[dbo].[HoSo] (ID, IDCaNhan, IDNoiDungHoTro, IDDoiTuong, SoThang, SoTien, ThanhTien, IDThongTinHoTro, DaChi, NguoiTao) VALUES ('247f4327-c76e-42b0-9ffe-d091e814f221', 'f72ad30b-9bde-44a8-8803-04ec0bdbcc55', 1, NULL, 3, 1800000, 5400000, 'd602fe17-f796-4800-b22a-bf687421efdb', 0, 'solaodong');
INSERT INTO [HoTroCovid].[dbo].[CaNhan] (ID, HoTen, GioiTinh, NgaySinh, CMND, SinhNam) VALUES ('63011677-6de6-44b3-9659-9136b254f5da', N'Ngô Thị Mỹ Dung', NULL, '1980-08-30', '211643075', 1980);
INSERT INTO [HoTroCovid].[dbo].[CaNhan_DoanhNghiep] (ID, IDDoanhNghiep, IDCaNhan, IDDoiTuong, NgheNghiep, DaTra50) VALUES ('aa4153c2-f937-4c92-bf31-0c32e13a0b0b', 'f921f32f-ba1f-4295-a29a-f4ede878141b', '63011677-6de6-44b3-9659-9136b254f5da', NULL, N'Công nhân cầu đường', false);
INSERT INTO [HoTroCovid].[dbo].[ThongTinHoTro] (ID, IDNoiDung, IDDoiTuong, IDCaNhan) VALUES ('2d74c608-8c02-4a47-abf6-36e27d5a922a', 1, NULL, '63011677-6de6-44b3-9659-9136b254f5da');
INSERT INTO [HoTroCovid].[dbo].[HoSo] (ID, IDCaNhan, IDNoiDungHoTro, IDDoiTuong, SoThang, SoTien, ThanhTien, IDThongTinHoTro, DaChi, NguoiTao) VALUES ('37edc24f-b299-48ed-91ac-6da2d4925251', '63011677-6de6-44b3-9659-9136b254f5da', 1, NULL, 3, 1800000, 5400000, '2d74c608-8c02-4a47-abf6-36e27d5a922a', 0, 'solaodong');
INSERT INTO [HoTroCovid].[dbo].[CaNhan] (ID, HoTen, GioiTinh, NgaySinh, CMND, SinhNam) VALUES ('fde07966-faae-47cd-abeb-ce2422051fa4', N'Huỳnh Quang Tiến', 1, '1984-04-11', '211854999', 1984);
INSERT INTO [HoTroCovid].[dbo].[CaNhan_DoanhNghiep] (ID, IDDoanhNghiep, IDCaNhan, IDDoiTuong, NgheNghiep, DaTra50) VALUES ('e16a451e-1309-48ba-9ef7-e7ac03fbc730', 'f921f32f-ba1f-4295-a29a-f4ede878141b', 'fde07966-faae-47cd-abeb-ce2422051fa4', NULL, N'Công nhân lái xe', false);
INSERT INTO [HoTroCovid].[dbo].[ThongTinHoTro] (ID, IDNoiDung, IDDoiTuong, IDCaNhan) VALUES ('e43f5f7a-9cf0-40f2-b69a-6acbd0090063', 1, NULL, 'fde07966-faae-47cd-abeb-ce2422051fa4');
INSERT INTO [HoTroCovid].[dbo].[HoSo] (ID, IDCaNhan, IDNoiDungHoTro, IDDoiTuong, SoThang, SoTien, ThanhTien, IDThongTinHoTro, DaChi, NguoiTao) VALUES ('c92d2ac0-3e86-4600-b559-95fa886b5989', 'fde07966-faae-47cd-abeb-ce2422051fa4', 1, NULL, 3, 1800000, 5400000, 'e43f5f7a-9cf0-40f2-b69a-6acbd0090063', 0, 'solaodong');
INSERT INTO [HoTroCovid].[dbo].[CaNhan] (ID, HoTen, GioiTinh, NgaySinh, CMND, SinhNam) VALUES ('777976ab-8c8d-40f1-af90-ff5917f70e4d', N'Phạm Thị Ngọc Giàu', NULL, '1984-11-08', '271794048', 1984);
INSERT INTO [HoTroCovid].[dbo].[CaNhan_DoanhNghiep] (ID, IDDoanhNghiep, IDCaNhan, IDDoiTuong, NgheNghiep, DaTra50) VALUES ('fbd89abc-8aac-4846-bb80-3c4fb9d3ca23', 'f921f32f-ba1f-4295-a29a-f4ede878141b', '777976ab-8c8d-40f1-af90-ff5917f70e4d', NULL, N'Nhân viên bãi đậu xe', false);
INSERT INTO [HoTroCovid].[dbo].[ThongTinHoTro] (ID, IDNoiDung, IDDoiTuong, IDCaNhan) VALUES ('da085307-9afd-41fb-9989-965edb8e2174', 1, NULL, '777976ab-8c8d-40f1-af90-ff5917f70e4d');
INSERT INTO [HoTroCovid].[dbo].[HoSo] (ID, IDCaNhan, IDNoiDungHoTro, IDDoiTuong, SoThang, SoTien, ThanhTien, IDThongTinHoTro, DaChi, NguoiTao) VALUES ('7a0b63d7-b1d8-477f-a5a6-aee1aa37ed0b', '777976ab-8c8d-40f1-af90-ff5917f70e4d', 1, NULL, 3, 1800000, 5400000, 'da085307-9afd-41fb-9989-965edb8e2174', 0, 'solaodong');
INSERT INTO [HoTroCovid].[dbo].[CaNhan] (ID, HoTen, GioiTinh, NgaySinh, CMND, SinhNam) VALUES ('03db56c6-fb21-4819-a64b-5fc8ba61827a', N'Ngô Thị Mượn', NULL, '1967-12-20', '211173160', 1967);
INSERT INTO [HoTroCovid].[dbo].[CaNhan_DoanhNghiep] (ID, IDDoanhNghiep, IDCaNhan, IDDoiTuong, NgheNghiep, DaTra50) VALUES ('619d62c2-3cea-4828-a79f-66f3ed882b3e', 'f921f32f-ba1f-4295-a29a-f4ede878141b', '03db56c6-fb21-4819-a64b-5fc8ba61827a', NULL, N'Công nhân cầu đường', false);
INSERT INTO [HoTroCovid].[dbo].[ThongTinHoTro] (ID, IDNoiDung, IDDoiTuong, IDCaNhan) VALUES ('e6e9f993-384e-40de-b9a7-32d4776db05f', 1, NULL, '03db56c6-fb21-4819-a64b-5fc8ba61827a');
INSERT INTO [HoTroCovid].[dbo].[HoSo] (ID, IDCaNhan, IDNoiDungHoTro, IDDoiTuong, SoThang, SoTien, ThanhTien, IDThongTinHoTro, DaChi, NguoiTao) VALUES ('ae3a62a8-495f-45a9-b782-1f8bb2bed8a0', '03db56c6-fb21-4819-a64b-5fc8ba61827a', 1, NULL, 3, 1800000, 5400000, 'e6e9f993-384e-40de-b9a7-32d4776db05f', 0, 'solaodong');
INSERT INTO [HoTroCovid].[dbo].[CaNhan] (ID, HoTen, GioiTinh, NgaySinh, CMND, SinhNam) VALUES ('0d8fa484-cf87-4c5e-902f-c559800171bc', N'Ngô Văn Cường', 1, '1976-08-11', '211522465', 1976);
INSERT INTO [HoTroCovid].[dbo].[CaNhan_DoanhNghiep] (ID, IDDoanhNghiep, IDCaNhan, IDDoiTuong, NgheNghiep, DaTra50) VALUES ('3fcea2dd-c1b5-4c82-99a9-fa01f18db104', 'f921f32f-ba1f-4295-a29a-f4ede878141b', '0d8fa484-cf87-4c5e-902f-c559800171bc', NULL, N'Công nhân cầu đường', false);
INSERT INTO [HoTroCovid].[dbo].[ThongTinHoTro] (ID, IDNoiDung, IDDoiTuong, IDCaNhan) VALUES ('f2aa4a17-f162-4970-8743-22683fd5fefa', 1, NULL, '0d8fa484-cf87-4c5e-902f-c559800171bc');
INSERT INTO [HoTroCovid].[dbo].[HoSo] (ID, IDCaNhan, IDNoiDungHoTro, IDDoiTuong, SoThang, SoTien, ThanhTien, IDThongTinHoTro, DaChi, NguoiTao) VALUES ('52aa91b0-e72c-47ae-85ae-13c76ab35e5f', '0d8fa484-cf87-4c5e-902f-c559800171bc', 1, NULL, 3, 1800000, 5400000, 'f2aa4a17-f162-4970-8743-22683fd5fefa', 0, 'solaodong');
INSERT INTO [HoTroCovid].[dbo].[CaNhan] (ID, HoTen, GioiTinh, NgaySinh, CMND, SinhNam) VALUES ('399927db-dbf4-4506-a74d-0396a86c129e', N'Phạm Thị Sương Sa', NULL, '1971-04-27', '211318196', 1971);
INSERT INTO [HoTroCovid].[dbo].[CaNhan_DoanhNghiep] (ID, IDDoanhNghiep, IDCaNhan, IDDoiTuong, NgheNghiep, DaTra50) VALUES ('1cb39ef2-6f1d-4c7f-bfd9-933d69bc7fb4', 'f921f32f-ba1f-4295-a29a-f4ede878141b', '399927db-dbf4-4506-a74d-0396a86c129e', NULL, N'Công nhân cầu đường', false);
INSERT INTO [HoTroCovid].[dbo].[ThongTinHoTro] (ID, IDNoiDung, IDDoiTuong, IDCaNhan) VALUES ('9e37bdb0-aa51-43df-a551-d5fa9f778138', 1, NULL, '399927db-dbf4-4506-a74d-0396a86c129e');
INSERT INTO [HoTroCovid].[dbo].[HoSo] (ID, IDCaNhan, IDNoiDungHoTro, IDDoiTuong, SoThang, SoTien, ThanhTien, IDThongTinHoTro, DaChi, NguoiTao) VALUES ('9ecf91d3-daa9-42ee-b680-00e45a94cd6e', '399927db-dbf4-4506-a74d-0396a86c129e', 1, NULL, 3, 1800000, 5400000, '9e37bdb0-aa51-43df-a551-d5fa9f778138', 0, 'solaodong');
INSERT INTO [HoTroCovid].[dbo].[CaNhan] (ID, HoTen, GioiTinh, NgaySinh, CMND, SinhNam) VALUES ('1b71b420-fc9b-40d3-9e85-ee69aa7809c3', N'Dương Thị Thìn', NULL, '1968-07-06', '211304473', 1968);
INSERT INTO [HoTroCovid].[dbo].[CaNhan_DoanhNghiep] (ID, IDDoanhNghiep, IDCaNhan, IDDoiTuong, NgheNghiep, DaTra50) VALUES ('f9452f68-afe1-4a89-b807-b78daee94bc4', 'f921f32f-ba1f-4295-a29a-f4ede878141b', '1b71b420-fc9b-40d3-9e85-ee69aa7809c3', NULL, N'Công nhân cầu đường', false);
INSERT INTO [HoTroCovid].[dbo].[ThongTinHoTro] (ID, IDNoiDung, IDDoiTuong, IDCaNhan) VALUES ('8b704705-702c-4cb1-acac-0018ae697151', 1, NULL, '1b71b420-fc9b-40d3-9e85-ee69aa7809c3');
INSERT INTO [HoTroCovid].[dbo].[HoSo] (ID, IDCaNhan, IDNoiDungHoTro, IDDoiTuong, SoThang, SoTien, ThanhTien, IDThongTinHoTro, DaChi, NguoiTao) VALUES ('add08852-5624-416b-938f-3f56281d3d74', '1b71b420-fc9b-40d3-9e85-ee69aa7809c3', 1, NULL, 3, 1800000, 5400000, '8b704705-702c-4cb1-acac-0018ae697151', 0, 'solaodong');
INSERT INTO [HoTroCovid].[dbo].[CaNhan] (ID, HoTen, GioiTinh, NgaySinh, CMND, SinhNam) VALUES ('71ec7708-7d64-4d65-9c82-fb469ce63d01', N'Trương Ngọc Trường', 1, '1965-07-31', '211413979', 1965);
INSERT INTO [HoTroCovid].[dbo].[CaNhan_DoanhNghiep] (ID, IDDoanhNghiep, IDCaNhan, IDDoiTuong, NgheNghiep, DaTra50) VALUES ('56b95b0a-e1c9-4af7-bfaf-b09ab609a53a', 'f921f32f-ba1f-4295-a29a-f4ede878141b', '71ec7708-7d64-4d65-9c82-fb469ce63d01', NULL, N'Công nhân cầu đường', false);
INSERT INTO [HoTroCovid].[dbo].[ThongTinHoTro] (ID, IDNoiDung, IDDoiTuong, IDCaNhan) VALUES ('f2d4163a-b20f-447e-b7f4-92c64afadbf6', 1, NULL, '71ec7708-7d64-4d65-9c82-fb469ce63d01');
INSERT INTO [HoTroCovid].[dbo].[HoSo] (ID, IDCaNhan, IDNoiDungHoTro, IDDoiTuong, SoThang, SoTien, ThanhTien, IDThongTinHoTro, DaChi, NguoiTao) VALUES ('05470e7f-bf53-464f-ba16-63d818287a59', '71ec7708-7d64-4d65-9c82-fb469ce63d01', 1, NULL, 3, 1800000, 5400000, 'f2d4163a-b20f-447e-b7f4-92c64afadbf6', 0, 'solaodong');
INSERT INTO [HoTroCovid].[dbo].[CaNhan] (ID, HoTen, GioiTinh, NgaySinh, CMND, SinhNam) VALUES ('f89bab59-6f76-4919-9567-1a4a1edb16f1', N'Nguyễn Đình Tấn', 1, '1973-07-05', '215155952', 1973);
INSERT INTO [HoTroCovid].[dbo].[CaNhan_DoanhNghiep] (ID, IDDoanhNghiep, IDCaNhan, IDDoiTuong, NgheNghiep, DaTra50) VALUES ('a189c025-b9e5-4090-97f7-d285fe335e63', 'edf270a3-fe1b-46d2-8aff-159c8d587f6c', 'f89bab59-6f76-4919-9567-1a4a1edb16f1', NULL, N'Kỹ thuật', null);
INSERT INTO [HoTroCovid].[dbo].[ThongTinHoTro] (ID, IDNoiDung, IDDoiTuong, IDCaNhan) VALUES ('14a95937-29e0-45c7-a985-293864a8b941', 1, NULL, 'f89bab59-6f76-4919-9567-1a4a1edb16f1');
INSERT INTO [HoTroCovid].[dbo].[HoSo] (ID, IDCaNhan, IDNoiDungHoTro, IDDoiTuong, SoThang, SoTien, ThanhTien, IDThongTinHoTro, DaChi, NguoiTao) VALUES ('5af38743-bfbb-4aef-9b42-349e4ca2472f', 'f89bab59-6f76-4919-9567-1a4a1edb16f1', 1, NULL, 3, 1800000, 5400000, '14a95937-29e0-45c7-a985-293864a8b941', 0, 'solaodong');
INSERT INTO [HoTroCovid].[dbo].[CaNhan] (ID, HoTen, GioiTinh, NgaySinh, CMND, SinhNam) VALUES ('0c8ea601-176e-45fe-8110-abd3e6c7c48f', N'Hứa Thuận Vũ', 1, '1982-02-18', '211716688', 1982);
INSERT INTO [HoTroCovid].[dbo].[CaNhan_DoanhNghiep] (ID, IDDoanhNghiep, IDCaNhan, IDDoiTuong, NgheNghiep, DaTra50) VALUES ('6c073849-2e5e-4827-9bc1-b2198d474c3c', 'f921f32f-ba1f-4295-a29a-f4ede878141b', '0c8ea601-176e-45fe-8110-abd3e6c7c48f', NULL, N'Kế toán đội', false);
INSERT INTO [HoTroCovid].[dbo].[ThongTinHoTro] (ID, IDNoiDung, IDDoiTuong, IDCaNhan) VALUES ('c30771eb-70dc-4b42-8d4d-e3c886e2a65f', 1, NULL, '0c8ea601-176e-45fe-8110-abd3e6c7c48f');
INSERT INTO [HoTroCovid].[dbo].[HoSo] (ID, IDCaNhan, IDNoiDungHoTro, IDDoiTuong, SoThang, SoTien, ThanhTien, IDThongTinHoTro, DaChi, NguoiTao) VALUES ('2626683c-1ba5-4148-924b-951559e9ebb5', '0c8ea601-176e-45fe-8110-abd3e6c7c48f', 1, NULL, 3, 1800000, 5400000, 'c30771eb-70dc-4b42-8d4d-e3c886e2a65f', 0, 'solaodong');
INSERT INTO [HoTroCovid].[dbo].[CaNhan] (ID, HoTen, GioiTinh, NgaySinh, CMND, SinhNam) VALUES ('bbc6bb61-ef7c-4412-aec3-ec238854a358', N'Nguyễn Thanh Luân', 1, '1991-12-29', '215193586', 1991);
INSERT INTO [HoTroCovid].[dbo].[CaNhan_DoanhNghiep] (ID, IDDoanhNghiep, IDCaNhan, IDDoiTuong, NgheNghiep, DaTra50) VALUES ('facdbc24-e030-4142-8540-e62fbfdde349', 'f921f32f-ba1f-4295-a29a-f4ede878141b', 'bbc6bb61-ef7c-4412-aec3-ec238854a358', NULL, N'Nhân viên bãi đậu xe', false);
INSERT INTO [HoTroCovid].[dbo].[ThongTinHoTro] (ID, IDNoiDung, IDDoiTuong, IDCaNhan) VALUES ('61308ca8-78ad-4cbc-8ae1-df331cee886b', 1, NULL, 'bbc6bb61-ef7c-4412-aec3-ec238854a358');
INSERT INTO [HoTroCovid].[dbo].[HoSo] (ID, IDCaNhan, IDNoiDungHoTro, IDDoiTuong, SoThang, SoTien, ThanhTien, IDThongTinHoTro, DaChi, NguoiTao) VALUES ('3dd87b47-eeb6-49d1-9dfb-be75aa80a479', 'bbc6bb61-ef7c-4412-aec3-ec238854a358', 1, NULL, 3, 1800000, 5400000, '61308ca8-78ad-4cbc-8ae1-df331cee886b', 0, 'solaodong');
INSERT INTO [HoTroCovid].[dbo].[CaNhan] (ID, HoTen, GioiTinh, NgaySinh, CMND, SinhNam) VALUES ('dc0cc957-78ac-4cb0-897f-2301d24de9aa', N'Phạm Hoài Phương', 1, '1978-09-13', '211584348', 1978);
INSERT INTO [HoTroCovid].[dbo].[CaNhan_DoanhNghiep] (ID, IDDoanhNghiep, IDCaNhan, IDDoiTuong, NgheNghiep, DaTra50) VALUES ('39a7f4ca-a761-4c11-93d0-53cc736883d7', 'f921f32f-ba1f-4295-a29a-f4ede878141b', 'dc0cc957-78ac-4cb0-897f-2301d24de9aa', NULL, N'Công nhân lái xe', false);
INSERT INTO [HoTroCovid].[dbo].[ThongTinHoTro] (ID, IDNoiDung, IDDoiTuong, IDCaNhan) VALUES ('edf3a283-9039-45bd-a2bc-e1714e066748', 1, NULL, 'dc0cc957-78ac-4cb0-897f-2301d24de9aa');
INSERT INTO [HoTroCovid].[dbo].[HoSo] (ID, IDCaNhan, IDNoiDungHoTro, IDDoiTuong, SoThang, SoTien, ThanhTien, IDThongTinHoTro, DaChi, NguoiTao) VALUES ('e45a63c4-2ad1-44df-930e-73a596171fb9', 'dc0cc957-78ac-4cb0-897f-2301d24de9aa', 1, NULL, 3, 1800000, 5400000, 'edf3a283-9039-45bd-a2bc-e1714e066748', 0, 'solaodong');
INSERT INTO [HoTroCovid].[dbo].[CaNhan] (ID, HoTen, GioiTinh, NgaySinh, CMND, SinhNam) VALUES ('0921683b-04c7-410a-b6de-0d2752cfabf3', N'Nguyễn Hoàng Gia', 1, '1986-05-01', '211840984', 1986);
INSERT INTO [HoTroCovid].[dbo].[CaNhan_DoanhNghiep] (ID, IDDoanhNghiep, IDCaNhan, IDDoiTuong, NgheNghiep, DaTra50) VALUES ('d6bcf266-c335-476f-b951-da8b8906b5ee', 'f921f32f-ba1f-4295-a29a-f4ede878141b', '0921683b-04c7-410a-b6de-0d2752cfabf3', NULL, N'Vận hành trạm trộn', false);
INSERT INTO [HoTroCovid].[dbo].[ThongTinHoTro] (ID, IDNoiDung, IDDoiTuong, IDCaNhan) VALUES ('97a1935f-9db8-43b9-b8b1-033bb2e15f31', 1, NULL, '0921683b-04c7-410a-b6de-0d2752cfabf3');
INSERT INTO [HoTroCovid].[dbo].[HoSo] (ID, IDCaNhan, IDNoiDungHoTro, IDDoiTuong, SoThang, SoTien, ThanhTien, IDThongTinHoTro, DaChi, NguoiTao) VALUES ('72c5accd-1192-4330-976c-bff9778f7c20', '0921683b-04c7-410a-b6de-0d2752cfabf3', 1, NULL, 3, 1800000, 5400000, '97a1935f-9db8-43b9-b8b1-033bb2e15f31', 0, 'solaodong');
INSERT INTO [HoTroCovid].[dbo].[CaNhan] (ID, HoTen, GioiTinh, NgaySinh, CMND, SinhNam) VALUES ('421c116a-3fd0-467b-8b76-65144bce1056', N'Nguyễn Minh Khoa', 1, '1982-10-11', '211804613', 1982);
INSERT INTO [HoTroCovid].[dbo].[CaNhan_DoanhNghiep] (ID, IDDoanhNghiep, IDCaNhan, IDDoiTuong, NgheNghiep, DaTra50) VALUES ('0383c624-e75e-4e6b-bffa-1c2c84ded544', 'f921f32f-ba1f-4295-a29a-f4ede878141b', '421c116a-3fd0-467b-8b76-65144bce1056', NULL, N'Kế toán đội', false);
INSERT INTO [HoTroCovid].[dbo].[ThongTinHoTro] (ID, IDNoiDung, IDDoiTuong, IDCaNhan) VALUES ('79e88975-51b3-4a1e-92e2-df7ec4d52e11', 1, NULL, '421c116a-3fd0-467b-8b76-65144bce1056');
INSERT INTO [HoTroCovid].[dbo].[HoSo] (ID, IDCaNhan, IDNoiDungHoTro, IDDoiTuong, SoThang, SoTien, ThanhTien, IDThongTinHoTro, DaChi, NguoiTao) VALUES ('1c925ebd-ae0d-4fd4-8dca-08dc6f81abee', '421c116a-3fd0-467b-8b76-65144bce1056', 1, NULL, 3, 1800000, 5400000, '79e88975-51b3-4a1e-92e2-df7ec4d52e11', 0, 'solaodong');
INSERT INTO [HoTroCovid].[dbo].[CaNhan] (ID, HoTen, GioiTinh, NgaySinh, CMND, SinhNam) VALUES ('ecb88906-b81d-4d78-8b78-1d74a859e409', N'Dương Quyết Tiến', 1, '1977-06-05', '211797647', 1977);
INSERT INTO [HoTroCovid].[dbo].[CaNhan_DoanhNghiep] (ID, IDDoanhNghiep, IDCaNhan, IDDoiTuong, NgheNghiep, DaTra50) VALUES ('e28b9350-1fe5-459d-8f48-71c95f2ec840', 'f921f32f-ba1f-4295-a29a-f4ede878141b', 'ecb88906-b81d-4d78-8b78-1d74a859e409', NULL, N'Công nhân cầu đường', false);
INSERT INTO [HoTroCovid].[dbo].[ThongTinHoTro] (ID, IDNoiDung, IDDoiTuong, IDCaNhan) VALUES ('45080a81-bfdd-4a2d-9963-245a81745a85', 1, NULL, 'ecb88906-b81d-4d78-8b78-1d74a859e409');
INSERT INTO [HoTroCovid].[dbo].[HoSo] (ID, IDCaNhan, IDNoiDungHoTro, IDDoiTuong, SoThang, SoTien, ThanhTien, IDThongTinHoTro, DaChi, NguoiTao) VALUES ('820fdfe8-5876-4cfb-80d9-e151167e0ac7', 'ecb88906-b81d-4d78-8b78-1d74a859e409', 1, NULL, 3, 1800000, 5400000, '45080a81-bfdd-4a2d-9963-245a81745a85', 0, 'solaodong');
INSERT INTO [HoTroCovid].[dbo].[CaNhan] (ID, HoTen, GioiTinh, NgaySinh, CMND, SinhNam) VALUES ('f964c977-33fb-40a1-be8d-c4551a4bd82e', N'Vương Quang', 1, '1971-11-28', '211243501', 1971);
INSERT INTO [HoTroCovid].[dbo].[CaNhan_DoanhNghiep] (ID, IDDoanhNghiep, IDCaNhan, IDDoiTuong, NgheNghiep, DaTra50) VALUES ('e3beafc1-42c0-4acf-a243-8cee6d3d2845', 'f921f32f-ba1f-4295-a29a-f4ede878141b', 'f964c977-33fb-40a1-be8d-c4551a4bd82e', NULL, N'Công nhân lái xe', false);
INSERT INTO [HoTroCovid].[dbo].[ThongTinHoTro] (ID, IDNoiDung, IDDoiTuong, IDCaNhan) VALUES ('eb260187-fb5d-429b-a222-cfb5ee8f7824', 1, NULL, 'f964c977-33fb-40a1-be8d-c4551a4bd82e');
INSERT INTO [HoTroCovid].[dbo].[HoSo] (ID, IDCaNhan, IDNoiDungHoTro, IDDoiTuong, SoThang, SoTien, ThanhTien, IDThongTinHoTro, DaChi, NguoiTao) VALUES ('cb820a38-292d-4d03-8dab-6779330bcf1c', 'f964c977-33fb-40a1-be8d-c4551a4bd82e', 1, NULL, 3, 1800000, 5400000, 'eb260187-fb5d-429b-a222-cfb5ee8f7824', 0, 'solaodong');
INSERT INTO [HoTroCovid].[dbo].[CaNhan] (ID, HoTen, GioiTinh, NgaySinh, CMND, SinhNam) VALUES ('aff5f601-1729-40e1-8291-f61ed88a79fb', N'Đồng Thị Thanh Phước', NULL, '1971-06-11', '211302745', 1971);
INSERT INTO [HoTroCovid].[dbo].[CaNhan_DoanhNghiep] (ID, IDDoanhNghiep, IDCaNhan, IDDoiTuong, NgheNghiep, DaTra50) VALUES ('49e82309-3744-4e99-9874-1f2a3d5d6278', 'f921f32f-ba1f-4295-a29a-f4ede878141b', 'aff5f601-1729-40e1-8291-f61ed88a79fb', NULL, N'Công nhân cầu đường', false);
INSERT INTO [HoTroCovid].[dbo].[ThongTinHoTro] (ID, IDNoiDung, IDDoiTuong, IDCaNhan) VALUES ('45e985ad-3155-4851-9005-542d436c499a', 1, NULL, 'aff5f601-1729-40e1-8291-f61ed88a79fb');
INSERT INTO [HoTroCovid].[dbo].[HoSo] (ID, IDCaNhan, IDNoiDungHoTro, IDDoiTuong, SoThang, SoTien, ThanhTien, IDThongTinHoTro, DaChi, NguoiTao) VALUES ('51b21d59-1169-4aed-a058-58a4729c183a', 'aff5f601-1729-40e1-8291-f61ed88a79fb', 1, NULL, 3, 1800000, 5400000, '45e985ad-3155-4851-9005-542d436c499a', 0, 'solaodong');
INSERT INTO [HoTroCovid].[dbo].[CaNhan] (ID, HoTen, GioiTinh, NgaySinh, CMND, SinhNam) VALUES ('50c1ccd9-a597-4fc4-a313-35ea6489025d', N'Lê Văn Kiệt', 1, '1968-03-06', '211124927', 1968);
INSERT INTO [HoTroCovid].[dbo].[CaNhan_DoanhNghiep] (ID, IDDoanhNghiep, IDCaNhan, IDDoiTuong, NgheNghiep, DaTra50) VALUES ('07ae6ac0-beb1-49c2-aa3f-2bf5f6d55c98', 'edf270a3-fe1b-46d2-8aff-159c8d587f6c', '50c1ccd9-a597-4fc4-a313-35ea6489025d', NULL, N'Thủ kho', null);
INSERT INTO [HoTroCovid].[dbo].[ThongTinHoTro] (ID, IDNoiDung, IDDoiTuong, IDCaNhan) VALUES ('7f3568e5-be7b-4294-9046-20a333bb885c', 1, NULL, '50c1ccd9-a597-4fc4-a313-35ea6489025d');
INSERT INTO [HoTroCovid].[dbo].[HoSo] (ID, IDCaNhan, IDNoiDungHoTro, IDDoiTuong, SoThang, SoTien, ThanhTien, IDThongTinHoTro, DaChi, NguoiTao) VALUES ('60e86b67-b38a-42dd-95c2-f38cf6948aa0', '50c1ccd9-a597-4fc4-a313-35ea6489025d', 1, NULL, 3, 1800000, 5400000, '7f3568e5-be7b-4294-9046-20a333bb885c', 0, 'solaodong');
INSERT INTO [HoTroCovid].[dbo].[CaNhan] (ID, HoTen, GioiTinh, NgaySinh, CMND, SinhNam) VALUES ('a3a872f2-e148-43a8-94ea-5773fa02f9f4', N'Phạm Văn Nhất', 1, '1973-05-15', '211871870', 1973);
INSERT INTO [HoTroCovid].[dbo].[CaNhan_DoanhNghiep] (ID, IDDoanhNghiep, IDCaNhan, IDDoiTuong, NgheNghiep, DaTra50) VALUES ('1c04ea36-dbc5-46b4-b558-030dc3e4e568', 'f921f32f-ba1f-4295-a29a-f4ede878141b', 'a3a872f2-e148-43a8-94ea-5773fa02f9f4', NULL, N'Công nhân cầu đường', false);
INSERT INTO [HoTroCovid].[dbo].[ThongTinHoTro] (ID, IDNoiDung, IDDoiTuong, IDCaNhan) VALUES ('26c68ad5-21db-4d06-83b1-f0270e285835', 1, NULL, 'a3a872f2-e148-43a8-94ea-5773fa02f9f4');
INSERT INTO [HoTroCovid].[dbo].[HoSo] (ID, IDCaNhan, IDNoiDungHoTro, IDDoiTuong, SoThang, SoTien, ThanhTien, IDThongTinHoTro, DaChi, NguoiTao) VALUES ('efeca6a1-8583-4287-a177-8f7c379fe90d', 'a3a872f2-e148-43a8-94ea-5773fa02f9f4', 1, NULL, 3, 1800000, 5400000, '26c68ad5-21db-4d06-83b1-f0270e285835', 0, 'solaodong');
INSERT INTO [HoTroCovid].[dbo].[CaNhan] (ID, HoTen, GioiTinh, NgaySinh, CMND, SinhNam) VALUES ('b2ec6342-81d6-49e4-9dff-92da72ecbd16', N'Ung Thị Thúy', NULL, '1985-08-07', '211853761', 1985);
INSERT INTO [HoTroCovid].[dbo].[CaNhan_DoanhNghiep] (ID, IDDoanhNghiep, IDCaNhan, IDDoiTuong, NgheNghiep, DaTra50) VALUES ('3c07615e-43c7-496b-8cdd-cc700a056bac', 'f921f32f-ba1f-4295-a29a-f4ede878141b', 'b2ec6342-81d6-49e4-9dff-92da72ecbd16', NULL, N'Công nhân cầu đường', false);
INSERT INTO [HoTroCovid].[dbo].[ThongTinHoTro] (ID, IDNoiDung, IDDoiTuong, IDCaNhan) VALUES ('4f370f61-b971-4576-bd7f-71de1b37e9d6', 1, NULL, 'b2ec6342-81d6-49e4-9dff-92da72ecbd16');
INSERT INTO [HoTroCovid].[dbo].[HoSo] (ID, IDCaNhan, IDNoiDungHoTro, IDDoiTuong, SoThang, SoTien, ThanhTien, IDThongTinHoTro, DaChi, NguoiTao) VALUES ('8ea895ec-00f0-490e-9550-0293fa110dea', 'b2ec6342-81d6-49e4-9dff-92da72ecbd16', 1, NULL, 3, 1800000, 5400000, '4f370f61-b971-4576-bd7f-71de1b37e9d6', 0, 'solaodong');
INSERT INTO [HoTroCovid].[dbo].[CaNhan] (ID, HoTen, GioiTinh, NgaySinh, CMND, SinhNam) VALUES ('6d08e6d7-ec71-45a6-b0c1-388e125a9fc5', N'Phạm Thị Lan', NULL, '1970-10-09', '211657309', 1970);
INSERT INTO [HoTroCovid].[dbo].[CaNhan_DoanhNghiep] (ID, IDDoanhNghiep, IDCaNhan, IDDoiTuong, NgheNghiep, DaTra50) VALUES ('30cf24df-e448-4914-8c1f-4429386a586a', '3f714601-7978-4a32-a527-2d8835ffe667', '6d08e6d7-ec71-45a6-b0c1-388e125a9fc5', NULL, N'NV phục vụ (DV nhà hàng)', false);
INSERT INTO [HoTroCovid].[dbo].[ThongTinHoTro] (ID, IDNoiDung, IDDoiTuong, IDCaNhan) VALUES ('fb25d812-08bc-41ec-8dbb-800ace0c49fa', 1, NULL, '6d08e6d7-ec71-45a6-b0c1-388e125a9fc5');
INSERT INTO [HoTroCovid].[dbo].[HoSo] (ID, IDCaNhan, IDNoiDungHoTro, IDDoiTuong, SoThang, SoTien, ThanhTien, IDThongTinHoTro, DaChi, NguoiTao) VALUES ('773bd0ec-2844-496b-91aa-37bdb7409dbe', '6d08e6d7-ec71-45a6-b0c1-388e125a9fc5', 1, NULL, 3, 1800000, 5400000, 'fb25d812-08bc-41ec-8dbb-800ace0c49fa', 0, 'solaodong');
INSERT INTO [HoTroCovid].[dbo].[CaNhan] (ID, HoTen, GioiTinh, NgaySinh, CMND, SinhNam) VALUES ('b4d1e2e3-94d7-4f78-a939-68b05aa84839', N'Vương Ngọc Trinh', 1, '1979-10-27', '211596751', 1979);
INSERT INTO [HoTroCovid].[dbo].[CaNhan_DoanhNghiep] (ID, IDDoanhNghiep, IDCaNhan, IDDoiTuong, NgheNghiep, DaTra50) VALUES ('8745945c-5bba-4f5a-9db5-54ae8b3f506e', 'edf270a3-fe1b-46d2-8aff-159c8d587f6c', 'b4d1e2e3-94d7-4f78-a939-68b05aa84839', NULL, N'Kỹ thuật', null);
INSERT INTO [HoTroCovid].[dbo].[ThongTinHoTro] (ID, IDNoiDung, IDDoiTuong, IDCaNhan) VALUES ('cdcf8110-4dd5-4bd7-9473-05b86e5f3143', 1, NULL, 'b4d1e2e3-94d7-4f78-a939-68b05aa84839');
INSERT INTO [HoTroCovid].[dbo].[HoSo] (ID, IDCaNhan, IDNoiDungHoTro, IDDoiTuong, SoThang, SoTien, ThanhTien, IDThongTinHoTro, DaChi, NguoiTao) VALUES ('75a3b048-f246-4f91-a66c-2f7f83b37e3b', 'b4d1e2e3-94d7-4f78-a939-68b05aa84839', 1, NULL, 3, 1800000, 5400000, 'cdcf8110-4dd5-4bd7-9473-05b86e5f3143', 0, 'solaodong');
INSERT INTO [HoTroCovid].[dbo].[CaNhan] (ID, HoTen, GioiTinh, NgaySinh, CMND, SinhNam) VALUES ('709407bd-d858-4efa-9db5-3e595a56579e', N'Nguyễn Văn Tâm', 1, '1971-07-01', '211449398', 1971);
INSERT INTO [HoTroCovid].[dbo].[CaNhan_DoanhNghiep] (ID, IDDoanhNghiep, IDCaNhan, IDDoiTuong, NgheNghiep, DaTra50) VALUES ('9695bbce-6a7c-4fce-8225-f8b10cb8086f', 'edf270a3-fe1b-46d2-8aff-159c8d587f6c', '709407bd-d858-4efa-9db5-3e595a56579e', NULL, N'Đội trưởng', null);
INSERT INTO [HoTroCovid].[dbo].[ThongTinHoTro] (ID, IDNoiDung, IDDoiTuong, IDCaNhan) VALUES ('ed6c94f8-2cd8-43de-8767-8fc38fd877f2', 1, NULL, '709407bd-d858-4efa-9db5-3e595a56579e');
INSERT INTO [HoTroCovid].[dbo].[HoSo] (ID, IDCaNhan, IDNoiDungHoTro, IDDoiTuong, SoThang, SoTien, ThanhTien, IDThongTinHoTro, DaChi, NguoiTao) VALUES ('6a71fbc0-d214-4e3b-80dd-0edba436ae36', '709407bd-d858-4efa-9db5-3e595a56579e', 1, NULL, 3, 1800000, 5400000, 'ed6c94f8-2cd8-43de-8767-8fc38fd877f2', 0, 'solaodong');
INSERT INTO [HoTroCovid].[dbo].[CaNhan] (ID, HoTen, GioiTinh, NgaySinh, CMND, SinhNam) VALUES ('062ace98-4d14-47b6-8cce-565df071a94f', N'Nguyễn Xá', 1, '1970-11-05', '211173659', 1970);
INSERT INTO [HoTroCovid].[dbo].[CaNhan_DoanhNghiep] (ID, IDDoanhNghiep, IDCaNhan, IDDoiTuong, NgheNghiep, DaTra50) VALUES ('eafef62c-18ed-44a4-a4f8-1bc91449ff46', 'f921f32f-ba1f-4295-a29a-f4ede878141b', '062ace98-4d14-47b6-8cce-565df071a94f', NULL, N'Công nhân cầu đường', false);
INSERT INTO [HoTroCovid].[dbo].[ThongTinHoTro] (ID, IDNoiDung, IDDoiTuong, IDCaNhan) VALUES ('95d81020-ab82-4683-bc11-23701d6cb74b', 1, NULL, '062ace98-4d14-47b6-8cce-565df071a94f');
INSERT INTO [HoTroCovid].[dbo].[HoSo] (ID, IDCaNhan, IDNoiDungHoTro, IDDoiTuong, SoThang, SoTien, ThanhTien, IDThongTinHoTro, DaChi, NguoiTao) VALUES ('68a63fc6-6254-48bf-a9f2-7ca70402a57f', '062ace98-4d14-47b6-8cce-565df071a94f', 1, NULL, 3, 1800000, 5400000, '95d81020-ab82-4683-bc11-23701d6cb74b', 0, 'solaodong');
INSERT INTO [HoTroCovid].[dbo].[CaNhan] (ID, HoTen, GioiTinh, NgaySinh, CMND, SinhNam) VALUES ('87732a32-4557-4ef4-90c9-46b4c667f1ff', N'Ngô Thị Đông', NULL, '1974-08-01', '241584584', 1974);
INSERT INTO [HoTroCovid].[dbo].[CaNhan_DoanhNghiep] (ID, IDDoanhNghiep, IDCaNhan, IDDoiTuong, NgheNghiep, DaTra50) VALUES ('b974b2d7-a1ac-4029-8735-873dd2140277', 'f921f32f-ba1f-4295-a29a-f4ede878141b', '87732a32-4557-4ef4-90c9-46b4c667f1ff', NULL, N'Công nhân cầu đường', false);
INSERT INTO [HoTroCovid].[dbo].[ThongTinHoTro] (ID, IDNoiDung, IDDoiTuong, IDCaNhan) VALUES ('e0249b1f-8f03-496b-a749-95c80e941109', 1, NULL, '87732a32-4557-4ef4-90c9-46b4c667f1ff');
INSERT INTO [HoTroCovid].[dbo].[HoSo] (ID, IDCaNhan, IDNoiDungHoTro, IDDoiTuong, SoThang, SoTien, ThanhTien, IDThongTinHoTro, DaChi, NguoiTao) VALUES ('40ae6078-6470-4c70-9d15-e93967602bb8', '87732a32-4557-4ef4-90c9-46b4c667f1ff', 1, NULL, 3, 1800000, 5400000, 'e0249b1f-8f03-496b-a749-95c80e941109', 0, 'solaodong');
INSERT INTO [HoTroCovid].[dbo].[CaNhan] (ID, HoTen, GioiTinh, NgaySinh, CMND, SinhNam) VALUES ('7483a325-3bcb-4e2c-ada5-4a2c3e28c226', N'Trần Văn Ben', 1, '1965-08-01', '210914952', 1965);
INSERT INTO [HoTroCovid].[dbo].[CaNhan_DoanhNghiep] (ID, IDDoanhNghiep, IDCaNhan, IDDoiTuong, NgheNghiep, DaTra50) VALUES ('89539874-0114-4f03-b126-e38010dcfc74', 'f921f32f-ba1f-4295-a29a-f4ede878141b', '7483a325-3bcb-4e2c-ada5-4a2c3e28c226', NULL, N'Công nhân cầu đường', false);
INSERT INTO [HoTroCovid].[dbo].[ThongTinHoTro] (ID, IDNoiDung, IDDoiTuong, IDCaNhan) VALUES ('7056f17a-eb5c-48af-9792-435d2662c0ff', 1, NULL, '7483a325-3bcb-4e2c-ada5-4a2c3e28c226');
INSERT INTO [HoTroCovid].[dbo].[HoSo] (ID, IDCaNhan, IDNoiDungHoTro, IDDoiTuong, SoThang, SoTien, ThanhTien, IDThongTinHoTro, DaChi, NguoiTao) VALUES ('7caf8d90-36e5-4f3b-aa90-0b0370e0cd63', '7483a325-3bcb-4e2c-ada5-4a2c3e28c226', 1, NULL, 3, 1800000, 5400000, '7056f17a-eb5c-48af-9792-435d2662c0ff', 0, 'solaodong');
INSERT INTO [HoTroCovid].[dbo].[CaNhan] (ID, HoTen, GioiTinh, NgaySinh, CMND, SinhNam) VALUES ('eebf37fd-3aea-435e-a364-76b6d7936359', N'Dương Ngọc Thanh', 1, '1966-01-01', '211043074', 1966);
INSERT INTO [HoTroCovid].[dbo].[CaNhan_DoanhNghiep] (ID, IDDoanhNghiep, IDCaNhan, IDDoiTuong, NgheNghiep, DaTra50) VALUES ('946c6ce1-8fc7-488d-9b90-45a4845706aa', 'f921f32f-ba1f-4295-a29a-f4ede878141b', 'eebf37fd-3aea-435e-a364-76b6d7936359', NULL, N'Công nhân cầu đường', false);
INSERT INTO [HoTroCovid].[dbo].[ThongTinHoTro] (ID, IDNoiDung, IDDoiTuong, IDCaNhan) VALUES ('d415ea92-b19e-4fdb-9ccf-3e5a08fac753', 1, NULL, 'eebf37fd-3aea-435e-a364-76b6d7936359');
INSERT INTO [HoTroCovid].[dbo].[HoSo] (ID, IDCaNhan, IDNoiDungHoTro, IDDoiTuong, SoThang, SoTien, ThanhTien, IDThongTinHoTro, DaChi, NguoiTao) VALUES ('083f2630-bbd8-463d-a3f5-59578240799c', 'eebf37fd-3aea-435e-a364-76b6d7936359', 1, NULL, 3, 1800000, 5400000, 'd415ea92-b19e-4fdb-9ccf-3e5a08fac753', 0, 'solaodong');
INSERT INTO [HoTroCovid].[dbo].[CaNhan] (ID, HoTen, GioiTinh, NgaySinh, CMND, SinhNam) VALUES ('533524e6-0cf3-46fe-9ba1-f47534b361b0', N'Nguyễn Thị Như Huyền', NULL, '1991-02-24', '215167647', 1991);
INSERT INTO [HoTroCovid].[dbo].[CaNhan_DoanhNghiep] (ID, IDDoanhNghiep, IDCaNhan, IDDoiTuong, NgheNghiep, DaTra50) VALUES ('c9560137-bdfa-44d7-b50b-cfccc58f1b01', 'e49841c9-785e-405e-9bf6-c9e9638c10e4', '533524e6-0cf3-46fe-9ba1-f47534b361b0', NULL, N'N/viên KT', null);
INSERT INTO [HoTroCovid].[dbo].[ThongTinHoTro] (ID, IDNoiDung, IDDoiTuong, IDCaNhan) VALUES ('a783f077-0a46-4e1f-896f-15c4283cc522', 1, NULL, '533524e6-0cf3-46fe-9ba1-f47534b361b0');
INSERT INTO [HoTroCovid].[dbo].[HoSo] (ID, IDCaNhan, IDNoiDungHoTro, IDDoiTuong, SoThang, SoTien, ThanhTien, IDThongTinHoTro, DaChi, NguoiTao) VALUES ('891b368a-cb3b-4bc7-a77f-a8f5d1c1bacd', '533524e6-0cf3-46fe-9ba1-f47534b361b0', 1, NULL, 3, 1800000, 5400000, 'a783f077-0a46-4e1f-896f-15c4283cc522', 0, 'solaodong');
INSERT INTO [HoTroCovid].[dbo].[CaNhan] (ID, HoTen, GioiTinh, NgaySinh, CMND, SinhNam) VALUES ('20e50ffc-d421-464d-ac19-3020e5fd202b', N'Huỳnh Thanh Trà', 1, '1977-01-01', '211555992', 1977);
INSERT INTO [HoTroCovid].[dbo].[CaNhan_DoanhNghiep] (ID, IDDoanhNghiep, IDCaNhan, IDDoiTuong, NgheNghiep, DaTra50) VALUES ('f02d08bf-bda5-4d56-9089-ecabaeb5ceca', 'edf270a3-fe1b-46d2-8aff-159c8d587f6c', '20e50ffc-d421-464d-ac19-3020e5fd202b', NULL, N'Laí xe', null);
INSERT INTO [HoTroCovid].[dbo].[ThongTinHoTro] (ID, IDNoiDung, IDDoiTuong, IDCaNhan) VALUES ('8662feca-2673-475b-b5bc-b4e4b9b46688', 1, NULL, '20e50ffc-d421-464d-ac19-3020e5fd202b');
INSERT INTO [HoTroCovid].[dbo].[HoSo] (ID, IDCaNhan, IDNoiDungHoTro, IDDoiTuong, SoThang, SoTien, ThanhTien, IDThongTinHoTro, DaChi, NguoiTao) VALUES ('8e2f5023-3ff5-41d7-9de6-41882d4613df', '20e50ffc-d421-464d-ac19-3020e5fd202b', 1, NULL, 3, 1800000, 5400000, '8662feca-2673-475b-b5bc-b4e4b9b46688', 0, 'solaodong');
INSERT INTO [HoTroCovid].[dbo].[CaNhan] (ID, HoTen, GioiTinh, NgaySinh, CMND, SinhNam) VALUES ('2d741c3c-ad61-46c0-8761-c1a042a3af52', N'Phạm Thị Kim Hà', NULL, '1975-04-23', '211465443', 1975);
INSERT INTO [HoTroCovid].[dbo].[CaNhan_DoanhNghiep] (ID, IDDoanhNghiep, IDCaNhan, IDDoiTuong, NgheNghiep, DaTra50) VALUES ('5d94ec6f-5ac9-4f6c-a270-ff238320b1e2', 'f921f32f-ba1f-4295-a29a-f4ede878141b', '2d741c3c-ad61-46c0-8761-c1a042a3af52', NULL, N'Công nhân cầu đường', false);
INSERT INTO [HoTroCovid].[dbo].[ThongTinHoTro] (ID, IDNoiDung, IDDoiTuong, IDCaNhan) VALUES ('2974eda1-f9df-46ac-b2bc-ce202cb7a9f1', 1, NULL, '2d741c3c-ad61-46c0-8761-c1a042a3af52');
INSERT INTO [HoTroCovid].[dbo].[HoSo] (ID, IDCaNhan, IDNoiDungHoTro, IDDoiTuong, SoThang, SoTien, ThanhTien, IDThongTinHoTro, DaChi, NguoiTao) VALUES ('cdd7b84d-0732-4fcf-9b9d-5c2c3a4cc09c', '2d741c3c-ad61-46c0-8761-c1a042a3af52', 1, NULL, 3, 1800000, 5400000, '2974eda1-f9df-46ac-b2bc-ce202cb7a9f1', 0, 'solaodong');
INSERT INTO [HoTroCovid].[dbo].[CaNhan] (ID, HoTen, GioiTinh, NgaySinh, CMND, SinhNam) VALUES ('0144d0a4-da33-404c-a2a9-60384db8333b', N'Lê Thị Thủy', NULL, '1983-01-09', '215340447', 1983);
INSERT INTO [HoTroCovid].[dbo].[CaNhan_DoanhNghiep] (ID, IDDoanhNghiep, IDCaNhan, IDDoiTuong, NgheNghiep, DaTra50) VALUES ('4058e3dc-2c3e-4da1-9651-9bef735f4073', '3f714601-7978-4a32-a527-2d8835ffe667', '0144d0a4-da33-404c-a2a9-60384db8333b', NULL, N'NV Văn phòng Trung tâm', false);
INSERT INTO [HoTroCovid].[dbo].[ThongTinHoTro] (ID, IDNoiDung, IDDoiTuong, IDCaNhan) VALUES ('666bb4be-f695-47ba-a6cd-728bf1e01f63', 1, NULL, '0144d0a4-da33-404c-a2a9-60384db8333b');
INSERT INTO [HoTroCovid].[dbo].[HoSo] (ID, IDCaNhan, IDNoiDungHoTro, IDDoiTuong, SoThang, SoTien, ThanhTien, IDThongTinHoTro, DaChi, NguoiTao) VALUES ('95e9554f-1796-4c86-be35-6dd69fdd5476', '0144d0a4-da33-404c-a2a9-60384db8333b', 1, NULL, 3, 1800000, 5400000, '666bb4be-f695-47ba-a6cd-728bf1e01f63', 0, 'solaodong');
INSERT INTO [HoTroCovid].[dbo].[CaNhan] (ID, HoTen, GioiTinh, NgaySinh, CMND, SinhNam) VALUES ('b49991a1-c7a9-4afe-b2b5-c525f82498d9', N'Vương Ánh Xuân', 1, '1971-06-06', '211683783', 1971);
INSERT INTO [HoTroCovid].[dbo].[CaNhan_DoanhNghiep] (ID, IDDoanhNghiep, IDCaNhan, IDDoiTuong, NgheNghiep, DaTra50) VALUES ('0beb7cd5-7a02-4029-8d88-6a92e64a63b7', 'f921f32f-ba1f-4295-a29a-f4ede878141b', 'b49991a1-c7a9-4afe-b2b5-c525f82498d9', NULL, N'Công nhân cầu đường', false);
INSERT INTO [HoTroCovid].[dbo].[ThongTinHoTro] (ID, IDNoiDung, IDDoiTuong, IDCaNhan) VALUES ('c4cd5269-4c59-469c-ad48-38b976cecfaa', 1, NULL, 'b49991a1-c7a9-4afe-b2b5-c525f82498d9');
INSERT INTO [HoTroCovid].[dbo].[HoSo] (ID, IDCaNhan, IDNoiDungHoTro, IDDoiTuong, SoThang, SoTien, ThanhTien, IDThongTinHoTro, DaChi, NguoiTao) VALUES ('b735ef53-9773-4a69-bec0-10685f59a8d5', 'b49991a1-c7a9-4afe-b2b5-c525f82498d9', 1, NULL, 3, 1800000, 5400000, 'c4cd5269-4c59-469c-ad48-38b976cecfaa', 0, 'solaodong');
INSERT INTO [HoTroCovid].[dbo].[CaNhan] (ID, HoTen, GioiTinh, NgaySinh, CMND, SinhNam) VALUES ('33f57f6f-f2fc-4dd3-a736-ed8ffb648de4', N'Võ Trọng Tài', 1, '1972-02-10', '211317822', 1972);
INSERT INTO [HoTroCovid].[dbo].[CaNhan_DoanhNghiep] (ID, IDDoanhNghiep, IDCaNhan, IDDoiTuong, NgheNghiep, DaTra50) VALUES ('756f9cda-c3bc-4752-920a-3a1969c5ba21', 'f921f32f-ba1f-4295-a29a-f4ede878141b', '33f57f6f-f2fc-4dd3-a736-ed8ffb648de4', NULL, N'Công nhân cầu đường', false);
INSERT INTO [HoTroCovid].[dbo].[ThongTinHoTro] (ID, IDNoiDung, IDDoiTuong, IDCaNhan) VALUES ('06cb3a1b-882c-4653-8d85-a09b6eb0eea9', 1, NULL, '33f57f6f-f2fc-4dd3-a736-ed8ffb648de4');
INSERT INTO [HoTroCovid].[dbo].[HoSo] (ID, IDCaNhan, IDNoiDungHoTro, IDDoiTuong, SoThang, SoTien, ThanhTien, IDThongTinHoTro, DaChi, NguoiTao) VALUES ('4e2ba040-4bef-42f7-a09b-e951a1091915', '33f57f6f-f2fc-4dd3-a736-ed8ffb648de4', 1, NULL, 3, 1800000, 5400000, '06cb3a1b-882c-4653-8d85-a09b6eb0eea9', 0, 'solaodong');
INSERT INTO [HoTroCovid].[dbo].[CaNhan] (ID, HoTen, GioiTinh, NgaySinh, CMND, SinhNam) VALUES ('2f3aa341-0bcb-44fe-a53f-3458a31f9459', N'Nguyễn Thị Hường', NULL, '1978-06-26', '211637737', 1978);
INSERT INTO [HoTroCovid].[dbo].[CaNhan_DoanhNghiep] (ID, IDDoanhNghiep, IDCaNhan, IDDoiTuong, NgheNghiep, DaTra50) VALUES ('3e1b021b-975d-4f86-bf98-4ee76b6a3f25', 'f921f32f-ba1f-4295-a29a-f4ede878141b', '2f3aa341-0bcb-44fe-a53f-3458a31f9459', NULL, N'Công nhân cầu đường', false);
INSERT INTO [HoTroCovid].[dbo].[ThongTinHoTro] (ID, IDNoiDung, IDDoiTuong, IDCaNhan) VALUES ('054ce380-90f7-4d3d-a997-a82e25db0c30', 1, NULL, '2f3aa341-0bcb-44fe-a53f-3458a31f9459');
INSERT INTO [HoTroCovid].[dbo].[HoSo] (ID, IDCaNhan, IDNoiDungHoTro, IDDoiTuong, SoThang, SoTien, ThanhTien, IDThongTinHoTro, DaChi, NguoiTao) VALUES ('d5ddb56c-ccfa-4308-bd1a-1a068aa8e098', '2f3aa341-0bcb-44fe-a53f-3458a31f9459', 1, NULL, 3, 1800000, 5400000, '054ce380-90f7-4d3d-a997-a82e25db0c30', 0, 'solaodong');
INSERT INTO [HoTroCovid].[dbo].[CaNhan] (ID, HoTen, GioiTinh, NgaySinh, CMND, SinhNam) VALUES ('b8480af3-2287-4f6a-a7f1-06b606311b7b', N'Cao Thị Kim Lan', NULL, '1958-11-08', '211260721', 1958);
INSERT INTO [HoTroCovid].[dbo].[CaNhan_DoanhNghiep] (ID, IDDoanhNghiep, IDCaNhan, IDDoiTuong, NgheNghiep, DaTra50) VALUES ('9fe274de-18a7-4d3b-9bc3-5045ca76b268', 'e49841c9-785e-405e-9bf6-c9e9638c10e4', 'b8480af3-2287-4f6a-a7f1-06b606311b7b', NULL, N'Giám đốc Cty', false);
INSERT INTO [HoTroCovid].[dbo].[ThongTinHoTro] (ID, IDNoiDung, IDDoiTuong, IDCaNhan) VALUES ('97b416e7-c69e-414e-95d4-6aa70081189d', 1, NULL, 'b8480af3-2287-4f6a-a7f1-06b606311b7b');
INSERT INTO [HoTroCovid].[dbo].[HoSo] (ID, IDCaNhan, IDNoiDungHoTro, IDDoiTuong, SoThang, SoTien, ThanhTien, IDThongTinHoTro, DaChi, NguoiTao) VALUES ('8004bcc1-5cef-476b-93db-353aba56f86c', 'b8480af3-2287-4f6a-a7f1-06b606311b7b', 1, NULL, 3, 1800000, 5400000, '97b416e7-c69e-414e-95d4-6aa70081189d', 0, 'solaodong');
INSERT INTO [HoTroCovid].[dbo].[CaNhan] (ID, HoTen, GioiTinh, NgaySinh, CMND, SinhNam) VALUES ('b36ea116-e3fc-4cbd-8944-ed50884a61b5', N'Đinh Thị Kim Loan', NULL, '1980-10-25', '211643001', 1980);
INSERT INTO [HoTroCovid].[dbo].[CaNhan_DoanhNghiep] (ID, IDDoanhNghiep, IDCaNhan, IDDoiTuong, NgheNghiep, DaTra50) VALUES ('8560e072-3dae-4c8f-9936-9de1aa0bc864', 'f921f32f-ba1f-4295-a29a-f4ede878141b', 'b36ea116-e3fc-4cbd-8944-ed50884a61b5', NULL, N'Công nhân cầu đường', false);
INSERT INTO [HoTroCovid].[dbo].[ThongTinHoTro] (ID, IDNoiDung, IDDoiTuong, IDCaNhan) VALUES ('7b8e686c-06b3-4271-aad1-f0615cb7e664', 1, NULL, 'b36ea116-e3fc-4cbd-8944-ed50884a61b5');
INSERT INTO [HoTroCovid].[dbo].[HoSo] (ID, IDCaNhan, IDNoiDungHoTro, IDDoiTuong, SoThang, SoTien, ThanhTien, IDThongTinHoTro, DaChi, NguoiTao) VALUES ('59416999-d1ca-457a-8897-0445b7b81090', 'b36ea116-e3fc-4cbd-8944-ed50884a61b5', 1, NULL, 3, 1800000, 5400000, '7b8e686c-06b3-4271-aad1-f0615cb7e664', 0, 'solaodong');
INSERT INTO [HoTroCovid].[dbo].[CaNhan] (ID, HoTen, GioiTinh, NgaySinh, CMND, SinhNam) VALUES ('b92d3f32-f7e1-4356-b37c-bed1288b7f3c', N'Trần Thị Ngọc Sâm', NULL, '1970-05-13', '211522420', 1970);
INSERT INTO [HoTroCovid].[dbo].[CaNhan_DoanhNghiep] (ID, IDDoanhNghiep, IDCaNhan, IDDoiTuong, NgheNghiep, DaTra50) VALUES ('a9aff25a-8f29-4788-a3cc-f519d484b4aa', 'f921f32f-ba1f-4295-a29a-f4ede878141b', 'b92d3f32-f7e1-4356-b37c-bed1288b7f3c', NULL, N'Công nhân cầu đường', false);
INSERT INTO [HoTroCovid].[dbo].[ThongTinHoTro] (ID, IDNoiDung, IDDoiTuong, IDCaNhan) VALUES ('29a21f4f-10d1-43a7-926b-1c8c8d40c35f', 1, NULL, 'b92d3f32-f7e1-4356-b37c-bed1288b7f3c');
INSERT INTO [HoTroCovid].[dbo].[HoSo] (ID, IDCaNhan, IDNoiDungHoTro, IDDoiTuong, SoThang, SoTien, ThanhTien, IDThongTinHoTro, DaChi, NguoiTao) VALUES ('aec4d9c8-a116-4c3f-ba21-9e8ea2100ff2', 'b92d3f32-f7e1-4356-b37c-bed1288b7f3c', 1, NULL, 3, 1800000, 5400000, '29a21f4f-10d1-43a7-926b-1c8c8d40c35f', 0, 'solaodong');
INSERT INTO [HoTroCovid].[dbo].[CaNhan] (ID, HoTen, GioiTinh, NgaySinh, CMND, SinhNam) VALUES ('ef8d79b9-3061-408e-a6ed-d6f228922cba', N'Nguyễn Thị Duyên Quê', NULL, '1989-09-18', '215182890', 1989);
INSERT INTO [HoTroCovid].[dbo].[CaNhan_DoanhNghiep] (ID, IDDoanhNghiep, IDCaNhan, IDDoiTuong, NgheNghiep, DaTra50) VALUES ('5c465732-eb21-4010-943e-3e042c9a13d7', '3f714601-7978-4a32-a527-2d8835ffe667', 'ef8d79b9-3061-408e-a6ed-d6f228922cba', NULL, N'NV phục vụ (DV nhà hàng)', false);
INSERT INTO [HoTroCovid].[dbo].[ThongTinHoTro] (ID, IDNoiDung, IDDoiTuong, IDCaNhan) VALUES ('54a41631-1d7d-4796-91bc-5437c347c553', 1, NULL, 'ef8d79b9-3061-408e-a6ed-d6f228922cba');
INSERT INTO [HoTroCovid].[dbo].[HoSo] (ID, IDCaNhan, IDNoiDungHoTro, IDDoiTuong, SoThang, SoTien, ThanhTien, IDThongTinHoTro, DaChi, NguoiTao) VALUES ('981cecfe-267c-4310-92af-583880e46b69', 'ef8d79b9-3061-408e-a6ed-d6f228922cba', 1, NULL, 3, 1800000, 5400000, '54a41631-1d7d-4796-91bc-5437c347c553', 0, 'solaodong');
INSERT INTO [HoTroCovid].[dbo].[CaNhan] (ID, HoTen, GioiTinh, NgaySinh, CMND, SinhNam) VALUES ('601faeac-5083-4d82-a91d-19bf749ccaef', N'Nguyễn Tấn Đạt', 1, '1982-02-08', '211814524', 1982);
INSERT INTO [HoTroCovid].[dbo].[CaNhan_DoanhNghiep] (ID, IDDoanhNghiep, IDCaNhan, IDDoiTuong, NgheNghiep, DaTra50) VALUES ('e33f09ca-c05f-44e2-90f3-56d38716abc6', '3f714601-7978-4a32-a527-2d8835ffe667', '601faeac-5083-4d82-a91d-19bf749ccaef', NULL, N'NV phục vụ (DV nhà hàng)', false);
INSERT INTO [HoTroCovid].[dbo].[ThongTinHoTro] (ID, IDNoiDung, IDDoiTuong, IDCaNhan) VALUES ('3c228dec-c89c-445d-beb7-ab6c3cc963d8', 1, NULL, '601faeac-5083-4d82-a91d-19bf749ccaef');
INSERT INTO [HoTroCovid].[dbo].[HoSo] (ID, IDCaNhan, IDNoiDungHoTro, IDDoiTuong, SoThang, SoTien, ThanhTien, IDThongTinHoTro, DaChi, NguoiTao) VALUES ('df2fdd87-20ea-4416-96bc-91b50ff3903f', '601faeac-5083-4d82-a91d-19bf749ccaef', 1, NULL, 3, 1800000, 5400000, '3c228dec-c89c-445d-beb7-ab6c3cc963d8', 0, 'solaodong');
INSERT INTO [HoTroCovid].[dbo].[CaNhan] (ID, HoTen, GioiTinh, NgaySinh, CMND, SinhNam) VALUES ('7deac287-f65c-48ee-8cfb-7412288c163f', N'Huỳnh Tấn Hiệp', 1, '1970-08-27', '220770445', 1970);
INSERT INTO [HoTroCovid].[dbo].[CaNhan_DoanhNghiep] (ID, IDDoanhNghiep, IDCaNhan, IDDoiTuong, NgheNghiep, DaTra50) VALUES ('0c84c561-25c6-4fae-a3f4-3aa6d2e35bb6', 'e49841c9-785e-405e-9bf6-c9e9638c10e4', '7deac287-f65c-48ee-8cfb-7412288c163f', NULL, N'Phó Giám đốc Cty', false);
INSERT INTO [HoTroCovid].[dbo].[ThongTinHoTro] (ID, IDNoiDung, IDDoiTuong, IDCaNhan) VALUES ('d1f74f70-2d02-44af-a660-6275fb544808', 1, NULL, '7deac287-f65c-48ee-8cfb-7412288c163f');
INSERT INTO [HoTroCovid].[dbo].[HoSo] (ID, IDCaNhan, IDNoiDungHoTro, IDDoiTuong, SoThang, SoTien, ThanhTien, IDThongTinHoTro, DaChi, NguoiTao) VALUES ('16946c37-729a-49a3-9370-fcf22b109cd3', '7deac287-f65c-48ee-8cfb-7412288c163f', 1, NULL, 3, 1800000, 5400000, 'd1f74f70-2d02-44af-a660-6275fb544808', 0, 'solaodong');
INSERT INTO [HoTroCovid].[dbo].[CaNhan] (ID, HoTen, GioiTinh, NgaySinh, CMND, SinhNam) VALUES ('46c605a6-3c3f-4dad-93e2-5bebe774cf53', N'Phạm Nhật Chiêu', NULL, '1984-12-02', '211801862', 1984);
INSERT INTO [HoTroCovid].[dbo].[CaNhan_DoanhNghiep] (ID, IDDoanhNghiep, IDCaNhan, IDDoiTuong, NgheNghiep, DaTra50) VALUES ('7bcee59e-0210-44d9-b59d-7257b4d90899', 'e49841c9-785e-405e-9bf6-c9e9638c10e4', '46c605a6-3c3f-4dad-93e2-5bebe774cf53', NULL, N'N/viên KT', null);
INSERT INTO [HoTroCovid].[dbo].[ThongTinHoTro] (ID, IDNoiDung, IDDoiTuong, IDCaNhan) VALUES ('a20a84f5-0b4d-44da-a920-c99f198df664', 1, NULL, '46c605a6-3c3f-4dad-93e2-5bebe774cf53');
INSERT INTO [HoTroCovid].[dbo].[HoSo] (ID, IDCaNhan, IDNoiDungHoTro, IDDoiTuong, SoThang, SoTien, ThanhTien, IDThongTinHoTro, DaChi, NguoiTao) VALUES ('f0d8bbf7-5f39-4638-be2b-a60d27339273', '46c605a6-3c3f-4dad-93e2-5bebe774cf53', 1, NULL, 3, 1800000, 5400000, 'a20a84f5-0b4d-44da-a920-c99f198df664', 0, 'solaodong');
INSERT INTO [HoTroCovid].[dbo].[CaNhan] (ID, HoTen, GioiTinh, NgaySinh, CMND, SinhNam) VALUES ('e29d3ca7-79a4-47fa-9960-92b3d66b834d', N'Nguyễn Thị Diệu Lê', NULL, '1983-09-27', '211801110', 1983);
INSERT INTO [HoTroCovid].[dbo].[CaNhan_DoanhNghiep] (ID, IDDoanhNghiep, IDCaNhan, IDDoiTuong, NgheNghiep, DaTra50) VALUES ('f3581f7a-3fb3-40d7-87e6-f1a6bc7bfeb1', 'e49841c9-785e-405e-9bf6-c9e9638c10e4', 'e29d3ca7-79a4-47fa-9960-92b3d66b834d', NULL, N'N/viên KD', null);
INSERT INTO [HoTroCovid].[dbo].[ThongTinHoTro] (ID, IDNoiDung, IDDoiTuong, IDCaNhan) VALUES ('236de3b8-f45c-493a-9cf3-bfef4af3cd71', 1, NULL, 'e29d3ca7-79a4-47fa-9960-92b3d66b834d');
INSERT INTO [HoTroCovid].[dbo].[HoSo] (ID, IDCaNhan, IDNoiDungHoTro, IDDoiTuong, SoThang, SoTien, ThanhTien, IDThongTinHoTro, DaChi, NguoiTao) VALUES ('d701c39d-8d16-4d19-b397-d2be94be5f12', 'e29d3ca7-79a4-47fa-9960-92b3d66b834d', 1, NULL, 3, 1800000, 5400000, '236de3b8-f45c-493a-9cf3-bfef4af3cd71', 0, 'solaodong');
INSERT INTO [HoTroCovid].[dbo].[CaNhan] (ID, HoTen, GioiTinh, NgaySinh, CMND, SinhNam) VALUES ('79e0f893-6174-4195-8e77-3326ac0f5dfb', N'Nguyễn Thị Huệ', NULL, '1966-11-24', '210985156', 1966);
INSERT INTO [HoTroCovid].[dbo].[CaNhan_DoanhNghiep] (ID, IDDoanhNghiep, IDCaNhan, IDDoiTuong, NgheNghiep, DaTra50) VALUES ('5abebc9c-dd98-4ea3-a02d-1e1515c91e59', 'e49841c9-785e-405e-9bf6-c9e9638c10e4', '79e0f893-6174-4195-8e77-3326ac0f5dfb', NULL, N'Phó Phòng Kế toán', null);
INSERT INTO [HoTroCovid].[dbo].[ThongTinHoTro] (ID, IDNoiDung, IDDoiTuong, IDCaNhan) VALUES ('ad903d2c-ca61-48cf-82fa-88cb83ca5164', 1, NULL, '79e0f893-6174-4195-8e77-3326ac0f5dfb');
INSERT INTO [HoTroCovid].[dbo].[HoSo] (ID, IDCaNhan, IDNoiDungHoTro, IDDoiTuong, SoThang, SoTien, ThanhTien, IDThongTinHoTro, DaChi, NguoiTao) VALUES ('fa751197-12a7-4d46-ba18-d54d0fe82054', '79e0f893-6174-4195-8e77-3326ac0f5dfb', 1, NULL, 3, 1800000, 5400000, 'ad903d2c-ca61-48cf-82fa-88cb83ca5164', 0, 'solaodong');
INSERT INTO [HoTroCovid].[dbo].[CaNhan] (ID, HoTen, GioiTinh, NgaySinh, CMND, SinhNam) VALUES ('3cae0bb6-4964-49c1-a116-9c8d81c785c8', N'Trương Hoàng Nam', 1, '1977-03-20', '211534143', 1977);
INSERT INTO [HoTroCovid].[dbo].[CaNhan_DoanhNghiep] (ID, IDDoanhNghiep, IDCaNhan, IDDoiTuong, NgheNghiep, DaTra50) VALUES ('8d1dcef5-7a81-42c7-8c5d-a6bffe61778d', 'e49841c9-785e-405e-9bf6-c9e9638c10e4', '3cae0bb6-4964-49c1-a116-9c8d81c785c8', NULL, N'N/viên CN. TP.HCM', null);
INSERT INTO [HoTroCovid].[dbo].[ThongTinHoTro] (ID, IDNoiDung, IDDoiTuong, IDCaNhan) VALUES ('91142da8-77b5-4be2-b775-9b57ac69b776', 1, NULL, '3cae0bb6-4964-49c1-a116-9c8d81c785c8');
INSERT INTO [HoTroCovid].[dbo].[HoSo] (ID, IDCaNhan, IDNoiDungHoTro, IDDoiTuong, SoThang, SoTien, ThanhTien, IDThongTinHoTro, DaChi, NguoiTao) VALUES ('9e647256-9cb6-4143-85a1-faa610d828b7', '3cae0bb6-4964-49c1-a116-9c8d81c785c8', 1, NULL, 3, 1800000, 5400000, '91142da8-77b5-4be2-b775-9b57ac69b776', 0, 'solaodong');
INSERT INTO [HoTroCovid].[dbo].[CaNhan] (ID, HoTen, GioiTinh, NgaySinh, CMND, SinhNam) VALUES ('54231340-29c8-49cc-8910-bddb31f7801b', N'Nguyễn Hữu Ấn', 1, '1969-05-30', '211728847', 1969);
INSERT INTO [HoTroCovid].[dbo].[CaNhan_DoanhNghiep] (ID, IDDoanhNghiep, IDCaNhan, IDDoiTuong, NgheNghiep, DaTra50) VALUES ('92923715-d516-43e5-b348-74da50f90f75', 'edf270a3-fe1b-46d2-8aff-159c8d587f6c', '54231340-29c8-49cc-8910-bddb31f7801b', NULL, N'Lái máy', null);
INSERT INTO [HoTroCovid].[dbo].[ThongTinHoTro] (ID, IDNoiDung, IDDoiTuong, IDCaNhan) VALUES ('447a7b1f-b14a-4885-af65-b7e82ebc26f8', 1, NULL, '54231340-29c8-49cc-8910-bddb31f7801b');
INSERT INTO [HoTroCovid].[dbo].[HoSo] (ID, IDCaNhan, IDNoiDungHoTro, IDDoiTuong, SoThang, SoTien, ThanhTien, IDThongTinHoTro, DaChi, NguoiTao) VALUES ('a0b67301-982a-41c4-a6d3-b048de70ed6d', '54231340-29c8-49cc-8910-bddb31f7801b', 1, NULL, 3, 1800000, 5400000, '447a7b1f-b14a-4885-af65-b7e82ebc26f8', 0, 'solaodong');
INSERT INTO [HoTroCovid].[dbo].[CaNhan] (ID, HoTen, GioiTinh, NgaySinh, CMND, SinhNam) VALUES ('575b559f-ac28-4c5f-afb3-0b2279b7fc57', N'Nguyễn Thị Oanh', NULL, '1985-02-24', '186400608', 1985);
INSERT INTO [HoTroCovid].[dbo].[CaNhan_DoanhNghiep] (ID, IDDoanhNghiep, IDCaNhan, IDDoiTuong, NgheNghiep, DaTra50) VALUES ('c55bae6d-beec-4bb8-8473-26105c600676', '3f714601-7978-4a32-a527-2d8835ffe667', '575b559f-ac28-4c5f-afb3-0b2279b7fc57', NULL, N'NV phục vụ (DV nhà hàng)', false);
INSERT INTO [HoTroCovid].[dbo].[ThongTinHoTro] (ID, IDNoiDung, IDDoiTuong, IDCaNhan) VALUES ('b4af15e4-7448-46a4-bcd7-6d820938cd19', 1, NULL, '575b559f-ac28-4c5f-afb3-0b2279b7fc57');
INSERT INTO [HoTroCovid].[dbo].[HoSo] (ID, IDCaNhan, IDNoiDungHoTro, IDDoiTuong, SoThang, SoTien, ThanhTien, IDThongTinHoTro, DaChi, NguoiTao) VALUES ('bf453c6f-46ad-4f0d-a84f-6ee68dd4a082', '575b559f-ac28-4c5f-afb3-0b2279b7fc57', 1, NULL, 3, 1800000, 5400000, 'b4af15e4-7448-46a4-bcd7-6d820938cd19', 0, 'solaodong');
INSERT INTO [HoTroCovid].[dbo].[CaNhan] (ID, HoTen, GioiTinh, NgaySinh, CMND, SinhNam) VALUES ('5e1bf05c-075c-450f-b051-d852960e91e6', N'Trần Tiến Cường', 1, '1985-03-09', '211896472', 1985);
INSERT INTO [HoTroCovid].[dbo].[CaNhan_DoanhNghiep] (ID, IDDoanhNghiep, IDCaNhan, IDDoiTuong, NgheNghiep, DaTra50) VALUES ('0643b826-1d99-4b93-be2e-19c1d0ae8141', '3f714601-7978-4a32-a527-2d8835ffe667', '5e1bf05c-075c-450f-b051-d852960e91e6', NULL, N'NV phục vụ (DV nhà hàng)', false);
INSERT INTO [HoTroCovid].[dbo].[ThongTinHoTro] (ID, IDNoiDung, IDDoiTuong, IDCaNhan) VALUES ('7b0e565b-3285-4e26-91f9-185710ed410e', 1, NULL, '5e1bf05c-075c-450f-b051-d852960e91e6');
INSERT INTO [HoTroCovid].[dbo].[HoSo] (ID, IDCaNhan, IDNoiDungHoTro, IDDoiTuong, SoThang, SoTien, ThanhTien, IDThongTinHoTro, DaChi, NguoiTao) VALUES ('209a30a9-57e6-4ced-b057-4eb904c362af', '5e1bf05c-075c-450f-b051-d852960e91e6', 1, NULL, 3, 1800000, 5400000, '7b0e565b-3285-4e26-91f9-185710ed410e', 0, 'solaodong');
INSERT INTO [HoTroCovid].[dbo].[CaNhan] (ID, HoTen, GioiTinh, NgaySinh, CMND, SinhNam) VALUES ('2d61555c-5b58-4e9a-bf10-b48b9b2b4ee9', N'Hà Thị Kim Oanh', NULL, '1979-06-02', '211603676', 1979);
INSERT INTO [HoTroCovid].[dbo].[CaNhan_DoanhNghiep] (ID, IDDoanhNghiep, IDCaNhan, IDDoiTuong, NgheNghiep, DaTra50) VALUES ('e4c838b5-d7e8-4f93-9a86-ac237f69401d', 'e49841c9-785e-405e-9bf6-c9e9638c10e4', '2d61555c-5b58-4e9a-bf10-b48b9b2b4ee9', NULL, N'N/viên KT', null);
INSERT INTO [HoTroCovid].[dbo].[ThongTinHoTro] (ID, IDNoiDung, IDDoiTuong, IDCaNhan) VALUES ('2b81bc1c-2caa-45fe-9ceb-78a66da32f55', 1, NULL, '2d61555c-5b58-4e9a-bf10-b48b9b2b4ee9');
INSERT INTO [HoTroCovid].[dbo].[HoSo] (ID, IDCaNhan, IDNoiDungHoTro, IDDoiTuong, SoThang, SoTien, ThanhTien, IDThongTinHoTro, DaChi, NguoiTao) VALUES ('0d8143ab-2be7-4a5f-ae3b-8de4a637042b', '2d61555c-5b58-4e9a-bf10-b48b9b2b4ee9', 1, NULL, 3, 1800000, 5400000, '2b81bc1c-2caa-45fe-9ceb-78a66da32f55', 0, 'solaodong');
INSERT INTO [HoTroCovid].[dbo].[CaNhan] (ID, HoTen, GioiTinh, NgaySinh, CMND, SinhNam) VALUES ('1fe4b561-a47f-4df2-b9ee-4a8bb46a541a', N'Nguyễn Thị Thu Hoài', NULL, '1990-12-14', '230792279', 1990);
INSERT INTO [HoTroCovid].[dbo].[CaNhan_DoanhNghiep] (ID, IDDoanhNghiep, IDCaNhan, IDDoiTuong, NgheNghiep, DaTra50) VALUES ('7b5b76d9-8be2-48d3-abea-4279aab4b7b7', '3f714601-7978-4a32-a527-2d8835ffe667', '1fe4b561-a47f-4df2-b9ee-4a8bb46a541a', NULL, N'NV phục vụ (DV du lịch)', false);
INSERT INTO [HoTroCovid].[dbo].[ThongTinHoTro] (ID, IDNoiDung, IDDoiTuong, IDCaNhan) VALUES ('422145ed-d481-4614-838b-5401dbd3b5d5', 1, NULL, '1fe4b561-a47f-4df2-b9ee-4a8bb46a541a');
INSERT INTO [HoTroCovid].[dbo].[HoSo] (ID, IDCaNhan, IDNoiDungHoTro, IDDoiTuong, SoThang, SoTien, ThanhTien, IDThongTinHoTro, DaChi, NguoiTao) VALUES ('4bc90178-98c6-4c03-8151-83e0a3ed0259', '1fe4b561-a47f-4df2-b9ee-4a8bb46a541a', 1, NULL, 3, 1800000, 5400000, '422145ed-d481-4614-838b-5401dbd3b5d5', 0, 'solaodong');
INSERT INTO [HoTroCovid].[dbo].[CaNhan] (ID, HoTen, GioiTinh, NgaySinh, CMND, SinhNam) VALUES ('d55d5f23-7a17-44fa-bb9d-9ccef852bda0', N'Nguyễn Thị Thủy Tiên', NULL, '1991-08-25', '215279807', 1991);
INSERT INTO [HoTroCovid].[dbo].[CaNhan_DoanhNghiep] (ID, IDDoanhNghiep, IDCaNhan, IDDoiTuong, NgheNghiep, DaTra50) VALUES ('6d88e6de-a0d2-41a4-8b28-9c32f8cab11b', 'e49841c9-785e-405e-9bf6-c9e9638c10e4', 'd55d5f23-7a17-44fa-bb9d-9ccef852bda0', NULL, N'N/viên KD', null);
INSERT INTO [HoTroCovid].[dbo].[ThongTinHoTro] (ID, IDNoiDung, IDDoiTuong, IDCaNhan) VALUES ('0a3f820b-e092-458c-91f1-195d271fe646', 1, NULL, 'd55d5f23-7a17-44fa-bb9d-9ccef852bda0');
INSERT INTO [HoTroCovid].[dbo].[HoSo] (ID, IDCaNhan, IDNoiDungHoTro, IDDoiTuong, SoThang, SoTien, ThanhTien, IDThongTinHoTro, DaChi, NguoiTao) VALUES ('a9ec4860-8720-4be4-aafc-fd5972182d7d', 'd55d5f23-7a17-44fa-bb9d-9ccef852bda0', 1, NULL, 3, 1800000, 5400000, '0a3f820b-e092-458c-91f1-195d271fe646', 0, 'solaodong');
INSERT INTO [HoTroCovid].[dbo].[CaNhan] (ID, HoTen, GioiTinh, NgaySinh, CMND, SinhNam) VALUES ('b44c7215-8503-465b-b563-a10f985300c3', N'Nguyễn Thị Hương Giang', NULL, '1992-08-31', '212310403', 1992);
INSERT INTO [HoTroCovid].[dbo].[CaNhan_DoanhNghiep] (ID, IDDoanhNghiep, IDCaNhan, IDDoiTuong, NgheNghiep, DaTra50) VALUES ('38df476e-8648-4fb6-88cf-6fd48e40e7e2', 'e49841c9-785e-405e-9bf6-c9e9638c10e4', 'b44c7215-8503-465b-b563-a10f985300c3', NULL, N'N/viên KT', null);
INSERT INTO [HoTroCovid].[dbo].[ThongTinHoTro] (ID, IDNoiDung, IDDoiTuong, IDCaNhan) VALUES ('944230a3-2ec8-49f7-b540-886ded1fd642', 1, NULL, 'b44c7215-8503-465b-b563-a10f985300c3');
INSERT INTO [HoTroCovid].[dbo].[HoSo] (ID, IDCaNhan, IDNoiDungHoTro, IDDoiTuong, SoThang, SoTien, ThanhTien, IDThongTinHoTro, DaChi, NguoiTao) VALUES ('76e72632-47a8-4a0b-b19c-96cc84277bfc', 'b44c7215-8503-465b-b563-a10f985300c3', 1, NULL, 3, 1800000, 5400000, '944230a3-2ec8-49f7-b540-886ded1fd642', 0, 'solaodong');
INSERT INTO [HoTroCovid].[dbo].[CaNhan] (ID, HoTen, GioiTinh, NgaySinh, CMND, SinhNam) VALUES ('05779d11-6cc9-4f0a-bcb8-0adc1b476813', N'Nguyễn Thị Kim Loan', NULL, '1987-06-20', '215014468', 1987);
INSERT INTO [HoTroCovid].[dbo].[CaNhan_DoanhNghiep] (ID, IDDoanhNghiep, IDCaNhan, IDDoiTuong, NgheNghiep, DaTra50) VALUES ('f8821f1c-406c-47d6-9e61-47bdcbd8015b', 'e49841c9-785e-405e-9bf6-c9e9638c10e4', '05779d11-6cc9-4f0a-bcb8-0adc1b476813', NULL, N'N/viên KT', null);
INSERT INTO [HoTroCovid].[dbo].[ThongTinHoTro] (ID, IDNoiDung, IDDoiTuong, IDCaNhan) VALUES ('3f65348a-4531-4c8e-a5d9-b8aca5b72439', 1, NULL, '05779d11-6cc9-4f0a-bcb8-0adc1b476813');
INSERT INTO [HoTroCovid].[dbo].[HoSo] (ID, IDCaNhan, IDNoiDungHoTro, IDDoiTuong, SoThang, SoTien, ThanhTien, IDThongTinHoTro, DaChi, NguoiTao) VALUES ('dec49d8e-90c4-4a24-9118-ecf814f41e9d', '05779d11-6cc9-4f0a-bcb8-0adc1b476813', 1, NULL, 3, 1800000, 5400000, '3f65348a-4531-4c8e-a5d9-b8aca5b72439', 0, 'solaodong');
INSERT INTO [HoTroCovid].[dbo].[CaNhan] (ID, HoTen, GioiTinh, NgaySinh, CMND, SinhNam) VALUES ('7c060dd9-48af-4843-aa83-a2ac27a297c0', N'Trần Văn Tuấn', 1, '1978-09-06', '211592947', 1978);
INSERT INTO [HoTroCovid].[dbo].[CaNhan_DoanhNghiep] (ID, IDDoanhNghiep, IDCaNhan, IDDoiTuong, NgheNghiep, DaTra50) VALUES ('4407c3af-63bb-4c2c-93a1-fa0ef15250d2', 'e49841c9-785e-405e-9bf6-c9e9638c10e4', '7c060dd9-48af-4843-aa83-a2ac27a297c0', NULL, N'Trưởng Phòng KD', false);
INSERT INTO [HoTroCovid].[dbo].[ThongTinHoTro] (ID, IDNoiDung, IDDoiTuong, IDCaNhan) VALUES ('7f97aa3d-6d49-4a49-a236-a77434f9927a', 1, NULL, '7c060dd9-48af-4843-aa83-a2ac27a297c0');
INSERT INTO [HoTroCovid].[dbo].[HoSo] (ID, IDCaNhan, IDNoiDungHoTro, IDDoiTuong, SoThang, SoTien, ThanhTien, IDThongTinHoTro, DaChi, NguoiTao) VALUES ('9756e041-103d-46bb-aab0-5dd2b5d6b2f5', '7c060dd9-48af-4843-aa83-a2ac27a297c0', 1, NULL, 3, 1800000, 5400000, '7f97aa3d-6d49-4a49-a236-a77434f9927a', 0, 'solaodong');
INSERT INTO [HoTroCovid].[dbo].[CaNhan] (ID, HoTen, GioiTinh, NgaySinh, CMND, SinhNam) VALUES ('d2da768a-1610-4fc5-b9cc-44e857955f27', N'Nguyễn Quốc Duy', 1, '1972-07-03', '211462280', 1972);
INSERT INTO [HoTroCovid].[dbo].[CaNhan_DoanhNghiep] (ID, IDDoanhNghiep, IDCaNhan, IDDoiTuong, NgheNghiep, DaTra50) VALUES ('7a7aa717-370d-493b-9af7-496aee24e313', 'e49841c9-785e-405e-9bf6-c9e9638c10e4', 'd2da768a-1610-4fc5-b9cc-44e857955f27', NULL, N'N/viên KD', null);
INSERT INTO [HoTroCovid].[dbo].[ThongTinHoTro] (ID, IDNoiDung, IDDoiTuong, IDCaNhan) VALUES ('81f76b73-438f-4920-a3bf-4e088061c40d', 1, NULL, 'd2da768a-1610-4fc5-b9cc-44e857955f27');
INSERT INTO [HoTroCovid].[dbo].[HoSo] (ID, IDCaNhan, IDNoiDungHoTro, IDDoiTuong, SoThang, SoTien, ThanhTien, IDThongTinHoTro, DaChi, NguoiTao) VALUES ('d34ab4cc-1fd4-4d4e-a30a-2b0afd3fb723', 'd2da768a-1610-4fc5-b9cc-44e857955f27', 1, NULL, 3, 1800000, 5400000, '81f76b73-438f-4920-a3bf-4e088061c40d', 0, 'solaodong');
INSERT INTO [HoTroCovid].[dbo].[CaNhan] (ID, HoTen, GioiTinh, NgaySinh, CMND, SinhNam) VALUES ('dd3df2de-03f4-4c91-a8e7-f74752891a15', N'Trần Hoàng Luân', 1, '1987-12-28', '215089512', 1987);
INSERT INTO [HoTroCovid].[dbo].[CaNhan_DoanhNghiep] (ID, IDDoanhNghiep, IDCaNhan, IDDoiTuong, NgheNghiep, DaTra50) VALUES ('acb64bca-fe1a-4dae-b37e-3934ee6ceba5', 'e49841c9-785e-405e-9bf6-c9e9638c10e4', 'dd3df2de-03f4-4c91-a8e7-f74752891a15', NULL, N'N/viên KD', null);
INSERT INTO [HoTroCovid].[dbo].[ThongTinHoTro] (ID, IDNoiDung, IDDoiTuong, IDCaNhan) VALUES ('7e8eea66-8079-4c41-a0d5-63060d8c2878', 1, NULL, 'dd3df2de-03f4-4c91-a8e7-f74752891a15');
INSERT INTO [HoTroCovid].[dbo].[HoSo] (ID, IDCaNhan, IDNoiDungHoTro, IDDoiTuong, SoThang, SoTien, ThanhTien, IDThongTinHoTro, DaChi, NguoiTao) VALUES ('fb1ed696-a008-42ce-bc34-59af00ba9160', 'dd3df2de-03f4-4c91-a8e7-f74752891a15', 1, NULL, 3, 1800000, 5400000, '7e8eea66-8079-4c41-a0d5-63060d8c2878', 0, 'solaodong');
INSERT INTO [HoTroCovid].[dbo].[CaNhan] (ID, HoTen, GioiTinh, NgaySinh, CMND, SinhNam) VALUES ('1088fbfd-12e6-4713-9009-2def90fdc525', N'Bùi Thị Thu Thủy', NULL, '1983-11-19', '211727726', 1983);
INSERT INTO [HoTroCovid].[dbo].[CaNhan_DoanhNghiep] (ID, IDDoanhNghiep, IDCaNhan, IDDoiTuong, NgheNghiep, DaTra50) VALUES ('ea0c441f-9f93-4f9f-8cec-292fec4e79f8', 'e49841c9-785e-405e-9bf6-c9e9638c10e4', '1088fbfd-12e6-4713-9009-2def90fdc525', NULL, N'N/viên KD', null);
INSERT INTO [HoTroCovid].[dbo].[ThongTinHoTro] (ID, IDNoiDung, IDDoiTuong, IDCaNhan) VALUES ('76112f47-599e-467b-a298-9a55a1df27b8', 1, NULL, '1088fbfd-12e6-4713-9009-2def90fdc525');
INSERT INTO [HoTroCovid].[dbo].[HoSo] (ID, IDCaNhan, IDNoiDungHoTro, IDDoiTuong, SoThang, SoTien, ThanhTien, IDThongTinHoTro, DaChi, NguoiTao) VALUES ('d9d3ebac-42de-464b-8be3-35aafa787be7', '1088fbfd-12e6-4713-9009-2def90fdc525', 1, NULL, 3, 1800000, 5400000, '76112f47-599e-467b-a298-9a55a1df27b8', 0, 'solaodong');
INSERT INTO [HoTroCovid].[dbo].[CaNhan] (ID, HoTen, GioiTinh, NgaySinh, CMND, SinhNam) VALUES ('a0115f6a-fa37-41cf-afa1-7f7e67b6a45a', N'Trần Thị Hoài Tâm', NULL, '1970-09-23', '211354004', 1970);
INSERT INTO [HoTroCovid].[dbo].[CaNhan_DoanhNghiep] (ID, IDDoanhNghiep, IDCaNhan, IDDoiTuong, NgheNghiep, DaTra50) VALUES ('6e17b947-2b0c-43fc-8017-bf1a69166537', '3f714601-7978-4a32-a527-2d8835ffe667', 'a0115f6a-fa37-41cf-afa1-7f7e67b6a45a', NULL, N'NV phục vụ (DV nhà hàng)', false);
INSERT INTO [HoTroCovid].[dbo].[ThongTinHoTro] (ID, IDNoiDung, IDDoiTuong, IDCaNhan) VALUES ('db6878bf-715e-4d76-831d-188541e40d4e', 1, NULL, 'a0115f6a-fa37-41cf-afa1-7f7e67b6a45a');
INSERT INTO [HoTroCovid].[dbo].[HoSo] (ID, IDCaNhan, IDNoiDungHoTro, IDDoiTuong, SoThang, SoTien, ThanhTien, IDThongTinHoTro, DaChi, NguoiTao) VALUES ('ffb6c486-4376-4320-b19c-30a971d146d1', 'a0115f6a-fa37-41cf-afa1-7f7e67b6a45a', 1, NULL, 3, 1800000, 5400000, 'db6878bf-715e-4d76-831d-188541e40d4e', 0, 'solaodong');
INSERT INTO [HoTroCovid].[dbo].[CaNhan] (ID, HoTen, GioiTinh, NgaySinh, CMND, SinhNam) VALUES ('51423465-1459-411d-ae87-38b2ecee53c5', N'TrầnThị Tuyết Ngân', NULL, '1990-03-19', '215175165', 1990);
INSERT INTO [HoTroCovid].[dbo].[CaNhan_DoanhNghiep] (ID, IDDoanhNghiep, IDCaNhan, IDDoiTuong, NgheNghiep, DaTra50) VALUES ('e260ab3e-2944-4d9d-8228-fd2ffb4a10bc', 'e49841c9-785e-405e-9bf6-c9e9638c10e4', '51423465-1459-411d-ae87-38b2ecee53c5', NULL, N'N/viên KD', null);
INSERT INTO [HoTroCovid].[dbo].[ThongTinHoTro] (ID, IDNoiDung, IDDoiTuong, IDCaNhan) VALUES ('3281b2a3-b3a0-4b19-bd6d-d0e681f3c927', 1, NULL, '51423465-1459-411d-ae87-38b2ecee53c5');
INSERT INTO [HoTroCovid].[dbo].[HoSo] (ID, IDCaNhan, IDNoiDungHoTro, IDDoiTuong, SoThang, SoTien, ThanhTien, IDThongTinHoTro, DaChi, NguoiTao) VALUES ('c3cf65a8-eb99-4c34-839f-7efb1d191414', '51423465-1459-411d-ae87-38b2ecee53c5', 1, NULL, 3, 1800000, 5400000, '3281b2a3-b3a0-4b19-bd6d-d0e681f3c927', 0, 'solaodong');
INSERT INTO [HoTroCovid].[dbo].[CaNhan] (ID, HoTen, GioiTinh, NgaySinh, CMND, SinhNam) VALUES ('f6334195-8e47-483f-a4d9-db7388e5143c', N'Huỳnh Thị Thanh Phương', NULL, '1993-12-17', '215198696', 1993);
INSERT INTO [HoTroCovid].[dbo].[CaNhan_DoanhNghiep] (ID, IDDoanhNghiep, IDCaNhan, IDDoiTuong, NgheNghiep, DaTra50) VALUES ('a26ee2ce-d359-49fc-84b2-3add1c357bcc', 'e49841c9-785e-405e-9bf6-c9e9638c10e4', 'f6334195-8e47-483f-a4d9-db7388e5143c', NULL, N'N/viên BBVT', null);
INSERT INTO [HoTroCovid].[dbo].[ThongTinHoTro] (ID, IDNoiDung, IDDoiTuong, IDCaNhan) VALUES ('b24d314f-fa2a-433b-8195-83715b8cf9c1', 1, NULL, 'f6334195-8e47-483f-a4d9-db7388e5143c');
INSERT INTO [HoTroCovid].[dbo].[HoSo] (ID, IDCaNhan, IDNoiDungHoTro, IDDoiTuong, SoThang, SoTien, ThanhTien, IDThongTinHoTro, DaChi, NguoiTao) VALUES ('9eaf95b5-1ce3-4823-8b68-c16cee7ff162', 'f6334195-8e47-483f-a4d9-db7388e5143c', 1, NULL, 3, 1800000, 5400000, 'b24d314f-fa2a-433b-8195-83715b8cf9c1', 0, 'solaodong');
INSERT INTO [HoTroCovid].[dbo].[CaNhan] (ID, HoTen, GioiTinh, NgaySinh, CMND, SinhNam) VALUES ('973f0cde-8ae4-4714-8ca3-2278cfc68ea9', N'Trương Anh Văn', 1, '1981-01-12', '211758126', 1981);
INSERT INTO [HoTroCovid].[dbo].[CaNhan_DoanhNghiep] (ID, IDDoanhNghiep, IDCaNhan, IDDoiTuong, NgheNghiep, DaTra50) VALUES ('46e32a57-a27e-4735-b60c-7a2484c5e713', 'e49841c9-785e-405e-9bf6-c9e9638c10e4', '973f0cde-8ae4-4714-8ca3-2278cfc68ea9', NULL, N'N/viên KD', null);
INSERT INTO [HoTroCovid].[dbo].[ThongTinHoTro] (ID, IDNoiDung, IDDoiTuong, IDCaNhan) VALUES ('f795a890-c425-4fbb-ac75-74bb8cb198d4', 1, NULL, '973f0cde-8ae4-4714-8ca3-2278cfc68ea9');
INSERT INTO [HoTroCovid].[dbo].[HoSo] (ID, IDCaNhan, IDNoiDungHoTro, IDDoiTuong, SoThang, SoTien, ThanhTien, IDThongTinHoTro, DaChi, NguoiTao) VALUES ('ceb26182-34e6-41c0-8980-5cc2621ca6dc', '973f0cde-8ae4-4714-8ca3-2278cfc68ea9', 1, NULL, 3, 1800000, 5400000, 'f795a890-c425-4fbb-ac75-74bb8cb198d4', 0, 'solaodong');
INSERT INTO [HoTroCovid].[dbo].[CaNhan] (ID, HoTen, GioiTinh, NgaySinh, CMND, SinhNam) VALUES ('7e9f3c6c-67ec-4cc0-90c2-db348b8d2f73', N'Trần Quốc Thịnh', 1, '1967-10-10', '215515326', 1967);
INSERT INTO [HoTroCovid].[dbo].[CaNhan_DoanhNghiep] (ID, IDDoanhNghiep, IDCaNhan, IDDoiTuong, NgheNghiep, DaTra50) VALUES ('d3e3c83a-7967-4b09-a953-2e50ab2b7774', 'e49841c9-785e-405e-9bf6-c9e9638c10e4', '7e9f3c6c-67ec-4cc0-90c2-db348b8d2f73', NULL, N'N/viên bảo vệ', null);
INSERT INTO [HoTroCovid].[dbo].[ThongTinHoTro] (ID, IDNoiDung, IDDoiTuong, IDCaNhan) VALUES ('4fecd845-0f9d-4da2-b843-470f04882e57', 1, NULL, '7e9f3c6c-67ec-4cc0-90c2-db348b8d2f73');
INSERT INTO [HoTroCovid].[dbo].[HoSo] (ID, IDCaNhan, IDNoiDungHoTro, IDDoiTuong, SoThang, SoTien, ThanhTien, IDThongTinHoTro, DaChi, NguoiTao) VALUES ('89623ec3-7940-46f0-885e-8903f0186708', '7e9f3c6c-67ec-4cc0-90c2-db348b8d2f73', 1, NULL, 3, 1800000, 5400000, '4fecd845-0f9d-4da2-b843-470f04882e57', 0, 'solaodong');
INSERT INTO [HoTroCovid].[dbo].[CaNhan] (ID, HoTen, GioiTinh, NgaySinh, CMND, SinhNam) VALUES ('701a1c54-903a-438e-87c1-6b2d11376085', N'Phan Văn Quang', 1, '1990-06-05', '215295093', 1990);
INSERT INTO [HoTroCovid].[dbo].[CaNhan_DoanhNghiep] (ID, IDDoanhNghiep, IDCaNhan, IDDoiTuong, NgheNghiep, DaTra50) VALUES ('3d09631e-f881-4dcc-aace-46908917f954', 'e49841c9-785e-405e-9bf6-c9e9638c10e4', '701a1c54-903a-438e-87c1-6b2d11376085', NULL, N'CN kho lạnh', null);
INSERT INTO [HoTroCovid].[dbo].[ThongTinHoTro] (ID, IDNoiDung, IDDoiTuong, IDCaNhan) VALUES ('d026fc62-fea7-4e58-b41f-a5c73dcb99f8', 1, NULL, '701a1c54-903a-438e-87c1-6b2d11376085');
INSERT INTO [HoTroCovid].[dbo].[HoSo] (ID, IDCaNhan, IDNoiDungHoTro, IDDoiTuong, SoThang, SoTien, ThanhTien, IDThongTinHoTro, DaChi, NguoiTao) VALUES ('b24333c7-7afb-4632-bf42-91c29a4ea4a6', '701a1c54-903a-438e-87c1-6b2d11376085', 1, NULL, 3, 1800000, 5400000, 'd026fc62-fea7-4e58-b41f-a5c73dcb99f8', 0, 'solaodong');
INSERT INTO [HoTroCovid].[dbo].[CaNhan] (ID, HoTen, GioiTinh, NgaySinh, CMND, SinhNam) VALUES ('a95dbc4e-66ec-45c3-a8a9-87d0fd2c17ff', N'Phan Thị Ngọc Hoan', NULL, '1997-02-12', '215407368', 1997);
INSERT INTO [HoTroCovid].[dbo].[CaNhan_DoanhNghiep] (ID, IDDoanhNghiep, IDCaNhan, IDDoiTuong, NgheNghiep, DaTra50) VALUES ('08bcf801-b040-4df7-a85e-134b27ef0632', 'e49841c9-785e-405e-9bf6-c9e9638c10e4', 'a95dbc4e-66ec-45c3-a8a9-87d0fd2c17ff', NULL, N'N/viên HACCP', null);
INSERT INTO [HoTroCovid].[dbo].[ThongTinHoTro] (ID, IDNoiDung, IDDoiTuong, IDCaNhan) VALUES ('01394795-876d-4cc7-9215-ee642251b294', 1, NULL, 'a95dbc4e-66ec-45c3-a8a9-87d0fd2c17ff');
INSERT INTO [HoTroCovid].[dbo].[HoSo] (ID, IDCaNhan, IDNoiDungHoTro, IDDoiTuong, SoThang, SoTien, ThanhTien, IDThongTinHoTro, DaChi, NguoiTao) VALUES ('4ef78bc0-27b9-42d6-8d7e-c2fdfb9a4b0c', 'a95dbc4e-66ec-45c3-a8a9-87d0fd2c17ff', 1, NULL, 3, 1800000, 5400000, '01394795-876d-4cc7-9215-ee642251b294', 0, 'solaodong');
INSERT INTO [HoTroCovid].[dbo].[CaNhan] (ID, HoTen, GioiTinh, NgaySinh, CMND, SinhNam) VALUES ('9f719edd-67c1-4155-99e2-66ae63231e38', N'Nguyễn Khắc Trường', 1, '1987-10-04', '215090098', 1987);
INSERT INTO [HoTroCovid].[dbo].[CaNhan_DoanhNghiep] (ID, IDDoanhNghiep, IDCaNhan, IDDoiTuong, NgheNghiep, DaTra50) VALUES ('f5dfb746-ba9c-49f0-9e1d-d20bf03af963', 'e49841c9-785e-405e-9bf6-c9e9638c10e4', '9f719edd-67c1-4155-99e2-66ae63231e38', NULL, N'CN kho lạnh', null);
INSERT INTO [HoTroCovid].[dbo].[ThongTinHoTro] (ID, IDNoiDung, IDDoiTuong, IDCaNhan) VALUES ('d34c12ad-a0a6-4e92-9567-b0481b89c031', 1, NULL, '9f719edd-67c1-4155-99e2-66ae63231e38');
INSERT INTO [HoTroCovid].[dbo].[HoSo] (ID, IDCaNhan, IDNoiDungHoTro, IDDoiTuong, SoThang, SoTien, ThanhTien, IDThongTinHoTro, DaChi, NguoiTao) VALUES ('d5ffe044-dff3-45a4-9ea7-64141a076a50', '9f719edd-67c1-4155-99e2-66ae63231e38', 1, NULL, 3, 1800000, 5400000, 'd34c12ad-a0a6-4e92-9567-b0481b89c031', 0, 'solaodong');
INSERT INTO [HoTroCovid].[dbo].[CaNhan] (ID, HoTen, GioiTinh, NgaySinh, CMND, SinhNam) VALUES ('2ff3346a-4853-4ecb-a334-fa00bdb7db04', N'Sơn Rách Thi', 1, '1991-10-10', '334518818', 1991);
INSERT INTO [HoTroCovid].[dbo].[CaNhan_DoanhNghiep] (ID, IDDoanhNghiep, IDCaNhan, IDDoiTuong, NgheNghiep, DaTra50) VALUES ('c0445847-0b2e-4938-919e-384b0aa8cb51', 'e49841c9-785e-405e-9bf6-c9e9638c10e4', '2ff3346a-4853-4ecb-a334-fa00bdb7db04', NULL, N'N/viên CN. TP.HCM', null);
INSERT INTO [HoTroCovid].[dbo].[ThongTinHoTro] (ID, IDNoiDung, IDDoiTuong, IDCaNhan) VALUES ('a40bae0d-a459-4486-862c-71fd848f6dcd', 1, NULL, '2ff3346a-4853-4ecb-a334-fa00bdb7db04');
INSERT INTO [HoTroCovid].[dbo].[HoSo] (ID, IDCaNhan, IDNoiDungHoTro, IDDoiTuong, SoThang, SoTien, ThanhTien, IDThongTinHoTro, DaChi, NguoiTao) VALUES ('2134f870-444c-472e-9ccf-c8378cc5f71d', '2ff3346a-4853-4ecb-a334-fa00bdb7db04', 1, NULL, 3, 1800000, 5400000, 'a40bae0d-a459-4486-862c-71fd848f6dcd', 0, 'solaodong');
INSERT INTO [HoTroCovid].[dbo].[CaNhan] (ID, HoTen, GioiTinh, NgaySinh, CMND, SinhNam) VALUES ('b8f25429-270d-4115-b8fc-493093037f47', N'Nguyễn Hữu Thanh - ĐT', 1, '1982-03-16', '211784476', 1982);
INSERT INTO [HoTroCovid].[dbo].[CaNhan_DoanhNghiep] (ID, IDDoanhNghiep, IDCaNhan, IDDoiTuong, NgheNghiep, DaTra50) VALUES ('d514875b-a3f6-4e3f-b606-3122b07580af', 'e49841c9-785e-405e-9bf6-c9e9638c10e4', 'b8f25429-270d-4115-b8fc-493093037f47', NULL, N'Đội trưởng HACCP', null);
INSERT INTO [HoTroCovid].[dbo].[ThongTinHoTro] (ID, IDNoiDung, IDDoiTuong, IDCaNhan) VALUES ('17505df1-e7ab-4d4f-a075-58182f98a9c2', 1, NULL, 'b8f25429-270d-4115-b8fc-493093037f47');
INSERT INTO [HoTroCovid].[dbo].[HoSo] (ID, IDCaNhan, IDNoiDungHoTro, IDDoiTuong, SoThang, SoTien, ThanhTien, IDThongTinHoTro, DaChi, NguoiTao) VALUES ('90e61ac7-714a-4e1b-8e84-6a3c127d246d', 'b8f25429-270d-4115-b8fc-493093037f47', 1, NULL, 3, 1800000, 5400000, '17505df1-e7ab-4d4f-a075-58182f98a9c2', 0, 'solaodong');
INSERT INTO [HoTroCovid].[dbo].[CaNhan] (ID, HoTen, GioiTinh, NgaySinh, CMND, SinhNam) VALUES ('382d907b-63fb-4102-a7c3-4255407261da', N'Nguyễn Đình Luật - ĐP', 1, '1988-03-15', '197223895', 1988);
INSERT INTO [HoTroCovid].[dbo].[CaNhan_DoanhNghiep] (ID, IDDoanhNghiep, IDCaNhan, IDDoiTuong, NgheNghiep, DaTra50) VALUES ('8f8c7b69-f063-4bdb-a5d3-480377108ce5', 'e49841c9-785e-405e-9bf6-c9e9638c10e4', '382d907b-63fb-4102-a7c3-4255407261da', NULL, N'Đội phó HACCP', null);
INSERT INTO [HoTroCovid].[dbo].[ThongTinHoTro] (ID, IDNoiDung, IDDoiTuong, IDCaNhan) VALUES ('ddf5e52e-f07b-4962-9993-85d3153eee37', 1, NULL, '382d907b-63fb-4102-a7c3-4255407261da');
INSERT INTO [HoTroCovid].[dbo].[HoSo] (ID, IDCaNhan, IDNoiDungHoTro, IDDoiTuong, SoThang, SoTien, ThanhTien, IDThongTinHoTro, DaChi, NguoiTao) VALUES ('c1f24264-0664-4b12-a54f-d419ac5de547', '382d907b-63fb-4102-a7c3-4255407261da', 1, NULL, 3, 1800000, 5400000, 'ddf5e52e-f07b-4962-9993-85d3153eee37', 0, 'solaodong');
INSERT INTO [HoTroCovid].[dbo].[CaNhan] (ID, HoTen, GioiTinh, NgaySinh, CMND, SinhNam) VALUES ('7b5363e1-e7af-41fc-b437-c65e4021ea91', N'Hồ Văn Đích', 1, '1990-04-27', '215183258', 1990);
INSERT INTO [HoTroCovid].[dbo].[CaNhan_DoanhNghiep] (ID, IDDoanhNghiep, IDCaNhan, IDDoiTuong, NgheNghiep, DaTra50) VALUES ('31c7de90-7c62-404a-bb1e-55a896764b1e', 'e49841c9-785e-405e-9bf6-c9e9638c10e4', '7b5363e1-e7af-41fc-b437-c65e4021ea91', NULL, N'CN kho lạnh', null);
INSERT INTO [HoTroCovid].[dbo].[ThongTinHoTro] (ID, IDNoiDung, IDDoiTuong, IDCaNhan) VALUES ('2bf3df31-cf0e-43c4-8c8f-8fd0424ef91f', 1, NULL, '7b5363e1-e7af-41fc-b437-c65e4021ea91');
INSERT INTO [HoTroCovid].[dbo].[HoSo] (ID, IDCaNhan, IDNoiDungHoTro, IDDoiTuong, SoThang, SoTien, ThanhTien, IDThongTinHoTro, DaChi, NguoiTao) VALUES ('36f78f0d-7cfa-44f1-81d4-f171d4f47403', '7b5363e1-e7af-41fc-b437-c65e4021ea91', 1, NULL, 3, 1800000, 5400000, '2bf3df31-cf0e-43c4-8c8f-8fd0424ef91f', 0, 'solaodong');
INSERT INTO [HoTroCovid].[dbo].[CaNhan] (ID, HoTen, GioiTinh, NgaySinh, CMND, SinhNam) VALUES ('e289e471-c8b0-43ba-8a5d-4f1b7c13387b', N'Nguyễn Thị Bích Ngân', NULL, '1990-02-16', '215168995', 1990);
INSERT INTO [HoTroCovid].[dbo].[CaNhan_DoanhNghiep] (ID, IDDoanhNghiep, IDCaNhan, IDDoiTuong, NgheNghiep, DaTra50) VALUES ('abb6b0e0-b645-4e5d-9705-93d6372cb3d8', 'e49841c9-785e-405e-9bf6-c9e9638c10e4', 'e289e471-c8b0-43ba-8a5d-4f1b7c13387b', NULL, N'N/viên KD', null);
INSERT INTO [HoTroCovid].[dbo].[ThongTinHoTro] (ID, IDNoiDung, IDDoiTuong, IDCaNhan) VALUES ('052b64f6-7e61-4c74-b1c6-d896ba6fe0f9', 1, NULL, 'e289e471-c8b0-43ba-8a5d-4f1b7c13387b');
INSERT INTO [HoTroCovid].[dbo].[HoSo] (ID, IDCaNhan, IDNoiDungHoTro, IDDoiTuong, SoThang, SoTien, ThanhTien, IDThongTinHoTro, DaChi, NguoiTao) VALUES ('eb8248f4-c09c-4e43-83d1-80dd4594146c', 'e289e471-c8b0-43ba-8a5d-4f1b7c13387b', 1, NULL, 3, 1800000, 5400000, '052b64f6-7e61-4c74-b1c6-d896ba6fe0f9', 0, 'solaodong');
INSERT INTO [HoTroCovid].[dbo].[CaNhan] (ID, HoTen, GioiTinh, NgaySinh, CMND, SinhNam) VALUES ('2a6f46f5-6efb-4bf3-88ea-7dba08001179', N'Nguyễn Thị Ngọc Cẩm', NULL, '1982-12-28', '211751796', 1982);
INSERT INTO [HoTroCovid].[dbo].[CaNhan_DoanhNghiep] (ID, IDDoanhNghiep, IDCaNhan, IDDoiTuong, NgheNghiep, DaTra50) VALUES ('0109e728-7fd7-48af-bf1a-7a481b3c7c3a', 'e49841c9-785e-405e-9bf6-c9e9638c10e4', '2a6f46f5-6efb-4bf3-88ea-7dba08001179', NULL, N'N/viên KCS', null);
INSERT INTO [HoTroCovid].[dbo].[ThongTinHoTro] (ID, IDNoiDung, IDDoiTuong, IDCaNhan) VALUES ('cafc7126-7b1a-42ff-8dd2-9997bde37c4e', 1, NULL, '2a6f46f5-6efb-4bf3-88ea-7dba08001179');
INSERT INTO [HoTroCovid].[dbo].[HoSo] (ID, IDCaNhan, IDNoiDungHoTro, IDDoiTuong, SoThang, SoTien, ThanhTien, IDThongTinHoTro, DaChi, NguoiTao) VALUES ('6b9ca2a3-b0f4-4ba7-bd20-8ac489dc15a3', '2a6f46f5-6efb-4bf3-88ea-7dba08001179', 1, NULL, 3, 1800000, 5400000, 'cafc7126-7b1a-42ff-8dd2-9997bde37c4e', 0, 'solaodong');
INSERT INTO [HoTroCovid].[dbo].[CaNhan] (ID, HoTen, GioiTinh, NgaySinh, CMND, SinhNam) VALUES ('98e6bac1-db97-4f8f-9ae7-2c965623b9cd', N'Nguyễn Huy Khương', 1, '1984-02-21', '211770118', 1984);
INSERT INTO [HoTroCovid].[dbo].[CaNhan_DoanhNghiep] (ID, IDDoanhNghiep, IDCaNhan, IDDoiTuong, NgheNghiep, DaTra50) VALUES ('4eea7d1f-4a31-475d-9592-c64ed514539c', 'e49841c9-785e-405e-9bf6-c9e9638c10e4', '98e6bac1-db97-4f8f-9ae7-2c965623b9cd', NULL, N'Thủ kho lạnh', null);
INSERT INTO [HoTroCovid].[dbo].[ThongTinHoTro] (ID, IDNoiDung, IDDoiTuong, IDCaNhan) VALUES ('71d12190-3d45-4783-b76f-435448be1770', 1, NULL, '98e6bac1-db97-4f8f-9ae7-2c965623b9cd');
INSERT INTO [HoTroCovid].[dbo].[HoSo] (ID, IDCaNhan, IDNoiDungHoTro, IDDoiTuong, SoThang, SoTien, ThanhTien, IDThongTinHoTro, DaChi, NguoiTao) VALUES ('f0a36f0b-3e6f-42e3-abd4-5d3556806d59', '98e6bac1-db97-4f8f-9ae7-2c965623b9cd', 1, NULL, 3, 1800000, 5400000, '71d12190-3d45-4783-b76f-435448be1770', 0, 'solaodong');
INSERT INTO [HoTroCovid].[dbo].[CaNhan] (ID, HoTen, GioiTinh, NgaySinh, CMND, SinhNam) VALUES ('ee71000c-cc9d-4005-8196-7aef69ff9b4e', N'Võ Thị Kim Bông', NULL, '1966-10-09', '211115377', 1966);
INSERT INTO [HoTroCovid].[dbo].[CaNhan_DoanhNghiep] (ID, IDDoanhNghiep, IDCaNhan, IDDoiTuong, NgheNghiep, DaTra50) VALUES ('ea6bf2ea-6ea0-4aa7-aec1-4a0a5babd319', 'e49841c9-785e-405e-9bf6-c9e9638c10e4', 'ee71000c-cc9d-4005-8196-7aef69ff9b4e', NULL, N'N/viên cấp dưỡng', null);
INSERT INTO [HoTroCovid].[dbo].[ThongTinHoTro] (ID, IDNoiDung, IDDoiTuong, IDCaNhan) VALUES ('32c24891-2652-49cf-b8a3-f85851cf35b6', 1, NULL, 'ee71000c-cc9d-4005-8196-7aef69ff9b4e');
INSERT INTO [HoTroCovid].[dbo].[HoSo] (ID, IDCaNhan, IDNoiDungHoTro, IDDoiTuong, SoThang, SoTien, ThanhTien, IDThongTinHoTro, DaChi, NguoiTao) VALUES ('309d201a-c3a6-41b5-a080-a4cd0877f829', 'ee71000c-cc9d-4005-8196-7aef69ff9b4e', 1, NULL, 3, 1800000, 5400000, '32c24891-2652-49cf-b8a3-f85851cf35b6', 0, 'solaodong');
INSERT INTO [HoTroCovid].[dbo].[CaNhan] (ID, HoTen, GioiTinh, NgaySinh, CMND, SinhNam) VALUES ('9c1e48b2-be62-4ded-8cc6-e36d056f4cbf', N'Nguyễn Thị Tuyết', NULL, '1969-11-30', '211172522', 1969);
INSERT INTO [HoTroCovid].[dbo].[CaNhan_DoanhNghiep] (ID, IDDoanhNghiep, IDCaNhan, IDDoiTuong, NgheNghiep, DaTra50) VALUES ('366514a3-c500-4e18-bfb2-e990f826fbb0', 'e49841c9-785e-405e-9bf6-c9e9638c10e4', '9c1e48b2-be62-4ded-8cc6-e36d056f4cbf', NULL, N'Ca phó ĐH', null);
INSERT INTO [HoTroCovid].[dbo].[ThongTinHoTro] (ID, IDNoiDung, IDDoiTuong, IDCaNhan) VALUES ('d236d4cb-f343-4a0c-97b6-24f78299dd16', 1, NULL, '9c1e48b2-be62-4ded-8cc6-e36d056f4cbf');
INSERT INTO [HoTroCovid].[dbo].[HoSo] (ID, IDCaNhan, IDNoiDungHoTro, IDDoiTuong, SoThang, SoTien, ThanhTien, IDThongTinHoTro, DaChi, NguoiTao) VALUES ('b6dae6fd-896f-41a6-9aa8-77b043495e75', '9c1e48b2-be62-4ded-8cc6-e36d056f4cbf', 1, NULL, 3, 1800000, 5400000, 'd236d4cb-f343-4a0c-97b6-24f78299dd16', 0, 'solaodong');
INSERT INTO [HoTroCovid].[dbo].[CaNhan] (ID, HoTen, GioiTinh, NgaySinh, CMND, SinhNam) VALUES ('3fa887ff-98e3-4649-9c16-d640b6692858', N'Nguyễn Thị Sinh', NULL, '1980-09-27', '211674410', 1980);
INSERT INTO [HoTroCovid].[dbo].[CaNhan_DoanhNghiep] (ID, IDDoanhNghiep, IDCaNhan, IDDoiTuong, NgheNghiep, DaTra50) VALUES ('06acb300-bd9f-4a59-a883-b6b3f124deb6', 'e49841c9-785e-405e-9bf6-c9e9638c10e4', '3fa887ff-98e3-4649-9c16-d640b6692858', NULL, N'N/viên Ban KSNB', null);
INSERT INTO [HoTroCovid].[dbo].[ThongTinHoTro] (ID, IDNoiDung, IDDoiTuong, IDCaNhan) VALUES ('56805aa1-353c-4fd1-8e75-f785c6d8ee08', 1, NULL, '3fa887ff-98e3-4649-9c16-d640b6692858');
INSERT INTO [HoTroCovid].[dbo].[HoSo] (ID, IDCaNhan, IDNoiDungHoTro, IDDoiTuong, SoThang, SoTien, ThanhTien, IDThongTinHoTro, DaChi, NguoiTao) VALUES ('aea685cc-a3bc-41cc-b8d7-6d060fef63ff', '3fa887ff-98e3-4649-9c16-d640b6692858', 1, NULL, 3, 1800000, 5400000, '56805aa1-353c-4fd1-8e75-f785c6d8ee08', 0, 'solaodong');
INSERT INTO [HoTroCovid].[dbo].[CaNhan] (ID, HoTen, GioiTinh, NgaySinh, CMND, SinhNam) VALUES ('820791d0-158e-4829-86ed-3dafbbe10773', N'Nguyễn Tấn Toàn', 1, '1992-06-12', '215301839', 1992);
INSERT INTO [HoTroCovid].[dbo].[CaNhan_DoanhNghiep] (ID, IDDoanhNghiep, IDCaNhan, IDDoiTuong, NgheNghiep, DaTra50) VALUES ('873792ec-a974-414b-b7bd-aee36e0c4e55', 'e49841c9-785e-405e-9bf6-c9e9638c10e4', '820791d0-158e-4829-86ed-3dafbbe10773', NULL, N'N/viên thử việc KCS', null);
INSERT INTO [HoTroCovid].[dbo].[ThongTinHoTro] (ID, IDNoiDung, IDDoiTuong, IDCaNhan) VALUES ('6d6e9124-eada-4f64-8c1d-e6402bf98b41', 1, NULL, '820791d0-158e-4829-86ed-3dafbbe10773');
INSERT INTO [HoTroCovid].[dbo].[HoSo] (ID, IDCaNhan, IDNoiDungHoTro, IDDoiTuong, SoThang, SoTien, ThanhTien, IDThongTinHoTro, DaChi, NguoiTao) VALUES ('142ff6db-9a1c-4f4f-b0c7-511693258da6', '820791d0-158e-4829-86ed-3dafbbe10773', 1, NULL, 3, 1800000, 5400000, '6d6e9124-eada-4f64-8c1d-e6402bf98b41', 0, 'solaodong');
INSERT INTO [HoTroCovid].[dbo].[CaNhan] (ID, HoTen, GioiTinh, NgaySinh, CMND, SinhNam) VALUES ('0a430c52-4f23-4e5b-bf8c-96f06eba7371', N'Nguyễn Văn Mẫn', 1, '1958-12-11', '210332208', 1958);
INSERT INTO [HoTroCovid].[dbo].[CaNhan_DoanhNghiep] (ID, IDDoanhNghiep, IDCaNhan, IDDoiTuong, NgheNghiep, DaTra50) VALUES ('0d9baf79-05d1-49de-b458-832337085859', 'e49841c9-785e-405e-9bf6-c9e9638c10e4', '0a430c52-4f23-4e5b-bf8c-96f06eba7371', NULL, N'Tổ trưởng bảo vệ', null);
INSERT INTO [HoTroCovid].[dbo].[ThongTinHoTro] (ID, IDNoiDung, IDDoiTuong, IDCaNhan) VALUES ('d0775f10-99d6-4d3b-93d0-5f9d2d6ea373', 1, NULL, '0a430c52-4f23-4e5b-bf8c-96f06eba7371');
INSERT INTO [HoTroCovid].[dbo].[HoSo] (ID, IDCaNhan, IDNoiDungHoTro, IDDoiTuong, SoThang, SoTien, ThanhTien, IDThongTinHoTro, DaChi, NguoiTao) VALUES ('bb48ed2b-172c-4fe1-8c13-79bc6b44d25a', '0a430c52-4f23-4e5b-bf8c-96f06eba7371', 1, NULL, 3, 1800000, 5400000, 'd0775f10-99d6-4d3b-93d0-5f9d2d6ea373', 0, 'solaodong');
INSERT INTO [HoTroCovid].[dbo].[CaNhan] (ID, HoTen, GioiTinh, NgaySinh, CMND, SinhNam) VALUES ('1092dae4-3082-4f3e-ad39-ca2445b5dbfd', N'Hồ Hồng Vy', NULL, '1990-06-28', '215081088', 1990);
INSERT INTO [HoTroCovid].[dbo].[CaNhan_DoanhNghiep] (ID, IDDoanhNghiep, IDCaNhan, IDDoiTuong, NgheNghiep, DaTra50) VALUES ('68badfb2-2c7b-49d4-a52b-c3bec7c7fbab', 'e49841c9-785e-405e-9bf6-c9e9638c10e4', '1092dae4-3082-4f3e-ad39-ca2445b5dbfd', NULL, N'N/viên KD', null);
INSERT INTO [HoTroCovid].[dbo].[ThongTinHoTro] (ID, IDNoiDung, IDDoiTuong, IDCaNhan) VALUES ('953ced3e-d9c5-4d36-a435-a56b1be34f1a', 1, NULL, '1092dae4-3082-4f3e-ad39-ca2445b5dbfd');
INSERT INTO [HoTroCovid].[dbo].[HoSo] (ID, IDCaNhan, IDNoiDungHoTro, IDDoiTuong, SoThang, SoTien, ThanhTien, IDThongTinHoTro, DaChi, NguoiTao) VALUES ('8253205f-7329-4931-b2cd-c5cc2d941694', '1092dae4-3082-4f3e-ad39-ca2445b5dbfd', 1, NULL, 3, 1800000, 5400000, '953ced3e-d9c5-4d36-a435-a56b1be34f1a', 0, 'solaodong');
INSERT INTO [HoTroCovid].[dbo].[CaNhan] (ID, HoTen, GioiTinh, NgaySinh, CMND, SinhNam) VALUES ('039d495e-f212-443c-9e2c-4af9750d78a2', N'Võ Tùng Lâm', 1, '1982-06-23', '211828569', 1982);
INSERT INTO [HoTroCovid].[dbo].[CaNhan_DoanhNghiep] (ID, IDDoanhNghiep, IDCaNhan, IDDoiTuong, NgheNghiep, DaTra50) VALUES ('16167773-f209-4dcb-8d69-64adc14e5673', 'e49841c9-785e-405e-9bf6-c9e9638c10e4', '039d495e-f212-443c-9e2c-4af9750d78a2', NULL, N'C/nhân CĐL', null);
INSERT INTO [HoTroCovid].[dbo].[ThongTinHoTro] (ID, IDNoiDung, IDDoiTuong, IDCaNhan) VALUES ('3bfaea67-7a96-4162-aa32-18d709fd6803', 1, NULL, '039d495e-f212-443c-9e2c-4af9750d78a2');
INSERT INTO [HoTroCovid].[dbo].[HoSo] (ID, IDCaNhan, IDNoiDungHoTro, IDDoiTuong, SoThang, SoTien, ThanhTien, IDThongTinHoTro, DaChi, NguoiTao) VALUES ('0df6d617-8217-45e7-a8f6-33429cff9fa0', '039d495e-f212-443c-9e2c-4af9750d78a2', 1, NULL, 3, 1800000, 5400000, '3bfaea67-7a96-4162-aa32-18d709fd6803', 0, 'solaodong');
INSERT INTO [HoTroCovid].[dbo].[CaNhan] (ID, HoTen, GioiTinh, NgaySinh, CMND, SinhNam) VALUES ('0cd6e07f-4fec-41d6-a2fc-174f1e5f74a7', N'Phan Trương Thanh Trà', NULL, '1995-06-11', '215303027', 1995);
INSERT INTO [HoTroCovid].[dbo].[CaNhan_DoanhNghiep] (ID, IDDoanhNghiep, IDCaNhan, IDDoiTuong, NgheNghiep, DaTra50) VALUES ('3659b72d-8758-4d0a-b35f-faa967bc8052', 'e49841c9-785e-405e-9bf6-c9e9638c10e4', '0cd6e07f-4fec-41d6-a2fc-174f1e5f74a7', NULL, N'N/viên KD', null);
INSERT INTO [HoTroCovid].[dbo].[ThongTinHoTro] (ID, IDNoiDung, IDDoiTuong, IDCaNhan) VALUES ('dd837465-bc0c-4e95-b871-a46f3b6a9620', 1, NULL, '0cd6e07f-4fec-41d6-a2fc-174f1e5f74a7');
INSERT INTO [HoTroCovid].[dbo].[HoSo] (ID, IDCaNhan, IDNoiDungHoTro, IDDoiTuong, SoThang, SoTien, ThanhTien, IDThongTinHoTro, DaChi, NguoiTao) VALUES ('8a958c83-2bd0-4647-b0b0-6067b52e1753', '0cd6e07f-4fec-41d6-a2fc-174f1e5f74a7', 1, NULL, 3, 1800000, 5400000, 'dd837465-bc0c-4e95-b871-a46f3b6a9620', 0, 'solaodong');
INSERT INTO [HoTroCovid].[dbo].[CaNhan] (ID, HoTen, GioiTinh, NgaySinh, CMND, SinhNam) VALUES ('5054ca12-63d2-4cae-b9b1-23d6b7a488d9', N'Đoàn Thanh Trung', 1, '1991-02-01', '215131557', 1991);
INSERT INTO [HoTroCovid].[dbo].[CaNhan_DoanhNghiep] (ID, IDDoanhNghiep, IDCaNhan, IDDoiTuong, NgheNghiep, DaTra50) VALUES ('66a31c0b-3c7a-4a99-912f-c4359bff512d', 'e49841c9-785e-405e-9bf6-c9e9638c10e4', '5054ca12-63d2-4cae-b9b1-23d6b7a488d9', NULL, N'CNCBHSĐL', null);
INSERT INTO [HoTroCovid].[dbo].[ThongTinHoTro] (ID, IDNoiDung, IDDoiTuong, IDCaNhan) VALUES ('d691f3bb-1de9-446e-b159-d449c815e32b', 1, NULL, '5054ca12-63d2-4cae-b9b1-23d6b7a488d9');
INSERT INTO [HoTroCovid].[dbo].[HoSo] (ID, IDCaNhan, IDNoiDungHoTro, IDDoiTuong, SoThang, SoTien, ThanhTien, IDThongTinHoTro, DaChi, NguoiTao) VALUES ('40de6e9b-83f0-4c9e-8a1c-3da835ab8c39', '5054ca12-63d2-4cae-b9b1-23d6b7a488d9', 1, NULL, 3, 1800000, 5400000, 'd691f3bb-1de9-446e-b159-d449c815e32b', 0, 'solaodong');
INSERT INTO [HoTroCovid].[dbo].[CaNhan] (ID, HoTen, GioiTinh, NgaySinh, CMND, SinhNam) VALUES ('199443fd-36b1-443a-bcea-4f129c51cc60', N'Lê Văn Quý', 1, '1964-10-10', '210913369', 1964);
INSERT INTO [HoTroCovid].[dbo].[CaNhan_DoanhNghiep] (ID, IDDoanhNghiep, IDCaNhan, IDDoiTuong, NgheNghiep, DaTra50) VALUES ('fed88305-b5ff-430b-a3a4-e83cfe64ba13', 'e49841c9-785e-405e-9bf6-c9e9638c10e4', '199443fd-36b1-443a-bcea-4f129c51cc60', NULL, N'Phó Giám đốc Cty', null);
INSERT INTO [HoTroCovid].[dbo].[ThongTinHoTro] (ID, IDNoiDung, IDDoiTuong, IDCaNhan) VALUES ('cc41c42c-bc69-40ab-8757-91775fed5743', 1, NULL, '199443fd-36b1-443a-bcea-4f129c51cc60');
INSERT INTO [HoTroCovid].[dbo].[HoSo] (ID, IDCaNhan, IDNoiDungHoTro, IDDoiTuong, SoThang, SoTien, ThanhTien, IDThongTinHoTro, DaChi, NguoiTao) VALUES ('f07bcdda-2d46-427d-93a9-43b4f0858d55', '199443fd-36b1-443a-bcea-4f129c51cc60', 1, NULL, 3, 1800000, 5400000, 'cc41c42c-bc69-40ab-8757-91775fed5743', 0, 'solaodong');
INSERT INTO [HoTroCovid].[dbo].[CaNhan] (ID, HoTen, GioiTinh, NgaySinh, CMND, SinhNam) VALUES ('90aac901-e9b3-4432-aa73-e3f5fd163aa1', N'Nguyễn Tường Lân', 1, '1980-07-06', '211809345', 1980);
INSERT INTO [HoTroCovid].[dbo].[CaNhan_DoanhNghiep] (ID, IDDoanhNghiep, IDCaNhan, IDDoiTuong, NgheNghiep, DaTra50) VALUES ('15d6eed6-c84c-4146-884d-6291921d4ec0', 'e49841c9-785e-405e-9bf6-c9e9638c10e4', '90aac901-e9b3-4432-aa73-e3f5fd163aa1', NULL, N'C/nhân CĐL', null);
INSERT INTO [HoTroCovid].[dbo].[ThongTinHoTro] (ID, IDNoiDung, IDDoiTuong, IDCaNhan) VALUES ('f2a735c2-819a-40f9-8ba6-faaddb1a23f8', 1, NULL, '90aac901-e9b3-4432-aa73-e3f5fd163aa1');
INSERT INTO [HoTroCovid].[dbo].[HoSo] (ID, IDCaNhan, IDNoiDungHoTro, IDDoiTuong, SoThang, SoTien, ThanhTien, IDThongTinHoTro, DaChi, NguoiTao) VALUES ('e629cdba-1ec8-4cd3-975f-91b049fb32dd', '90aac901-e9b3-4432-aa73-e3f5fd163aa1', 1, NULL, 3, 1800000, 5400000, 'f2a735c2-819a-40f9-8ba6-faaddb1a23f8', 0, 'solaodong');
INSERT INTO [HoTroCovid].[dbo].[CaNhan] (ID, HoTen, GioiTinh, NgaySinh, CMND, SinhNam) VALUES ('0c860546-9a3f-48be-8243-019b7dfbd9db', N'Nguyễn Thị Hòa', NULL, '1981-10-30', '211753580', 1981);
INSERT INTO [HoTroCovid].[dbo].[CaNhan_DoanhNghiep] (ID, IDDoanhNghiep, IDCaNhan, IDDoiTuong, NgheNghiep, DaTra50) VALUES ('4d6f7b9f-caa2-48c2-bf0c-42075e5ed93f', 'e49841c9-785e-405e-9bf6-c9e9638c10e4', '0c860546-9a3f-48be-8243-019b7dfbd9db', NULL, N'Trưởng Bộ phận  BBVT', null);
INSERT INTO [HoTroCovid].[dbo].[ThongTinHoTro] (ID, IDNoiDung, IDDoiTuong, IDCaNhan) VALUES ('3990ac0a-75e3-4a8b-9020-110fe8d168b8', 1, NULL, '0c860546-9a3f-48be-8243-019b7dfbd9db');
INSERT INTO [HoTroCovid].[dbo].[HoSo] (ID, IDCaNhan, IDNoiDungHoTro, IDDoiTuong, SoThang, SoTien, ThanhTien, IDThongTinHoTro, DaChi, NguoiTao) VALUES ('bf59058e-59f1-4be1-8389-184a32dba2ef', '0c860546-9a3f-48be-8243-019b7dfbd9db', 1, NULL, 3, 1800000, 5400000, '3990ac0a-75e3-4a8b-9020-110fe8d168b8', 0, 'solaodong');
INSERT INTO [HoTroCovid].[dbo].[CaNhan] (ID, HoTen, GioiTinh, NgaySinh, CMND, SinhNam) VALUES ('c9dca7ef-496e-45f1-9b95-604cbd725e9a', N'Nguyễn Thị Thanh Bình', NULL, '1979-06-14', '211697458', 1979);
INSERT INTO [HoTroCovid].[dbo].[CaNhan_DoanhNghiep] (ID, IDDoanhNghiep, IDCaNhan, IDDoiTuong, NgheNghiep, DaTra50) VALUES ('939767ff-67ea-4ae9-aa39-24159c2734cf', 'e49841c9-785e-405e-9bf6-c9e9638c10e4', 'c9dca7ef-496e-45f1-9b95-604cbd725e9a', NULL, N'N/viên KT', null);
INSERT INTO [HoTroCovid].[dbo].[ThongTinHoTro] (ID, IDNoiDung, IDDoiTuong, IDCaNhan) VALUES ('d0bb38a1-34da-4f24-bf82-afc916e9dcb2', 1, NULL, 'c9dca7ef-496e-45f1-9b95-604cbd725e9a');
INSERT INTO [HoTroCovid].[dbo].[HoSo] (ID, IDCaNhan, IDNoiDungHoTro, IDDoiTuong, SoThang, SoTien, ThanhTien, IDThongTinHoTro, DaChi, NguoiTao) VALUES ('4a813a89-f142-42a3-99dc-5144ef35e2f4', 'c9dca7ef-496e-45f1-9b95-604cbd725e9a', 1, NULL, 3, 1800000, 5400000, 'd0bb38a1-34da-4f24-bf82-afc916e9dcb2', 0, 'solaodong');
INSERT INTO [HoTroCovid].[dbo].[CaNhan] (ID, HoTen, GioiTinh, NgaySinh, CMND, SinhNam) VALUES ('da6697b5-bc0f-480a-8d97-d34c4aa2a866', N'Lê Thị Xuyên', NULL, '1971-05-10', '171563555', 1971);
INSERT INTO [HoTroCovid].[dbo].[CaNhan_DoanhNghiep] (ID, IDDoanhNghiep, IDCaNhan, IDDoiTuong, NgheNghiep, DaTra50) VALUES ('ea9c7f23-5366-4a9b-b932-7153d498fc21', 'e49841c9-785e-405e-9bf6-c9e9638c10e4', 'da6697b5-bc0f-480a-8d97-d34c4aa2a866', NULL, N'N/viên cấp dưỡng', null);
INSERT INTO [HoTroCovid].[dbo].[ThongTinHoTro] (ID, IDNoiDung, IDDoiTuong, IDCaNhan) VALUES ('bb63352e-26ef-4a68-bd40-dda90e7714b1', 1, NULL, 'da6697b5-bc0f-480a-8d97-d34c4aa2a866');
INSERT INTO [HoTroCovid].[dbo].[HoSo] (ID, IDCaNhan, IDNoiDungHoTro, IDDoiTuong, SoThang, SoTien, ThanhTien, IDThongTinHoTro, DaChi, NguoiTao) VALUES ('d99be1da-59bd-4397-b17d-e2f4691b5751', 'da6697b5-bc0f-480a-8d97-d34c4aa2a866', 1, NULL, 3, 1800000, 5400000, 'bb63352e-26ef-4a68-bd40-dda90e7714b1', 0, 'solaodong');
INSERT INTO [HoTroCovid].[dbo].[CaNhan] (ID, HoTen, GioiTinh, NgaySinh, CMND, SinhNam) VALUES ('5045a941-5752-4fd6-9441-a96f926b0247', N'Đồng Thanh Hưng', 1, '1990-08-20', '215086681', 1990);
INSERT INTO [HoTroCovid].[dbo].[CaNhan_DoanhNghiep] (ID, IDDoanhNghiep, IDCaNhan, IDDoiTuong, NgheNghiep, DaTra50) VALUES ('19a7a45b-6048-4d91-9b74-0c9545469b16', 'e49841c9-785e-405e-9bf6-c9e9638c10e4', '5045a941-5752-4fd6-9441-a96f926b0247', NULL, N'CN kho lạnh', null);
INSERT INTO [HoTroCovid].[dbo].[ThongTinHoTro] (ID, IDNoiDung, IDDoiTuong, IDCaNhan) VALUES ('c7960c97-b405-48ef-a3c9-8fa058b8d613', 1, NULL, '5045a941-5752-4fd6-9441-a96f926b0247');
INSERT INTO [HoTroCovid].[dbo].[HoSo] (ID, IDCaNhan, IDNoiDungHoTro, IDDoiTuong, SoThang, SoTien, ThanhTien, IDThongTinHoTro, DaChi, NguoiTao) VALUES ('9216c9ed-15d8-41e1-ac2b-c0544cc1437b', '5045a941-5752-4fd6-9441-a96f926b0247', 1, NULL, 3, 1800000, 5400000, 'c7960c97-b405-48ef-a3c9-8fa058b8d613', 0, 'solaodong');
INSERT INTO [HoTroCovid].[dbo].[CaNhan] (ID, HoTen, GioiTinh, NgaySinh, CMND, SinhNam) VALUES ('5594a63c-1b2e-4220-b2fc-4731a2dae5a3', N'Huỳnh Thị Thu Thủy', NULL, '1992-12-10', '215225433', 1992);
INSERT INTO [HoTroCovid].[dbo].[CaNhan_DoanhNghiep] (ID, IDDoanhNghiep, IDCaNhan, IDDoiTuong, NgheNghiep, DaTra50) VALUES ('d30485c7-b06b-4524-ae4a-fdfa0b35d7eb', 'e49841c9-785e-405e-9bf6-c9e9638c10e4', '5594a63c-1b2e-4220-b2fc-4731a2dae5a3', NULL, N'N/v Thống kê kho', null);
INSERT INTO [HoTroCovid].[dbo].[ThongTinHoTro] (ID, IDNoiDung, IDDoiTuong, IDCaNhan) VALUES ('760b57cc-14c6-4799-8bad-dc21b35b02f6', 1, NULL, '5594a63c-1b2e-4220-b2fc-4731a2dae5a3');
INSERT INTO [HoTroCovid].[dbo].[HoSo] (ID, IDCaNhan, IDNoiDungHoTro, IDDoiTuong, SoThang, SoTien, ThanhTien, IDThongTinHoTro, DaChi, NguoiTao) VALUES ('ec7397fb-0c52-4c8c-bfe3-75c51c34a1f7', '5594a63c-1b2e-4220-b2fc-4731a2dae5a3', 1, NULL, 3, 1800000, 5400000, '760b57cc-14c6-4799-8bad-dc21b35b02f6', 0, 'solaodong');
INSERT INTO [HoTroCovid].[dbo].[CaNhan] (ID, HoTen, GioiTinh, NgaySinh, CMND, SinhNam) VALUES ('5f5e2ce1-c52b-4c01-876c-0341712a769f', N'Nguyễn Đình Sỹ', 1, '1966-05-02', '210985417', 1966);
INSERT INTO [HoTroCovid].[dbo].[CaNhan_DoanhNghiep] (ID, IDDoanhNghiep, IDCaNhan, IDDoiTuong, NgheNghiep, DaTra50) VALUES ('ef11d11e-40f4-42f9-a832-22d32f63416a', 'e49841c9-785e-405e-9bf6-c9e9638c10e4', '5f5e2ce1-c52b-4c01-876c-0341712a769f', NULL, N'N/viên bảo vệ', null);
INSERT INTO [HoTroCovid].[dbo].[ThongTinHoTro] (ID, IDNoiDung, IDDoiTuong, IDCaNhan) VALUES ('3a3055cf-4439-4989-be52-34041c1711fe', 1, NULL, '5f5e2ce1-c52b-4c01-876c-0341712a769f');
INSERT INTO [HoTroCovid].[dbo].[HoSo] (ID, IDCaNhan, IDNoiDungHoTro, IDDoiTuong, SoThang, SoTien, ThanhTien, IDThongTinHoTro, DaChi, NguoiTao) VALUES ('f6776f19-af77-4dd3-b7c8-cb2c5db96301', '5f5e2ce1-c52b-4c01-876c-0341712a769f', 1, NULL, 3, 1800000, 5400000, '3a3055cf-4439-4989-be52-34041c1711fe', 0, 'solaodong');
INSERT INTO [HoTroCovid].[dbo].[CaNhan] (ID, HoTen, GioiTinh, NgaySinh, CMND, SinhNam) VALUES ('f53980c1-05be-4b82-88c7-c79e79e87173', N'Lê Thị Như Sương', NULL, '1980-08-28', '211706930', 1980);
INSERT INTO [HoTroCovid].[dbo].[CaNhan_DoanhNghiep] (ID, IDDoanhNghiep, IDCaNhan, IDDoiTuong, NgheNghiep, DaTra50) VALUES ('cb66099c-e067-47b0-b95c-2b23d59081aa', 'e49841c9-785e-405e-9bf6-c9e9638c10e4', 'f53980c1-05be-4b82-88c7-c79e79e87173', NULL, N'Phó P. KD', null);
INSERT INTO [HoTroCovid].[dbo].[ThongTinHoTro] (ID, IDNoiDung, IDDoiTuong, IDCaNhan) VALUES ('dd5677b6-0b58-408d-838f-0975731fb690', 1, NULL, 'f53980c1-05be-4b82-88c7-c79e79e87173');
INSERT INTO [HoTroCovid].[dbo].[HoSo] (ID, IDCaNhan, IDNoiDungHoTro, IDDoiTuong, SoThang, SoTien, ThanhTien, IDThongTinHoTro, DaChi, NguoiTao) VALUES ('75eab3fd-989f-46c4-bb8c-335fff9c9802', 'f53980c1-05be-4b82-88c7-c79e79e87173', 1, NULL, 3, 1800000, 5400000, 'dd5677b6-0b58-408d-838f-0975731fb690', 0, 'solaodong');
INSERT INTO [HoTroCovid].[dbo].[CaNhan] (ID, HoTen, GioiTinh, NgaySinh, CMND, SinhNam) VALUES ('b3e1a7cc-3567-4ab1-a93d-130093afee8d', N'Trần Hữu Nghĩa', 1, '1997-08-19', '215398081', 1997);
INSERT INTO [HoTroCovid].[dbo].[CaNhan_DoanhNghiep] (ID, IDDoanhNghiep, IDCaNhan, IDDoiTuong, NgheNghiep, DaTra50) VALUES ('74fce2c1-4366-408e-b884-3dfbadbeacb0', 'e49841c9-785e-405e-9bf6-c9e9638c10e4', 'b3e1a7cc-3567-4ab1-a93d-130093afee8d', NULL, N'C/nhân CĐL', null);
INSERT INTO [HoTroCovid].[dbo].[ThongTinHoTro] (ID, IDNoiDung, IDDoiTuong, IDCaNhan) VALUES ('76c78053-19e9-4752-aecf-06e0c438facd', 1, NULL, 'b3e1a7cc-3567-4ab1-a93d-130093afee8d');
INSERT INTO [HoTroCovid].[dbo].[HoSo] (ID, IDCaNhan, IDNoiDungHoTro, IDDoiTuong, SoThang, SoTien, ThanhTien, IDThongTinHoTro, DaChi, NguoiTao) VALUES ('b8f1f403-6429-419f-aee0-4d233c32fc2d', 'b3e1a7cc-3567-4ab1-a93d-130093afee8d', 1, NULL, 3, 1800000, 5400000, '76c78053-19e9-4752-aecf-06e0c438facd', 0, 'solaodong');
INSERT INTO [HoTroCovid].[dbo].[CaNhan] (ID, HoTen, GioiTinh, NgaySinh, CMND, SinhNam) VALUES ('9a439b9e-8a20-4666-a56d-4bb969bb6d58', N'Nguyễn Văn Minh', 1, '1974-08-08', '211515453', 1974);
INSERT INTO [HoTroCovid].[dbo].[CaNhan_DoanhNghiep] (ID, IDDoanhNghiep, IDCaNhan, IDDoiTuong, NgheNghiep, DaTra50) VALUES ('9689ab93-a563-4a3a-a003-27b14de9a489', 'e49841c9-785e-405e-9bf6-c9e9638c10e4', '9a439b9e-8a20-4666-a56d-4bb969bb6d58', NULL, N'Tổ phó Kho lạnh', null);
INSERT INTO [HoTroCovid].[dbo].[ThongTinHoTro] (ID, IDNoiDung, IDDoiTuong, IDCaNhan) VALUES ('e602f519-4410-4b48-b02e-9b5341df3bb4', 1, NULL, '9a439b9e-8a20-4666-a56d-4bb969bb6d58');
INSERT INTO [HoTroCovid].[dbo].[HoSo] (ID, IDCaNhan, IDNoiDungHoTro, IDDoiTuong, SoThang, SoTien, ThanhTien, IDThongTinHoTro, DaChi, NguoiTao) VALUES ('e7c4057c-f314-47c8-a5e8-4fc9ed7f74d7', '9a439b9e-8a20-4666-a56d-4bb969bb6d58', 1, NULL, 3, 1800000, 5400000, 'e602f519-4410-4b48-b02e-9b5341df3bb4', 0, 'solaodong');
INSERT INTO [HoTroCovid].[dbo].[CaNhan] (ID, HoTen, GioiTinh, NgaySinh, CMND, SinhNam) VALUES ('b49cf507-d1d2-42f4-8b4f-0f62879ba435', N'Đặng Văn Thuận', 1, '1988-02-05', '215018669', 1988);
INSERT INTO [HoTroCovid].[dbo].[CaNhan_DoanhNghiep] (ID, IDDoanhNghiep, IDCaNhan, IDDoiTuong, NgheNghiep, DaTra50) VALUES ('1c63b63d-3bce-4a17-ac08-f04fb66db527', 'e49841c9-785e-405e-9bf6-c9e9638c10e4', 'b49cf507-d1d2-42f4-8b4f-0f62879ba435', NULL, N'CN CP BBVT', null);
INSERT INTO [HoTroCovid].[dbo].[ThongTinHoTro] (ID, IDNoiDung, IDDoiTuong, IDCaNhan) VALUES ('55445a47-e123-4509-8284-343e203ca8ee', 1, NULL, 'b49cf507-d1d2-42f4-8b4f-0f62879ba435');
INSERT INTO [HoTroCovid].[dbo].[HoSo] (ID, IDCaNhan, IDNoiDungHoTro, IDDoiTuong, SoThang, SoTien, ThanhTien, IDThongTinHoTro, DaChi, NguoiTao) VALUES ('85ba84fa-503e-48ce-8eb6-18585debe413', 'b49cf507-d1d2-42f4-8b4f-0f62879ba435', 1, NULL, 3, 1800000, 5400000, '55445a47-e123-4509-8284-343e203ca8ee', 0, 'solaodong');
INSERT INTO [HoTroCovid].[dbo].[CaNhan] (ID, HoTen, GioiTinh, NgaySinh, CMND, SinhNam) VALUES ('43d634c4-40da-4d2f-9947-dd2776b49544', N'Lê Hữu Thịnh', 1, '1987-04-02', '215089929', 1987);
INSERT INTO [HoTroCovid].[dbo].[CaNhan_DoanhNghiep] (ID, IDDoanhNghiep, IDCaNhan, IDDoiTuong, NgheNghiep, DaTra50) VALUES ('ad66f665-66c8-497a-97db-54ad0bbd9134', 'e49841c9-785e-405e-9bf6-c9e9638c10e4', '43d634c4-40da-4d2f-9947-dd2776b49544', NULL, N'Thủ kho VT', null);
INSERT INTO [HoTroCovid].[dbo].[ThongTinHoTro] (ID, IDNoiDung, IDDoiTuong, IDCaNhan) VALUES ('c9bd2cd5-9ea6-475a-bdb0-e70777320803', 1, NULL, '43d634c4-40da-4d2f-9947-dd2776b49544');
INSERT INTO [HoTroCovid].[dbo].[HoSo] (ID, IDCaNhan, IDNoiDungHoTro, IDDoiTuong, SoThang, SoTien, ThanhTien, IDThongTinHoTro, DaChi, NguoiTao) VALUES ('70516e1f-80d4-46d1-9f84-81ed444e99ce', '43d634c4-40da-4d2f-9947-dd2776b49544', 1, NULL, 3, 1800000, 5400000, 'c9bd2cd5-9ea6-475a-bdb0-e70777320803', 0, 'solaodong');
INSERT INTO [HoTroCovid].[dbo].[CaNhan] (ID, HoTen, GioiTinh, NgaySinh, CMND, SinhNam) VALUES ('c9991141-0241-40e5-a218-547e9c951a9b', N'Huỳnh Văn Hoan', 1, '1981-08-02', '211701329', 1981);
INSERT INTO [HoTroCovid].[dbo].[CaNhan_DoanhNghiep] (ID, IDDoanhNghiep, IDCaNhan, IDDoiTuong, NgheNghiep, DaTra50) VALUES ('10878fcc-cc37-4c9a-b336-aded2d5ca028', 'e49841c9-785e-405e-9bf6-c9e9638c10e4', 'c9991141-0241-40e5-a218-547e9c951a9b', NULL, N'Tổ phó Cưa', null);
INSERT INTO [HoTroCovid].[dbo].[ThongTinHoTro] (ID, IDNoiDung, IDDoiTuong, IDCaNhan) VALUES ('f0da744b-78c8-46ce-8ab6-ab4210beb3ab', 1, NULL, 'c9991141-0241-40e5-a218-547e9c951a9b');
INSERT INTO [HoTroCovid].[dbo].[HoSo] (ID, IDCaNhan, IDNoiDungHoTro, IDDoiTuong, SoThang, SoTien, ThanhTien, IDThongTinHoTro, DaChi, NguoiTao) VALUES ('c16cb477-2996-4682-a49d-1f4c2254a93f', 'c9991141-0241-40e5-a218-547e9c951a9b', 1, NULL, 3, 1800000, 5400000, 'f0da744b-78c8-46ce-8ab6-ab4210beb3ab', 0, 'solaodong');
INSERT INTO [HoTroCovid].[dbo].[CaNhan] (ID, HoTen, GioiTinh, NgaySinh, CMND, SinhNam) VALUES ('83d6c727-2dec-4e6a-841f-ddb362af83b2', N'Nguyễn Thái Dân', 1, '1986-12-08', '215021355', 1986);
INSERT INTO [HoTroCovid].[dbo].[CaNhan_DoanhNghiep] (ID, IDDoanhNghiep, IDCaNhan, IDDoiTuong, NgheNghiep, DaTra50) VALUES ('d460805d-7e81-4c99-9fdf-526319e2fbee', 'e49841c9-785e-405e-9bf6-c9e9638c10e4', '83d6c727-2dec-4e6a-841f-ddb362af83b2', NULL, N'N/v Thống kê kho', null);
INSERT INTO [HoTroCovid].[dbo].[ThongTinHoTro] (ID, IDNoiDung, IDDoiTuong, IDCaNhan) VALUES ('35a6590f-d5af-4dbd-9a08-4421ea91db90', 1, NULL, '83d6c727-2dec-4e6a-841f-ddb362af83b2');
INSERT INTO [HoTroCovid].[dbo].[HoSo] (ID, IDCaNhan, IDNoiDungHoTro, IDDoiTuong, SoThang, SoTien, ThanhTien, IDThongTinHoTro, DaChi, NguoiTao) VALUES ('052ca9a3-347d-4f5f-be07-759659e7e744', '83d6c727-2dec-4e6a-841f-ddb362af83b2', 1, NULL, 3, 1800000, 5400000, '35a6590f-d5af-4dbd-9a08-4421ea91db90', 0, 'solaodong');
INSERT INTO [HoTroCovid].[dbo].[CaNhan] (ID, HoTen, GioiTinh, NgaySinh, CMND, SinhNam) VALUES ('ca6f1982-1e53-4a68-8ac7-fc44bd955f00', N'Phạm Thị Khoa', NULL, '1982-04-20', '211776855', 1982);
INSERT INTO [HoTroCovid].[dbo].[CaNhan_DoanhNghiep] (ID, IDDoanhNghiep, IDCaNhan, IDDoiTuong, NgheNghiep, DaTra50) VALUES ('c044e6c1-efc0-48ce-9e91-1db65093647d', 'e49841c9-785e-405e-9bf6-c9e9638c10e4', 'ca6f1982-1e53-4a68-8ac7-fc44bd955f00', NULL, N'N/viên KT', null);
INSERT INTO [HoTroCovid].[dbo].[ThongTinHoTro] (ID, IDNoiDung, IDDoiTuong, IDCaNhan) VALUES ('358c7461-3243-4192-b89e-1ae4bf547f6c', 1, NULL, 'ca6f1982-1e53-4a68-8ac7-fc44bd955f00');
INSERT INTO [HoTroCovid].[dbo].[HoSo] (ID, IDCaNhan, IDNoiDungHoTro, IDDoiTuong, SoThang, SoTien, ThanhTien, IDThongTinHoTro, DaChi, NguoiTao) VALUES ('0dd04b1e-efbc-46ed-b2b5-417031d77cea', 'ca6f1982-1e53-4a68-8ac7-fc44bd955f00', 1, NULL, 3, 1800000, 5400000, '358c7461-3243-4192-b89e-1ae4bf547f6c', 0, 'solaodong');
INSERT INTO [HoTroCovid].[dbo].[CaNhan] (ID, HoTen, GioiTinh, NgaySinh, CMND, SinhNam) VALUES ('77dc81d2-0d0f-4e77-9e03-e71844caebf2', N'Phạm Đình Thức', 1, '1995-11-16', '215414354', 1995);
INSERT INTO [HoTroCovid].[dbo].[CaNhan_DoanhNghiep] (ID, IDDoanhNghiep, IDCaNhan, IDDoiTuong, NgheNghiep, DaTra50) VALUES ('45d4cfc0-fdcb-4515-9329-d9f6b30f9790', 'e49841c9-785e-405e-9bf6-c9e9638c10e4', '77dc81d2-0d0f-4e77-9e03-e71844caebf2', NULL, N'CNCBHSĐL', null);
INSERT INTO [HoTroCovid].[dbo].[ThongTinHoTro] (ID, IDNoiDung, IDDoiTuong, IDCaNhan) VALUES ('4bef4977-44ef-4984-a564-b8d274af2772', 1, NULL, '77dc81d2-0d0f-4e77-9e03-e71844caebf2');
INSERT INTO [HoTroCovid].[dbo].[HoSo] (ID, IDCaNhan, IDNoiDungHoTro, IDDoiTuong, SoThang, SoTien, ThanhTien, IDThongTinHoTro, DaChi, NguoiTao) VALUES ('17b9051c-675f-44b7-acb7-992ee1c42c4e', '77dc81d2-0d0f-4e77-9e03-e71844caebf2', 1, NULL, 3, 1800000, 5400000, '4bef4977-44ef-4984-a564-b8d274af2772', 0, 'solaodong');
INSERT INTO [HoTroCovid].[dbo].[CaNhan] (ID, HoTen, GioiTinh, NgaySinh, CMND, SinhNam) VALUES ('7a92d292-2a62-497c-8bb3-0695ce0421d1', N'Nguyễn Văn Trí', 1, '1995-09-20', '215413850', 1995);
INSERT INTO [HoTroCovid].[dbo].[CaNhan_DoanhNghiep] (ID, IDDoanhNghiep, IDCaNhan, IDDoiTuong, NgheNghiep, DaTra50) VALUES ('1d1648bd-42ac-4552-9e4c-118c4ed01549', 'e49841c9-785e-405e-9bf6-c9e9638c10e4', '7a92d292-2a62-497c-8bb3-0695ce0421d1', NULL, N'CNCBHSĐL', null);
INSERT INTO [HoTroCovid].[dbo].[ThongTinHoTro] (ID, IDNoiDung, IDDoiTuong, IDCaNhan) VALUES ('ce86284c-8f65-422e-98af-ef0d810a814c', 1, NULL, '7a92d292-2a62-497c-8bb3-0695ce0421d1');
INSERT INTO [HoTroCovid].[dbo].[HoSo] (ID, IDCaNhan, IDNoiDungHoTro, IDDoiTuong, SoThang, SoTien, ThanhTien, IDThongTinHoTro, DaChi, NguoiTao) VALUES ('f25c1060-ee37-45e1-aa15-9deb3da8d791', '7a92d292-2a62-497c-8bb3-0695ce0421d1', 1, NULL, 3, 1800000, 5400000, 'ce86284c-8f65-422e-98af-ef0d810a814c', 0, 'solaodong');
INSERT INTO [HoTroCovid].[dbo].[CaNhan] (ID, HoTen, GioiTinh, NgaySinh, CMND, SinhNam) VALUES ('f1057516-c2d1-46a4-b12b-91c2a660c1a4', N'Nguyễn Thị Mỹ Nương', NULL, '1985-03-26', '211810878', 1985);
INSERT INTO [HoTroCovid].[dbo].[CaNhan_DoanhNghiep] (ID, IDDoanhNghiep, IDCaNhan, IDDoiTuong, NgheNghiep, DaTra50) VALUES ('179d6c37-fece-4b18-ad29-62fad51ba9cc', 'e49841c9-785e-405e-9bf6-c9e9638c10e4', 'f1057516-c2d1-46a4-b12b-91c2a660c1a4', NULL, N'Tổ phó CB3', null);
INSERT INTO [HoTroCovid].[dbo].[ThongTinHoTro] (ID, IDNoiDung, IDDoiTuong, IDCaNhan) VALUES ('6311f98e-4092-4ba2-b358-3e7afb241e36', 1, NULL, 'f1057516-c2d1-46a4-b12b-91c2a660c1a4');
INSERT INTO [HoTroCovid].[dbo].[HoSo] (ID, IDCaNhan, IDNoiDungHoTro, IDDoiTuong, SoThang, SoTien, ThanhTien, IDThongTinHoTro, DaChi, NguoiTao) VALUES ('e82faa3b-0ced-441c-859f-9e2b818ea3a5', 'f1057516-c2d1-46a4-b12b-91c2a660c1a4', 1, NULL, 3, 1800000, 5400000, '6311f98e-4092-4ba2-b358-3e7afb241e36', 0, 'solaodong');
INSERT INTO [HoTroCovid].[dbo].[CaNhan] (ID, HoTen, GioiTinh, NgaySinh, CMND, SinhNam) VALUES ('7452e142-c71a-45ae-994d-ca04dad17373', N'Thái Thị Mỹ Mai', NULL, '1973-04-12', '211413215', 1973);
INSERT INTO [HoTroCovid].[dbo].[CaNhan_DoanhNghiep] (ID, IDDoanhNghiep, IDCaNhan, IDDoiTuong, NgheNghiep, DaTra50) VALUES ('4fd6c690-057a-412e-adbe-f5e56db666e1', 'e49841c9-785e-405e-9bf6-c9e9638c10e4', '7452e142-c71a-45ae-994d-ca04dad17373', NULL, N'CNCBHSĐL', null);
INSERT INTO [HoTroCovid].[dbo].[ThongTinHoTro] (ID, IDNoiDung, IDDoiTuong, IDCaNhan) VALUES ('cadfb371-94ad-49c6-acf7-783aeeba6f24', 1, NULL, '7452e142-c71a-45ae-994d-ca04dad17373');
INSERT INTO [HoTroCovid].[dbo].[HoSo] (ID, IDCaNhan, IDNoiDungHoTro, IDDoiTuong, SoThang, SoTien, ThanhTien, IDThongTinHoTro, DaChi, NguoiTao) VALUES ('838c91cd-e4f7-4db4-93e0-13e8c248572d', '7452e142-c71a-45ae-994d-ca04dad17373', 1, NULL, 3, 1800000, 5400000, 'cadfb371-94ad-49c6-acf7-783aeeba6f24', 0, 'solaodong');
INSERT INTO [HoTroCovid].[dbo].[CaNhan] (ID, HoTen, GioiTinh, NgaySinh, CMND, SinhNam) VALUES ('212004b9-1d26-4fdd-bbbf-ab0a39a2de52', N'Trần Thị Luyến', NULL, '1993-02-26', '215252384', 1993);
INSERT INTO [HoTroCovid].[dbo].[CaNhan_DoanhNghiep] (ID, IDDoanhNghiep, IDCaNhan, IDDoiTuong, NgheNghiep, DaTra50) VALUES ('a589285b-9f40-434c-af80-e16207a6be8a', 'e49841c9-785e-405e-9bf6-c9e9638c10e4', '212004b9-1d26-4fdd-bbbf-ab0a39a2de52', NULL, N'CNCBHSĐL', null);
INSERT INTO [HoTroCovid].[dbo].[ThongTinHoTro] (ID, IDNoiDung, IDDoiTuong, IDCaNhan) VALUES ('4b45c29b-291b-4537-84a6-39d644d42125', 1, NULL, '212004b9-1d26-4fdd-bbbf-ab0a39a2de52');
INSERT INTO [HoTroCovid].[dbo].[HoSo] (ID, IDCaNhan, IDNoiDungHoTro, IDDoiTuong, SoThang, SoTien, ThanhTien, IDThongTinHoTro, DaChi, NguoiTao) VALUES ('24e29de6-e8b1-4a80-b0f9-34f96ff7adb2', '212004b9-1d26-4fdd-bbbf-ab0a39a2de52', 1, NULL, 3, 1800000, 5400000, '4b45c29b-291b-4537-84a6-39d644d42125', 0, 'solaodong');
INSERT INTO [HoTroCovid].[dbo].[CaNhan] (ID, HoTen, GioiTinh, NgaySinh, CMND, SinhNam) VALUES ('bb3963ad-7ae7-4ae3-a698-3ddaff6bc927', N'Đỗ Thị Huệ', NULL, '1990-04-12', '215078849', 1990);
INSERT INTO [HoTroCovid].[dbo].[CaNhan_DoanhNghiep] (ID, IDDoanhNghiep, IDCaNhan, IDDoiTuong, NgheNghiep, DaTra50) VALUES ('f0caf079-6428-469d-9da8-c6aac8feb055', 'e49841c9-785e-405e-9bf6-c9e9638c10e4', 'bb3963ad-7ae7-4ae3-a698-3ddaff6bc927', NULL, N'CNCBHSĐL', null);
INSERT INTO [HoTroCovid].[dbo].[ThongTinHoTro] (ID, IDNoiDung, IDDoiTuong, IDCaNhan) VALUES ('b85153a9-0712-4caa-a290-be8c2fc72c1a', 1, NULL, 'bb3963ad-7ae7-4ae3-a698-3ddaff6bc927');
INSERT INTO [HoTroCovid].[dbo].[HoSo] (ID, IDCaNhan, IDNoiDungHoTro, IDDoiTuong, SoThang, SoTien, ThanhTien, IDThongTinHoTro, DaChi, NguoiTao) VALUES ('c0c5eaae-6862-4c32-affa-b7925117881d', 'bb3963ad-7ae7-4ae3-a698-3ddaff6bc927', 1, NULL, 3, 1800000, 5400000, 'b85153a9-0712-4caa-a290-be8c2fc72c1a', 0, 'solaodong');
INSERT INTO [HoTroCovid].[dbo].[CaNhan] (ID, HoTen, GioiTinh, NgaySinh, CMND, SinhNam) VALUES ('7e1f0444-8fcb-40aa-b7f8-7d4a13fe8c62', N'Nguyễn Trọng Nguyên', 1, '1995-05-15', '215333273', 1995);
INSERT INTO [HoTroCovid].[dbo].[CaNhan_DoanhNghiep] (ID, IDDoanhNghiep, IDCaNhan, IDDoiTuong, NgheNghiep, DaTra50) VALUES ('55921833-9744-493f-a92a-fd7387d26838', 'e49841c9-785e-405e-9bf6-c9e9638c10e4', '7e1f0444-8fcb-40aa-b7f8-7d4a13fe8c62', NULL, N'CNCBHSĐL', null);
INSERT INTO [HoTroCovid].[dbo].[ThongTinHoTro] (ID, IDNoiDung, IDDoiTuong, IDCaNhan) VALUES ('c7e10987-1957-4f58-94cc-7797f4fe9f01', 1, NULL, '7e1f0444-8fcb-40aa-b7f8-7d4a13fe8c62');
INSERT INTO [HoTroCovid].[dbo].[HoSo] (ID, IDCaNhan, IDNoiDungHoTro, IDDoiTuong, SoThang, SoTien, ThanhTien, IDThongTinHoTro, DaChi, NguoiTao) VALUES ('42a9e4ff-1c84-4777-a200-4e638aadffb6', '7e1f0444-8fcb-40aa-b7f8-7d4a13fe8c62', 1, NULL, 3, 1800000, 5400000, 'c7e10987-1957-4f58-94cc-7797f4fe9f01', 0, 'solaodong');
INSERT INTO [HoTroCovid].[dbo].[CaNhan] (ID, HoTen, GioiTinh, NgaySinh, CMND, SinhNam) VALUES ('f41096eb-9fe2-4a9f-93a2-3c43d62e0c46', N'Ngô Thị Vân', NULL, '1993-11-20', '215376666', 1993);
INSERT INTO [HoTroCovid].[dbo].[CaNhan_DoanhNghiep] (ID, IDDoanhNghiep, IDCaNhan, IDDoiTuong, NgheNghiep, DaTra50) VALUES ('f1128126-7446-4e71-803a-33ff4096599e', 'e49841c9-785e-405e-9bf6-c9e9638c10e4', 'f41096eb-9fe2-4a9f-93a2-3c43d62e0c46', NULL, N'CNCBHSĐL', null);
INSERT INTO [HoTroCovid].[dbo].[ThongTinHoTro] (ID, IDNoiDung, IDDoiTuong, IDCaNhan) VALUES ('e72dc934-eb4b-4c01-9f80-173994d4fc37', 1, NULL, 'f41096eb-9fe2-4a9f-93a2-3c43d62e0c46');
INSERT INTO [HoTroCovid].[dbo].[HoSo] (ID, IDCaNhan, IDNoiDungHoTro, IDDoiTuong, SoThang, SoTien, ThanhTien, IDThongTinHoTro, DaChi, NguoiTao) VALUES ('18559527-076a-4432-9fee-8cb45feba269', 'f41096eb-9fe2-4a9f-93a2-3c43d62e0c46', 1, NULL, 3, 1800000, 5400000, 'e72dc934-eb4b-4c01-9f80-173994d4fc37', 0, 'solaodong');
INSERT INTO [HoTroCovid].[dbo].[CaNhan] (ID, HoTen, GioiTinh, NgaySinh, CMND, SinhNam) VALUES ('53005b50-1acf-4e47-8f7b-f634971e4f3d', N'Nguyễn Thị Hằng', NULL, '1983-03-11', '211797858', 1983);
INSERT INTO [HoTroCovid].[dbo].[CaNhan_DoanhNghiep] (ID, IDDoanhNghiep, IDCaNhan, IDDoiTuong, NgheNghiep, DaTra50) VALUES ('f631eb71-36b5-49ec-8dc5-1ce2dee9ac45', 'e49841c9-785e-405e-9bf6-c9e9638c10e4', '53005b50-1acf-4e47-8f7b-f634971e4f3d', NULL, N'CNCBHSĐL', null);
INSERT INTO [HoTroCovid].[dbo].[ThongTinHoTro] (ID, IDNoiDung, IDDoiTuong, IDCaNhan) VALUES ('960d3e54-57e2-4f93-b94f-d9ad8b87af32', 1, NULL, '53005b50-1acf-4e47-8f7b-f634971e4f3d');
INSERT INTO [HoTroCovid].[dbo].[HoSo] (ID, IDCaNhan, IDNoiDungHoTro, IDDoiTuong, SoThang, SoTien, ThanhTien, IDThongTinHoTro, DaChi, NguoiTao) VALUES ('e6c0e186-8de7-410e-a973-778f972b82f3', '53005b50-1acf-4e47-8f7b-f634971e4f3d', 1, NULL, 3, 1800000, 5400000, '960d3e54-57e2-4f93-b94f-d9ad8b87af32', 0, 'solaodong');
INSERT INTO [HoTroCovid].[dbo].[CaNhan] (ID, HoTen, GioiTinh, NgaySinh, CMND, SinhNam) VALUES ('c9a025e4-5603-4797-9909-c9d0e5bbcc00', N'Nguyễn Thị Mi Ly', NULL, '1996-02-10', '215365755', 1996);
INSERT INTO [HoTroCovid].[dbo].[CaNhan_DoanhNghiep] (ID, IDDoanhNghiep, IDCaNhan, IDDoiTuong, NgheNghiep, DaTra50) VALUES ('6b186aea-ff09-4131-b4eb-fa94247992fe', 'e49841c9-785e-405e-9bf6-c9e9638c10e4', 'c9a025e4-5603-4797-9909-c9d0e5bbcc00', NULL, N'CNCBHSĐL', null);
INSERT INTO [HoTroCovid].[dbo].[ThongTinHoTro] (ID, IDNoiDung, IDDoiTuong, IDCaNhan) VALUES ('f2e51cf5-b947-4e23-bf21-fad2422ab9eb', 1, NULL, 'c9a025e4-5603-4797-9909-c9d0e5bbcc00');
INSERT INTO [HoTroCovid].[dbo].[HoSo] (ID, IDCaNhan, IDNoiDungHoTro, IDDoiTuong, SoThang, SoTien, ThanhTien, IDThongTinHoTro, DaChi, NguoiTao) VALUES ('415d1244-97f8-4d35-9e2e-9e7d7b6388b4', 'c9a025e4-5603-4797-9909-c9d0e5bbcc00', 1, NULL, 3, 1800000, 5400000, 'f2e51cf5-b947-4e23-bf21-fad2422ab9eb', 0, 'solaodong');
INSERT INTO [HoTroCovid].[dbo].[CaNhan] (ID, HoTen, GioiTinh, NgaySinh, CMND, SinhNam) VALUES ('4e1855b4-a268-4777-a398-6a39079e37ed', N'Nguyễn Văn Sang', 1, '1994-06-02', '215205503', 1994);
INSERT INTO [HoTroCovid].[dbo].[CaNhan_DoanhNghiep] (ID, IDDoanhNghiep, IDCaNhan, IDDoiTuong, NgheNghiep, DaTra50) VALUES ('023d0631-deac-4a23-a547-181c474f4ae2', 'e49841c9-785e-405e-9bf6-c9e9638c10e4', '4e1855b4-a268-4777-a398-6a39079e37ed', NULL, N'CNCBHSĐL', null);
INSERT INTO [HoTroCovid].[dbo].[ThongTinHoTro] (ID, IDNoiDung, IDDoiTuong, IDCaNhan) VALUES ('eb42da2c-86f6-4d62-b6b3-079e611d0540', 1, NULL, '4e1855b4-a268-4777-a398-6a39079e37ed');
INSERT INTO [HoTroCovid].[dbo].[HoSo] (ID, IDCaNhan, IDNoiDungHoTro, IDDoiTuong, SoThang, SoTien, ThanhTien, IDThongTinHoTro, DaChi, NguoiTao) VALUES ('efea3df7-7593-4b6e-8aa6-5782d3bc5cc6', '4e1855b4-a268-4777-a398-6a39079e37ed', 1, NULL, 3, 1800000, 5400000, 'eb42da2c-86f6-4d62-b6b3-079e611d0540', 0, 'solaodong');
INSERT INTO [HoTroCovid].[dbo].[CaNhan] (ID, HoTen, GioiTinh, NgaySinh, CMND, SinhNam) VALUES ('ef59f5ff-e5b8-4428-8494-a553c70f9548', N'Lê Thị Thuận', NULL, '1989-08-10', '215033392', 1989);
INSERT INTO [HoTroCovid].[dbo].[CaNhan_DoanhNghiep] (ID, IDDoanhNghiep, IDCaNhan, IDDoiTuong, NgheNghiep, DaTra50) VALUES ('7f5167bb-7d5d-4f2e-9fbb-66100ae4a102', 'e49841c9-785e-405e-9bf6-c9e9638c10e4', 'ef59f5ff-e5b8-4428-8494-a553c70f9548', NULL, N'CNCBHSĐL', null);
INSERT INTO [HoTroCovid].[dbo].[ThongTinHoTro] (ID, IDNoiDung, IDDoiTuong, IDCaNhan) VALUES ('5e14eeae-4e2d-46c9-8ece-52e356a16a0b', 1, NULL, 'ef59f5ff-e5b8-4428-8494-a553c70f9548');
INSERT INTO [HoTroCovid].[dbo].[HoSo] (ID, IDCaNhan, IDNoiDungHoTro, IDDoiTuong, SoThang, SoTien, ThanhTien, IDThongTinHoTro, DaChi, NguoiTao) VALUES ('2c391e88-865e-42b4-8202-c0af5035930d', 'ef59f5ff-e5b8-4428-8494-a553c70f9548', 1, NULL, 3, 1800000, 5400000, '5e14eeae-4e2d-46c9-8ece-52e356a16a0b', 0, 'solaodong');
INSERT INTO [HoTroCovid].[dbo].[CaNhan] (ID, HoTen, GioiTinh, NgaySinh, CMND, SinhNam) VALUES ('91e54a78-f17a-4e43-a478-4925d24841e6', N'Lê Thị Quỳnh Nga', NULL, '1986-12-13', '215568945', 1986);
INSERT INTO [HoTroCovid].[dbo].[CaNhan_DoanhNghiep] (ID, IDDoanhNghiep, IDCaNhan, IDDoiTuong, NgheNghiep, DaTra50) VALUES ('6c027295-5983-4e6a-80f4-f33de54b27ee', 'e49841c9-785e-405e-9bf6-c9e9638c10e4', '91e54a78-f17a-4e43-a478-4925d24841e6', NULL, N'CNCBHSĐL', null);
INSERT INTO [HoTroCovid].[dbo].[ThongTinHoTro] (ID, IDNoiDung, IDDoiTuong, IDCaNhan) VALUES ('90cf9473-0737-408a-bcf0-79b15fe1d8a6', 1, NULL, '91e54a78-f17a-4e43-a478-4925d24841e6');
INSERT INTO [HoTroCovid].[dbo].[HoSo] (ID, IDCaNhan, IDNoiDungHoTro, IDDoiTuong, SoThang, SoTien, ThanhTien, IDThongTinHoTro, DaChi, NguoiTao) VALUES ('8e3d511d-d60f-4222-b1b6-dc65300de6d2', '91e54a78-f17a-4e43-a478-4925d24841e6', 1, NULL, 3, 1800000, 5400000, '90cf9473-0737-408a-bcf0-79b15fe1d8a6', 0, 'solaodong');
INSERT INTO [HoTroCovid].[dbo].[CaNhan] (ID, HoTen, GioiTinh, NgaySinh, CMND, SinhNam) VALUES ('8bb79296-395f-46fd-85a3-3a2baf29e580', N'Nguyễn Thị Uyển Thanh', NULL, '1998-11-24', '215469767', 1998);
INSERT INTO [HoTroCovid].[dbo].[CaNhan_DoanhNghiep] (ID, IDDoanhNghiep, IDCaNhan, IDDoiTuong, NgheNghiep, DaTra50) VALUES ('11d80a6a-66e3-40e6-870b-0456c112486d', 'e49841c9-785e-405e-9bf6-c9e9638c10e4', '8bb79296-395f-46fd-85a3-3a2baf29e580', NULL, N'CNCBHSĐL', null);
INSERT INTO [HoTroCovid].[dbo].[ThongTinHoTro] (ID, IDNoiDung, IDDoiTuong, IDCaNhan) VALUES ('dd22a907-bf51-47a4-8dcd-3946a31062b9', 1, NULL, '8bb79296-395f-46fd-85a3-3a2baf29e580');
INSERT INTO [HoTroCovid].[dbo].[HoSo] (ID, IDCaNhan, IDNoiDungHoTro, IDDoiTuong, SoThang, SoTien, ThanhTien, IDThongTinHoTro, DaChi, NguoiTao) VALUES ('f5f61ec5-dd2b-47aa-9673-3584baf3a776', '8bb79296-395f-46fd-85a3-3a2baf29e580', 1, NULL, 3, 1800000, 5400000, 'dd22a907-bf51-47a4-8dcd-3946a31062b9', 0, 'solaodong');
INSERT INTO [HoTroCovid].[dbo].[CaNhan] (ID, HoTen, GioiTinh, NgaySinh, CMND, SinhNam) VALUES ('aa0b54f8-f804-456e-9395-eb8fdd94795e', N'Lê Kim Sang', 1, '1985-07-16', '215075731', 1985);
INSERT INTO [HoTroCovid].[dbo].[CaNhan_DoanhNghiep] (ID, IDDoanhNghiep, IDCaNhan, IDDoiTuong, NgheNghiep, DaTra50) VALUES ('fd1859a1-8ae6-4d86-8ca3-c572ffb3554b', 'e49841c9-785e-405e-9bf6-c9e9638c10e4', 'aa0b54f8-f804-456e-9395-eb8fdd94795e', NULL, N'CNCBHSĐL', null);
INSERT INTO [HoTroCovid].[dbo].[ThongTinHoTro] (ID, IDNoiDung, IDDoiTuong, IDCaNhan) VALUES ('337a1cb6-2fe2-413c-bbcd-75d49794993e', 1, NULL, 'aa0b54f8-f804-456e-9395-eb8fdd94795e');
INSERT INTO [HoTroCovid].[dbo].[HoSo] (ID, IDCaNhan, IDNoiDungHoTro, IDDoiTuong, SoThang, SoTien, ThanhTien, IDThongTinHoTro, DaChi, NguoiTao) VALUES ('0ab4ff4e-2aaa-4e5b-bdb7-235a246613aa', 'aa0b54f8-f804-456e-9395-eb8fdd94795e', 1, NULL, 3, 1800000, 5400000, '337a1cb6-2fe2-413c-bbcd-75d49794993e', 0, 'solaodong');
INSERT INTO [HoTroCovid].[dbo].[CaNhan] (ID, HoTen, GioiTinh, NgaySinh, CMND, SinhNam) VALUES ('293a3172-33db-42d8-93e5-37b21cf3a305', N'Nguyễn Kiều Trinh', NULL, '1999-12-06', '215487263', 1999);
INSERT INTO [HoTroCovid].[dbo].[CaNhan_DoanhNghiep] (ID, IDDoanhNghiep, IDCaNhan, IDDoiTuong, NgheNghiep, DaTra50) VALUES ('e6794715-1742-490f-8370-cbabd46b1e2d', 'e49841c9-785e-405e-9bf6-c9e9638c10e4', '293a3172-33db-42d8-93e5-37b21cf3a305', NULL, N'CNCBHSĐL', null);
INSERT INTO [HoTroCovid].[dbo].[ThongTinHoTro] (ID, IDNoiDung, IDDoiTuong, IDCaNhan) VALUES ('f0fc6c60-6942-4821-be47-f72ed8edd0d7', 1, NULL, '293a3172-33db-42d8-93e5-37b21cf3a305');
INSERT INTO [HoTroCovid].[dbo].[HoSo] (ID, IDCaNhan, IDNoiDungHoTro, IDDoiTuong, SoThang, SoTien, ThanhTien, IDThongTinHoTro, DaChi, NguoiTao) VALUES ('6cb0b4d3-7319-4cac-87a6-7c59f88a09d1', '293a3172-33db-42d8-93e5-37b21cf3a305', 1, NULL, 3, 1800000, 5400000, 'f0fc6c60-6942-4821-be47-f72ed8edd0d7', 0, 'solaodong');
INSERT INTO [HoTroCovid].[dbo].[CaNhan] (ID, HoTen, GioiTinh, NgaySinh, CMND, SinhNam) VALUES ('3c97a3d2-ff0e-41c0-aaa7-a539cea22514', N'Lê Văn Viên', 1, '1983-04-18', '215177057', 1983);
INSERT INTO [HoTroCovid].[dbo].[CaNhan_DoanhNghiep] (ID, IDDoanhNghiep, IDCaNhan, IDDoiTuong, NgheNghiep, DaTra50) VALUES ('309f845c-0db2-4afc-8756-a0c5615d207e', 'e49841c9-785e-405e-9bf6-c9e9638c10e4', '3c97a3d2-ff0e-41c0-aaa7-a539cea22514', NULL, N'Tổ phó CB2', null);
INSERT INTO [HoTroCovid].[dbo].[ThongTinHoTro] (ID, IDNoiDung, IDDoiTuong, IDCaNhan) VALUES ('e6ebb741-d543-4809-866d-2f97c5551513', 1, NULL, '3c97a3d2-ff0e-41c0-aaa7-a539cea22514');
INSERT INTO [HoTroCovid].[dbo].[HoSo] (ID, IDCaNhan, IDNoiDungHoTro, IDDoiTuong, SoThang, SoTien, ThanhTien, IDThongTinHoTro, DaChi, NguoiTao) VALUES ('ea710e57-36d6-427e-891b-20b0b819d501', '3c97a3d2-ff0e-41c0-aaa7-a539cea22514', 1, NULL, 3, 1800000, 5400000, 'e6ebb741-d543-4809-866d-2f97c5551513', 0, 'solaodong');
INSERT INTO [HoTroCovid].[dbo].[CaNhan] (ID, HoTen, GioiTinh, NgaySinh, CMND, SinhNam) VALUES ('64beb193-b8af-47e4-bf69-6613b71fee27', N'Trần Thị Thúy Nga', NULL, '1960-05-23', '210132042', 1960);
INSERT INTO [HoTroCovid].[dbo].[CaNhan_DoanhNghiep] (ID, IDDoanhNghiep, IDCaNhan, IDDoiTuong, NgheNghiep, DaTra50) VALUES ('49017d78-c1c7-4508-8feb-1fe4b4e531d3', 'e49841c9-785e-405e-9bf6-c9e9638c10e4', '64beb193-b8af-47e4-bf69-6613b71fee27', NULL, N'N/viên VQL quẹt thẻ', null);
INSERT INTO [HoTroCovid].[dbo].[ThongTinHoTro] (ID, IDNoiDung, IDDoiTuong, IDCaNhan) VALUES ('42a3adc1-9798-4ef4-86db-6157d6146ae0', 1, NULL, '64beb193-b8af-47e4-bf69-6613b71fee27');
INSERT INTO [HoTroCovid].[dbo].[HoSo] (ID, IDCaNhan, IDNoiDungHoTro, IDDoiTuong, SoThang, SoTien, ThanhTien, IDThongTinHoTro, DaChi, NguoiTao) VALUES ('4b8129a6-2970-48a6-8982-73bae8b6dfef', '64beb193-b8af-47e4-bf69-6613b71fee27', 1, NULL, 3, 1800000, 5400000, '42a3adc1-9798-4ef4-86db-6157d6146ae0', 0, 'solaodong');
INSERT INTO [HoTroCovid].[dbo].[CaNhan] (ID, HoTen, GioiTinh, NgaySinh, CMND, SinhNam) VALUES ('75ca3cb7-8576-40e1-81ad-ff299024c376', N'Trần Thị Kịp', NULL, '1997-05-13', '215524734', 1997);
INSERT INTO [HoTroCovid].[dbo].[CaNhan_DoanhNghiep] (ID, IDDoanhNghiep, IDCaNhan, IDDoiTuong, NgheNghiep, DaTra50) VALUES ('29fa7554-4fd1-4d8e-9776-bf90083de365', 'e49841c9-785e-405e-9bf6-c9e9638c10e4', '75ca3cb7-8576-40e1-81ad-ff299024c376', NULL, N'CNCBHSĐL', null);
INSERT INTO [HoTroCovid].[dbo].[ThongTinHoTro] (ID, IDNoiDung, IDDoiTuong, IDCaNhan) VALUES ('a4b9303d-8771-47ac-ab3a-06ac2d809324', 1, NULL, '75ca3cb7-8576-40e1-81ad-ff299024c376');
INSERT INTO [HoTroCovid].[dbo].[HoSo] (ID, IDCaNhan, IDNoiDungHoTro, IDDoiTuong, SoThang, SoTien, ThanhTien, IDThongTinHoTro, DaChi, NguoiTao) VALUES ('6fbc3a78-b076-4009-acf4-1d83af329211', '75ca3cb7-8576-40e1-81ad-ff299024c376', 1, NULL, 3, 1800000, 5400000, 'a4b9303d-8771-47ac-ab3a-06ac2d809324', 0, 'solaodong');
INSERT INTO [HoTroCovid].[dbo].[CaNhan] (ID, HoTen, GioiTinh, NgaySinh, CMND, SinhNam) VALUES ('28c6b42c-fc49-4957-8393-fb80101b7bd2', N'Lê Nguyên Đán', 1, '1992-01-20', '215260207', 1992);
INSERT INTO [HoTroCovid].[dbo].[CaNhan_DoanhNghiep] (ID, IDDoanhNghiep, IDCaNhan, IDDoiTuong, NgheNghiep, DaTra50) VALUES ('a780a732-63f8-410c-9e45-0ecd88d24bbb', 'e49841c9-785e-405e-9bf6-c9e9638c10e4', '28c6b42c-fc49-4957-8393-fb80101b7bd2', NULL, N'CNCBHSĐL', null);
INSERT INTO [HoTroCovid].[dbo].[ThongTinHoTro] (ID, IDNoiDung, IDDoiTuong, IDCaNhan) VALUES ('767737ca-b644-4452-b401-1b3f6e1bdbe1', 1, NULL, '28c6b42c-fc49-4957-8393-fb80101b7bd2');
INSERT INTO [HoTroCovid].[dbo].[HoSo] (ID, IDCaNhan, IDNoiDungHoTro, IDDoiTuong, SoThang, SoTien, ThanhTien, IDThongTinHoTro, DaChi, NguoiTao) VALUES ('68de184f-afa1-476b-9edb-4f5346a36fc8', '28c6b42c-fc49-4957-8393-fb80101b7bd2', 1, NULL, 3, 1800000, 5400000, '767737ca-b644-4452-b401-1b3f6e1bdbe1', 0, 'solaodong');
INSERT INTO [HoTroCovid].[dbo].[CaNhan] (ID, HoTen, GioiTinh, NgaySinh, CMND, SinhNam) VALUES ('ab6c4798-406b-4222-9280-6a0029619534', N'Cao Thị Tàu', NULL, '1985-06-30', '211832558', 1985);
INSERT INTO [HoTroCovid].[dbo].[CaNhan_DoanhNghiep] (ID, IDDoanhNghiep, IDCaNhan, IDDoiTuong, NgheNghiep, DaTra50) VALUES ('279516b3-b13d-4f4f-b6b9-1124716157f6', 'e49841c9-785e-405e-9bf6-c9e9638c10e4', 'ab6c4798-406b-4222-9280-6a0029619534', NULL, N'N/viên KCS', null);
INSERT INTO [HoTroCovid].[dbo].[ThongTinHoTro] (ID, IDNoiDung, IDDoiTuong, IDCaNhan) VALUES ('07d88b7a-015f-4cd1-9429-5835392ad21c', 1, NULL, 'ab6c4798-406b-4222-9280-6a0029619534');
INSERT INTO [HoTroCovid].[dbo].[HoSo] (ID, IDCaNhan, IDNoiDungHoTro, IDDoiTuong, SoThang, SoTien, ThanhTien, IDThongTinHoTro, DaChi, NguoiTao) VALUES ('1191ab73-cec6-4c4c-aeeb-99d9f2580dac', 'ab6c4798-406b-4222-9280-6a0029619534', 1, NULL, 3, 1800000, 5400000, '07d88b7a-015f-4cd1-9429-5835392ad21c', 0, 'solaodong');
INSERT INTO [HoTroCovid].[dbo].[CaNhan] (ID, HoTen, GioiTinh, NgaySinh, CMND, SinhNam) VALUES ('93cb9f6f-8fdf-4938-8aed-abb16bb80835', N'Hồ Minh Thiên', 1, '1993-11-20', '215274969', 1993);
INSERT INTO [HoTroCovid].[dbo].[CaNhan_DoanhNghiep] (ID, IDDoanhNghiep, IDCaNhan, IDDoiTuong, NgheNghiep, DaTra50) VALUES ('1d1988cd-77b3-4526-b468-fd06d239ed76', 'e49841c9-785e-405e-9bf6-c9e9638c10e4', '93cb9f6f-8fdf-4938-8aed-abb16bb80835', NULL, N'CNCBHSĐL', null);
INSERT INTO [HoTroCovid].[dbo].[ThongTinHoTro] (ID, IDNoiDung, IDDoiTuong, IDCaNhan) VALUES ('15c6c9db-9835-464b-87e9-a0ff763896cf', 1, NULL, '93cb9f6f-8fdf-4938-8aed-abb16bb80835');
INSERT INTO [HoTroCovid].[dbo].[HoSo] (ID, IDCaNhan, IDNoiDungHoTro, IDDoiTuong, SoThang, SoTien, ThanhTien, IDThongTinHoTro, DaChi, NguoiTao) VALUES ('08836658-83d8-4a2b-9cd4-34fd47d85730', '93cb9f6f-8fdf-4938-8aed-abb16bb80835', 1, NULL, 3, 1800000, 5400000, '15c6c9db-9835-464b-87e9-a0ff763896cf', 0, 'solaodong');
INSERT INTO [HoTroCovid].[dbo].[CaNhan] (ID, HoTen, GioiTinh, NgaySinh, CMND, SinhNam) VALUES ('3a94638e-9b5d-4808-9519-a873028d5cd3', N'Đặng Cao Định', 1, '1991-02-10', '215287196', 1991);
INSERT INTO [HoTroCovid].[dbo].[CaNhan_DoanhNghiep] (ID, IDDoanhNghiep, IDCaNhan, IDDoiTuong, NgheNghiep, DaTra50) VALUES ('541b04af-565f-4ad2-8a9f-30e106453495', 'e49841c9-785e-405e-9bf6-c9e9638c10e4', '3a94638e-9b5d-4808-9519-a873028d5cd3', NULL, N'CNCBHSĐL', null);
INSERT INTO [HoTroCovid].[dbo].[ThongTinHoTro] (ID, IDNoiDung, IDDoiTuong, IDCaNhan) VALUES ('30a5cb13-35f7-4943-8562-766e60037d13', 1, NULL, '3a94638e-9b5d-4808-9519-a873028d5cd3');
INSERT INTO [HoTroCovid].[dbo].[HoSo] (ID, IDCaNhan, IDNoiDungHoTro, IDDoiTuong, SoThang, SoTien, ThanhTien, IDThongTinHoTro, DaChi, NguoiTao) VALUES ('3baf22fd-af39-4be0-83c3-bbdbd76c7fbc', '3a94638e-9b5d-4808-9519-a873028d5cd3', 1, NULL, 3, 1800000, 5400000, '30a5cb13-35f7-4943-8562-766e60037d13', 0, 'solaodong');
INSERT INTO [HoTroCovid].[dbo].[CaNhan] (ID, HoTen, GioiTinh, NgaySinh, CMND, SinhNam) VALUES ('54fc2c77-5fc0-4116-9b6d-ffa6a4cb411e', N'Trần Văn Toàn', 1, '1987-03-10', '215053243', 1987);
INSERT INTO [HoTroCovid].[dbo].[CaNhan_DoanhNghiep] (ID, IDDoanhNghiep, IDCaNhan, IDDoiTuong, NgheNghiep, DaTra50) VALUES ('40ac0a2b-c535-4a1f-903d-c6f0c3ad9572', 'e49841c9-785e-405e-9bf6-c9e9638c10e4', '54fc2c77-5fc0-4116-9b6d-ffa6a4cb411e', NULL, N'CNCBHSĐL', null);
INSERT INTO [HoTroCovid].[dbo].[ThongTinHoTro] (ID, IDNoiDung, IDDoiTuong, IDCaNhan) VALUES ('4a386c26-a75e-4536-97dd-072f8e200d6c', 1, NULL, '54fc2c77-5fc0-4116-9b6d-ffa6a4cb411e');
INSERT INTO [HoTroCovid].[dbo].[HoSo] (ID, IDCaNhan, IDNoiDungHoTro, IDDoiTuong, SoThang, SoTien, ThanhTien, IDThongTinHoTro, DaChi, NguoiTao) VALUES ('f3291851-b286-4636-ac66-62e901f5d9c2', '54fc2c77-5fc0-4116-9b6d-ffa6a4cb411e', 1, NULL, 3, 1800000, 5400000, '4a386c26-a75e-4536-97dd-072f8e200d6c', 0, 'solaodong');
INSERT INTO [HoTroCovid].[dbo].[CaNhan] (ID, HoTen, GioiTinh, NgaySinh, CMND, SinhNam) VALUES ('a4b2367c-2693-4b39-be95-e05d226ff571', N'Nguyễn Thị Tâm', NULL, '2001-12-28', '215548627', 2001);
INSERT INTO [HoTroCovid].[dbo].[CaNhan_DoanhNghiep] (ID, IDDoanhNghiep, IDCaNhan, IDDoiTuong, NgheNghiep, DaTra50) VALUES ('ccadf114-a6d2-46b9-9c2e-c64b1444d3d7', 'e49841c9-785e-405e-9bf6-c9e9638c10e4', 'a4b2367c-2693-4b39-be95-e05d226ff571', NULL, N'CNCBHSĐL', null);
INSERT INTO [HoTroCovid].[dbo].[ThongTinHoTro] (ID, IDNoiDung, IDDoiTuong, IDCaNhan) VALUES ('ec094f61-5a6a-45d3-bae1-a0869082f9fa', 1, NULL, 'a4b2367c-2693-4b39-be95-e05d226ff571');
INSERT INTO [HoTroCovid].[dbo].[HoSo] (ID, IDCaNhan, IDNoiDungHoTro, IDDoiTuong, SoThang, SoTien, ThanhTien, IDThongTinHoTro, DaChi, NguoiTao) VALUES ('371b1945-3bba-415a-b1c0-08e34a63c445', 'a4b2367c-2693-4b39-be95-e05d226ff571', 1, NULL, 3, 1800000, 5400000, 'ec094f61-5a6a-45d3-bae1-a0869082f9fa', 0, 'solaodong');
INSERT INTO [HoTroCovid].[dbo].[CaNhan] (ID, HoTen, GioiTinh, NgaySinh, CMND, SinhNam) VALUES ('cb573ff7-17ed-4679-bb81-edfed937d298', N'Nguyễn Văn Thạnh', 1, '1992-04-01', '215207988', 1992);
INSERT INTO [HoTroCovid].[dbo].[CaNhan_DoanhNghiep] (ID, IDDoanhNghiep, IDCaNhan, IDDoiTuong, NgheNghiep, DaTra50) VALUES ('099d8130-b271-496c-8d2c-1abbce3c4cae', 'e49841c9-785e-405e-9bf6-c9e9638c10e4', 'cb573ff7-17ed-4679-bb81-edfed937d298', NULL, N'CNCBHSĐL', null);
INSERT INTO [HoTroCovid].[dbo].[ThongTinHoTro] (ID, IDNoiDung, IDDoiTuong, IDCaNhan) VALUES ('1ffd2369-0fee-4388-92fe-1a70aa943351', 1, NULL, 'cb573ff7-17ed-4679-bb81-edfed937d298');
INSERT INTO [HoTroCovid].[dbo].[HoSo] (ID, IDCaNhan, IDNoiDungHoTro, IDDoiTuong, SoThang, SoTien, ThanhTien, IDThongTinHoTro, DaChi, NguoiTao) VALUES ('25a8a31c-d149-4388-8b44-c1361cc54c9b', 'cb573ff7-17ed-4679-bb81-edfed937d298', 1, NULL, 3, 1800000, 5400000, '1ffd2369-0fee-4388-92fe-1a70aa943351', 0, 'solaodong');
INSERT INTO [HoTroCovid].[dbo].[CaNhan] (ID, HoTen, GioiTinh, NgaySinh, CMND, SinhNam) VALUES ('a7874eb3-a6ac-474d-a0cb-77896f733c22', N'Huỳnh Thị Kim Loan', NULL, '1984-05-04', '215012133', 1984);
INSERT INTO [HoTroCovid].[dbo].[CaNhan_DoanhNghiep] (ID, IDDoanhNghiep, IDCaNhan, IDDoiTuong, NgheNghiep, DaTra50) VALUES ('b1484469-96c6-4925-8d9a-1ea6b42f57ba', 'e49841c9-785e-405e-9bf6-c9e9638c10e4', 'a7874eb3-a6ac-474d-a0cb-77896f733c22', NULL, N'Tổ trưởng HCK', null);
INSERT INTO [HoTroCovid].[dbo].[ThongTinHoTro] (ID, IDNoiDung, IDDoiTuong, IDCaNhan) VALUES ('1840f258-f9a0-4769-99dd-31eb93bbba04', 1, NULL, 'a7874eb3-a6ac-474d-a0cb-77896f733c22');
INSERT INTO [HoTroCovid].[dbo].[HoSo] (ID, IDCaNhan, IDNoiDungHoTro, IDDoiTuong, SoThang, SoTien, ThanhTien, IDThongTinHoTro, DaChi, NguoiTao) VALUES ('0ad90796-83d8-487b-a781-cd85e48d56cd', 'a7874eb3-a6ac-474d-a0cb-77896f733c22', 1, NULL, 3, 1800000, 5400000, '1840f258-f9a0-4769-99dd-31eb93bbba04', 0, 'solaodong');
INSERT INTO [HoTroCovid].[dbo].[CaNhan] (ID, HoTen, GioiTinh, NgaySinh, CMND, SinhNam) VALUES ('c93b50db-05a5-428d-9bf6-88127d1d88d8', N'Đỗ Thị Liễu', NULL, '1993-08-06', '215284646', 1993);
INSERT INTO [HoTroCovid].[dbo].[CaNhan_DoanhNghiep] (ID, IDDoanhNghiep, IDCaNhan, IDDoiTuong, NgheNghiep, DaTra50) VALUES ('6f76f564-c5ae-4fe6-bc1c-3feadaa3c428', 'e49841c9-785e-405e-9bf6-c9e9638c10e4', 'c93b50db-05a5-428d-9bf6-88127d1d88d8', NULL, N'CNCBHSĐL', null);
INSERT INTO [HoTroCovid].[dbo].[ThongTinHoTro] (ID, IDNoiDung, IDDoiTuong, IDCaNhan) VALUES ('da27d4aa-5aad-4305-9949-97dbb86e1198', 1, NULL, 'c93b50db-05a5-428d-9bf6-88127d1d88d8');
INSERT INTO [HoTroCovid].[dbo].[HoSo] (ID, IDCaNhan, IDNoiDungHoTro, IDDoiTuong, SoThang, SoTien, ThanhTien, IDThongTinHoTro, DaChi, NguoiTao) VALUES ('360db092-4daa-4f82-9c03-921cd568f4ba', 'c93b50db-05a5-428d-9bf6-88127d1d88d8', 1, NULL, 3, 1800000, 5400000, 'da27d4aa-5aad-4305-9949-97dbb86e1198', 0, 'solaodong');
INSERT INTO [HoTroCovid].[dbo].[CaNhan] (ID, HoTen, GioiTinh, NgaySinh, CMND, SinhNam) VALUES ('60f585c5-d7e8-47dc-9bbb-ea6402a089c5', N'Thái Thúc Mạnh', 1, '1996-06-28', '215358127', 1996);
INSERT INTO [HoTroCovid].[dbo].[CaNhan_DoanhNghiep] (ID, IDDoanhNghiep, IDCaNhan, IDDoiTuong, NgheNghiep, DaTra50) VALUES ('5d8603c5-ce41-4bf5-a3c9-28c102508c7f', 'e49841c9-785e-405e-9bf6-c9e9638c10e4', '60f585c5-d7e8-47dc-9bbb-ea6402a089c5', NULL, N'CNCBHSĐL', null);
INSERT INTO [HoTroCovid].[dbo].[ThongTinHoTro] (ID, IDNoiDung, IDDoiTuong, IDCaNhan) VALUES ('ad0ff473-6236-472a-99b7-8d3ce7eec617', 1, NULL, '60f585c5-d7e8-47dc-9bbb-ea6402a089c5');
INSERT INTO [HoTroCovid].[dbo].[HoSo] (ID, IDCaNhan, IDNoiDungHoTro, IDDoiTuong, SoThang, SoTien, ThanhTien, IDThongTinHoTro, DaChi, NguoiTao) VALUES ('bdd5cbd8-6f02-41ec-af30-57c79f8a4bea', '60f585c5-d7e8-47dc-9bbb-ea6402a089c5', 1, NULL, 3, 1800000, 5400000, 'ad0ff473-6236-472a-99b7-8d3ce7eec617', 0, 'solaodong');
INSERT INTO [HoTroCovid].[dbo].[CaNhan] (ID, HoTen, GioiTinh, NgaySinh, CMND, SinhNam) VALUES ('b2b2ffac-df75-4860-b830-039e5473d7b9', N'Nguyễn Thị Hoanh', NULL, '1996-11-16', '215365826', 1996);
INSERT INTO [HoTroCovid].[dbo].[CaNhan_DoanhNghiep] (ID, IDDoanhNghiep, IDCaNhan, IDDoiTuong, NgheNghiep, DaTra50) VALUES ('02895210-3c17-4419-9872-0beaa248bbae', 'e49841c9-785e-405e-9bf6-c9e9638c10e4', 'b2b2ffac-df75-4860-b830-039e5473d7b9', NULL, N'CNCBHSĐL', null);
INSERT INTO [HoTroCovid].[dbo].[ThongTinHoTro] (ID, IDNoiDung, IDDoiTuong, IDCaNhan) VALUES ('812c9e12-9196-4632-90fd-e3fd42a28429', 1, NULL, 'b2b2ffac-df75-4860-b830-039e5473d7b9');
INSERT INTO [HoTroCovid].[dbo].[HoSo] (ID, IDCaNhan, IDNoiDungHoTro, IDDoiTuong, SoThang, SoTien, ThanhTien, IDThongTinHoTro, DaChi, NguoiTao) VALUES ('065a7293-e904-4bec-983f-5d6b769267f9', 'b2b2ffac-df75-4860-b830-039e5473d7b9', 1, NULL, 3, 1800000, 5400000, '812c9e12-9196-4632-90fd-e3fd42a28429', 0, 'solaodong');
INSERT INTO [HoTroCovid].[dbo].[CaNhan] (ID, HoTen, GioiTinh, NgaySinh, CMND, SinhNam) VALUES ('c95ea68b-06b5-402c-b093-a5d68bd2e2c2', N'Phan Thị Hảo', NULL, '1992-02-18', '215256245', 1992);
INSERT INTO [HoTroCovid].[dbo].[CaNhan_DoanhNghiep] (ID, IDDoanhNghiep, IDCaNhan, IDDoiTuong, NgheNghiep, DaTra50) VALUES ('1c647215-7bea-44da-8283-12d3986f6329', 'e49841c9-785e-405e-9bf6-c9e9638c10e4', 'c95ea68b-06b5-402c-b093-a5d68bd2e2c2', NULL, N'CNCBHSĐL', null);
INSERT INTO [HoTroCovid].[dbo].[ThongTinHoTro] (ID, IDNoiDung, IDDoiTuong, IDCaNhan) VALUES ('00519754-477e-48a4-a8a1-02fc0b089f3c', 1, NULL, 'c95ea68b-06b5-402c-b093-a5d68bd2e2c2');
INSERT INTO [HoTroCovid].[dbo].[HoSo] (ID, IDCaNhan, IDNoiDungHoTro, IDDoiTuong, SoThang, SoTien, ThanhTien, IDThongTinHoTro, DaChi, NguoiTao) VALUES ('daf89f76-3a83-4d8f-ae40-6b3e8e1b8a73', 'c95ea68b-06b5-402c-b093-a5d68bd2e2c2', 1, NULL, 3, 1800000, 5400000, '00519754-477e-48a4-a8a1-02fc0b089f3c', 0, 'solaodong');
INSERT INTO [HoTroCovid].[dbo].[CaNhan] (ID, HoTen, GioiTinh, NgaySinh, CMND, SinhNam) VALUES ('fdaf8ac0-5897-4b5e-99cb-185d1e07fabd', N'Trần Thị Hồng Hảo', NULL, '1988-06-14', '215127643', 1988);
INSERT INTO [HoTroCovid].[dbo].[CaNhan_DoanhNghiep] (ID, IDDoanhNghiep, IDCaNhan, IDDoiTuong, NgheNghiep, DaTra50) VALUES ('b7f889bf-5757-4d0a-bc48-511b23eebd1f', 'e49841c9-785e-405e-9bf6-c9e9638c10e4', 'fdaf8ac0-5897-4b5e-99cb-185d1e07fabd', NULL, N'CNCBHSĐL', null);
INSERT INTO [HoTroCovid].[dbo].[ThongTinHoTro] (ID, IDNoiDung, IDDoiTuong, IDCaNhan) VALUES ('024c546c-955a-4102-ba40-816ef0986864', 1, NULL, 'fdaf8ac0-5897-4b5e-99cb-185d1e07fabd');
INSERT INTO [HoTroCovid].[dbo].[HoSo] (ID, IDCaNhan, IDNoiDungHoTro, IDDoiTuong, SoThang, SoTien, ThanhTien, IDThongTinHoTro, DaChi, NguoiTao) VALUES ('4a98f8fc-716d-4a8d-a920-f463ec5bb23b', 'fdaf8ac0-5897-4b5e-99cb-185d1e07fabd', 1, NULL, 3, 1800000, 5400000, '024c546c-955a-4102-ba40-816ef0986864', 0, 'solaodong');
INSERT INTO [HoTroCovid].[dbo].[CaNhan] (ID, HoTen, GioiTinh, NgaySinh, CMND, SinhNam) VALUES ('f0105e59-01a4-4347-9be5-1a72045e38e0', N'Lê Thị Nhung', NULL, '1982-08-10', '211852639', 1982);
INSERT INTO [HoTroCovid].[dbo].[CaNhan_DoanhNghiep] (ID, IDDoanhNghiep, IDCaNhan, IDDoiTuong, NgheNghiep, DaTra50) VALUES ('f9d3587a-ed48-40db-84b4-e753ef9e96b1', 'e49841c9-785e-405e-9bf6-c9e9638c10e4', 'f0105e59-01a4-4347-9be5-1a72045e38e0', NULL, N'CNCBHSĐL', null);
INSERT INTO [HoTroCovid].[dbo].[ThongTinHoTro] (ID, IDNoiDung, IDDoiTuong, IDCaNhan) VALUES ('526e449a-a905-4835-a2ec-e5d4c3b83334', 1, NULL, 'f0105e59-01a4-4347-9be5-1a72045e38e0');
INSERT INTO [HoTroCovid].[dbo].[HoSo] (ID, IDCaNhan, IDNoiDungHoTro, IDDoiTuong, SoThang, SoTien, ThanhTien, IDThongTinHoTro, DaChi, NguoiTao) VALUES ('352112ac-d041-46d0-889e-c1750394b9ef', 'f0105e59-01a4-4347-9be5-1a72045e38e0', 1, NULL, 3, 1800000, 5400000, '526e449a-a905-4835-a2ec-e5d4c3b83334', 0, 'solaodong');
INSERT INTO [HoTroCovid].[dbo].[CaNhan] (ID, HoTen, GioiTinh, NgaySinh, CMND, SinhNam) VALUES ('96e74c30-3808-436d-a130-c9aed1ae1abb', N'Nguyễn Minh Sơn', 1, '1991-04-22', '215114336', 1991);
INSERT INTO [HoTroCovid].[dbo].[CaNhan_DoanhNghiep] (ID, IDDoanhNghiep, IDCaNhan, IDDoiTuong, NgheNghiep, DaTra50) VALUES ('70663520-6541-4813-b7fd-b9096c9adcba', 'e49841c9-785e-405e-9bf6-c9e9638c10e4', '96e74c30-3808-436d-a130-c9aed1ae1abb', NULL, N'CNCBHSĐL', null);
INSERT INTO [HoTroCovid].[dbo].[ThongTinHoTro] (ID, IDNoiDung, IDDoiTuong, IDCaNhan) VALUES ('9ef3a0cf-a3bc-4b61-b3bc-ba89294620cf', 1, NULL, '96e74c30-3808-436d-a130-c9aed1ae1abb');
INSERT INTO [HoTroCovid].[dbo].[HoSo] (ID, IDCaNhan, IDNoiDungHoTro, IDDoiTuong, SoThang, SoTien, ThanhTien, IDThongTinHoTro, DaChi, NguoiTao) VALUES ('842fa90e-eb37-4956-803b-a9f813d5d298', '96e74c30-3808-436d-a130-c9aed1ae1abb', 1, NULL, 3, 1800000, 5400000, '9ef3a0cf-a3bc-4b61-b3bc-ba89294620cf', 0, 'solaodong');
INSERT INTO [HoTroCovid].[dbo].[CaNhan] (ID, HoTen, GioiTinh, NgaySinh, CMND, SinhNam) VALUES ('0d44cba3-ed36-4aa5-8c97-a548b0608f70', N'Từ Duy Hải', 1, '1994-11-26', '215295956', 1994);
INSERT INTO [HoTroCovid].[dbo].[CaNhan_DoanhNghiep] (ID, IDDoanhNghiep, IDCaNhan, IDDoiTuong, NgheNghiep, DaTra50) VALUES ('2c809583-88c0-4f56-b3f9-94df78b61948', 'e49841c9-785e-405e-9bf6-c9e9638c10e4', '0d44cba3-ed36-4aa5-8c97-a548b0608f70', NULL, N'CNCBHSĐL', null);
INSERT INTO [HoTroCovid].[dbo].[ThongTinHoTro] (ID, IDNoiDung, IDDoiTuong, IDCaNhan) VALUES ('507a560c-23f3-458e-a06d-c270216d9959', 1, NULL, '0d44cba3-ed36-4aa5-8c97-a548b0608f70');
INSERT INTO [HoTroCovid].[dbo].[HoSo] (ID, IDCaNhan, IDNoiDungHoTro, IDDoiTuong, SoThang, SoTien, ThanhTien, IDThongTinHoTro, DaChi, NguoiTao) VALUES ('e4b5c684-16f6-4a5b-956c-8b949c8cd979', '0d44cba3-ed36-4aa5-8c97-a548b0608f70', 1, NULL, 3, 1800000, 5400000, '507a560c-23f3-458e-a06d-c270216d9959', 0, 'solaodong');
INSERT INTO [HoTroCovid].[dbo].[CaNhan] (ID, HoTen, GioiTinh, NgaySinh, CMND, SinhNam) VALUES ('c72ebc1c-a6df-4e36-b532-83523687e481', N'Võ Thành Cảng', 1, '1994-10-31', '215354291', 1994);
INSERT INTO [HoTroCovid].[dbo].[CaNhan_DoanhNghiep] (ID, IDDoanhNghiep, IDCaNhan, IDDoiTuong, NgheNghiep, DaTra50) VALUES ('2cc9d5a4-2f70-4836-b974-25b62e4a922c', 'e49841c9-785e-405e-9bf6-c9e9638c10e4', 'c72ebc1c-a6df-4e36-b532-83523687e481', NULL, N'CNCBHSĐL', null);
INSERT INTO [HoTroCovid].[dbo].[ThongTinHoTro] (ID, IDNoiDung, IDDoiTuong, IDCaNhan) VALUES ('d0cf1b2c-3d5c-4aab-a6d5-d8deeea1dabc', 1, NULL, 'c72ebc1c-a6df-4e36-b532-83523687e481');
INSERT INTO [HoTroCovid].[dbo].[HoSo] (ID, IDCaNhan, IDNoiDungHoTro, IDDoiTuong, SoThang, SoTien, ThanhTien, IDThongTinHoTro, DaChi, NguoiTao) VALUES ('c26b3c71-f97b-4e35-a4e1-4f0040470d8d', 'c72ebc1c-a6df-4e36-b532-83523687e481', 1, NULL, 3, 1800000, 5400000, 'd0cf1b2c-3d5c-4aab-a6d5-d8deeea1dabc', 0, 'solaodong');
INSERT INTO [HoTroCovid].[dbo].[CaNhan] (ID, HoTen, GioiTinh, NgaySinh, CMND, SinhNam) VALUES ('05fe8568-d5af-465e-a608-0b04f8f04c02', N'Nguyễn Thị Hằng', NULL, '1996-05-05', '241515902', 1996);
INSERT INTO [HoTroCovid].[dbo].[CaNhan_DoanhNghiep] (ID, IDDoanhNghiep, IDCaNhan, IDDoiTuong, NgheNghiep, DaTra50) VALUES ('0e6c2528-aaef-4d3f-9d80-01e7cc1875d3', 'e49841c9-785e-405e-9bf6-c9e9638c10e4', '05fe8568-d5af-465e-a608-0b04f8f04c02', NULL, N'CNCBHSĐL', null);
INSERT INTO [HoTroCovid].[dbo].[ThongTinHoTro] (ID, IDNoiDung, IDDoiTuong, IDCaNhan) VALUES ('79a76f93-68ad-4ba0-b11e-28687c697d06', 1, NULL, '05fe8568-d5af-465e-a608-0b04f8f04c02');
INSERT INTO [HoTroCovid].[dbo].[HoSo] (ID, IDCaNhan, IDNoiDungHoTro, IDDoiTuong, SoThang, SoTien, ThanhTien, IDThongTinHoTro, DaChi, NguoiTao) VALUES ('d62caba0-f730-4068-b813-f86086197682', '05fe8568-d5af-465e-a608-0b04f8f04c02', 1, NULL, 3, 1800000, 5400000, '79a76f93-68ad-4ba0-b11e-28687c697d06', 0, 'solaodong');
INSERT INTO [HoTroCovid].[dbo].[CaNhan] (ID, HoTen, GioiTinh, NgaySinh, CMND, SinhNam) VALUES ('6db6dbec-41cd-4251-858f-42e970d5f37b', N'Võ Thị Thu Nguyệt', NULL, '1995-08-10', '215292686', 1995);
INSERT INTO [HoTroCovid].[dbo].[CaNhan_DoanhNghiep] (ID, IDDoanhNghiep, IDCaNhan, IDDoiTuong, NgheNghiep, DaTra50) VALUES ('b6bda1fd-8aba-4163-bfa8-d62aacdb011c', 'e49841c9-785e-405e-9bf6-c9e9638c10e4', '6db6dbec-41cd-4251-858f-42e970d5f37b', NULL, N'CNCBHSĐL', null);
INSERT INTO [HoTroCovid].[dbo].[ThongTinHoTro] (ID, IDNoiDung, IDDoiTuong, IDCaNhan) VALUES ('ada15f89-e58a-4a92-90b0-56e5b6ea0135', 1, NULL, '6db6dbec-41cd-4251-858f-42e970d5f37b');
INSERT INTO [HoTroCovid].[dbo].[HoSo] (ID, IDCaNhan, IDNoiDungHoTro, IDDoiTuong, SoThang, SoTien, ThanhTien, IDThongTinHoTro, DaChi, NguoiTao) VALUES ('8980af36-7ede-4cd6-aa2d-70b09fc13b81', '6db6dbec-41cd-4251-858f-42e970d5f37b', 1, NULL, 3, 1800000, 5400000, 'ada15f89-e58a-4a92-90b0-56e5b6ea0135', 0, 'solaodong');
INSERT INTO [HoTroCovid].[dbo].[CaNhan] (ID, HoTen, GioiTinh, NgaySinh, CMND, SinhNam) VALUES ('6031333c-d8be-48c0-9cd6-18f1acd5c9fb', N'Phạm Văn Hiến', 1, '1971-07-10', '211300180', 1971);
INSERT INTO [HoTroCovid].[dbo].[CaNhan_DoanhNghiep] (ID, IDDoanhNghiep, IDCaNhan, IDDoiTuong, NgheNghiep, DaTra50) VALUES ('dae86261-e05d-4d78-b135-fdf3ead087bd', 'e49841c9-785e-405e-9bf6-c9e9638c10e4', '6031333c-d8be-48c0-9cd6-18f1acd5c9fb', NULL, N'CNCBHSĐL', null);
INSERT INTO [HoTroCovid].[dbo].[ThongTinHoTro] (ID, IDNoiDung, IDDoiTuong, IDCaNhan) VALUES ('c8b4d7ac-9a66-451f-a98b-0c16316aa6f2', 1, NULL, '6031333c-d8be-48c0-9cd6-18f1acd5c9fb');
INSERT INTO [HoTroCovid].[dbo].[HoSo] (ID, IDCaNhan, IDNoiDungHoTro, IDDoiTuong, SoThang, SoTien, ThanhTien, IDThongTinHoTro, DaChi, NguoiTao) VALUES ('b874fba4-0a78-4ca1-837e-caf7e66a31bf', '6031333c-d8be-48c0-9cd6-18f1acd5c9fb', 1, NULL, 3, 1800000, 5400000, 'c8b4d7ac-9a66-451f-a98b-0c16316aa6f2', 0, 'solaodong');
INSERT INTO [HoTroCovid].[dbo].[CaNhan] (ID, HoTen, GioiTinh, NgaySinh, CMND, SinhNam) VALUES ('534ea029-c5fe-42c2-9d2d-14e4016ac722', N'Nguyễn Thị Thanh Thủy', NULL, '1987-07-20', '211892392', 1987);
INSERT INTO [HoTroCovid].[dbo].[CaNhan_DoanhNghiep] (ID, IDDoanhNghiep, IDCaNhan, IDDoiTuong, NgheNghiep, DaTra50) VALUES ('30819cef-e58c-4f24-a3a5-31772e519cb0', 'e49841c9-785e-405e-9bf6-c9e9638c10e4', '534ea029-c5fe-42c2-9d2d-14e4016ac722', NULL, N'CNCBHSĐL', null);
INSERT INTO [HoTroCovid].[dbo].[ThongTinHoTro] (ID, IDNoiDung, IDDoiTuong, IDCaNhan) VALUES ('e64bba33-7bd0-4233-aa2a-1549fa469ff6', 1, NULL, '534ea029-c5fe-42c2-9d2d-14e4016ac722');
INSERT INTO [HoTroCovid].[dbo].[HoSo] (ID, IDCaNhan, IDNoiDungHoTro, IDDoiTuong, SoThang, SoTien, ThanhTien, IDThongTinHoTro, DaChi, NguoiTao) VALUES ('7e767b1a-b415-4bde-93b8-972685739418', '534ea029-c5fe-42c2-9d2d-14e4016ac722', 1, NULL, 3, 1800000, 5400000, 'e64bba33-7bd0-4233-aa2a-1549fa469ff6', 0, 'solaodong');
INSERT INTO [HoTroCovid].[dbo].[CaNhan] (ID, HoTen, GioiTinh, NgaySinh, CMND, SinhNam) VALUES ('81be9b2f-ba8c-42ed-9146-2a37474316b7', N'Hồ Thị Chi', NULL, '1991-03-06', '215134874', 1991);
INSERT INTO [HoTroCovid].[dbo].[CaNhan_DoanhNghiep] (ID, IDDoanhNghiep, IDCaNhan, IDDoiTuong, NgheNghiep, DaTra50) VALUES ('14a6a239-0eec-4bbd-8424-ef6e1c7a75f7', 'e49841c9-785e-405e-9bf6-c9e9638c10e4', '81be9b2f-ba8c-42ed-9146-2a37474316b7', NULL, N'CNCBHSĐL', null);
INSERT INTO [HoTroCovid].[dbo].[ThongTinHoTro] (ID, IDNoiDung, IDDoiTuong, IDCaNhan) VALUES ('c636896a-8fb5-4dbc-bc4d-74c744acb60f', 1, NULL, '81be9b2f-ba8c-42ed-9146-2a37474316b7');
INSERT INTO [HoTroCovid].[dbo].[HoSo] (ID, IDCaNhan, IDNoiDungHoTro, IDDoiTuong, SoThang, SoTien, ThanhTien, IDThongTinHoTro, DaChi, NguoiTao) VALUES ('262f9ec3-12b9-4bd1-a26c-4f4342c4e34e', '81be9b2f-ba8c-42ed-9146-2a37474316b7', 1, NULL, 3, 1800000, 5400000, 'c636896a-8fb5-4dbc-bc4d-74c744acb60f', 0, 'solaodong');
INSERT INTO [HoTroCovid].[dbo].[CaNhan] (ID, HoTen, GioiTinh, NgaySinh, CMND, SinhNam) VALUES ('3c94505a-a467-4fe0-8d02-b8e877d156cf', N'Trần Minh Thư', 1, '1982-03-10', '211797856', 1982);
INSERT INTO [HoTroCovid].[dbo].[CaNhan_DoanhNghiep] (ID, IDDoanhNghiep, IDCaNhan, IDDoiTuong, NgheNghiep, DaTra50) VALUES ('9a5f2512-ff10-43e4-bd9b-adc33e5b096b', 'e49841c9-785e-405e-9bf6-c9e9638c10e4', '3c94505a-a467-4fe0-8d02-b8e877d156cf', NULL, N'Tổ trưởng ĐG3', null);
INSERT INTO [HoTroCovid].[dbo].[ThongTinHoTro] (ID, IDNoiDung, IDDoiTuong, IDCaNhan) VALUES ('2c3a0a6d-1230-4046-a5b1-71c5673da891', 1, NULL, '3c94505a-a467-4fe0-8d02-b8e877d156cf');
INSERT INTO [HoTroCovid].[dbo].[HoSo] (ID, IDCaNhan, IDNoiDungHoTro, IDDoiTuong, SoThang, SoTien, ThanhTien, IDThongTinHoTro, DaChi, NguoiTao) VALUES ('955825f0-daed-488f-a163-881736f4dca6', '3c94505a-a467-4fe0-8d02-b8e877d156cf', 1, NULL, 3, 1800000, 5400000, '2c3a0a6d-1230-4046-a5b1-71c5673da891', 0, 'solaodong');
INSERT INTO [HoTroCovid].[dbo].[CaNhan] (ID, HoTen, GioiTinh, NgaySinh, CMND, SinhNam) VALUES ('0354bde8-7910-4b2d-a077-0ef0708dc6c6', N'Trịnh Văn Linh', 1, '1990-07-02', '215183087', 1990);
INSERT INTO [HoTroCovid].[dbo].[CaNhan_DoanhNghiep] (ID, IDDoanhNghiep, IDCaNhan, IDDoiTuong, NgheNghiep, DaTra50) VALUES ('8b17ffae-88df-4287-a054-8e1b330bf746', 'e49841c9-785e-405e-9bf6-c9e9638c10e4', '0354bde8-7910-4b2d-a077-0ef0708dc6c6', NULL, N'CNCBHSĐL', null);
INSERT INTO [HoTroCovid].[dbo].[ThongTinHoTro] (ID, IDNoiDung, IDDoiTuong, IDCaNhan) VALUES ('85117bf6-ba13-47dc-8241-b44e85537573', 1, NULL, '0354bde8-7910-4b2d-a077-0ef0708dc6c6');
INSERT INTO [HoTroCovid].[dbo].[HoSo] (ID, IDCaNhan, IDNoiDungHoTro, IDDoiTuong, SoThang, SoTien, ThanhTien, IDThongTinHoTro, DaChi, NguoiTao) VALUES ('b466c92e-07cb-4861-9a57-df9f4479a2fc', '0354bde8-7910-4b2d-a077-0ef0708dc6c6', 1, NULL, 3, 1800000, 5400000, '85117bf6-ba13-47dc-8241-b44e85537573', 0, 'solaodong');
INSERT INTO [HoTroCovid].[dbo].[CaNhan] (ID, HoTen, GioiTinh, NgaySinh, CMND, SinhNam) VALUES ('0e342fd7-1f4b-42ae-ba4f-11ce871e1ea3', N'Trần Thế Hà', 1, '1993-03-06', '215219084', 1993);
INSERT INTO [HoTroCovid].[dbo].[CaNhan_DoanhNghiep] (ID, IDDoanhNghiep, IDCaNhan, IDDoiTuong, NgheNghiep, DaTra50) VALUES ('e90448fe-9ed9-4f7d-ac3c-1404cd2d2eba', 'e49841c9-785e-405e-9bf6-c9e9638c10e4', '0e342fd7-1f4b-42ae-ba4f-11ce871e1ea3', NULL, N'CNCBHSĐL', null);
INSERT INTO [HoTroCovid].[dbo].[ThongTinHoTro] (ID, IDNoiDung, IDDoiTuong, IDCaNhan) VALUES ('91e25083-3026-44e3-ae0f-397bab5098ba', 1, NULL, '0e342fd7-1f4b-42ae-ba4f-11ce871e1ea3');
INSERT INTO [HoTroCovid].[dbo].[HoSo] (ID, IDCaNhan, IDNoiDungHoTro, IDDoiTuong, SoThang, SoTien, ThanhTien, IDThongTinHoTro, DaChi, NguoiTao) VALUES ('831a85e6-58a7-43ed-a162-f7ad1e902b92', '0e342fd7-1f4b-42ae-ba4f-11ce871e1ea3', 1, NULL, 3, 1800000, 5400000, '91e25083-3026-44e3-ae0f-397bab5098ba', 0, 'solaodong');
INSERT INTO [HoTroCovid].[dbo].[CaNhan] (ID, HoTen, GioiTinh, NgaySinh, CMND, SinhNam) VALUES ('61accbb5-9389-4a27-b3fb-08d49661d341', N'Huỳnh Văn Thãi', 1, '1985-07-28', '211858898', 1985);
INSERT INTO [HoTroCovid].[dbo].[CaNhan_DoanhNghiep] (ID, IDDoanhNghiep, IDCaNhan, IDDoiTuong, NgheNghiep, DaTra50) VALUES ('3547dea9-2dd4-4740-9333-b176c61ed7f4', 'e49841c9-785e-405e-9bf6-c9e9638c10e4', '61accbb5-9389-4a27-b3fb-08d49661d341', NULL, N'CNCBHSĐL', null);
INSERT INTO [HoTroCovid].[dbo].[ThongTinHoTro] (ID, IDNoiDung, IDDoiTuong, IDCaNhan) VALUES ('55ba7a22-7d89-4df5-8f38-e47695755ae3', 1, NULL, '61accbb5-9389-4a27-b3fb-08d49661d341');
INSERT INTO [HoTroCovid].[dbo].[HoSo] (ID, IDCaNhan, IDNoiDungHoTro, IDDoiTuong, SoThang, SoTien, ThanhTien, IDThongTinHoTro, DaChi, NguoiTao) VALUES ('2155b420-83fd-4504-88a4-3c1ea745233c', '61accbb5-9389-4a27-b3fb-08d49661d341', 1, NULL, 3, 1800000, 5400000, '55ba7a22-7d89-4df5-8f38-e47695755ae3', 0, 'solaodong');
INSERT INTO [HoTroCovid].[dbo].[CaNhan] (ID, HoTen, GioiTinh, NgaySinh, CMND, SinhNam) VALUES ('7bb65192-5338-4e0d-9922-898d3dd84f0f', N'Phạm Thị Luyến', NULL, '1996-12-30', '215368362', 1996);
INSERT INTO [HoTroCovid].[dbo].[CaNhan_DoanhNghiep] (ID, IDDoanhNghiep, IDCaNhan, IDDoiTuong, NgheNghiep, DaTra50) VALUES ('0f0ee0bb-f490-4051-b054-740b1a629e19', 'e49841c9-785e-405e-9bf6-c9e9638c10e4', '7bb65192-5338-4e0d-9922-898d3dd84f0f', NULL, N'CNCBHSĐL', null);
INSERT INTO [HoTroCovid].[dbo].[ThongTinHoTro] (ID, IDNoiDung, IDDoiTuong, IDCaNhan) VALUES ('5e57d310-e62a-4119-b416-14702aeb3475', 1, NULL, '7bb65192-5338-4e0d-9922-898d3dd84f0f');
INSERT INTO [HoTroCovid].[dbo].[HoSo] (ID, IDCaNhan, IDNoiDungHoTro, IDDoiTuong, SoThang, SoTien, ThanhTien, IDThongTinHoTro, DaChi, NguoiTao) VALUES ('ab3eebb1-d43b-4074-9eac-6678432a11de', '7bb65192-5338-4e0d-9922-898d3dd84f0f', 1, NULL, 3, 1800000, 5400000, '5e57d310-e62a-4119-b416-14702aeb3475', 0, 'solaodong');
INSERT INTO [HoTroCovid].[dbo].[CaNhan] (ID, HoTen, GioiTinh, NgaySinh, CMND, SinhNam) VALUES ('a6f80a9f-1629-4f44-b793-9e5abe22ba40', N'Nguyễn Ngọc Tiến - Thủ kho', 1, '1989-05-01', '215167309', 1989);
INSERT INTO [HoTroCovid].[dbo].[CaNhan_DoanhNghiep] (ID, IDDoanhNghiep, IDCaNhan, IDDoiTuong, NgheNghiep, DaTra50) VALUES ('9c41f388-b364-431e-8b3c-a25671995350', 'e49841c9-785e-405e-9bf6-c9e9638c10e4', 'a6f80a9f-1629-4f44-b793-9e5abe22ba40', NULL, N'CN cấp phát BBVT', null);
INSERT INTO [HoTroCovid].[dbo].[ThongTinHoTro] (ID, IDNoiDung, IDDoiTuong, IDCaNhan) VALUES ('93384c76-8443-464d-86b8-214b5e8e0e52', 1, NULL, 'a6f80a9f-1629-4f44-b793-9e5abe22ba40');
INSERT INTO [HoTroCovid].[dbo].[HoSo] (ID, IDCaNhan, IDNoiDungHoTro, IDDoiTuong, SoThang, SoTien, ThanhTien, IDThongTinHoTro, DaChi, NguoiTao) VALUES ('65b6201e-051b-427f-82cb-a10cdb9ccb9a', 'a6f80a9f-1629-4f44-b793-9e5abe22ba40', 1, NULL, 3, 1800000, 5400000, '93384c76-8443-464d-86b8-214b5e8e0e52', 0, 'solaodong');
INSERT INTO [HoTroCovid].[dbo].[CaNhan] (ID, HoTen, GioiTinh, NgaySinh, CMND, SinhNam) VALUES ('3dde41c5-9e39-4c05-ab53-86245f29e90d', N'Lưu Thị Thu Huệ', NULL, '1998-05-20', '215428012', 1998);
INSERT INTO [HoTroCovid].[dbo].[CaNhan_DoanhNghiep] (ID, IDDoanhNghiep, IDCaNhan, IDDoiTuong, NgheNghiep, DaTra50) VALUES ('9507f0b6-4932-4bb5-85e8-1ef20c254495', 'e49841c9-785e-405e-9bf6-c9e9638c10e4', '3dde41c5-9e39-4c05-ab53-86245f29e90d', NULL, N'CNCBHSĐL', null);
INSERT INTO [HoTroCovid].[dbo].[ThongTinHoTro] (ID, IDNoiDung, IDDoiTuong, IDCaNhan) VALUES ('4e3c44c1-2f04-456b-8056-7a5f1c44e6f0', 1, NULL, '3dde41c5-9e39-4c05-ab53-86245f29e90d');
INSERT INTO [HoTroCovid].[dbo].[HoSo] (ID, IDCaNhan, IDNoiDungHoTro, IDDoiTuong, SoThang, SoTien, ThanhTien, IDThongTinHoTro, DaChi, NguoiTao) VALUES ('e593cad2-cfbd-47b8-8b02-5feb263a6f70', '3dde41c5-9e39-4c05-ab53-86245f29e90d', 1, NULL, 3, 1800000, 5400000, '4e3c44c1-2f04-456b-8056-7a5f1c44e6f0', 0, 'solaodong');
INSERT INTO [HoTroCovid].[dbo].[CaNhan] (ID, HoTen, GioiTinh, NgaySinh, CMND, SinhNam) VALUES ('e4c4bd51-53e0-435c-a9fb-480387821bf1', N'Từ Thị Thu Thủy', NULL, '1990-07-19', '215095182', 1990);
INSERT INTO [HoTroCovid].[dbo].[CaNhan_DoanhNghiep] (ID, IDDoanhNghiep, IDCaNhan, IDDoiTuong, NgheNghiep, DaTra50) VALUES ('a0b93471-382d-43e0-ad16-68022678d641', 'e49841c9-785e-405e-9bf6-c9e9638c10e4', 'e4c4bd51-53e0-435c-a9fb-480387821bf1', NULL, N'CNCBHSĐL', null);
INSERT INTO [HoTroCovid].[dbo].[ThongTinHoTro] (ID, IDNoiDung, IDDoiTuong, IDCaNhan) VALUES ('737ffce2-b605-46cb-9fbc-1a184433deef', 1, NULL, 'e4c4bd51-53e0-435c-a9fb-480387821bf1');
INSERT INTO [HoTroCovid].[dbo].[HoSo] (ID, IDCaNhan, IDNoiDungHoTro, IDDoiTuong, SoThang, SoTien, ThanhTien, IDThongTinHoTro, DaChi, NguoiTao) VALUES ('2de2b825-0a6f-4a2e-8670-4f739eae7a3c', 'e4c4bd51-53e0-435c-a9fb-480387821bf1', 1, NULL, 3, 1800000, 5400000, '737ffce2-b605-46cb-9fbc-1a184433deef', 0, 'solaodong');
INSERT INTO [HoTroCovid].[dbo].[CaNhan] (ID, HoTen, GioiTinh, NgaySinh, CMND, SinhNam) VALUES ('adc26122-fc6a-44d3-a197-e876b6b950bb', N'Phan Ngọc Tấn', 1, '1986-07-12', '215138384', 1986);
INSERT INTO [HoTroCovid].[dbo].[CaNhan_DoanhNghiep] (ID, IDDoanhNghiep, IDCaNhan, IDDoiTuong, NgheNghiep, DaTra50) VALUES ('a7a42979-973e-4467-be28-bcd0796377dd', 'e49841c9-785e-405e-9bf6-c9e9638c10e4', 'adc26122-fc6a-44d3-a197-e876b6b950bb', NULL, N'CNCBHSĐL', null);
INSERT INTO [HoTroCovid].[dbo].[ThongTinHoTro] (ID, IDNoiDung, IDDoiTuong, IDCaNhan) VALUES ('a97c84c6-728e-451d-afab-7025d20917a2', 1, NULL, 'adc26122-fc6a-44d3-a197-e876b6b950bb');
INSERT INTO [HoTroCovid].[dbo].[HoSo] (ID, IDCaNhan, IDNoiDungHoTro, IDDoiTuong, SoThang, SoTien, ThanhTien, IDThongTinHoTro, DaChi, NguoiTao) VALUES ('37492995-835b-44f3-b824-85f0b796c193', 'adc26122-fc6a-44d3-a197-e876b6b950bb', 1, NULL, 3, 1800000, 5400000, 'a97c84c6-728e-451d-afab-7025d20917a2', 0, 'solaodong');
INSERT INTO [HoTroCovid].[dbo].[CaNhan] (ID, HoTen, GioiTinh, NgaySinh, CMND, SinhNam) VALUES ('0a3005e9-ca3f-4899-ac4a-77ba45ced252', N'Nguyễn Minh Hòa', 1, '2001-07-15', '215543051', 2001);
INSERT INTO [HoTroCovid].[dbo].[CaNhan_DoanhNghiep] (ID, IDDoanhNghiep, IDCaNhan, IDDoiTuong, NgheNghiep, DaTra50) VALUES ('53a9fde0-0230-45d5-82e6-45b16828c588', 'e49841c9-785e-405e-9bf6-c9e9638c10e4', '0a3005e9-ca3f-4899-ac4a-77ba45ced252', NULL, N'CNCBHSĐL', null);
INSERT INTO [HoTroCovid].[dbo].[ThongTinHoTro] (ID, IDNoiDung, IDDoiTuong, IDCaNhan) VALUES ('929d78c7-3479-46f4-b57d-fb5ad7fc6b02', 1, NULL, '0a3005e9-ca3f-4899-ac4a-77ba45ced252');
INSERT INTO [HoTroCovid].[dbo].[HoSo] (ID, IDCaNhan, IDNoiDungHoTro, IDDoiTuong, SoThang, SoTien, ThanhTien, IDThongTinHoTro, DaChi, NguoiTao) VALUES ('5b2981f1-6013-4bb8-92e0-1c141fad44a9', '0a3005e9-ca3f-4899-ac4a-77ba45ced252', 1, NULL, 3, 1800000, 5400000, '929d78c7-3479-46f4-b57d-fb5ad7fc6b02', 0, 'solaodong');
INSERT INTO [HoTroCovid].[dbo].[CaNhan] (ID, HoTen, GioiTinh, NgaySinh, CMND, SinhNam) VALUES ('03aba869-dada-4bf7-b011-911377ff7a3a', N'Lưu Thái Phong', 1, '2001-04-09', '215511484', 2001);
INSERT INTO [HoTroCovid].[dbo].[CaNhan_DoanhNghiep] (ID, IDDoanhNghiep, IDCaNhan, IDDoiTuong, NgheNghiep, DaTra50) VALUES ('8e34bc29-ffac-45a2-bea6-7bab45d5d28a', 'e49841c9-785e-405e-9bf6-c9e9638c10e4', '03aba869-dada-4bf7-b011-911377ff7a3a', NULL, N'CNCBHSĐL', null);
INSERT INTO [HoTroCovid].[dbo].[ThongTinHoTro] (ID, IDNoiDung, IDDoiTuong, IDCaNhan) VALUES ('9a0fac13-39e5-4cba-bef2-b52495e23d89', 1, NULL, '03aba869-dada-4bf7-b011-911377ff7a3a');
INSERT INTO [HoTroCovid].[dbo].[HoSo] (ID, IDCaNhan, IDNoiDungHoTro, IDDoiTuong, SoThang, SoTien, ThanhTien, IDThongTinHoTro, DaChi, NguoiTao) VALUES ('5631e667-7005-4a88-aaee-5cd11765bf3b', '03aba869-dada-4bf7-b011-911377ff7a3a', 1, NULL, 3, 1800000, 5400000, '9a0fac13-39e5-4cba-bef2-b52495e23d89', 0, 'solaodong');
INSERT INTO [HoTroCovid].[dbo].[CaNhan] (ID, HoTen, GioiTinh, NgaySinh, CMND, SinhNam) VALUES ('3f8fcccf-8954-4606-80e3-5d6fbf0a2cbe', N'Võ Nữ Thúy Hằng', NULL, '1991-05-01', '215112638', 1991);
INSERT INTO [HoTroCovid].[dbo].[CaNhan_DoanhNghiep] (ID, IDDoanhNghiep, IDCaNhan, IDDoiTuong, NgheNghiep, DaTra50) VALUES ('2a41a4df-6b38-4631-b725-3990ce67057a', 'e49841c9-785e-405e-9bf6-c9e9638c10e4', '3f8fcccf-8954-4606-80e3-5d6fbf0a2cbe', NULL, N'CNCBHSĐL', null);
INSERT INTO [HoTroCovid].[dbo].[ThongTinHoTro] (ID, IDNoiDung, IDDoiTuong, IDCaNhan) VALUES ('26415fa1-ccdb-4488-bdac-e2fb47179cf0', 1, NULL, '3f8fcccf-8954-4606-80e3-5d6fbf0a2cbe');
INSERT INTO [HoTroCovid].[dbo].[HoSo] (ID, IDCaNhan, IDNoiDungHoTro, IDDoiTuong, SoThang, SoTien, ThanhTien, IDThongTinHoTro, DaChi, NguoiTao) VALUES ('e0112261-a861-4903-b310-d686088c0752', '3f8fcccf-8954-4606-80e3-5d6fbf0a2cbe', 1, NULL, 3, 1800000, 5400000, '26415fa1-ccdb-4488-bdac-e2fb47179cf0', 0, 'solaodong');
INSERT INTO [HoTroCovid].[dbo].[CaNhan] (ID, HoTen, GioiTinh, NgaySinh, CMND, SinhNam) VALUES ('e2eb102f-a9dd-4007-bca7-e2420b97a0b7', N'Phan Mạnh Hùng', NULL, '1995-03-11', '215304537', 1995);
INSERT INTO [HoTroCovid].[dbo].[CaNhan_DoanhNghiep] (ID, IDDoanhNghiep, IDCaNhan, IDDoiTuong, NgheNghiep, DaTra50) VALUES ('3dc1406a-925a-435c-a3c4-a27752fea5d8', 'e49841c9-785e-405e-9bf6-c9e9638c10e4', 'e2eb102f-a9dd-4007-bca7-e2420b97a0b7', NULL, N'CNCBHSĐL', null);
INSERT INTO [HoTroCovid].[dbo].[ThongTinHoTro] (ID, IDNoiDung, IDDoiTuong, IDCaNhan) VALUES ('f8639c74-e7c6-4a28-aae2-f44d6fccdc6c', 1, NULL, 'e2eb102f-a9dd-4007-bca7-e2420b97a0b7');
INSERT INTO [HoTroCovid].[dbo].[HoSo] (ID, IDCaNhan, IDNoiDungHoTro, IDDoiTuong, SoThang, SoTien, ThanhTien, IDThongTinHoTro, DaChi, NguoiTao) VALUES ('c1990c9d-bfd9-410c-925a-afc24f49f537', 'e2eb102f-a9dd-4007-bca7-e2420b97a0b7', 1, NULL, 3, 1800000, 5400000, 'f8639c74-e7c6-4a28-aae2-f44d6fccdc6c', 0, 'solaodong');
INSERT INTO [HoTroCovid].[dbo].[CaNhan] (ID, HoTen, GioiTinh, NgaySinh, CMND, SinhNam) VALUES ('7c8578fb-a4a7-412e-97a9-64f2ee27432b', N'Nguyễn Thị Mỹ Lệ', NULL, '1994-08-10', '215286166', 1994);
INSERT INTO [HoTroCovid].[dbo].[CaNhan_DoanhNghiep] (ID, IDDoanhNghiep, IDCaNhan, IDDoiTuong, NgheNghiep, DaTra50) VALUES ('1385a932-7d82-422a-a5c5-fd884d6385e5', 'e49841c9-785e-405e-9bf6-c9e9638c10e4', '7c8578fb-a4a7-412e-97a9-64f2ee27432b', NULL, N'CNCBHSĐL', null);
INSERT INTO [HoTroCovid].[dbo].[ThongTinHoTro] (ID, IDNoiDung, IDDoiTuong, IDCaNhan) VALUES ('5a7dbc51-87da-4e91-bcff-aecc4582fceb', 1, NULL, '7c8578fb-a4a7-412e-97a9-64f2ee27432b');
INSERT INTO [HoTroCovid].[dbo].[HoSo] (ID, IDCaNhan, IDNoiDungHoTro, IDDoiTuong, SoThang, SoTien, ThanhTien, IDThongTinHoTro, DaChi, NguoiTao) VALUES ('195b6f15-4162-4c78-971b-d67c6195b383', '7c8578fb-a4a7-412e-97a9-64f2ee27432b', 1, NULL, 3, 1800000, 5400000, '5a7dbc51-87da-4e91-bcff-aecc4582fceb', 0, 'solaodong');
INSERT INTO [HoTroCovid].[dbo].[CaNhan] (ID, HoTen, GioiTinh, NgaySinh, CMND, SinhNam) VALUES ('94b7ff31-c228-4d7b-bbf5-b49b8e61f3bb', N'Phan Văn Thiên', 1, '1995-03-07', '215376772', 1995);
INSERT INTO [HoTroCovid].[dbo].[CaNhan_DoanhNghiep] (ID, IDDoanhNghiep, IDCaNhan, IDDoiTuong, NgheNghiep, DaTra50) VALUES ('d3ce27f9-55e7-4b70-8081-aeba1169d817', 'e49841c9-785e-405e-9bf6-c9e9638c10e4', '94b7ff31-c228-4d7b-bbf5-b49b8e61f3bb', NULL, N'CNCBHSĐL', null);
INSERT INTO [HoTroCovid].[dbo].[ThongTinHoTro] (ID, IDNoiDung, IDDoiTuong, IDCaNhan) VALUES ('d2214fc8-d043-4f93-9ec9-0fe592292abc', 1, NULL, '94b7ff31-c228-4d7b-bbf5-b49b8e61f3bb');
INSERT INTO [HoTroCovid].[dbo].[HoSo] (ID, IDCaNhan, IDNoiDungHoTro, IDDoiTuong, SoThang, SoTien, ThanhTien, IDThongTinHoTro, DaChi, NguoiTao) VALUES ('4178a2bc-7dd4-4c3b-9296-8cd2381a065e', '94b7ff31-c228-4d7b-bbf5-b49b8e61f3bb', 1, NULL, 3, 1800000, 5400000, 'd2214fc8-d043-4f93-9ec9-0fe592292abc', 0, 'solaodong');
INSERT INTO [HoTroCovid].[dbo].[CaNhan] (ID, HoTen, GioiTinh, NgaySinh, CMND, SinhNam) VALUES ('b4d57a35-7ad6-4a9a-8668-65f1afecdb40', N'Huỳnh Thị Thảo Trung', NULL, '1995-02-28', '215309075', 1995);
INSERT INTO [HoTroCovid].[dbo].[CaNhan_DoanhNghiep] (ID, IDDoanhNghiep, IDCaNhan, IDDoiTuong, NgheNghiep, DaTra50) VALUES ('e470d25a-689c-44ed-b77d-91f55964cef1', 'e49841c9-785e-405e-9bf6-c9e9638c10e4', 'b4d57a35-7ad6-4a9a-8668-65f1afecdb40', NULL, N'CNCBHSĐL', null);
INSERT INTO [HoTroCovid].[dbo].[ThongTinHoTro] (ID, IDNoiDung, IDDoiTuong, IDCaNhan) VALUES ('d87ca57c-4c5c-4afe-9bb3-36054b39d725', 1, NULL, 'b4d57a35-7ad6-4a9a-8668-65f1afecdb40');
INSERT INTO [HoTroCovid].[dbo].[HoSo] (ID, IDCaNhan, IDNoiDungHoTro, IDDoiTuong, SoThang, SoTien, ThanhTien, IDThongTinHoTro, DaChi, NguoiTao) VALUES ('10a3150c-5b52-48a4-9c54-dd23c8a2e3e0', 'b4d57a35-7ad6-4a9a-8668-65f1afecdb40', 1, NULL, 3, 1800000, 5400000, 'd87ca57c-4c5c-4afe-9bb3-36054b39d725', 0, 'solaodong');
INSERT INTO [HoTroCovid].[dbo].[CaNhan] (ID, HoTen, GioiTinh, NgaySinh, CMND, SinhNam) VALUES ('14af10b6-878d-48d9-b1ff-70630959bc54', N'Nguyễn Thị Thanh Nhã', NULL, '1994-01-02', '215327855', 1994);
INSERT INTO [HoTroCovid].[dbo].[CaNhan_DoanhNghiep] (ID, IDDoanhNghiep, IDCaNhan, IDDoiTuong, NgheNghiep, DaTra50) VALUES ('c3b11ed7-1069-4bbc-8a02-d461c766658b', 'e49841c9-785e-405e-9bf6-c9e9638c10e4', '14af10b6-878d-48d9-b1ff-70630959bc54', NULL, N'CNCBHSĐL', null);
INSERT INTO [HoTroCovid].[dbo].[ThongTinHoTro] (ID, IDNoiDung, IDDoiTuong, IDCaNhan) VALUES ('a243a495-8986-4b8f-ab27-1df7a2205295', 1, NULL, '14af10b6-878d-48d9-b1ff-70630959bc54');
INSERT INTO [HoTroCovid].[dbo].[HoSo] (ID, IDCaNhan, IDNoiDungHoTro, IDDoiTuong, SoThang, SoTien, ThanhTien, IDThongTinHoTro, DaChi, NguoiTao) VALUES ('7066f2eb-1db6-4649-9f04-1faa89ef79a5', '14af10b6-878d-48d9-b1ff-70630959bc54', 1, NULL, 3, 1800000, 5400000, 'a243a495-8986-4b8f-ab27-1df7a2205295', 0, 'solaodong');
INSERT INTO [HoTroCovid].[dbo].[CaNhan] (ID, HoTen, GioiTinh, NgaySinh, CMND, SinhNam) VALUES ('d94822ce-d12a-4739-9366-923e6f23e7d9', N'Trần Thị Nhung', NULL, '2000-01-06', '215453547', 2000);
INSERT INTO [HoTroCovid].[dbo].[CaNhan_DoanhNghiep] (ID, IDDoanhNghiep, IDCaNhan, IDDoiTuong, NgheNghiep, DaTra50) VALUES ('41c39ec0-3590-4074-80de-b124f189758b', 'e49841c9-785e-405e-9bf6-c9e9638c10e4', 'd94822ce-d12a-4739-9366-923e6f23e7d9', NULL, N'CNCBHSĐL', null);
INSERT INTO [HoTroCovid].[dbo].[ThongTinHoTro] (ID, IDNoiDung, IDDoiTuong, IDCaNhan) VALUES ('99120ccc-e785-4f72-8f22-8f9fb4e6b462', 1, NULL, 'd94822ce-d12a-4739-9366-923e6f23e7d9');
INSERT INTO [HoTroCovid].[dbo].[HoSo] (ID, IDCaNhan, IDNoiDungHoTro, IDDoiTuong, SoThang, SoTien, ThanhTien, IDThongTinHoTro, DaChi, NguoiTao) VALUES ('8c8542a1-e402-4505-ac0e-04c23ba475c9', 'd94822ce-d12a-4739-9366-923e6f23e7d9', 1, NULL, 3, 1800000, 5400000, '99120ccc-e785-4f72-8f22-8f9fb4e6b462', 0, 'solaodong');
INSERT INTO [HoTroCovid].[dbo].[CaNhan] (ID, HoTen, GioiTinh, NgaySinh, CMND, SinhNam) VALUES ('754b9b8f-4281-4034-a546-e3c98e6ac007', N'Võ Thị Mỹ', NULL, '1969-01-01', '211198734', 1969);
INSERT INTO [HoTroCovid].[dbo].[CaNhan_DoanhNghiep] (ID, IDDoanhNghiep, IDCaNhan, IDDoiTuong, NgheNghiep, DaTra50) VALUES ('c8911f67-5669-48e6-8ed2-4acaea790849', 'e49841c9-785e-405e-9bf6-c9e9638c10e4', '754b9b8f-4281-4034-a546-e3c98e6ac007', NULL, N'CNVS', null);
INSERT INTO [HoTroCovid].[dbo].[ThongTinHoTro] (ID, IDNoiDung, IDDoiTuong, IDCaNhan) VALUES ('923366ec-556d-4298-bf82-706ad4767ca4', 1, NULL, '754b9b8f-4281-4034-a546-e3c98e6ac007');
INSERT INTO [HoTroCovid].[dbo].[HoSo] (ID, IDCaNhan, IDNoiDungHoTro, IDDoiTuong, SoThang, SoTien, ThanhTien, IDThongTinHoTro, DaChi, NguoiTao) VALUES ('9fc17684-e5bd-43fc-8acf-9696fc6dd628', '754b9b8f-4281-4034-a546-e3c98e6ac007', 1, NULL, 3, 1800000, 5400000, '923366ec-556d-4298-bf82-706ad4767ca4', 0, 'solaodong');
INSERT INTO [HoTroCovid].[dbo].[CaNhan] (ID, HoTen, GioiTinh, NgaySinh, CMND, SinhNam) VALUES ('945c5280-d05c-4e7e-926e-d32a423a0fe5', N'Lê Thuỵ Thảo Vy', NULL, '1983-09-27', '211831966', 1983);
INSERT INTO [HoTroCovid].[dbo].[CaNhan_DoanhNghiep] (ID, IDDoanhNghiep, IDCaNhan, IDDoiTuong, NgheNghiep, DaTra50) VALUES ('97914c4b-2039-42e8-a22f-56d5651cdab9', 'e49841c9-785e-405e-9bf6-c9e9638c10e4', '945c5280-d05c-4e7e-926e-d32a423a0fe5', NULL, N'Phó BP BBVT', null);
INSERT INTO [HoTroCovid].[dbo].[ThongTinHoTro] (ID, IDNoiDung, IDDoiTuong, IDCaNhan) VALUES ('bbd2a4a0-7f49-4035-b9a6-1e4df992d452', 1, NULL, '945c5280-d05c-4e7e-926e-d32a423a0fe5');
INSERT INTO [HoTroCovid].[dbo].[HoSo] (ID, IDCaNhan, IDNoiDungHoTro, IDDoiTuong, SoThang, SoTien, ThanhTien, IDThongTinHoTro, DaChi, NguoiTao) VALUES ('d0e24f60-4fed-430c-ad2a-beccea3c20b2', '945c5280-d05c-4e7e-926e-d32a423a0fe5', 1, NULL, 3, 1800000, 5400000, 'bbd2a4a0-7f49-4035-b9a6-1e4df992d452', 0, 'solaodong');
INSERT INTO [HoTroCovid].[dbo].[CaNhan] (ID, HoTen, GioiTinh, NgaySinh, CMND, SinhNam) VALUES ('0ad9ad52-a306-4d63-a8f9-3adb3fbdab83', N'Nguyễn Thị Hồng Linh', NULL, '1995-03-20', '215324717', 1995);
INSERT INTO [HoTroCovid].[dbo].[CaNhan_DoanhNghiep] (ID, IDDoanhNghiep, IDCaNhan, IDDoiTuong, NgheNghiep, DaTra50) VALUES ('0cec93ee-cc98-4414-8de0-27bb5aed4896', 'e49841c9-785e-405e-9bf6-c9e9638c10e4', '0ad9ad52-a306-4d63-a8f9-3adb3fbdab83', NULL, N'CNCBHSĐL', null);
INSERT INTO [HoTroCovid].[dbo].[ThongTinHoTro] (ID, IDNoiDung, IDDoiTuong, IDCaNhan) VALUES ('36f80e06-bcbf-4065-b871-54da213e5a62', 1, NULL, '0ad9ad52-a306-4d63-a8f9-3adb3fbdab83');
INSERT INTO [HoTroCovid].[dbo].[HoSo] (ID, IDCaNhan, IDNoiDungHoTro, IDDoiTuong, SoThang, SoTien, ThanhTien, IDThongTinHoTro, DaChi, NguoiTao) VALUES ('cc64375a-97cd-4fdc-9eaf-c061a5f27a07', '0ad9ad52-a306-4d63-a8f9-3adb3fbdab83', 1, NULL, 3, 1800000, 5400000, '36f80e06-bcbf-4065-b871-54da213e5a62', 0, 'solaodong');
INSERT INTO [HoTroCovid].[dbo].[CaNhan] (ID, HoTen, GioiTinh, NgaySinh, CMND, SinhNam) VALUES ('e9d8fcca-d088-4ca1-b8d0-03f7531238c2', N'Lê Thị Thanh Thủy', NULL, '1994-11-10', '215285640', 1994);
INSERT INTO [HoTroCovid].[dbo].[CaNhan_DoanhNghiep] (ID, IDDoanhNghiep, IDCaNhan, IDDoiTuong, NgheNghiep, DaTra50) VALUES ('d9825552-678c-48a9-8d17-f09d280c764f', 'e49841c9-785e-405e-9bf6-c9e9638c10e4', 'e9d8fcca-d088-4ca1-b8d0-03f7531238c2', NULL, N'CNCBHSĐL', null);
INSERT INTO [HoTroCovid].[dbo].[ThongTinHoTro] (ID, IDNoiDung, IDDoiTuong, IDCaNhan) VALUES ('6467f877-6d67-4a94-b9f1-15c8afc913e8', 1, NULL, 'e9d8fcca-d088-4ca1-b8d0-03f7531238c2');
INSERT INTO [HoTroCovid].[dbo].[HoSo] (ID, IDCaNhan, IDNoiDungHoTro, IDDoiTuong, SoThang, SoTien, ThanhTien, IDThongTinHoTro, DaChi, NguoiTao) VALUES ('7736100c-8811-4799-b9d4-9277269a0efd', 'e9d8fcca-d088-4ca1-b8d0-03f7531238c2', 1, NULL, 3, 1800000, 5400000, '6467f877-6d67-4a94-b9f1-15c8afc913e8', 0, 'solaodong');
INSERT INTO [HoTroCovid].[dbo].[CaNhan] (ID, HoTen, GioiTinh, NgaySinh, CMND, SinhNam) VALUES ('ba67188e-699a-42f6-931c-1749e25e2e65', N'Lê Thị Tuyết Nhung', NULL, '1998-04-12', '215457824', 1998);
INSERT INTO [HoTroCovid].[dbo].[CaNhan_DoanhNghiep] (ID, IDDoanhNghiep, IDCaNhan, IDDoiTuong, NgheNghiep, DaTra50) VALUES ('9c86af73-71e0-47eb-91f1-6ec8004c7274', 'e49841c9-785e-405e-9bf6-c9e9638c10e4', 'ba67188e-699a-42f6-931c-1749e25e2e65', NULL, N'CNCBHSĐL', null);
INSERT INTO [HoTroCovid].[dbo].[ThongTinHoTro] (ID, IDNoiDung, IDDoiTuong, IDCaNhan) VALUES ('6f6d0a84-2709-495b-ad3c-1571b9cb33f5', 1, NULL, 'ba67188e-699a-42f6-931c-1749e25e2e65');
INSERT INTO [HoTroCovid].[dbo].[HoSo] (ID, IDCaNhan, IDNoiDungHoTro, IDDoiTuong, SoThang, SoTien, ThanhTien, IDThongTinHoTro, DaChi, NguoiTao) VALUES ('1775554a-5b52-4459-a534-d8a9b45eb607', 'ba67188e-699a-42f6-931c-1749e25e2e65', 1, NULL, 3, 1800000, 5400000, '6f6d0a84-2709-495b-ad3c-1571b9cb33f5', 0, 'solaodong');
INSERT INTO [HoTroCovid].[dbo].[CaNhan] (ID, HoTen, GioiTinh, NgaySinh, CMND, SinhNam) VALUES ('005b7880-c3c4-44c7-b1fe-ecbf9802f855', N'Nguyễn Thành Trung', 1, '1996-06-15', '215365668', 1996);
INSERT INTO [HoTroCovid].[dbo].[CaNhan_DoanhNghiep] (ID, IDDoanhNghiep, IDCaNhan, IDDoiTuong, NgheNghiep, DaTra50) VALUES ('fa4aa0c8-c576-40e2-b6ca-d76655c2a4e9', 'e49841c9-785e-405e-9bf6-c9e9638c10e4', '005b7880-c3c4-44c7-b1fe-ecbf9802f855', NULL, N'Tổ phó CB1', null);
INSERT INTO [HoTroCovid].[dbo].[ThongTinHoTro] (ID, IDNoiDung, IDDoiTuong, IDCaNhan) VALUES ('12bdb1fe-1410-424c-beff-743272fd7e6f', 1, NULL, '005b7880-c3c4-44c7-b1fe-ecbf9802f855');
INSERT INTO [HoTroCovid].[dbo].[HoSo] (ID, IDCaNhan, IDNoiDungHoTro, IDDoiTuong, SoThang, SoTien, ThanhTien, IDThongTinHoTro, DaChi, NguoiTao) VALUES ('5298bfed-0bdb-4903-9cce-d1b24cef7951', '005b7880-c3c4-44c7-b1fe-ecbf9802f855', 1, NULL, 3, 1800000, 5400000, '12bdb1fe-1410-424c-beff-743272fd7e6f', 0, 'solaodong');
INSERT INTO [HoTroCovid].[dbo].[CaNhan] (ID, HoTen, GioiTinh, NgaySinh, CMND, SinhNam) VALUES ('7c741e74-dde8-4a48-8b1c-f85df452730c', N'Mai Thanh Ngọc', NULL, '1994-10-31', '215333156', 1994);
INSERT INTO [HoTroCovid].[dbo].[CaNhan_DoanhNghiep] (ID, IDDoanhNghiep, IDCaNhan, IDDoiTuong, NgheNghiep, DaTra50) VALUES ('4273c0b5-641b-4430-97e1-76c4935b7218', 'e49841c9-785e-405e-9bf6-c9e9638c10e4', '7c741e74-dde8-4a48-8b1c-f85df452730c', NULL, N'CNCBHSĐL', null);
INSERT INTO [HoTroCovid].[dbo].[ThongTinHoTro] (ID, IDNoiDung, IDDoiTuong, IDCaNhan) VALUES ('a2acdb3c-1280-43a1-9ce1-50af7cf3aee1', 1, NULL, '7c741e74-dde8-4a48-8b1c-f85df452730c');
INSERT INTO [HoTroCovid].[dbo].[HoSo] (ID, IDCaNhan, IDNoiDungHoTro, IDDoiTuong, SoThang, SoTien, ThanhTien, IDThongTinHoTro, DaChi, NguoiTao) VALUES ('260f4f0f-f5db-45f0-9f4a-9b8d667693a7', '7c741e74-dde8-4a48-8b1c-f85df452730c', 1, NULL, 3, 1800000, 5400000, 'a2acdb3c-1280-43a1-9ce1-50af7cf3aee1', 0, 'solaodong');
INSERT INTO [HoTroCovid].[dbo].[CaNhan] (ID, HoTen, GioiTinh, NgaySinh, CMND, SinhNam) VALUES ('5c81ae5d-9220-436f-af17-9f3dccfe03f2', N'Mai Thị Minh Thơ', NULL, '1999-08-16', '212840591', 1999);
INSERT INTO [HoTroCovid].[dbo].[CaNhan_DoanhNghiep] (ID, IDDoanhNghiep, IDCaNhan, IDDoiTuong, NgheNghiep, DaTra50) VALUES ('dda7a3ef-9371-4079-9dbe-b8f991b72cad', 'e49841c9-785e-405e-9bf6-c9e9638c10e4', '5c81ae5d-9220-436f-af17-9f3dccfe03f2', NULL, N'CNCBHSĐL', null);
INSERT INTO [HoTroCovid].[dbo].[ThongTinHoTro] (ID, IDNoiDung, IDDoiTuong, IDCaNhan) VALUES ('5dbbe3ab-1456-41f3-9fcb-13036ba588d6', 1, NULL, '5c81ae5d-9220-436f-af17-9f3dccfe03f2');
INSERT INTO [HoTroCovid].[dbo].[HoSo] (ID, IDCaNhan, IDNoiDungHoTro, IDDoiTuong, SoThang, SoTien, ThanhTien, IDThongTinHoTro, DaChi, NguoiTao) VALUES ('b02f1e20-759d-49bc-8d41-93567a452b7a', '5c81ae5d-9220-436f-af17-9f3dccfe03f2', 1, NULL, 3, 1800000, 5400000, '5dbbe3ab-1456-41f3-9fcb-13036ba588d6', 0, 'solaodong');
INSERT INTO [HoTroCovid].[dbo].[CaNhan] (ID, HoTen, GioiTinh, NgaySinh, CMND, SinhNam) VALUES ('9f90f1c7-6450-47af-b0e7-980bb9a4cc27', N'Nguyễn Văn Thọ', 1, '1991-06-27', '215167743', 1991);
INSERT INTO [HoTroCovid].[dbo].[CaNhan_DoanhNghiep] (ID, IDDoanhNghiep, IDCaNhan, IDDoiTuong, NgheNghiep, DaTra50) VALUES ('a4958fe6-f861-44af-b811-3ea9018591de', 'e49841c9-785e-405e-9bf6-c9e9638c10e4', '9f90f1c7-6450-47af-b0e7-980bb9a4cc27', NULL, N'Tổ trưởng ĐG3', null);
INSERT INTO [HoTroCovid].[dbo].[ThongTinHoTro] (ID, IDNoiDung, IDDoiTuong, IDCaNhan) VALUES ('aa4c4ce6-7307-4af8-9e3d-c1e3f1e21421', 1, NULL, '9f90f1c7-6450-47af-b0e7-980bb9a4cc27');
INSERT INTO [HoTroCovid].[dbo].[HoSo] (ID, IDCaNhan, IDNoiDungHoTro, IDDoiTuong, SoThang, SoTien, ThanhTien, IDThongTinHoTro, DaChi, NguoiTao) VALUES ('ef2eac92-2c7a-47c5-85ec-77afe1b51fb6', '9f90f1c7-6450-47af-b0e7-980bb9a4cc27', 1, NULL, 3, 1800000, 5400000, 'aa4c4ce6-7307-4af8-9e3d-c1e3f1e21421', 0, 'solaodong');
INSERT INTO [HoTroCovid].[dbo].[CaNhan] (ID, HoTen, GioiTinh, NgaySinh, CMND, SinhNam) VALUES ('62f09511-2942-4050-a2a4-287b4d2fef4f', N'Nguyễn Ngọc Huy', 1, '1991-04-30', '215241509', 1991);
INSERT INTO [HoTroCovid].[dbo].[CaNhan_DoanhNghiep] (ID, IDDoanhNghiep, IDCaNhan, IDDoiTuong, NgheNghiep, DaTra50) VALUES ('61d82798-c757-476e-b1ef-0e9a37214297', 'e49841c9-785e-405e-9bf6-c9e9638c10e4', '62f09511-2942-4050-a2a4-287b4d2fef4f', NULL, N'CNCBHSĐL', null);
INSERT INTO [HoTroCovid].[dbo].[ThongTinHoTro] (ID, IDNoiDung, IDDoiTuong, IDCaNhan) VALUES ('49f29dee-6a5f-4208-888c-a454d7229eee', 1, NULL, '62f09511-2942-4050-a2a4-287b4d2fef4f');
INSERT INTO [HoTroCovid].[dbo].[HoSo] (ID, IDCaNhan, IDNoiDungHoTro, IDDoiTuong, SoThang, SoTien, ThanhTien, IDThongTinHoTro, DaChi, NguoiTao) VALUES ('3bea945f-35fa-4f97-9308-ff688242c6b0', '62f09511-2942-4050-a2a4-287b4d2fef4f', 1, NULL, 3, 1800000, 5400000, '49f29dee-6a5f-4208-888c-a454d7229eee', 0, 'solaodong');
INSERT INTO [HoTroCovid].[dbo].[CaNhan] (ID, HoTen, GioiTinh, NgaySinh, CMND, SinhNam) VALUES ('1ae9fe65-d1b4-4183-8d3e-afd6d983c499', N'Ngô Công Tuấn', 1, '1992-07-19', '215241181', 1992);
INSERT INTO [HoTroCovid].[dbo].[CaNhan_DoanhNghiep] (ID, IDDoanhNghiep, IDCaNhan, IDDoiTuong, NgheNghiep, DaTra50) VALUES ('faf9a172-dabc-4489-be30-76883091d255', 'e49841c9-785e-405e-9bf6-c9e9638c10e4', '1ae9fe65-d1b4-4183-8d3e-afd6d983c499', NULL, N'CNCBHSĐL', null);
INSERT INTO [HoTroCovid].[dbo].[ThongTinHoTro] (ID, IDNoiDung, IDDoiTuong, IDCaNhan) VALUES ('1915722a-9ae5-465c-a5c4-46176684aa6e', 1, NULL, '1ae9fe65-d1b4-4183-8d3e-afd6d983c499');
INSERT INTO [HoTroCovid].[dbo].[HoSo] (ID, IDCaNhan, IDNoiDungHoTro, IDDoiTuong, SoThang, SoTien, ThanhTien, IDThongTinHoTro, DaChi, NguoiTao) VALUES ('f8036de7-0269-4245-a4c0-b05d41978e76', '1ae9fe65-d1b4-4183-8d3e-afd6d983c499', 1, NULL, 3, 1800000, 5400000, '1915722a-9ae5-465c-a5c4-46176684aa6e', 0, 'solaodong');
INSERT INTO [HoTroCovid].[dbo].[CaNhan] (ID, HoTen, GioiTinh, NgaySinh, CMND, SinhNam) VALUES ('02a22025-f0d5-49e6-98e4-6ea41161a00b', N'Nguyễn Dư', 1, '1998-07-21', '215037144', 1998);
INSERT INTO [HoTroCovid].[dbo].[CaNhan_DoanhNghiep] (ID, IDDoanhNghiep, IDCaNhan, IDDoiTuong, NgheNghiep, DaTra50) VALUES ('d296a5b3-43a1-4764-abf7-9951ca7dba2b', 'e49841c9-785e-405e-9bf6-c9e9638c10e4', '02a22025-f0d5-49e6-98e4-6ea41161a00b', NULL, N'CNCBHSĐL', null);
INSERT INTO [HoTroCovid].[dbo].[ThongTinHoTro] (ID, IDNoiDung, IDDoiTuong, IDCaNhan) VALUES ('1ccacdbd-18d4-44a2-8dcd-e7b3b7387893', 1, NULL, '02a22025-f0d5-49e6-98e4-6ea41161a00b');
INSERT INTO [HoTroCovid].[dbo].[HoSo] (ID, IDCaNhan, IDNoiDungHoTro, IDDoiTuong, SoThang, SoTien, ThanhTien, IDThongTinHoTro, DaChi, NguoiTao) VALUES ('40c3e0a7-8edf-4259-9196-0a3e611f6e43', '02a22025-f0d5-49e6-98e4-6ea41161a00b', 1, NULL, 3, 1800000, 5400000, '1ccacdbd-18d4-44a2-8dcd-e7b3b7387893', 0, 'solaodong');
INSERT INTO [HoTroCovid].[dbo].[CaNhan] (ID, HoTen, GioiTinh, NgaySinh, CMND, SinhNam) VALUES ('2b11fa09-ee50-43e0-9ae6-733d3337968f', N'Nguyễn Đình Khương', 1, '1975-08-08', '211584414', 1975);
INSERT INTO [HoTroCovid].[dbo].[CaNhan_DoanhNghiep] (ID, IDDoanhNghiep, IDCaNhan, IDDoiTuong, NgheNghiep, DaTra50) VALUES ('2726a984-8fad-4af7-84cf-b06b297b0931', 'f921f32f-ba1f-4295-a29a-f4ede878141b', '2b11fa09-ee50-43e0-9ae6-733d3337968f', NULL, N'Công nhân lái xe', false);
INSERT INTO [HoTroCovid].[dbo].[ThongTinHoTro] (ID, IDNoiDung, IDDoiTuong, IDCaNhan) VALUES ('4dd0f98e-fff9-4863-a0a6-ff6b54b1b675', 1, NULL, '2b11fa09-ee50-43e0-9ae6-733d3337968f');
INSERT INTO [HoTroCovid].[dbo].[HoSo] (ID, IDCaNhan, IDNoiDungHoTro, IDDoiTuong, SoThang, SoTien, ThanhTien, IDThongTinHoTro, DaChi, NguoiTao) VALUES ('1fcb6507-265a-4e6b-99c7-770a1ef4db51', '2b11fa09-ee50-43e0-9ae6-733d3337968f', 1, NULL, 3, 1800000, 5400000, '4dd0f98e-fff9-4863-a0a6-ff6b54b1b675', 0, 'solaodong');
INSERT INTO [HoTroCovid].[dbo].[CaNhan] (ID, HoTen, GioiTinh, NgaySinh, CMND, SinhNam) VALUES ('41dd2984-f3dc-4a99-91b0-3f52ed3f4dfc', N'Nguyễn Quốc Việt', 1, '1989-10-10', '215045785', 1989);
INSERT INTO [HoTroCovid].[dbo].[CaNhan_DoanhNghiep] (ID, IDDoanhNghiep, IDCaNhan, IDDoiTuong, NgheNghiep, DaTra50) VALUES ('f03051fe-0d2c-462b-adb9-8a881bd62596', 'e49841c9-785e-405e-9bf6-c9e9638c10e4', '41dd2984-f3dc-4a99-91b0-3f52ed3f4dfc', NULL, N'CNCBHSĐL', null);
INSERT INTO [HoTroCovid].[dbo].[ThongTinHoTro] (ID, IDNoiDung, IDDoiTuong, IDCaNhan) VALUES ('af8c54e4-f1ef-4c31-a37a-d04c4849f779', 1, NULL, '41dd2984-f3dc-4a99-91b0-3f52ed3f4dfc');
INSERT INTO [HoTroCovid].[dbo].[HoSo] (ID, IDCaNhan, IDNoiDungHoTro, IDDoiTuong, SoThang, SoTien, ThanhTien, IDThongTinHoTro, DaChi, NguoiTao) VALUES ('620e635c-dc5a-4893-be2d-720ba757bb44', '41dd2984-f3dc-4a99-91b0-3f52ed3f4dfc', 1, NULL, 3, 1800000, 5400000, 'af8c54e4-f1ef-4c31-a37a-d04c4849f779', 0, 'solaodong');
INSERT INTO [HoTroCovid].[dbo].[CaNhan] (ID, HoTen, GioiTinh, NgaySinh, CMND, SinhNam) VALUES ('c24d210d-7247-45e9-af7c-0fe8fde1d09d', N'Lê Minh Quang', 1, '2002-08-16', '215546924', 2002);
INSERT INTO [HoTroCovid].[dbo].[CaNhan_DoanhNghiep] (ID, IDDoanhNghiep, IDCaNhan, IDDoiTuong, NgheNghiep, DaTra50) VALUES ('0ea9129e-f34c-4123-93c2-369294e0a220', 'e49841c9-785e-405e-9bf6-c9e9638c10e4', 'c24d210d-7247-45e9-af7c-0fe8fde1d09d', NULL, N'CNCBHSĐL', null);
INSERT INTO [HoTroCovid].[dbo].[ThongTinHoTro] (ID, IDNoiDung, IDDoiTuong, IDCaNhan) VALUES ('ecfcb242-71a8-43fa-8cd4-1aa269bbcea4', 1, NULL, 'c24d210d-7247-45e9-af7c-0fe8fde1d09d');
INSERT INTO [HoTroCovid].[dbo].[HoSo] (ID, IDCaNhan, IDNoiDungHoTro, IDDoiTuong, SoThang, SoTien, ThanhTien, IDThongTinHoTro, DaChi, NguoiTao) VALUES ('327c7e53-5952-47b7-9a8b-408a27b3f2d6', 'c24d210d-7247-45e9-af7c-0fe8fde1d09d', 1, NULL, 3, 1800000, 5400000, 'ecfcb242-71a8-43fa-8cd4-1aa269bbcea4', 0, 'solaodong');
INSERT INTO [HoTroCovid].[dbo].[CaNhan] (ID, HoTen, GioiTinh, NgaySinh, CMND, SinhNam) VALUES ('f9a335f9-3611-4101-8904-7951c23527f6', N'Bùi Thị Tứ Bưởu', NULL, '1996-10-28', '215333807', 1996);
INSERT INTO [HoTroCovid].[dbo].[CaNhan_DoanhNghiep] (ID, IDDoanhNghiep, IDCaNhan, IDDoiTuong, NgheNghiep, DaTra50) VALUES ('ce43e74b-f936-43a5-94da-38a734e2cde2', 'e49841c9-785e-405e-9bf6-c9e9638c10e4', 'f9a335f9-3611-4101-8904-7951c23527f6', NULL, N'CNCBHSĐL', null);
INSERT INTO [HoTroCovid].[dbo].[ThongTinHoTro] (ID, IDNoiDung, IDDoiTuong, IDCaNhan) VALUES ('dbdc094d-8e41-4e14-8bb4-b89da88804ce', 1, NULL, 'f9a335f9-3611-4101-8904-7951c23527f6');
INSERT INTO [HoTroCovid].[dbo].[HoSo] (ID, IDCaNhan, IDNoiDungHoTro, IDDoiTuong, SoThang, SoTien, ThanhTien, IDThongTinHoTro, DaChi, NguoiTao) VALUES ('0fffa81b-6273-47e7-9e83-f66538ff3d0a', 'f9a335f9-3611-4101-8904-7951c23527f6', 1, NULL, 3, 1800000, 5400000, 'dbdc094d-8e41-4e14-8bb4-b89da88804ce', 0, 'solaodong');
INSERT INTO [HoTroCovid].[dbo].[CaNhan] (ID, HoTen, GioiTinh, NgaySinh, CMND, SinhNam) VALUES ('3baa3581-c35d-44eb-810e-101a0ba87654', N'Đào Thị Ngọc Trang', NULL, '3612-01-01', '215488366', 3612);
INSERT INTO [HoTroCovid].[dbo].[CaNhan_DoanhNghiep] (ID, IDDoanhNghiep, IDCaNhan, IDDoiTuong, NgheNghiep, DaTra50) VALUES ('6ca19759-abb0-4390-8297-35085d9696f3', 'e49841c9-785e-405e-9bf6-c9e9638c10e4', '3baa3581-c35d-44eb-810e-101a0ba87654', NULL, N'CNCBHSĐL', null);
INSERT INTO [HoTroCovid].[dbo].[ThongTinHoTro] (ID, IDNoiDung, IDDoiTuong, IDCaNhan) VALUES ('2b67b97e-d356-4392-97a0-c87b94ed4748', 1, NULL, '3baa3581-c35d-44eb-810e-101a0ba87654');
INSERT INTO [HoTroCovid].[dbo].[HoSo] (ID, IDCaNhan, IDNoiDungHoTro, IDDoiTuong, SoThang, SoTien, ThanhTien, IDThongTinHoTro, DaChi, NguoiTao) VALUES ('c492f3b8-9af3-4f4d-b1d2-92d97b54835f', '3baa3581-c35d-44eb-810e-101a0ba87654', 1, NULL, 3, 1800000, 5400000, '2b67b97e-d356-4392-97a0-c87b94ed4748', 0, 'solaodong');
INSERT INTO [HoTroCovid].[dbo].[CaNhan] (ID, HoTen, GioiTinh, NgaySinh, CMND, SinhNam) VALUES ('88f40b26-1600-4ee4-a3a9-fc789cbb4e82', N'Trần Thị Ngân', NULL, '1991-06-09', '215536678', 1991);
INSERT INTO [HoTroCovid].[dbo].[CaNhan_DoanhNghiep] (ID, IDDoanhNghiep, IDCaNhan, IDDoiTuong, NgheNghiep, DaTra50) VALUES ('4a1dd270-6b85-449d-be88-71a114ffcc07', 'e49841c9-785e-405e-9bf6-c9e9638c10e4', '88f40b26-1600-4ee4-a3a9-fc789cbb4e82', NULL, N'CNCBHSĐL', null);
INSERT INTO [HoTroCovid].[dbo].[ThongTinHoTro] (ID, IDNoiDung, IDDoiTuong, IDCaNhan) VALUES ('8b0bfc80-e91d-4e40-8695-a931ceb32936', 1, NULL, '88f40b26-1600-4ee4-a3a9-fc789cbb4e82');
INSERT INTO [HoTroCovid].[dbo].[HoSo] (ID, IDCaNhan, IDNoiDungHoTro, IDDoiTuong, SoThang, SoTien, ThanhTien, IDThongTinHoTro, DaChi, NguoiTao) VALUES ('ec6a6e4b-4202-47d9-a69c-b4373173fd40', '88f40b26-1600-4ee4-a3a9-fc789cbb4e82', 1, NULL, 3, 1800000, 5400000, '8b0bfc80-e91d-4e40-8695-a931ceb32936', 0, 'solaodong');
INSERT INTO [HoTroCovid].[dbo].[CaNhan] (ID, HoTen, GioiTinh, NgaySinh, CMND, SinhNam) VALUES ('b2b292c0-39f6-4f50-832b-3a380074b20d', N'Trần Thị Linh Chi', NULL, '1998-05-25', '215458170', 1998);
INSERT INTO [HoTroCovid].[dbo].[CaNhan_DoanhNghiep] (ID, IDDoanhNghiep, IDCaNhan, IDDoiTuong, NgheNghiep, DaTra50) VALUES ('ec7c889d-b9c8-451a-bb2b-a4a73c29ef79', 'e49841c9-785e-405e-9bf6-c9e9638c10e4', 'b2b292c0-39f6-4f50-832b-3a380074b20d', NULL, N'CNCBHSĐL', null);
INSERT INTO [HoTroCovid].[dbo].[ThongTinHoTro] (ID, IDNoiDung, IDDoiTuong, IDCaNhan) VALUES ('75b8e167-33b4-41c6-bc40-71a0feb6cc33', 1, NULL, 'b2b292c0-39f6-4f50-832b-3a380074b20d');
INSERT INTO [HoTroCovid].[dbo].[HoSo] (ID, IDCaNhan, IDNoiDungHoTro, IDDoiTuong, SoThang, SoTien, ThanhTien, IDThongTinHoTro, DaChi, NguoiTao) VALUES ('c55e6200-b7a6-428c-b725-4a7238295f0c', 'b2b292c0-39f6-4f50-832b-3a380074b20d', 1, NULL, 3, 1800000, 5400000, '75b8e167-33b4-41c6-bc40-71a0feb6cc33', 0, 'solaodong');
INSERT INTO [HoTroCovid].[dbo].[CaNhan] (ID, HoTen, GioiTinh, NgaySinh, CMND, SinhNam) VALUES ('25f0678b-a97d-425f-ab54-2f3484b6a6df', N'Lê Thị Diệu', NULL, '1992-07-19', '215266046', 1992);
INSERT INTO [HoTroCovid].[dbo].[CaNhan_DoanhNghiep] (ID, IDDoanhNghiep, IDCaNhan, IDDoiTuong, NgheNghiep, DaTra50) VALUES ('4dc0ce98-10e2-40b7-abdb-55c3cabe6a08', 'e49841c9-785e-405e-9bf6-c9e9638c10e4', '25f0678b-a97d-425f-ab54-2f3484b6a6df', NULL, N'CNCBHSĐL', null);
INSERT INTO [HoTroCovid].[dbo].[ThongTinHoTro] (ID, IDNoiDung, IDDoiTuong, IDCaNhan) VALUES ('2b3d18d5-e4ad-41a1-990d-7f3cde2ab0cf', 1, NULL, '25f0678b-a97d-425f-ab54-2f3484b6a6df');
INSERT INTO [HoTroCovid].[dbo].[HoSo] (ID, IDCaNhan, IDNoiDungHoTro, IDDoiTuong, SoThang, SoTien, ThanhTien, IDThongTinHoTro, DaChi, NguoiTao) VALUES ('e794946f-ef11-42f7-9838-e64fe56003aa', '25f0678b-a97d-425f-ab54-2f3484b6a6df', 1, NULL, 3, 1800000, 5400000, '2b3d18d5-e4ad-41a1-990d-7f3cde2ab0cf', 0, 'solaodong');
INSERT INTO [HoTroCovid].[dbo].[CaNhan] (ID, HoTen, GioiTinh, NgaySinh, CMND, SinhNam) VALUES ('93e3d8ce-304c-4e67-a33e-295c32becca9', N'Nguyễn Thị Hiếu', NULL, '1984-11-20', '211854253', 1984);
INSERT INTO [HoTroCovid].[dbo].[CaNhan_DoanhNghiep] (ID, IDDoanhNghiep, IDCaNhan, IDDoiTuong, NgheNghiep, DaTra50) VALUES ('5ca58ca3-c7dc-45fe-83f3-5750b278f583', 'e49841c9-785e-405e-9bf6-c9e9638c10e4', '93e3d8ce-304c-4e67-a33e-295c32becca9', NULL, N'CNCBHSĐL', null);
INSERT INTO [HoTroCovid].[dbo].[ThongTinHoTro] (ID, IDNoiDung, IDDoiTuong, IDCaNhan) VALUES ('1745a927-9d4a-47c0-98d6-179f5f18eff6', 1, NULL, '93e3d8ce-304c-4e67-a33e-295c32becca9');
INSERT INTO [HoTroCovid].[dbo].[HoSo] (ID, IDCaNhan, IDNoiDungHoTro, IDDoiTuong, SoThang, SoTien, ThanhTien, IDThongTinHoTro, DaChi, NguoiTao) VALUES ('ee5c001e-e582-48e0-b859-c399b10fba5f', '93e3d8ce-304c-4e67-a33e-295c32becca9', 1, NULL, 3, 1800000, 5400000, '1745a927-9d4a-47c0-98d6-179f5f18eff6', 0, 'solaodong');
INSERT INTO [HoTroCovid].[dbo].[CaNhan] (ID, HoTen, GioiTinh, NgaySinh, CMND, SinhNam) VALUES ('f6295b95-5bcf-4ab7-9a8d-f689cf3df983', N'Trình Thị Diễm', NULL, '3539-05-01', '215380086', 3539);
INSERT INTO [HoTroCovid].[dbo].[CaNhan_DoanhNghiep] (ID, IDDoanhNghiep, IDCaNhan, IDDoiTuong, NgheNghiep, DaTra50) VALUES ('10124f04-f135-400f-9998-38ef0122d605', 'e49841c9-785e-405e-9bf6-c9e9638c10e4', 'f6295b95-5bcf-4ab7-9a8d-f689cf3df983', NULL, N'CNCBHSĐL', null);
INSERT INTO [HoTroCovid].[dbo].[ThongTinHoTro] (ID, IDNoiDung, IDDoiTuong, IDCaNhan) VALUES ('452ca167-9112-406b-9f13-69e04013ac8f', 1, NULL, 'f6295b95-5bcf-4ab7-9a8d-f689cf3df983');
INSERT INTO [HoTroCovid].[dbo].[HoSo] (ID, IDCaNhan, IDNoiDungHoTro, IDDoiTuong, SoThang, SoTien, ThanhTien, IDThongTinHoTro, DaChi, NguoiTao) VALUES ('6a2b9170-44bb-4376-b0dc-d6d4ad6c0955', 'f6295b95-5bcf-4ab7-9a8d-f689cf3df983', 1, NULL, 3, 1800000, 5400000, '452ca167-9112-406b-9f13-69e04013ac8f', 0, 'solaodong');
INSERT INTO [HoTroCovid].[dbo].[CaNhan] (ID, HoTen, GioiTinh, NgaySinh, CMND, SinhNam) VALUES ('5979ed82-b270-4d26-b6e3-4b7cae661c40', N'Đặng Thị Kim Thùy', NULL, '1997-05-05', '215419142', 1997);
INSERT INTO [HoTroCovid].[dbo].[CaNhan_DoanhNghiep] (ID, IDDoanhNghiep, IDCaNhan, IDDoiTuong, NgheNghiep, DaTra50) VALUES ('9ed533a8-2a3d-408a-92a2-c02ece058d73', 'e49841c9-785e-405e-9bf6-c9e9638c10e4', '5979ed82-b270-4d26-b6e3-4b7cae661c40', NULL, N'CNCBHSĐL', null);
INSERT INTO [HoTroCovid].[dbo].[ThongTinHoTro] (ID, IDNoiDung, IDDoiTuong, IDCaNhan) VALUES ('c45324d6-bdde-4251-8c45-4069e0091492', 1, NULL, '5979ed82-b270-4d26-b6e3-4b7cae661c40');
INSERT INTO [HoTroCovid].[dbo].[HoSo] (ID, IDCaNhan, IDNoiDungHoTro, IDDoiTuong, SoThang, SoTien, ThanhTien, IDThongTinHoTro, DaChi, NguoiTao) VALUES ('4e2febb4-f9e9-4ca7-9cb9-aea1bcbe9d29', '5979ed82-b270-4d26-b6e3-4b7cae661c40', 1, NULL, 3, 1800000, 5400000, 'c45324d6-bdde-4251-8c45-4069e0091492', 0, 'solaodong');
INSERT INTO [HoTroCovid].[dbo].[CaNhan] (ID, HoTen, GioiTinh, NgaySinh, CMND, SinhNam) VALUES ('92882e97-1f0b-45ad-87ab-99a3fdacefca', N'Trần Tấn Đạt', 1, '1985-02-15', '215216519', 1985);
INSERT INTO [HoTroCovid].[dbo].[CaNhan_DoanhNghiep] (ID, IDDoanhNghiep, IDCaNhan, IDDoiTuong, NgheNghiep, DaTra50) VALUES ('6afc1386-38dc-4a02-91e3-4177a9c87e37', 'e49841c9-785e-405e-9bf6-c9e9638c10e4', '92882e97-1f0b-45ad-87ab-99a3fdacefca', NULL, N'CNCBHSĐL', null);
INSERT INTO [HoTroCovid].[dbo].[ThongTinHoTro] (ID, IDNoiDung, IDDoiTuong, IDCaNhan) VALUES ('d5c1dd19-3973-438c-82bd-a15e00f2cf93', 1, NULL, '92882e97-1f0b-45ad-87ab-99a3fdacefca');
INSERT INTO [HoTroCovid].[dbo].[HoSo] (ID, IDCaNhan, IDNoiDungHoTro, IDDoiTuong, SoThang, SoTien, ThanhTien, IDThongTinHoTro, DaChi, NguoiTao) VALUES ('5466ef3a-0513-45fc-b8a9-a82826aed018', '92882e97-1f0b-45ad-87ab-99a3fdacefca', 1, NULL, 3, 1800000, 5400000, 'd5c1dd19-3973-438c-82bd-a15e00f2cf93', 0, 'solaodong');
INSERT INTO [HoTroCovid].[dbo].[CaNhan] (ID, HoTen, GioiTinh, NgaySinh, CMND, SinhNam) VALUES ('cd9fa804-d5b4-4891-84ee-89a05cb1cda7', N'Nguyễn Văn Thay', 1, '1995-01-06', '215387398', 1995);
INSERT INTO [HoTroCovid].[dbo].[CaNhan_DoanhNghiep] (ID, IDDoanhNghiep, IDCaNhan, IDDoiTuong, NgheNghiep, DaTra50) VALUES ('191ebe85-a941-49a9-aa91-3cc8036e663e', 'e49841c9-785e-405e-9bf6-c9e9638c10e4', 'cd9fa804-d5b4-4891-84ee-89a05cb1cda7', NULL, N'CNCBHSĐL', null);
INSERT INTO [HoTroCovid].[dbo].[ThongTinHoTro] (ID, IDNoiDung, IDDoiTuong, IDCaNhan) VALUES ('266dfe73-79ac-4e0e-9562-9c4c3b8ee829', 1, NULL, 'cd9fa804-d5b4-4891-84ee-89a05cb1cda7');
INSERT INTO [HoTroCovid].[dbo].[HoSo] (ID, IDCaNhan, IDNoiDungHoTro, IDDoiTuong, SoThang, SoTien, ThanhTien, IDThongTinHoTro, DaChi, NguoiTao) VALUES ('ade7560f-cffd-48eb-83c8-97c486b9d412', 'cd9fa804-d5b4-4891-84ee-89a05cb1cda7', 1, NULL, 3, 1800000, 5400000, '266dfe73-79ac-4e0e-9562-9c4c3b8ee829', 0, 'solaodong');
INSERT INTO [HoTroCovid].[dbo].[CaNhan] (ID, HoTen, GioiTinh, NgaySinh, CMND, SinhNam) VALUES ('4672f805-2d81-4b1c-94af-233c8065eee6', N'Trần Thanh Niên', 1, '1995-06-10', '215392752', 1995);
INSERT INTO [HoTroCovid].[dbo].[CaNhan_DoanhNghiep] (ID, IDDoanhNghiep, IDCaNhan, IDDoiTuong, NgheNghiep, DaTra50) VALUES ('27352519-67e6-48a8-b311-cd0523fc2595', 'e49841c9-785e-405e-9bf6-c9e9638c10e4', '4672f805-2d81-4b1c-94af-233c8065eee6', NULL, N'CNCBHSĐL', null);
INSERT INTO [HoTroCovid].[dbo].[ThongTinHoTro] (ID, IDNoiDung, IDDoiTuong, IDCaNhan) VALUES ('2a5bb47e-755e-4687-9de9-98d2f760d5ca', 1, NULL, '4672f805-2d81-4b1c-94af-233c8065eee6');
INSERT INTO [HoTroCovid].[dbo].[HoSo] (ID, IDCaNhan, IDNoiDungHoTro, IDDoiTuong, SoThang, SoTien, ThanhTien, IDThongTinHoTro, DaChi, NguoiTao) VALUES ('b1adcc70-adea-4bea-9e4a-85e4e7f6d950', '4672f805-2d81-4b1c-94af-233c8065eee6', 1, NULL, 3, 1800000, 5400000, '2a5bb47e-755e-4687-9de9-98d2f760d5ca', 0, 'solaodong');
INSERT INTO [HoTroCovid].[dbo].[CaNhan] (ID, HoTen, GioiTinh, NgaySinh, CMND, SinhNam) VALUES ('5a15feaa-7722-457d-bba2-b923df762b3a', N'Phan Thị Thu', NULL, '1994-01-11', '215273838', 1994);
INSERT INTO [HoTroCovid].[dbo].[CaNhan_DoanhNghiep] (ID, IDDoanhNghiep, IDCaNhan, IDDoiTuong, NgheNghiep, DaTra50) VALUES ('66eb194f-0331-4a29-98c7-9d4c57784877', 'e49841c9-785e-405e-9bf6-c9e9638c10e4', '5a15feaa-7722-457d-bba2-b923df762b3a', NULL, N'CNCBHSĐL', null);
INSERT INTO [HoTroCovid].[dbo].[ThongTinHoTro] (ID, IDNoiDung, IDDoiTuong, IDCaNhan) VALUES ('40c533fa-febf-4193-8d90-27ad7e61a40a', 1, NULL, '5a15feaa-7722-457d-bba2-b923df762b3a');
INSERT INTO [HoTroCovid].[dbo].[HoSo] (ID, IDCaNhan, IDNoiDungHoTro, IDDoiTuong, SoThang, SoTien, ThanhTien, IDThongTinHoTro, DaChi, NguoiTao) VALUES ('6f5ebbe2-11f3-42a0-96fe-b22d78a9547e', '5a15feaa-7722-457d-bba2-b923df762b3a', 1, NULL, 3, 1800000, 5400000, '40c533fa-febf-4193-8d90-27ad7e61a40a', 0, 'solaodong');
INSERT INTO [HoTroCovid].[dbo].[CaNhan] (ID, HoTen, GioiTinh, NgaySinh, CMND, SinhNam) VALUES ('847bc240-dafc-4c77-a5be-365a477681e4', N'Lê Đức Thi', 1, '1988-01-01', '215129950', 1988);
INSERT INTO [HoTroCovid].[dbo].[CaNhan_DoanhNghiep] (ID, IDDoanhNghiep, IDCaNhan, IDDoiTuong, NgheNghiep, DaTra50) VALUES ('5b822569-05fd-4f7b-a56f-02acd59d6ec2', 'e49841c9-785e-405e-9bf6-c9e9638c10e4', '847bc240-dafc-4c77-a5be-365a477681e4', NULL, N'CNCBHSĐL', null);
INSERT INTO [HoTroCovid].[dbo].[ThongTinHoTro] (ID, IDNoiDung, IDDoiTuong, IDCaNhan) VALUES ('0d983cdf-6bfe-4574-8db6-a44707b38137', 1, NULL, '847bc240-dafc-4c77-a5be-365a477681e4');
INSERT INTO [HoTroCovid].[dbo].[HoSo] (ID, IDCaNhan, IDNoiDungHoTro, IDDoiTuong, SoThang, SoTien, ThanhTien, IDThongTinHoTro, DaChi, NguoiTao) VALUES ('6e1ebb77-0640-47a7-a04f-c6d0d4c6a05c', '847bc240-dafc-4c77-a5be-365a477681e4', 1, NULL, 3, 1800000, 5400000, '0d983cdf-6bfe-4574-8db6-a44707b38137', 0, 'solaodong');
INSERT INTO [HoTroCovid].[dbo].[CaNhan] (ID, HoTen, GioiTinh, NgaySinh, CMND, SinhNam) VALUES ('a7dd8613-7012-4b43-82b4-6451df3f81d5', N'Huỳnh Văn Cường', 1, '1996-11-09', '215258815', 1996);
INSERT INTO [HoTroCovid].[dbo].[CaNhan_DoanhNghiep] (ID, IDDoanhNghiep, IDCaNhan, IDDoiTuong, NgheNghiep, DaTra50) VALUES ('b1827773-45f8-4411-81f8-6a1c958c5cf9', 'e49841c9-785e-405e-9bf6-c9e9638c10e4', 'a7dd8613-7012-4b43-82b4-6451df3f81d5', NULL, N'Tổ phó HCK', null);
INSERT INTO [HoTroCovid].[dbo].[ThongTinHoTro] (ID, IDNoiDung, IDDoiTuong, IDCaNhan) VALUES ('095bc005-b8ca-4f98-ab24-8fd1e3b572e2', 1, NULL, 'a7dd8613-7012-4b43-82b4-6451df3f81d5');
INSERT INTO [HoTroCovid].[dbo].[HoSo] (ID, IDCaNhan, IDNoiDungHoTro, IDDoiTuong, SoThang, SoTien, ThanhTien, IDThongTinHoTro, DaChi, NguoiTao) VALUES ('6723593e-d214-4aa2-8b05-a4b87213887b', 'a7dd8613-7012-4b43-82b4-6451df3f81d5', 1, NULL, 3, 1800000, 5400000, '095bc005-b8ca-4f98-ab24-8fd1e3b572e2', 0, 'solaodong');
INSERT INTO [HoTroCovid].[dbo].[CaNhan] (ID, HoTen, GioiTinh, NgaySinh, CMND, SinhNam) VALUES ('91b9d34b-d04f-4fce-90ae-f2bee240deba', N'Nguyễn Thị Hiếu', NULL, '1998-01-12', '215416583', 1998);
INSERT INTO [HoTroCovid].[dbo].[CaNhan_DoanhNghiep] (ID, IDDoanhNghiep, IDCaNhan, IDDoiTuong, NgheNghiep, DaTra50) VALUES ('c7c2368c-0f6b-41df-8426-8bf4b49a00b1', 'e49841c9-785e-405e-9bf6-c9e9638c10e4', '91b9d34b-d04f-4fce-90ae-f2bee240deba', NULL, N'CNCBHSĐL', null);
INSERT INTO [HoTroCovid].[dbo].[ThongTinHoTro] (ID, IDNoiDung, IDDoiTuong, IDCaNhan) VALUES ('c7448299-211a-46fc-87af-43a63c6ccdf2', 1, NULL, '91b9d34b-d04f-4fce-90ae-f2bee240deba');
INSERT INTO [HoTroCovid].[dbo].[HoSo] (ID, IDCaNhan, IDNoiDungHoTro, IDDoiTuong, SoThang, SoTien, ThanhTien, IDThongTinHoTro, DaChi, NguoiTao) VALUES ('6ee2fb80-9f84-4393-8bed-99a11ef705f2', '91b9d34b-d04f-4fce-90ae-f2bee240deba', 1, NULL, 3, 1800000, 5400000, 'c7448299-211a-46fc-87af-43a63c6ccdf2', 0, 'solaodong');
INSERT INTO [HoTroCovid].[dbo].[CaNhan] (ID, HoTen, GioiTinh, NgaySinh, CMND, SinhNam) VALUES ('e0c4871a-913c-4498-8079-5a5be3115f51', N'Phùng Thị Hà', NULL, '1988-02-19', '215104767', 1988);
INSERT INTO [HoTroCovid].[dbo].[CaNhan_DoanhNghiep] (ID, IDDoanhNghiep, IDCaNhan, IDDoiTuong, NgheNghiep, DaTra50) VALUES ('4b9b96b4-7727-48c0-a564-b9dcb57f207d', 'e49841c9-785e-405e-9bf6-c9e9638c10e4', 'e0c4871a-913c-4498-8079-5a5be3115f51', NULL, N'Tổ trưởng HCK', null);
INSERT INTO [HoTroCovid].[dbo].[ThongTinHoTro] (ID, IDNoiDung, IDDoiTuong, IDCaNhan) VALUES ('518379c9-21c6-4df5-b821-5143a575410a', 1, NULL, 'e0c4871a-913c-4498-8079-5a5be3115f51');
INSERT INTO [HoTroCovid].[dbo].[HoSo] (ID, IDCaNhan, IDNoiDungHoTro, IDDoiTuong, SoThang, SoTien, ThanhTien, IDThongTinHoTro, DaChi, NguoiTao) VALUES ('dadb44e0-4a0a-413f-a8d9-330d22dcb422', 'e0c4871a-913c-4498-8079-5a5be3115f51', 1, NULL, 3, 1800000, 5400000, '518379c9-21c6-4df5-b821-5143a575410a', 0, 'solaodong');
INSERT INTO [HoTroCovid].[dbo].[CaNhan] (ID, HoTen, GioiTinh, NgaySinh, CMND, SinhNam) VALUES ('efd42905-dfa4-4e8b-8f6a-c3935306c5fc', N'Giáp thị Mỹ Nương', NULL, '1997-11-30', '215417520', 1997);
INSERT INTO [HoTroCovid].[dbo].[CaNhan_DoanhNghiep] (ID, IDDoanhNghiep, IDCaNhan, IDDoiTuong, NgheNghiep, DaTra50) VALUES ('ac298fd7-4c5f-48aa-a185-aed699a1357b', 'e49841c9-785e-405e-9bf6-c9e9638c10e4', 'efd42905-dfa4-4e8b-8f6a-c3935306c5fc', NULL, N'CNCBHSĐL', null);
INSERT INTO [HoTroCovid].[dbo].[ThongTinHoTro] (ID, IDNoiDung, IDDoiTuong, IDCaNhan) VALUES ('81e1cd9e-2678-4ce1-bb2e-fa986834b005', 1, NULL, 'efd42905-dfa4-4e8b-8f6a-c3935306c5fc');
INSERT INTO [HoTroCovid].[dbo].[HoSo] (ID, IDCaNhan, IDNoiDungHoTro, IDDoiTuong, SoThang, SoTien, ThanhTien, IDThongTinHoTro, DaChi, NguoiTao) VALUES ('5a6d6724-872a-42b5-92fc-dc11669ee1eb', 'efd42905-dfa4-4e8b-8f6a-c3935306c5fc', 1, NULL, 3, 1800000, 5400000, '81e1cd9e-2678-4ce1-bb2e-fa986834b005', 0, 'solaodong');
INSERT INTO [HoTroCovid].[dbo].[CaNhan] (ID, HoTen, GioiTinh, NgaySinh, CMND, SinhNam) VALUES ('ed8a8ff0-06e1-4a19-bce0-64b31ef45a8d', N'Nguyễn Hồ Minh Quang', 1, '1990-12-18', '215137656', 1990);
INSERT INTO [HoTroCovid].[dbo].[CaNhan_DoanhNghiep] (ID, IDDoanhNghiep, IDCaNhan, IDDoiTuong, NgheNghiep, DaTra50) VALUES ('e39b38f9-d55c-46cf-ab1f-8d97ca5d0a2a', 'e49841c9-785e-405e-9bf6-c9e9638c10e4', 'ed8a8ff0-06e1-4a19-bce0-64b31ef45a8d', NULL, N'CNCBHSĐL', null);
INSERT INTO [HoTroCovid].[dbo].[ThongTinHoTro] (ID, IDNoiDung, IDDoiTuong, IDCaNhan) VALUES ('08417f1d-a26e-453e-898a-5bc9dffdaeae', 1, NULL, 'ed8a8ff0-06e1-4a19-bce0-64b31ef45a8d');
INSERT INTO [HoTroCovid].[dbo].[HoSo] (ID, IDCaNhan, IDNoiDungHoTro, IDDoiTuong, SoThang, SoTien, ThanhTien, IDThongTinHoTro, DaChi, NguoiTao) VALUES ('9c657c4a-92bb-4e34-9d6b-86c377c08035', 'ed8a8ff0-06e1-4a19-bce0-64b31ef45a8d', 1, NULL, 3, 1800000, 5400000, '08417f1d-a26e-453e-898a-5bc9dffdaeae', 0, 'solaodong');
INSERT INTO [HoTroCovid].[dbo].[CaNhan] (ID, HoTen, GioiTinh, NgaySinh, CMND, SinhNam) VALUES ('59d8a0dd-8fb1-4acd-9da9-67d3e7c2027b', N'Trần Thị Mỹ Ly', NULL, '1990-07-02', '231359958', 1990);
INSERT INTO [HoTroCovid].[dbo].[CaNhan_DoanhNghiep] (ID, IDDoanhNghiep, IDCaNhan, IDDoiTuong, NgheNghiep, DaTra50) VALUES ('7d568652-9e5d-42d3-b3a7-3c690abf36aa', 'e49841c9-785e-405e-9bf6-c9e9638c10e4', '59d8a0dd-8fb1-4acd-9da9-67d3e7c2027b', NULL, N'CNCBHSĐL', null);
INSERT INTO [HoTroCovid].[dbo].[ThongTinHoTro] (ID, IDNoiDung, IDDoiTuong, IDCaNhan) VALUES ('63ea5e50-a2d3-43ab-bd9f-2b2e6a3edda5', 1, NULL, '59d8a0dd-8fb1-4acd-9da9-67d3e7c2027b');
INSERT INTO [HoTroCovid].[dbo].[HoSo] (ID, IDCaNhan, IDNoiDungHoTro, IDDoiTuong, SoThang, SoTien, ThanhTien, IDThongTinHoTro, DaChi, NguoiTao) VALUES ('c298fb0f-6285-48f2-997e-70f519885875', '59d8a0dd-8fb1-4acd-9da9-67d3e7c2027b', 1, NULL, 3, 1800000, 5400000, '63ea5e50-a2d3-43ab-bd9f-2b2e6a3edda5', 0, 'solaodong');
INSERT INTO [HoTroCovid].[dbo].[CaNhan] (ID, HoTen, GioiTinh, NgaySinh, CMND, SinhNam) VALUES ('a0206248-3baf-4316-b270-409f5ba96da9', N'Trần Hạnh Từ', NULL, '1997-11-30', '215467303', 1997);
INSERT INTO [HoTroCovid].[dbo].[CaNhan_DoanhNghiep] (ID, IDDoanhNghiep, IDCaNhan, IDDoiTuong, NgheNghiep, DaTra50) VALUES ('5e88b12d-bfea-4c10-83c4-5061439ce2ac', 'e49841c9-785e-405e-9bf6-c9e9638c10e4', 'a0206248-3baf-4316-b270-409f5ba96da9', NULL, N'CNCBHSĐL', null);
INSERT INTO [HoTroCovid].[dbo].[ThongTinHoTro] (ID, IDNoiDung, IDDoiTuong, IDCaNhan) VALUES ('223492a8-14c6-42b7-b232-775f93899eb3', 1, NULL, 'a0206248-3baf-4316-b270-409f5ba96da9');
INSERT INTO [HoTroCovid].[dbo].[HoSo] (ID, IDCaNhan, IDNoiDungHoTro, IDDoiTuong, SoThang, SoTien, ThanhTien, IDThongTinHoTro, DaChi, NguoiTao) VALUES ('046ab661-a3c7-4dcd-b572-ef60b9c45a41', 'a0206248-3baf-4316-b270-409f5ba96da9', 1, NULL, 3, 1800000, 5400000, '223492a8-14c6-42b7-b232-775f93899eb3', 0, 'solaodong');
INSERT INTO [HoTroCovid].[dbo].[CaNhan] (ID, HoTen, GioiTinh, NgaySinh, CMND, SinhNam) VALUES ('677a26d8-4ae2-41ed-a475-716206fae569', N'Nguyễn Thị Lý', NULL, '1995-12-09', '215152831', 1995);
INSERT INTO [HoTroCovid].[dbo].[CaNhan_DoanhNghiep] (ID, IDDoanhNghiep, IDCaNhan, IDDoiTuong, NgheNghiep, DaTra50) VALUES ('e70cda3d-576e-40a4-9134-9b4c43234cc3', 'e49841c9-785e-405e-9bf6-c9e9638c10e4', '677a26d8-4ae2-41ed-a475-716206fae569', NULL, N'CNCBHSĐL', null);
INSERT INTO [HoTroCovid].[dbo].[ThongTinHoTro] (ID, IDNoiDung, IDDoiTuong, IDCaNhan) VALUES ('2b3ab2b3-a698-4b25-a47f-ec9c48429785', 1, NULL, '677a26d8-4ae2-41ed-a475-716206fae569');
INSERT INTO [HoTroCovid].[dbo].[HoSo] (ID, IDCaNhan, IDNoiDungHoTro, IDDoiTuong, SoThang, SoTien, ThanhTien, IDThongTinHoTro, DaChi, NguoiTao) VALUES ('0d3bab1a-453a-4c8a-b4f8-2a79ff398927', '677a26d8-4ae2-41ed-a475-716206fae569', 1, NULL, 3, 1800000, 5400000, '2b3ab2b3-a698-4b25-a47f-ec9c48429785', 0, 'solaodong');
INSERT INTO [HoTroCovid].[dbo].[CaNhan] (ID, HoTen, GioiTinh, NgaySinh, CMND, SinhNam) VALUES ('b168fa4f-6923-4c62-9ef2-6ec1674398df', N'Nguyễn Văn Thanh', 1, '1994-04-16', '215257384', 1994);
INSERT INTO [HoTroCovid].[dbo].[CaNhan_DoanhNghiep] (ID, IDDoanhNghiep, IDCaNhan, IDDoiTuong, NgheNghiep, DaTra50) VALUES ('ce02e3db-dec1-4134-b09a-434ff31c6f82', 'e49841c9-785e-405e-9bf6-c9e9638c10e4', 'b168fa4f-6923-4c62-9ef2-6ec1674398df', NULL, N'CNCBHSĐL', null);
INSERT INTO [HoTroCovid].[dbo].[ThongTinHoTro] (ID, IDNoiDung, IDDoiTuong, IDCaNhan) VALUES ('baf78793-b075-46b1-a4e3-95ae073c6727', 1, NULL, 'b168fa4f-6923-4c62-9ef2-6ec1674398df');
INSERT INTO [HoTroCovid].[dbo].[HoSo] (ID, IDCaNhan, IDNoiDungHoTro, IDDoiTuong, SoThang, SoTien, ThanhTien, IDThongTinHoTro, DaChi, NguoiTao) VALUES ('2eea0f6c-b4cc-4eda-8013-a8049e58f393', 'b168fa4f-6923-4c62-9ef2-6ec1674398df', 1, NULL, 3, 1800000, 5400000, 'baf78793-b075-46b1-a4e3-95ae073c6727', 0, 'solaodong');
INSERT INTO [HoTroCovid].[dbo].[CaNhan] (ID, HoTen, GioiTinh, NgaySinh, CMND, SinhNam) VALUES ('8718c0d6-7ec1-44c8-b4c3-65ae8077aaff', N'Trần Văn Thanh', 1, '1985-10-04', '211888997', 1985);
INSERT INTO [HoTroCovid].[dbo].[CaNhan_DoanhNghiep] (ID, IDDoanhNghiep, IDCaNhan, IDDoiTuong, NgheNghiep, DaTra50) VALUES ('5a92bcf7-a187-47d8-81b1-4e00d848b1a4', 'e49841c9-785e-405e-9bf6-c9e9638c10e4', '8718c0d6-7ec1-44c8-b4c3-65ae8077aaff', NULL, N'Tổ trưởng ĐG2', null);
INSERT INTO [HoTroCovid].[dbo].[ThongTinHoTro] (ID, IDNoiDung, IDDoiTuong, IDCaNhan) VALUES ('8d06ea18-bf15-4298-ac9f-2f18de3dcdf8', 1, NULL, '8718c0d6-7ec1-44c8-b4c3-65ae8077aaff');
INSERT INTO [HoTroCovid].[dbo].[HoSo] (ID, IDCaNhan, IDNoiDungHoTro, IDDoiTuong, SoThang, SoTien, ThanhTien, IDThongTinHoTro, DaChi, NguoiTao) VALUES ('c73c9e2b-34fe-4869-b3bc-67c67b20b270', '8718c0d6-7ec1-44c8-b4c3-65ae8077aaff', 1, NULL, 3, 1800000, 5400000, '8d06ea18-bf15-4298-ac9f-2f18de3dcdf8', 0, 'solaodong');
INSERT INTO [HoTroCovid].[dbo].[CaNhan] (ID, HoTen, GioiTinh, NgaySinh, CMND, SinhNam) VALUES ('884aeab5-c0c7-4d0d-acf2-350828a0a1f6', N'Trần Thị Ngọc Điệp', NULL, '1992-07-19', '215170188', 1992);
INSERT INTO [HoTroCovid].[dbo].[CaNhan_DoanhNghiep] (ID, IDDoanhNghiep, IDCaNhan, IDDoiTuong, NgheNghiep, DaTra50) VALUES ('0ea7434b-8cc4-4993-be01-b49bac902708', 'e49841c9-785e-405e-9bf6-c9e9638c10e4', '884aeab5-c0c7-4d0d-acf2-350828a0a1f6', NULL, N'CNCBHSĐL', null);
INSERT INTO [HoTroCovid].[dbo].[ThongTinHoTro] (ID, IDNoiDung, IDDoiTuong, IDCaNhan) VALUES ('75a055cd-f545-40d1-af97-9657d362924e', 1, NULL, '884aeab5-c0c7-4d0d-acf2-350828a0a1f6');
INSERT INTO [HoTroCovid].[dbo].[HoSo] (ID, IDCaNhan, IDNoiDungHoTro, IDDoiTuong, SoThang, SoTien, ThanhTien, IDThongTinHoTro, DaChi, NguoiTao) VALUES ('8c9ed0a7-0745-4666-9020-2a6b3a9b6892', '884aeab5-c0c7-4d0d-acf2-350828a0a1f6', 1, NULL, 3, 1800000, 5400000, '75a055cd-f545-40d1-af97-9657d362924e', 0, 'solaodong');
INSERT INTO [HoTroCovid].[dbo].[CaNhan] (ID, HoTen, GioiTinh, NgaySinh, CMND, SinhNam) VALUES ('ef9316b9-49ef-4d81-b772-837837bd78b1', N'Huỳnh Minh Phụng', 1, '1988-04-27', '215038616', 1988);
INSERT INTO [HoTroCovid].[dbo].[CaNhan_DoanhNghiep] (ID, IDDoanhNghiep, IDCaNhan, IDDoiTuong, NgheNghiep, DaTra50) VALUES ('9d907aaf-41fb-4a41-9ee4-e5a7f3585f50', 'e49841c9-785e-405e-9bf6-c9e9638c10e4', 'ef9316b9-49ef-4d81-b772-837837bd78b1', NULL, N'Tổ phó HCK', null);
INSERT INTO [HoTroCovid].[dbo].[ThongTinHoTro] (ID, IDNoiDung, IDDoiTuong, IDCaNhan) VALUES ('75fac137-5724-415d-9ea5-c7083a8e9d85', 1, NULL, 'ef9316b9-49ef-4d81-b772-837837bd78b1');
INSERT INTO [HoTroCovid].[dbo].[HoSo] (ID, IDCaNhan, IDNoiDungHoTro, IDDoiTuong, SoThang, SoTien, ThanhTien, IDThongTinHoTro, DaChi, NguoiTao) VALUES ('fb0644c7-71ed-4da4-90e6-3263078dedd1', 'ef9316b9-49ef-4d81-b772-837837bd78b1', 1, NULL, 3, 1800000, 5400000, '75fac137-5724-415d-9ea5-c7083a8e9d85', 0, 'solaodong');
INSERT INTO [HoTroCovid].[dbo].[CaNhan] (ID, HoTen, GioiTinh, NgaySinh, CMND, SinhNam) VALUES ('566110d8-83eb-4574-baf3-8f34ca3ef67a', N'Lê Thị Hoàng', NULL, '1996-01-19', '215449441', 1996);
INSERT INTO [HoTroCovid].[dbo].[CaNhan_DoanhNghiep] (ID, IDDoanhNghiep, IDCaNhan, IDDoiTuong, NgheNghiep, DaTra50) VALUES ('f68ccceb-0bff-4a92-90a9-2816df195c03', 'e49841c9-785e-405e-9bf6-c9e9638c10e4', '566110d8-83eb-4574-baf3-8f34ca3ef67a', NULL, N'CNCBHSĐL', null);
INSERT INTO [HoTroCovid].[dbo].[ThongTinHoTro] (ID, IDNoiDung, IDDoiTuong, IDCaNhan) VALUES ('43643e65-d147-4239-8326-49e0e71e32f8', 1, NULL, '566110d8-83eb-4574-baf3-8f34ca3ef67a');
INSERT INTO [HoTroCovid].[dbo].[HoSo] (ID, IDCaNhan, IDNoiDungHoTro, IDDoiTuong, SoThang, SoTien, ThanhTien, IDThongTinHoTro, DaChi, NguoiTao) VALUES ('28a148e9-da2e-45a7-a35e-bdd5b8f9740a', '566110d8-83eb-4574-baf3-8f34ca3ef67a', 1, NULL, 3, 1800000, 5400000, '43643e65-d147-4239-8326-49e0e71e32f8', 0, 'solaodong');
INSERT INTO [HoTroCovid].[dbo].[CaNhan] (ID, HoTen, GioiTinh, NgaySinh, CMND, SinhNam) VALUES ('b97236ec-7dac-4ee6-94ed-a3d9a29effd5', N'Võ Bá Học', 1, '1990-09-18', '215161965', 1990);
INSERT INTO [HoTroCovid].[dbo].[CaNhan_DoanhNghiep] (ID, IDDoanhNghiep, IDCaNhan, IDDoiTuong, NgheNghiep, DaTra50) VALUES ('978c988b-becf-4b23-964f-0459a94de549', 'e49841c9-785e-405e-9bf6-c9e9638c10e4', 'b97236ec-7dac-4ee6-94ed-a3d9a29effd5', NULL, N'CNCBHSĐL', null);
INSERT INTO [HoTroCovid].[dbo].[ThongTinHoTro] (ID, IDNoiDung, IDDoiTuong, IDCaNhan) VALUES ('24a0b873-f602-476b-b54c-c0f804cdecc3', 1, NULL, 'b97236ec-7dac-4ee6-94ed-a3d9a29effd5');
INSERT INTO [HoTroCovid].[dbo].[HoSo] (ID, IDCaNhan, IDNoiDungHoTro, IDDoiTuong, SoThang, SoTien, ThanhTien, IDThongTinHoTro, DaChi, NguoiTao) VALUES ('3d3d4d38-7707-4eb9-8e59-2c20c678344f', 'b97236ec-7dac-4ee6-94ed-a3d9a29effd5', 1, NULL, 3, 1800000, 5400000, '24a0b873-f602-476b-b54c-c0f804cdecc3', 0, 'solaodong');
INSERT INTO [HoTroCovid].[dbo].[CaNhan] (ID, HoTen, GioiTinh, NgaySinh, CMND, SinhNam) VALUES ('3b8505ee-da89-4088-a444-0af46a15336c', N'Đặng Thị Thanh Ngân', NULL, '1998-08-07', '215445418', 1998);
INSERT INTO [HoTroCovid].[dbo].[CaNhan_DoanhNghiep] (ID, IDDoanhNghiep, IDCaNhan, IDDoiTuong, NgheNghiep, DaTra50) VALUES ('ca4ab0ae-b9bc-49f4-b043-7ea1d162ffc4', 'e49841c9-785e-405e-9bf6-c9e9638c10e4', '3b8505ee-da89-4088-a444-0af46a15336c', NULL, N'CNCBHSĐL', null);
INSERT INTO [HoTroCovid].[dbo].[ThongTinHoTro] (ID, IDNoiDung, IDDoiTuong, IDCaNhan) VALUES ('092553c2-775a-4956-95f7-b4feb6228e57', 1, NULL, '3b8505ee-da89-4088-a444-0af46a15336c');
INSERT INTO [HoTroCovid].[dbo].[HoSo] (ID, IDCaNhan, IDNoiDungHoTro, IDDoiTuong, SoThang, SoTien, ThanhTien, IDThongTinHoTro, DaChi, NguoiTao) VALUES ('671ddbb3-a5bf-47f0-bd18-6447b1e3b1b3', '3b8505ee-da89-4088-a444-0af46a15336c', 1, NULL, 3, 1800000, 5400000, '092553c2-775a-4956-95f7-b4feb6228e57', 0, 'solaodong');
INSERT INTO [HoTroCovid].[dbo].[CaNhan] (ID, HoTen, GioiTinh, NgaySinh, CMND, SinhNam) VALUES ('206bea37-c545-41e7-bfa7-9bc64b867976', N'Thời Thị Bích Ngọc', NULL, '1999-11-20', '215487806', 1999);
INSERT INTO [HoTroCovid].[dbo].[CaNhan_DoanhNghiep] (ID, IDDoanhNghiep, IDCaNhan, IDDoiTuong, NgheNghiep, DaTra50) VALUES ('7b819d06-efd7-4a4f-b870-36fe273c0387', 'e49841c9-785e-405e-9bf6-c9e9638c10e4', '206bea37-c545-41e7-bfa7-9bc64b867976', NULL, N'CNCBHSĐL', null);
INSERT INTO [HoTroCovid].[dbo].[ThongTinHoTro] (ID, IDNoiDung, IDDoiTuong, IDCaNhan) VALUES ('7d5aa83f-24cb-43bd-9227-1e52f7805463', 1, NULL, '206bea37-c545-41e7-bfa7-9bc64b867976');
INSERT INTO [HoTroCovid].[dbo].[HoSo] (ID, IDCaNhan, IDNoiDungHoTro, IDDoiTuong, SoThang, SoTien, ThanhTien, IDThongTinHoTro, DaChi, NguoiTao) VALUES ('ac7e10d7-1be5-4337-b723-656da7bbbade', '206bea37-c545-41e7-bfa7-9bc64b867976', 1, NULL, 3, 1800000, 5400000, '7d5aa83f-24cb-43bd-9227-1e52f7805463', 0, 'solaodong');
INSERT INTO [HoTroCovid].[dbo].[CaNhan] (ID, HoTen, GioiTinh, NgaySinh, CMND, SinhNam) VALUES ('649691bf-7171-48de-b57d-b6d97b2241b4', N'Nguyễn Thanh Long', 1, '1997-07-21', '215437525', 1997);
INSERT INTO [HoTroCovid].[dbo].[CaNhan_DoanhNghiep] (ID, IDDoanhNghiep, IDCaNhan, IDDoiTuong, NgheNghiep, DaTra50) VALUES ('9343c9c9-4923-4598-8cf4-e9c19e7bbaf3', 'e49841c9-785e-405e-9bf6-c9e9638c10e4', '649691bf-7171-48de-b57d-b6d97b2241b4', NULL, N'CNCBHSĐL', null);
INSERT INTO [HoTroCovid].[dbo].[ThongTinHoTro] (ID, IDNoiDung, IDDoiTuong, IDCaNhan) VALUES ('921ccded-9a1f-48d9-9189-10936ccf0d6b', 1, NULL, '649691bf-7171-48de-b57d-b6d97b2241b4');
INSERT INTO [HoTroCovid].[dbo].[HoSo] (ID, IDCaNhan, IDNoiDungHoTro, IDDoiTuong, SoThang, SoTien, ThanhTien, IDThongTinHoTro, DaChi, NguoiTao) VALUES ('08f43365-2247-46e6-ad23-587d6bee1e5c', '649691bf-7171-48de-b57d-b6d97b2241b4', 1, NULL, 3, 1800000, 5400000, '921ccded-9a1f-48d9-9189-10936ccf0d6b', 0, 'solaodong');
INSERT INTO [HoTroCovid].[dbo].[CaNhan] (ID, HoTen, GioiTinh, NgaySinh, CMND, SinhNam) VALUES ('e2f7ea7f-8ad4-495f-8df6-5f1d4c632c88', N'Phan Thị Nhiên', NULL, '1992-10-10', '215185081', 1992);
INSERT INTO [HoTroCovid].[dbo].[CaNhan_DoanhNghiep] (ID, IDDoanhNghiep, IDCaNhan, IDDoiTuong, NgheNghiep, DaTra50) VALUES ('9315d8a7-0ab5-4c5a-a5d1-c5d0e6a0e021', 'e49841c9-785e-405e-9bf6-c9e9638c10e4', 'e2f7ea7f-8ad4-495f-8df6-5f1d4c632c88', NULL, N'CNCBHSĐL', null);
INSERT INTO [HoTroCovid].[dbo].[ThongTinHoTro] (ID, IDNoiDung, IDDoiTuong, IDCaNhan) VALUES ('68e3067b-abea-446f-bc6f-9e9220845adf', 1, NULL, 'e2f7ea7f-8ad4-495f-8df6-5f1d4c632c88');
INSERT INTO [HoTroCovid].[dbo].[HoSo] (ID, IDCaNhan, IDNoiDungHoTro, IDDoiTuong, SoThang, SoTien, ThanhTien, IDThongTinHoTro, DaChi, NguoiTao) VALUES ('2c084fa3-1c36-4d40-a668-9e301d769ab5', 'e2f7ea7f-8ad4-495f-8df6-5f1d4c632c88', 1, NULL, 3, 1800000, 5400000, '68e3067b-abea-446f-bc6f-9e9220845adf', 0, 'solaodong');
INSERT INTO [HoTroCovid].[dbo].[CaNhan] (ID, HoTen, GioiTinh, NgaySinh, CMND, SinhNam) VALUES ('e96b4d31-2335-4559-980d-e89fdba22e8a', N'Nguyễn Thị Hồng My', NULL, '1994-02-02', '215379913', 1994);
INSERT INTO [HoTroCovid].[dbo].[CaNhan_DoanhNghiep] (ID, IDDoanhNghiep, IDCaNhan, IDDoiTuong, NgheNghiep, DaTra50) VALUES ('699c716f-d365-41a0-aa48-11374445d152', 'e49841c9-785e-405e-9bf6-c9e9638c10e4', 'e96b4d31-2335-4559-980d-e89fdba22e8a', NULL, N'CNCBHSĐL', null);
INSERT INTO [HoTroCovid].[dbo].[ThongTinHoTro] (ID, IDNoiDung, IDDoiTuong, IDCaNhan) VALUES ('f31731c9-63e8-42b1-b545-7fe4600ca8db', 1, NULL, 'e96b4d31-2335-4559-980d-e89fdba22e8a');
INSERT INTO [HoTroCovid].[dbo].[HoSo] (ID, IDCaNhan, IDNoiDungHoTro, IDDoiTuong, SoThang, SoTien, ThanhTien, IDThongTinHoTro, DaChi, NguoiTao) VALUES ('6960bd10-d2ed-4b3d-afce-c5b504a8f253', 'e96b4d31-2335-4559-980d-e89fdba22e8a', 1, NULL, 3, 1800000, 5400000, 'f31731c9-63e8-42b1-b545-7fe4600ca8db', 0, 'solaodong');
INSERT INTO [HoTroCovid].[dbo].[CaNhan] (ID, HoTen, GioiTinh, NgaySinh, CMND, SinhNam) VALUES ('e942f859-a4b5-4dcf-892b-8c48e1866db8', N'Huỳnh Chánh Tín', 1, '1992-09-29', '230821200', 1992);
INSERT INTO [HoTroCovid].[dbo].[CaNhan_DoanhNghiep] (ID, IDDoanhNghiep, IDCaNhan, IDDoiTuong, NgheNghiep, DaTra50) VALUES ('3f569898-8b61-4f60-b39e-afd4c8a45286', 'e49841c9-785e-405e-9bf6-c9e9638c10e4', 'e942f859-a4b5-4dcf-892b-8c48e1866db8', NULL, N'CNCBHSĐL', null);
INSERT INTO [HoTroCovid].[dbo].[ThongTinHoTro] (ID, IDNoiDung, IDDoiTuong, IDCaNhan) VALUES ('caa031f2-e9fa-4ef1-b6ff-f5850fb5616a', 1, NULL, 'e942f859-a4b5-4dcf-892b-8c48e1866db8');
INSERT INTO [HoTroCovid].[dbo].[HoSo] (ID, IDCaNhan, IDNoiDungHoTro, IDDoiTuong, SoThang, SoTien, ThanhTien, IDThongTinHoTro, DaChi, NguoiTao) VALUES ('a04b718b-31e7-46f1-9f92-8aaa7d338ed8', 'e942f859-a4b5-4dcf-892b-8c48e1866db8', 1, NULL, 3, 1800000, 5400000, 'caa031f2-e9fa-4ef1-b6ff-f5850fb5616a', 0, 'solaodong');
INSERT INTO [HoTroCovid].[dbo].[CaNhan] (ID, HoTen, GioiTinh, NgaySinh, CMND, SinhNam) VALUES ('d08d1fa4-8bcc-4320-95f1-17e39e605b4c', N'Võ Thị Thúy Hằng', NULL, '1989-06-03', '215078906', 1989);
INSERT INTO [HoTroCovid].[dbo].[CaNhan_DoanhNghiep] (ID, IDDoanhNghiep, IDCaNhan, IDDoiTuong, NgheNghiep, DaTra50) VALUES ('bf01f136-4f87-42d8-9329-5cea8c1fc4aa', 'e49841c9-785e-405e-9bf6-c9e9638c10e4', 'd08d1fa4-8bcc-4320-95f1-17e39e605b4c', NULL, N'CNCBHSĐL', null);
INSERT INTO [HoTroCovid].[dbo].[ThongTinHoTro] (ID, IDNoiDung, IDDoiTuong, IDCaNhan) VALUES ('9d182833-b33f-4cea-92be-f1d998fc6c83', 1, NULL, 'd08d1fa4-8bcc-4320-95f1-17e39e605b4c');
INSERT INTO [HoTroCovid].[dbo].[HoSo] (ID, IDCaNhan, IDNoiDungHoTro, IDDoiTuong, SoThang, SoTien, ThanhTien, IDThongTinHoTro, DaChi, NguoiTao) VALUES ('666ffec2-a012-4e9b-9ebe-ff68cc29a08e', 'd08d1fa4-8bcc-4320-95f1-17e39e605b4c', 1, NULL, 3, 1800000, 5400000, '9d182833-b33f-4cea-92be-f1d998fc6c83', 0, 'solaodong');
INSERT INTO [HoTroCovid].[dbo].[CaNhan] (ID, HoTen, GioiTinh, NgaySinh, CMND, SinhNam) VALUES ('353bb3de-e5e8-4111-8636-1707e1bf4023', N'Nguyễn Cường', 1, '1989-12-25', '215192123', 1989);
INSERT INTO [HoTroCovid].[dbo].[CaNhan_DoanhNghiep] (ID, IDDoanhNghiep, IDCaNhan, IDDoiTuong, NgheNghiep, DaTra50) VALUES ('ddb800d8-d2d9-44e8-8eac-cdd29a36ab18', 'e49841c9-785e-405e-9bf6-c9e9638c10e4', '353bb3de-e5e8-4111-8636-1707e1bf4023', NULL, N'CNCBHSĐL', null);
INSERT INTO [HoTroCovid].[dbo].[ThongTinHoTro] (ID, IDNoiDung, IDDoiTuong, IDCaNhan) VALUES ('2eb4ca14-8369-4ed6-8429-2e2ff04445b5', 1, NULL, '353bb3de-e5e8-4111-8636-1707e1bf4023');
INSERT INTO [HoTroCovid].[dbo].[HoSo] (ID, IDCaNhan, IDNoiDungHoTro, IDDoiTuong, SoThang, SoTien, ThanhTien, IDThongTinHoTro, DaChi, NguoiTao) VALUES ('0748f244-ca2f-4567-8dc5-3697465613ae', '353bb3de-e5e8-4111-8636-1707e1bf4023', 1, NULL, 3, 1800000, 5400000, '2eb4ca14-8369-4ed6-8429-2e2ff04445b5', 0, 'solaodong');
INSERT INTO [HoTroCovid].[dbo].[CaNhan] (ID, HoTen, GioiTinh, NgaySinh, CMND, SinhNam) VALUES ('d2cd313f-5f00-4445-8764-4a297c922dcd', N'Nguyễn Thị Diễm', NULL, '1996-09-07', '215357487', 1996);
INSERT INTO [HoTroCovid].[dbo].[CaNhan_DoanhNghiep] (ID, IDDoanhNghiep, IDCaNhan, IDDoiTuong, NgheNghiep, DaTra50) VALUES ('c660529c-0559-47a1-83db-902734f15a39', 'e49841c9-785e-405e-9bf6-c9e9638c10e4', 'd2cd313f-5f00-4445-8764-4a297c922dcd', NULL, N'CNCBHSĐL', null);
INSERT INTO [HoTroCovid].[dbo].[ThongTinHoTro] (ID, IDNoiDung, IDDoiTuong, IDCaNhan) VALUES ('ce922249-68b5-4e27-8c28-c06ecbe1bb0a', 1, NULL, 'd2cd313f-5f00-4445-8764-4a297c922dcd');
INSERT INTO [HoTroCovid].[dbo].[HoSo] (ID, IDCaNhan, IDNoiDungHoTro, IDDoiTuong, SoThang, SoTien, ThanhTien, IDThongTinHoTro, DaChi, NguoiTao) VALUES ('f40a2c0f-6b3d-4bc7-8430-151a87762860', 'd2cd313f-5f00-4445-8764-4a297c922dcd', 1, NULL, 3, 1800000, 5400000, 'ce922249-68b5-4e27-8c28-c06ecbe1bb0a', 0, 'solaodong');
INSERT INTO [HoTroCovid].[dbo].[CaNhan] (ID, HoTen, GioiTinh, NgaySinh, CMND, SinhNam) VALUES ('85336944-18a0-46e7-b1b6-096e7d210ddc', N'Bùi Minh Ngọc Vân', NULL, '1992-01-20', '215154837', 1992);
INSERT INTO [HoTroCovid].[dbo].[CaNhan_DoanhNghiep] (ID, IDDoanhNghiep, IDCaNhan, IDDoiTuong, NgheNghiep, DaTra50) VALUES ('e0d62876-b1d4-45cc-b61a-6419534adf18', 'e49841c9-785e-405e-9bf6-c9e9638c10e4', '85336944-18a0-46e7-b1b6-096e7d210ddc', NULL, N'CNCBHSĐL', null);
INSERT INTO [HoTroCovid].[dbo].[ThongTinHoTro] (ID, IDNoiDung, IDDoiTuong, IDCaNhan) VALUES ('4a33cd36-40bb-4340-b0ed-de0eebe79a4b', 1, NULL, '85336944-18a0-46e7-b1b6-096e7d210ddc');
INSERT INTO [HoTroCovid].[dbo].[HoSo] (ID, IDCaNhan, IDNoiDungHoTro, IDDoiTuong, SoThang, SoTien, ThanhTien, IDThongTinHoTro, DaChi, NguoiTao) VALUES ('7c41ba0c-55d5-418a-b299-646fc33522f4', '85336944-18a0-46e7-b1b6-096e7d210ddc', 1, NULL, 3, 1800000, 5400000, '4a33cd36-40bb-4340-b0ed-de0eebe79a4b', 0, 'solaodong');
INSERT INTO [HoTroCovid].[dbo].[CaNhan] (ID, HoTen, GioiTinh, NgaySinh, CMND, SinhNam) VALUES ('2e4d4782-0a0a-427b-8ef3-19043c8272ce', N'Huỳnh Thị Thắm', NULL, '1988-06-09', '215111577', 1988);
INSERT INTO [HoTroCovid].[dbo].[CaNhan_DoanhNghiep] (ID, IDDoanhNghiep, IDCaNhan, IDDoiTuong, NgheNghiep, DaTra50) VALUES ('9d56e245-504d-4b0e-b569-ca4a9b650ef9', 'e49841c9-785e-405e-9bf6-c9e9638c10e4', '2e4d4782-0a0a-427b-8ef3-19043c8272ce', NULL, N'CNCBHSĐL', null);
INSERT INTO [HoTroCovid].[dbo].[ThongTinHoTro] (ID, IDNoiDung, IDDoiTuong, IDCaNhan) VALUES ('291daa40-b4ab-4f3b-802e-70e1ee6eb9ae', 1, NULL, '2e4d4782-0a0a-427b-8ef3-19043c8272ce');
INSERT INTO [HoTroCovid].[dbo].[HoSo] (ID, IDCaNhan, IDNoiDungHoTro, IDDoiTuong, SoThang, SoTien, ThanhTien, IDThongTinHoTro, DaChi, NguoiTao) VALUES ('d2a25326-c2b3-4c2c-8839-4f1ced15950c', '2e4d4782-0a0a-427b-8ef3-19043c8272ce', 1, NULL, 3, 1800000, 5400000, '291daa40-b4ab-4f3b-802e-70e1ee6eb9ae', 0, 'solaodong');
INSERT INTO [HoTroCovid].[dbo].[CaNhan] (ID, HoTen, GioiTinh, NgaySinh, CMND, SinhNam) VALUES ('c4c97dac-e73b-4842-b31d-1996ba9784ca', N'Nguyễn Mỹ Chi', NULL, '1999-11-08', '215484882', 1999);
INSERT INTO [HoTroCovid].[dbo].[CaNhan_DoanhNghiep] (ID, IDDoanhNghiep, IDCaNhan, IDDoiTuong, NgheNghiep, DaTra50) VALUES ('cf703dec-c88b-4c95-9a8c-b9d7d000dcf2', 'e49841c9-785e-405e-9bf6-c9e9638c10e4', 'c4c97dac-e73b-4842-b31d-1996ba9784ca', NULL, N'Tổ phó HCK', null);
INSERT INTO [HoTroCovid].[dbo].[ThongTinHoTro] (ID, IDNoiDung, IDDoiTuong, IDCaNhan) VALUES ('1da689fd-269f-4312-8577-aa4f6e755a2c', 1, NULL, 'c4c97dac-e73b-4842-b31d-1996ba9784ca');
INSERT INTO [HoTroCovid].[dbo].[HoSo] (ID, IDCaNhan, IDNoiDungHoTro, IDDoiTuong, SoThang, SoTien, ThanhTien, IDThongTinHoTro, DaChi, NguoiTao) VALUES ('8ba19c9c-1cda-4b55-ae79-fb5c23a68e54', 'c4c97dac-e73b-4842-b31d-1996ba9784ca', 1, NULL, 3, 1800000, 5400000, '1da689fd-269f-4312-8577-aa4f6e755a2c', 0, 'solaodong');
INSERT INTO [HoTroCovid].[dbo].[CaNhan] (ID, HoTen, GioiTinh, NgaySinh, CMND, SinhNam) VALUES ('44b7cd7e-bd90-4410-a720-f9159f9b70c5', N'NGUYỄN LƯƠNG HÙNG', 1, '1959-02-09', '211521777', 1959);
INSERT INTO [HoTroCovid].[dbo].[CaNhan_DoanhNghiep] (ID, IDDoanhNghiep, IDCaNhan, IDDoiTuong, NgheNghiep, DaTra50) VALUES ('a689a1d5-900e-4492-9b1f-7264822e1f1e', 'd810a86a-afd9-4012-9c95-c92bd74f552a', '44b7cd7e-bd90-4410-a720-f9159f9b70c5', NULL, N'Bảo vệ', null);
INSERT INTO [HoTroCovid].[dbo].[ThongTinHoTro] (ID, IDNoiDung, IDDoiTuong, IDCaNhan) VALUES ('4cc5c508-2430-49ec-8cff-c898f55c6d70', 1, NULL, '44b7cd7e-bd90-4410-a720-f9159f9b70c5');
INSERT INTO [HoTroCovid].[dbo].[HoSo] (ID, IDCaNhan, IDNoiDungHoTro, IDDoiTuong, SoThang, SoTien, ThanhTien, IDThongTinHoTro, DaChi, NguoiTao) VALUES ('cf0115a9-761f-486f-9958-c4e2dcd9c7e1', '44b7cd7e-bd90-4410-a720-f9159f9b70c5', 1, NULL, 3, 1800000, 5400000, '4cc5c508-2430-49ec-8cff-c898f55c6d70', 0, 'solaodong');
INSERT INTO [HoTroCovid].[dbo].[CaNhan] (ID, HoTen, GioiTinh, NgaySinh, CMND, SinhNam) VALUES ('35d4dd08-0fc9-477d-90e9-5be90e762caf', N'Cao Quốc Việt', 1, '1997-03-25', '215412569', 1997);
INSERT INTO [HoTroCovid].[dbo].[CaNhan_DoanhNghiep] (ID, IDDoanhNghiep, IDCaNhan, IDDoiTuong, NgheNghiep, DaTra50) VALUES ('2e79a0c7-0cf7-4133-ab8f-9588a34ab994', 'e49841c9-785e-405e-9bf6-c9e9638c10e4', '35d4dd08-0fc9-477d-90e9-5be90e762caf', NULL, N'CNCBHSĐL', null);
INSERT INTO [HoTroCovid].[dbo].[ThongTinHoTro] (ID, IDNoiDung, IDDoiTuong, IDCaNhan) VALUES ('9296fbdb-a8b4-499f-8a28-48cd2c767a8f', 1, NULL, '35d4dd08-0fc9-477d-90e9-5be90e762caf');
INSERT INTO [HoTroCovid].[dbo].[HoSo] (ID, IDCaNhan, IDNoiDungHoTro, IDDoiTuong, SoThang, SoTien, ThanhTien, IDThongTinHoTro, DaChi, NguoiTao) VALUES ('638d93f8-9fe4-48e3-b724-6518f238b1fa', '35d4dd08-0fc9-477d-90e9-5be90e762caf', 1, NULL, 3, 1800000, 5400000, '9296fbdb-a8b4-499f-8a28-48cd2c767a8f', 0, 'solaodong');
INSERT INTO [HoTroCovid].[dbo].[CaNhan] (ID, HoTen, GioiTinh, NgaySinh, CMND, SinhNam) VALUES ('9ab43282-6efb-4100-bfce-8fc36c9484af', N'Nguyễn Hữu Tiến', 1, '1992-05-10', '184225390', 1992);
INSERT INTO [HoTroCovid].[dbo].[CaNhan_DoanhNghiep] (ID, IDDoanhNghiep, IDCaNhan, IDDoiTuong, NgheNghiep, DaTra50) VALUES ('cb0ee2e8-2c79-4166-ab50-e47be2b7c89e', 'e49841c9-785e-405e-9bf6-c9e9638c10e4', '9ab43282-6efb-4100-bfce-8fc36c9484af', NULL, N'CNCBHSĐL', null);
INSERT INTO [HoTroCovid].[dbo].[ThongTinHoTro] (ID, IDNoiDung, IDDoiTuong, IDCaNhan) VALUES ('5a644777-0272-4f8d-bf9f-24a567293240', 1, NULL, '9ab43282-6efb-4100-bfce-8fc36c9484af');
INSERT INTO [HoTroCovid].[dbo].[HoSo] (ID, IDCaNhan, IDNoiDungHoTro, IDDoiTuong, SoThang, SoTien, ThanhTien, IDThongTinHoTro, DaChi, NguoiTao) VALUES ('074ba31f-ddf5-4a53-ba2d-f3a20f3f65bb', '9ab43282-6efb-4100-bfce-8fc36c9484af', 1, NULL, 3, 1800000, 5400000, '5a644777-0272-4f8d-bf9f-24a567293240', 0, 'solaodong');
INSERT INTO [HoTroCovid].[dbo].[CaNhan] (ID, HoTen, GioiTinh, NgaySinh, CMND, SinhNam) VALUES ('26bfba03-10d6-4415-a170-8df8af443a94', N'Trần Thị Mỹ Duyên', NULL, '1998-08-16', '184341210', 1998);
INSERT INTO [HoTroCovid].[dbo].[CaNhan_DoanhNghiep] (ID, IDDoanhNghiep, IDCaNhan, IDDoiTuong, NgheNghiep, DaTra50) VALUES ('0a990842-fee5-487c-92ae-42233a68b20d', 'e49841c9-785e-405e-9bf6-c9e9638c10e4', '26bfba03-10d6-4415-a170-8df8af443a94', NULL, N'CNCBHSĐL', null);
INSERT INTO [HoTroCovid].[dbo].[ThongTinHoTro] (ID, IDNoiDung, IDDoiTuong, IDCaNhan) VALUES ('5a7055f0-1f99-4f72-8557-c38c791a08ce', 1, NULL, '26bfba03-10d6-4415-a170-8df8af443a94');
INSERT INTO [HoTroCovid].[dbo].[HoSo] (ID, IDCaNhan, IDNoiDungHoTro, IDDoiTuong, SoThang, SoTien, ThanhTien, IDThongTinHoTro, DaChi, NguoiTao) VALUES ('92cb1a47-a3bb-4c65-adeb-86b78908777a', '26bfba03-10d6-4415-a170-8df8af443a94', 1, NULL, 3, 1800000, 5400000, '5a7055f0-1f99-4f72-8557-c38c791a08ce', 0, 'solaodong');
INSERT INTO [HoTroCovid].[dbo].[CaNhan] (ID, HoTen, GioiTinh, NgaySinh, CMND, SinhNam) VALUES ('f9944f68-d1d6-4e89-a596-dcefab963c1c', N'Nguyễn Thị Thi', NULL, '1992-02-20', '215150711', 1992);
INSERT INTO [HoTroCovid].[dbo].[CaNhan_DoanhNghiep] (ID, IDDoanhNghiep, IDCaNhan, IDDoiTuong, NgheNghiep, DaTra50) VALUES ('20b2dc8f-38a0-4f1e-91f4-d6a1e3906f92', 'e49841c9-785e-405e-9bf6-c9e9638c10e4', 'f9944f68-d1d6-4e89-a596-dcefab963c1c', NULL, N'CNCBHSĐL', null);
INSERT INTO [HoTroCovid].[dbo].[ThongTinHoTro] (ID, IDNoiDung, IDDoiTuong, IDCaNhan) VALUES ('73271828-3c82-4d0c-ad7e-cce983b71b37', 1, NULL, 'f9944f68-d1d6-4e89-a596-dcefab963c1c');
INSERT INTO [HoTroCovid].[dbo].[HoSo] (ID, IDCaNhan, IDNoiDungHoTro, IDDoiTuong, SoThang, SoTien, ThanhTien, IDThongTinHoTro, DaChi, NguoiTao) VALUES ('7775ec57-5900-436b-a7dd-28e1686ffa29', 'f9944f68-d1d6-4e89-a596-dcefab963c1c', 1, NULL, 3, 1800000, 5400000, '73271828-3c82-4d0c-ad7e-cce983b71b37', 0, 'solaodong');
INSERT INTO [HoTroCovid].[dbo].[CaNhan] (ID, HoTen, GioiTinh, NgaySinh, CMND, SinhNam) VALUES ('79dfd24d-2f43-4573-b087-023740de709e', N'Đỗ Thanh Phong', 1, '1990-06-10', '215196622', 1990);
INSERT INTO [HoTroCovid].[dbo].[CaNhan_DoanhNghiep] (ID, IDDoanhNghiep, IDCaNhan, IDDoiTuong, NgheNghiep, DaTra50) VALUES ('61ddaef2-155e-47cc-9039-f3675d50e80f', 'e49841c9-785e-405e-9bf6-c9e9638c10e4', '79dfd24d-2f43-4573-b087-023740de709e', NULL, N'Tổ phó ĐG3', null);
INSERT INTO [HoTroCovid].[dbo].[ThongTinHoTro] (ID, IDNoiDung, IDDoiTuong, IDCaNhan) VALUES ('c3039eaa-2da9-4f04-9fd1-403025f47e83', 1, NULL, '79dfd24d-2f43-4573-b087-023740de709e');
INSERT INTO [HoTroCovid].[dbo].[HoSo] (ID, IDCaNhan, IDNoiDungHoTro, IDDoiTuong, SoThang, SoTien, ThanhTien, IDThongTinHoTro, DaChi, NguoiTao) VALUES ('d1f3b7cc-08b3-4615-bbfc-d8f7662bc594', '79dfd24d-2f43-4573-b087-023740de709e', 1, NULL, 3, 1800000, 5400000, 'c3039eaa-2da9-4f04-9fd1-403025f47e83', 0, 'solaodong');
INSERT INTO [HoTroCovid].[dbo].[CaNhan] (ID, HoTen, GioiTinh, NgaySinh, CMND, SinhNam) VALUES ('a45c3651-72f9-4e62-a8ac-8572f92f12be', N'Khổng Linh Dương', 1, '2001-09-02', '215533510', 2001);
INSERT INTO [HoTroCovid].[dbo].[CaNhan_DoanhNghiep] (ID, IDDoanhNghiep, IDCaNhan, IDDoiTuong, NgheNghiep, DaTra50) VALUES ('9c2f29bb-aaab-49e5-95ba-8d0569249bb0', 'e49841c9-785e-405e-9bf6-c9e9638c10e4', 'a45c3651-72f9-4e62-a8ac-8572f92f12be', NULL, N'CNCBHSĐL', null);
INSERT INTO [HoTroCovid].[dbo].[ThongTinHoTro] (ID, IDNoiDung, IDDoiTuong, IDCaNhan) VALUES ('540903a5-83a9-4d89-914c-353db3398e66', 1, NULL, 'a45c3651-72f9-4e62-a8ac-8572f92f12be');
INSERT INTO [HoTroCovid].[dbo].[HoSo] (ID, IDCaNhan, IDNoiDungHoTro, IDDoiTuong, SoThang, SoTien, ThanhTien, IDThongTinHoTro, DaChi, NguoiTao) VALUES ('1898fe6e-cf21-45ab-880b-f4393fcfbfe1', 'a45c3651-72f9-4e62-a8ac-8572f92f12be', 1, NULL, 3, 1800000, 5400000, '540903a5-83a9-4d89-914c-353db3398e66', 0, 'solaodong');
INSERT INTO [HoTroCovid].[dbo].[CaNhan] (ID, HoTen, GioiTinh, NgaySinh, CMND, SinhNam) VALUES ('966c9ef4-1497-4135-8ef7-cc3b05320936', N'Tô Văn Lượm', 1, '1990-06-22', '215326239', 1990);
INSERT INTO [HoTroCovid].[dbo].[CaNhan_DoanhNghiep] (ID, IDDoanhNghiep, IDCaNhan, IDDoiTuong, NgheNghiep, DaTra50) VALUES ('297ccbe0-27c9-4821-b2da-f91cf1f4fe94', 'e49841c9-785e-405e-9bf6-c9e9638c10e4', '966c9ef4-1497-4135-8ef7-cc3b05320936', NULL, N'CNCBHSĐL', null);
INSERT INTO [HoTroCovid].[dbo].[ThongTinHoTro] (ID, IDNoiDung, IDDoiTuong, IDCaNhan) VALUES ('6598f465-b41a-4267-86ff-9ba23ec5c075', 1, NULL, '966c9ef4-1497-4135-8ef7-cc3b05320936');
INSERT INTO [HoTroCovid].[dbo].[HoSo] (ID, IDCaNhan, IDNoiDungHoTro, IDDoiTuong, SoThang, SoTien, ThanhTien, IDThongTinHoTro, DaChi, NguoiTao) VALUES ('4f2fc54a-7ef5-4605-a13f-c5988a5a554d', '966c9ef4-1497-4135-8ef7-cc3b05320936', 1, NULL, 3, 1800000, 5400000, '6598f465-b41a-4267-86ff-9ba23ec5c075', 0, 'solaodong');
INSERT INTO [HoTroCovid].[dbo].[CaNhan] (ID, HoTen, GioiTinh, NgaySinh, CMND, SinhNam) VALUES ('0ba8d6dc-2df3-4045-98de-bdb632a2db04', N'Nguyễn Thị Tuyết  Sa', NULL, '1981-06-14', '211675984', 1981);
INSERT INTO [HoTroCovid].[dbo].[CaNhan_DoanhNghiep] (ID, IDDoanhNghiep, IDCaNhan, IDDoiTuong, NgheNghiep, DaTra50) VALUES ('4715d657-59b0-4bef-b3fa-23d27566da7c', 'e49841c9-785e-405e-9bf6-c9e9638c10e4', '0ba8d6dc-2df3-4045-98de-bdb632a2db04', NULL, N'N/viên Thống kê', null);
INSERT INTO [HoTroCovid].[dbo].[ThongTinHoTro] (ID, IDNoiDung, IDDoiTuong, IDCaNhan) VALUES ('5b177f53-83ae-48d9-b312-68cae6df9b31', 1, NULL, '0ba8d6dc-2df3-4045-98de-bdb632a2db04');
INSERT INTO [HoTroCovid].[dbo].[HoSo] (ID, IDCaNhan, IDNoiDungHoTro, IDDoiTuong, SoThang, SoTien, ThanhTien, IDThongTinHoTro, DaChi, NguoiTao) VALUES ('745e3568-2126-40cf-a6e1-ea6b4006feed', '0ba8d6dc-2df3-4045-98de-bdb632a2db04', 1, NULL, 3, 1800000, 5400000, '5b177f53-83ae-48d9-b312-68cae6df9b31', 0, 'solaodong');
INSERT INTO [HoTroCovid].[dbo].[CaNhan] (ID, HoTen, GioiTinh, NgaySinh, CMND, SinhNam) VALUES ('8604bcd6-4a92-49a5-95dd-1f1011c80edf', N'Nguyễn Thị Như Khánh', NULL, '1992-11-08', '215185057', 1992);
INSERT INTO [HoTroCovid].[dbo].[CaNhan_DoanhNghiep] (ID, IDDoanhNghiep, IDCaNhan, IDDoiTuong, NgheNghiep, DaTra50) VALUES ('7ffd14a2-95fd-4269-82c8-d1f009e4f3b5', 'e49841c9-785e-405e-9bf6-c9e9638c10e4', '8604bcd6-4a92-49a5-95dd-1f1011c80edf', NULL, N'CNCBHSĐL', null);
INSERT INTO [HoTroCovid].[dbo].[ThongTinHoTro] (ID, IDNoiDung, IDDoiTuong, IDCaNhan) VALUES ('02ce0aeb-36bd-46fb-ba2d-b6d21c87bfa3', 1, NULL, '8604bcd6-4a92-49a5-95dd-1f1011c80edf');
INSERT INTO [HoTroCovid].[dbo].[HoSo] (ID, IDCaNhan, IDNoiDungHoTro, IDDoiTuong, SoThang, SoTien, ThanhTien, IDThongTinHoTro, DaChi, NguoiTao) VALUES ('96d92847-9a5f-4f52-b14c-c7fa98a2d125', '8604bcd6-4a92-49a5-95dd-1f1011c80edf', 1, NULL, 3, 1800000, 5400000, '02ce0aeb-36bd-46fb-ba2d-b6d21c87bfa3', 0, 'solaodong');
INSERT INTO [HoTroCovid].[dbo].[CaNhan] (ID, HoTen, GioiTinh, NgaySinh, CMND, SinhNam) VALUES ('03229945-39c3-4979-92cb-37806706f1da', N'Trần Thị Kim Diệu', NULL, '1997-06-04', '215396278', 1997);
INSERT INTO [HoTroCovid].[dbo].[CaNhan_DoanhNghiep] (ID, IDDoanhNghiep, IDCaNhan, IDDoiTuong, NgheNghiep, DaTra50) VALUES ('e3b6415f-a9e0-40d5-a8de-196cc54af729', 'e49841c9-785e-405e-9bf6-c9e9638c10e4', '03229945-39c3-4979-92cb-37806706f1da', NULL, N'CNCBHSĐL', null);
INSERT INTO [HoTroCovid].[dbo].[ThongTinHoTro] (ID, IDNoiDung, IDDoiTuong, IDCaNhan) VALUES ('a09fb62c-6842-47c7-b197-f79d7fb7fe0a', 1, NULL, '03229945-39c3-4979-92cb-37806706f1da');
INSERT INTO [HoTroCovid].[dbo].[HoSo] (ID, IDCaNhan, IDNoiDungHoTro, IDDoiTuong, SoThang, SoTien, ThanhTien, IDThongTinHoTro, DaChi, NguoiTao) VALUES ('b8f4cb18-8498-400f-b387-ba400080dd45', '03229945-39c3-4979-92cb-37806706f1da', 1, NULL, 3, 1800000, 5400000, 'a09fb62c-6842-47c7-b197-f79d7fb7fe0a', 0, 'solaodong');
INSERT INTO [HoTroCovid].[dbo].[CaNhan] (ID, HoTen, GioiTinh, NgaySinh, CMND, SinhNam) VALUES ('59df6c12-3614-464c-85b5-f1784247ffd1', N'Đặng Thị Thúy Sinh', NULL, '1995-12-04', '215330255', 1995);
INSERT INTO [HoTroCovid].[dbo].[CaNhan_DoanhNghiep] (ID, IDDoanhNghiep, IDCaNhan, IDDoiTuong, NgheNghiep, DaTra50) VALUES ('c0780152-3b08-403b-af65-1d21c20a1a45', 'e49841c9-785e-405e-9bf6-c9e9638c10e4', '59df6c12-3614-464c-85b5-f1784247ffd1', NULL, N'CNCBHSĐL', null);
INSERT INTO [HoTroCovid].[dbo].[ThongTinHoTro] (ID, IDNoiDung, IDDoiTuong, IDCaNhan) VALUES ('ddfaee0e-e1e0-4f31-b952-42e69a416298', 1, NULL, '59df6c12-3614-464c-85b5-f1784247ffd1');
INSERT INTO [HoTroCovid].[dbo].[HoSo] (ID, IDCaNhan, IDNoiDungHoTro, IDDoiTuong, SoThang, SoTien, ThanhTien, IDThongTinHoTro, DaChi, NguoiTao) VALUES ('bd0cdc4b-8e13-4a43-9bb6-d0bcf3cebbff', '59df6c12-3614-464c-85b5-f1784247ffd1', 1, NULL, 3, 1800000, 5400000, 'ddfaee0e-e1e0-4f31-b952-42e69a416298', 0, 'solaodong');
INSERT INTO [HoTroCovid].[dbo].[CaNhan] (ID, HoTen, GioiTinh, NgaySinh, CMND, SinhNam) VALUES ('0b9dc16c-350f-44ec-b7df-85820ae6a0d2', N'Đặng Thị Thao Đăng', NULL, '1999-12-22', '215452825', 1999);
INSERT INTO [HoTroCovid].[dbo].[CaNhan_DoanhNghiep] (ID, IDDoanhNghiep, IDCaNhan, IDDoiTuong, NgheNghiep, DaTra50) VALUES ('57efab7f-c93a-4140-ac0b-b9802c3c0bf5', 'e49841c9-785e-405e-9bf6-c9e9638c10e4', '0b9dc16c-350f-44ec-b7df-85820ae6a0d2', NULL, N'CNCBHSĐL', null);
INSERT INTO [HoTroCovid].[dbo].[ThongTinHoTro] (ID, IDNoiDung, IDDoiTuong, IDCaNhan) VALUES ('4d63f3a2-0074-490e-a650-b35708d3e1da', 1, NULL, '0b9dc16c-350f-44ec-b7df-85820ae6a0d2');
INSERT INTO [HoTroCovid].[dbo].[HoSo] (ID, IDCaNhan, IDNoiDungHoTro, IDDoiTuong, SoThang, SoTien, ThanhTien, IDThongTinHoTro, DaChi, NguoiTao) VALUES ('22d85bee-f426-4971-8b7f-d17ed40f4f89', '0b9dc16c-350f-44ec-b7df-85820ae6a0d2', 1, NULL, 3, 1800000, 5400000, '4d63f3a2-0074-490e-a650-b35708d3e1da', 0, 'solaodong');
INSERT INTO [HoTroCovid].[dbo].[CaNhan] (ID, HoTen, GioiTinh, NgaySinh, CMND, SinhNam) VALUES ('13625e0b-f5e9-41ab-afcf-66a4e19aa3f7', N'Hồ Văn Hay', 1, '1990-04-10', '215113019', 1990);
INSERT INTO [HoTroCovid].[dbo].[CaNhan_DoanhNghiep] (ID, IDDoanhNghiep, IDCaNhan, IDDoiTuong, NgheNghiep, DaTra50) VALUES ('9bb02aed-ec3a-430b-a653-3f7d3b8b0af0', 'e49841c9-785e-405e-9bf6-c9e9638c10e4', '13625e0b-f5e9-41ab-afcf-66a4e19aa3f7', NULL, N'CNCBHSĐL', null);
INSERT INTO [HoTroCovid].[dbo].[ThongTinHoTro] (ID, IDNoiDung, IDDoiTuong, IDCaNhan) VALUES ('537605d0-7a0d-462b-9780-d1b05f13d8b7', 1, NULL, '13625e0b-f5e9-41ab-afcf-66a4e19aa3f7');
INSERT INTO [HoTroCovid].[dbo].[HoSo] (ID, IDCaNhan, IDNoiDungHoTro, IDDoiTuong, SoThang, SoTien, ThanhTien, IDThongTinHoTro, DaChi, NguoiTao) VALUES ('89762452-1edd-46f5-8459-c626c96d10dc', '13625e0b-f5e9-41ab-afcf-66a4e19aa3f7', 1, NULL, 3, 1800000, 5400000, '537605d0-7a0d-462b-9780-d1b05f13d8b7', 0, 'solaodong');
INSERT INTO [HoTroCovid].[dbo].[CaNhan] (ID, HoTen, GioiTinh, NgaySinh, CMND, SinhNam) VALUES ('fc0ace14-af9d-4de4-8cd8-eee1aa2029ab', N'Nguyễn Xuân Thịnh', 1, '1996-08-20', '215346594', 1996);
INSERT INTO [HoTroCovid].[dbo].[CaNhan_DoanhNghiep] (ID, IDDoanhNghiep, IDCaNhan, IDDoiTuong, NgheNghiep, DaTra50) VALUES ('bcf8556c-4164-4ea6-9f2f-095243e8fdf6', 'e49841c9-785e-405e-9bf6-c9e9638c10e4', 'fc0ace14-af9d-4de4-8cd8-eee1aa2029ab', NULL, N'CN kho lạnh', null);
INSERT INTO [HoTroCovid].[dbo].[ThongTinHoTro] (ID, IDNoiDung, IDDoiTuong, IDCaNhan) VALUES ('1562745b-3b98-4b82-b315-54ddf3880372', 1, NULL, 'fc0ace14-af9d-4de4-8cd8-eee1aa2029ab');
INSERT INTO [HoTroCovid].[dbo].[HoSo] (ID, IDCaNhan, IDNoiDungHoTro, IDDoiTuong, SoThang, SoTien, ThanhTien, IDThongTinHoTro, DaChi, NguoiTao) VALUES ('5e1e9ee0-0136-467d-864a-54a0d3454bdf', 'fc0ace14-af9d-4de4-8cd8-eee1aa2029ab', 1, NULL, 3, 1800000, 5400000, '1562745b-3b98-4b82-b315-54ddf3880372', 0, 'solaodong');
INSERT INTO [HoTroCovid].[dbo].[CaNhan] (ID, HoTen, GioiTinh, NgaySinh, CMND, SinhNam) VALUES ('dcaa87b1-7a75-45dc-9f1e-200b35c2d4c5', N'Võ Văn Lý', 1, '1996-08-20', '215403202', 1996);
INSERT INTO [HoTroCovid].[dbo].[CaNhan_DoanhNghiep] (ID, IDDoanhNghiep, IDCaNhan, IDDoiTuong, NgheNghiep, DaTra50) VALUES ('6bd54b62-9cef-4bb9-a42e-4e1827a50516', 'e49841c9-785e-405e-9bf6-c9e9638c10e4', 'dcaa87b1-7a75-45dc-9f1e-200b35c2d4c5', NULL, N'C/nhân CĐL', null);
INSERT INTO [HoTroCovid].[dbo].[ThongTinHoTro] (ID, IDNoiDung, IDDoiTuong, IDCaNhan) VALUES ('52b9bd9b-ae82-4e70-9e09-f09490ba8fea', 1, NULL, 'dcaa87b1-7a75-45dc-9f1e-200b35c2d4c5');
INSERT INTO [HoTroCovid].[dbo].[HoSo] (ID, IDCaNhan, IDNoiDungHoTro, IDDoiTuong, SoThang, SoTien, ThanhTien, IDThongTinHoTro, DaChi, NguoiTao) VALUES ('2cd84d00-7aea-4806-b4f5-d3a9d09ca702', 'dcaa87b1-7a75-45dc-9f1e-200b35c2d4c5', 1, NULL, 3, 1800000, 5400000, '52b9bd9b-ae82-4e70-9e09-f09490ba8fea', 0, 'solaodong');
INSERT INTO [HoTroCovid].[dbo].[CaNhan] (ID, HoTen, GioiTinh, NgaySinh, CMND, SinhNam) VALUES ('f7d60555-6854-455f-8090-886fe616f842', N'Phạm Thị Thuỷ - TT', NULL, '1978-04-03', '211648038', 1978);
INSERT INTO [HoTroCovid].[dbo].[CaNhan_DoanhNghiep] (ID, IDDoanhNghiep, IDCaNhan, IDDoiTuong, NgheNghiep, DaTra50) VALUES ('b172936c-7551-4adc-b159-450f9e90bc98', 'e49841c9-785e-405e-9bf6-c9e9638c10e4', 'f7d60555-6854-455f-8090-886fe616f842', NULL, N'Tổ trưởng CB1', null);
INSERT INTO [HoTroCovid].[dbo].[ThongTinHoTro] (ID, IDNoiDung, IDDoiTuong, IDCaNhan) VALUES ('ab660664-60f6-47e6-bfb3-663d3045d2f3', 1, NULL, 'f7d60555-6854-455f-8090-886fe616f842');
INSERT INTO [HoTroCovid].[dbo].[HoSo] (ID, IDCaNhan, IDNoiDungHoTro, IDDoiTuong, SoThang, SoTien, ThanhTien, IDThongTinHoTro, DaChi, NguoiTao) VALUES ('da887fd9-4997-45bf-b2c0-613c112533ba', 'f7d60555-6854-455f-8090-886fe616f842', 1, NULL, 3, 1800000, 5400000, 'ab660664-60f6-47e6-bfb3-663d3045d2f3', 0, 'solaodong');
INSERT INTO [HoTroCovid].[dbo].[CaNhan] (ID, HoTen, GioiTinh, NgaySinh, CMND, SinhNam) VALUES ('b76541dc-a9be-43cb-aa78-31ff39eb6496', N'Nguyễn Thị Mỹ Lệ', NULL, '1990-06-12', '215093443', 1990);
INSERT INTO [HoTroCovid].[dbo].[CaNhan_DoanhNghiep] (ID, IDDoanhNghiep, IDCaNhan, IDDoiTuong, NgheNghiep, DaTra50) VALUES ('d2dd0117-c3cf-49f0-9bc9-03d6a312d264', 'e49841c9-785e-405e-9bf6-c9e9638c10e4', 'b76541dc-a9be-43cb-aa78-31ff39eb6496', NULL, N'CNCBHSĐL', null);
INSERT INTO [HoTroCovid].[dbo].[ThongTinHoTro] (ID, IDNoiDung, IDDoiTuong, IDCaNhan) VALUES ('b30243d2-65e8-45ae-830a-90819b569312', 1, NULL, 'b76541dc-a9be-43cb-aa78-31ff39eb6496');
INSERT INTO [HoTroCovid].[dbo].[HoSo] (ID, IDCaNhan, IDNoiDungHoTro, IDDoiTuong, SoThang, SoTien, ThanhTien, IDThongTinHoTro, DaChi, NguoiTao) VALUES ('70af9036-c895-4756-b232-72dd5b681a84', 'b76541dc-a9be-43cb-aa78-31ff39eb6496', 1, NULL, 3, 1800000, 5400000, 'b30243d2-65e8-45ae-830a-90819b569312', 0, 'solaodong');
INSERT INTO [HoTroCovid].[dbo].[CaNhan] (ID, HoTen, GioiTinh, NgaySinh, CMND, SinhNam) VALUES ('55999389-9607-49e8-b791-cc73d8b3e315', N'Trần Văn Khoa', 1, '1995-10-28', '215376534', 1995);
INSERT INTO [HoTroCovid].[dbo].[CaNhan_DoanhNghiep] (ID, IDDoanhNghiep, IDCaNhan, IDDoiTuong, NgheNghiep, DaTra50) VALUES ('6a4ffd75-d9f6-49eb-a586-78094e85f43c', 'e49841c9-785e-405e-9bf6-c9e9638c10e4', '55999389-9607-49e8-b791-cc73d8b3e315', NULL, N'CNCBHSĐL', null);
INSERT INTO [HoTroCovid].[dbo].[ThongTinHoTro] (ID, IDNoiDung, IDDoiTuong, IDCaNhan) VALUES ('4fa4d9db-b81a-43ec-90c0-d3cf1f9fcec6', 1, NULL, '55999389-9607-49e8-b791-cc73d8b3e315');
INSERT INTO [HoTroCovid].[dbo].[HoSo] (ID, IDCaNhan, IDNoiDungHoTro, IDDoiTuong, SoThang, SoTien, ThanhTien, IDThongTinHoTro, DaChi, NguoiTao) VALUES ('3b943942-b48f-458a-933c-a66994b31eb6', '55999389-9607-49e8-b791-cc73d8b3e315', 1, NULL, 3, 1800000, 5400000, '4fa4d9db-b81a-43ec-90c0-d3cf1f9fcec6', 0, 'solaodong');
INSERT INTO [HoTroCovid].[dbo].[CaNhan] (ID, HoTen, GioiTinh, NgaySinh, CMND, SinhNam) VALUES ('d24f1108-b807-4f53-8b10-1a24a247c698', N'Hà Đức Nam', 1, '2001-02-01', '215557024', 2001);
INSERT INTO [HoTroCovid].[dbo].[CaNhan_DoanhNghiep] (ID, IDDoanhNghiep, IDCaNhan, IDDoiTuong, NgheNghiep, DaTra50) VALUES ('a5047d24-e65f-4dc4-892a-342b028667d9', 'e49841c9-785e-405e-9bf6-c9e9638c10e4', 'd24f1108-b807-4f53-8b10-1a24a247c698', NULL, N'CNCBHSĐL', null);
INSERT INTO [HoTroCovid].[dbo].[ThongTinHoTro] (ID, IDNoiDung, IDDoiTuong, IDCaNhan) VALUES ('7d0d5d61-6bb2-483c-ab72-519b97479099', 1, NULL, 'd24f1108-b807-4f53-8b10-1a24a247c698');
INSERT INTO [HoTroCovid].[dbo].[HoSo] (ID, IDCaNhan, IDNoiDungHoTro, IDDoiTuong, SoThang, SoTien, ThanhTien, IDThongTinHoTro, DaChi, NguoiTao) VALUES ('71247b8c-2829-4949-8219-71e1d9b2e155', 'd24f1108-b807-4f53-8b10-1a24a247c698', 1, NULL, 3, 1800000, 5400000, '7d0d5d61-6bb2-483c-ab72-519b97479099', 0, 'solaodong');
INSERT INTO [HoTroCovid].[dbo].[CaNhan] (ID, HoTen, GioiTinh, NgaySinh, CMND, SinhNam) VALUES ('3b4c97dd-2248-4f92-8ca4-406965ddec79', N'Phạm Thị Nương', NULL, '1981-06-16', '211706869', 1981);
INSERT INTO [HoTroCovid].[dbo].[CaNhan_DoanhNghiep] (ID, IDDoanhNghiep, IDCaNhan, IDDoiTuong, NgheNghiep, DaTra50) VALUES ('d6b5836b-ea6d-43ac-a518-6cd8b48ebe8e', 'e49841c9-785e-405e-9bf6-c9e9638c10e4', '3b4c97dd-2248-4f92-8ca4-406965ddec79', NULL, N'CNCBHSĐL', null);
INSERT INTO [HoTroCovid].[dbo].[ThongTinHoTro] (ID, IDNoiDung, IDDoiTuong, IDCaNhan) VALUES ('466fe9df-eac0-4a12-a636-a1470b4a45b8', 1, NULL, '3b4c97dd-2248-4f92-8ca4-406965ddec79');
INSERT INTO [HoTroCovid].[dbo].[HoSo] (ID, IDCaNhan, IDNoiDungHoTro, IDDoiTuong, SoThang, SoTien, ThanhTien, IDThongTinHoTro, DaChi, NguoiTao) VALUES ('3cceef3b-ab15-4a6b-987c-d366a61c0f81', '3b4c97dd-2248-4f92-8ca4-406965ddec79', 1, NULL, 3, 1800000, 5400000, '466fe9df-eac0-4a12-a636-a1470b4a45b8', 0, 'solaodong');
INSERT INTO [HoTroCovid].[dbo].[CaNhan] (ID, HoTen, GioiTinh, NgaySinh, CMND, SinhNam) VALUES ('9cb5f914-6c02-46b3-88ca-4872f5f3aab0', N'Phan Xuân Huy', 1, '1995-07-28', '215304451', 1995);
INSERT INTO [HoTroCovid].[dbo].[CaNhan_DoanhNghiep] (ID, IDDoanhNghiep, IDCaNhan, IDDoiTuong, NgheNghiep, DaTra50) VALUES ('28b42fa6-859e-47de-a958-158b64ed4606', 'e49841c9-785e-405e-9bf6-c9e9638c10e4', '9cb5f914-6c02-46b3-88ca-4872f5f3aab0', NULL, N'CNCBHSĐL', null);
INSERT INTO [HoTroCovid].[dbo].[ThongTinHoTro] (ID, IDNoiDung, IDDoiTuong, IDCaNhan) VALUES ('efd7fb1f-ee80-4dad-a6fc-78fa4e807c68', 1, NULL, '9cb5f914-6c02-46b3-88ca-4872f5f3aab0');
INSERT INTO [HoTroCovid].[dbo].[HoSo] (ID, IDCaNhan, IDNoiDungHoTro, IDDoiTuong, SoThang, SoTien, ThanhTien, IDThongTinHoTro, DaChi, NguoiTao) VALUES ('d014d771-6727-4131-914d-294746acd485', '9cb5f914-6c02-46b3-88ca-4872f5f3aab0', 1, NULL, 3, 1800000, 5400000, 'efd7fb1f-ee80-4dad-a6fc-78fa4e807c68', 0, 'solaodong');
INSERT INTO [HoTroCovid].[dbo].[CaNhan] (ID, HoTen, GioiTinh, NgaySinh, CMND, SinhNam) VALUES ('b53ae76e-e5a5-4a72-a8a1-9c049fb8f7dc', N'Võ Văn Tuấn', 1, '1992-11-16', '215353354', 1992);
INSERT INTO [HoTroCovid].[dbo].[CaNhan_DoanhNghiep] (ID, IDDoanhNghiep, IDCaNhan, IDDoiTuong, NgheNghiep, DaTra50) VALUES ('9fd8b904-15a7-4529-bfc8-b7c09a57d527', 'e49841c9-785e-405e-9bf6-c9e9638c10e4', 'b53ae76e-e5a5-4a72-a8a1-9c049fb8f7dc', NULL, N'CN kho lạnh', null);
INSERT INTO [HoTroCovid].[dbo].[ThongTinHoTro] (ID, IDNoiDung, IDDoiTuong, IDCaNhan) VALUES ('dba00d09-f26d-402a-bfdb-2a7b8c49defc', 1, NULL, 'b53ae76e-e5a5-4a72-a8a1-9c049fb8f7dc');
INSERT INTO [HoTroCovid].[dbo].[HoSo] (ID, IDCaNhan, IDNoiDungHoTro, IDDoiTuong, SoThang, SoTien, ThanhTien, IDThongTinHoTro, DaChi, NguoiTao) VALUES ('28fc8453-8595-470a-b6de-8d3fd87363af', 'b53ae76e-e5a5-4a72-a8a1-9c049fb8f7dc', 1, NULL, 3, 1800000, 5400000, 'dba00d09-f26d-402a-bfdb-2a7b8c49defc', 0, 'solaodong');
INSERT INTO [HoTroCovid].[dbo].[CaNhan] (ID, HoTen, GioiTinh, NgaySinh, CMND, SinhNam) VALUES ('fd70f601-37ef-4ff0-b2d0-23f5e9ba8974', N'Nguyễn Phan Kỳ Dũ', 1, '1999-07-12', '215447567', 1999);
INSERT INTO [HoTroCovid].[dbo].[CaNhan_DoanhNghiep] (ID, IDDoanhNghiep, IDCaNhan, IDDoiTuong, NgheNghiep, DaTra50) VALUES ('ba988d76-0b6d-4bb1-afa7-4693390b4f1d', 'e49841c9-785e-405e-9bf6-c9e9638c10e4', 'fd70f601-37ef-4ff0-b2d0-23f5e9ba8974', NULL, N'CNCBHSĐL', null);
INSERT INTO [HoTroCovid].[dbo].[ThongTinHoTro] (ID, IDNoiDung, IDDoiTuong, IDCaNhan) VALUES ('6ca98ebc-8419-4474-ae3c-ac1ac0443161', 1, NULL, 'fd70f601-37ef-4ff0-b2d0-23f5e9ba8974');
INSERT INTO [HoTroCovid].[dbo].[HoSo] (ID, IDCaNhan, IDNoiDungHoTro, IDDoiTuong, SoThang, SoTien, ThanhTien, IDThongTinHoTro, DaChi, NguoiTao) VALUES ('d005648e-f806-4a58-a1be-fc8c0861d284', 'fd70f601-37ef-4ff0-b2d0-23f5e9ba8974', 1, NULL, 3, 1800000, 5400000, '6ca98ebc-8419-4474-ae3c-ac1ac0443161', 0, 'solaodong');
INSERT INTO [HoTroCovid].[dbo].[CaNhan] (ID, HoTen, GioiTinh, NgaySinh, CMND, SinhNam) VALUES ('157e0e6e-29b0-4238-8643-54fb661fdd07', N'Đỗ Anh Vũ', 1, '1992-05-19', '215185509', 1992);
INSERT INTO [HoTroCovid].[dbo].[CaNhan_DoanhNghiep] (ID, IDDoanhNghiep, IDCaNhan, IDDoiTuong, NgheNghiep, DaTra50) VALUES ('57a2adb8-b200-4921-ae61-27ff3456f022', 'e49841c9-785e-405e-9bf6-c9e9638c10e4', '157e0e6e-29b0-4238-8643-54fb661fdd07', NULL, N'Tổ trưởng CB3', null);
INSERT INTO [HoTroCovid].[dbo].[ThongTinHoTro] (ID, IDNoiDung, IDDoiTuong, IDCaNhan) VALUES ('b62fa46d-ca56-44f5-b835-9f4f51dc06c6', 1, NULL, '157e0e6e-29b0-4238-8643-54fb661fdd07');
INSERT INTO [HoTroCovid].[dbo].[HoSo] (ID, IDCaNhan, IDNoiDungHoTro, IDDoiTuong, SoThang, SoTien, ThanhTien, IDThongTinHoTro, DaChi, NguoiTao) VALUES ('680600de-2481-411a-9a21-6f65cbb4f99a', '157e0e6e-29b0-4238-8643-54fb661fdd07', 1, NULL, 3, 1800000, 5400000, 'b62fa46d-ca56-44f5-b835-9f4f51dc06c6', 0, 'solaodong');
INSERT INTO [HoTroCovid].[dbo].[CaNhan] (ID, HoTen, GioiTinh, NgaySinh, CMND, SinhNam) VALUES ('bf17a65d-c24e-4aba-9f05-fe493d2e1c82', N'Nguyễn Thị Thanh Huyền', NULL, '1982-02-07', '211797971', 1982);
INSERT INTO [HoTroCovid].[dbo].[CaNhan_DoanhNghiep] (ID, IDDoanhNghiep, IDCaNhan, IDDoiTuong, NgheNghiep, DaTra50) VALUES ('4f4469ad-b938-4fcd-8442-3b0322e7e27e', 'e49841c9-785e-405e-9bf6-c9e9638c10e4', 'bf17a65d-c24e-4aba-9f05-fe493d2e1c82', NULL, N'CNCBHSĐL', null);
INSERT INTO [HoTroCovid].[dbo].[ThongTinHoTro] (ID, IDNoiDung, IDDoiTuong, IDCaNhan) VALUES ('22f669f7-f5aa-4174-8674-0d80b498a275', 1, NULL, 'bf17a65d-c24e-4aba-9f05-fe493d2e1c82');
INSERT INTO [HoTroCovid].[dbo].[HoSo] (ID, IDCaNhan, IDNoiDungHoTro, IDDoiTuong, SoThang, SoTien, ThanhTien, IDThongTinHoTro, DaChi, NguoiTao) VALUES ('d5c9dc89-4a8e-4ac8-a1a9-2f1019b99d9a', 'bf17a65d-c24e-4aba-9f05-fe493d2e1c82', 1, NULL, 3, 1800000, 5400000, '22f669f7-f5aa-4174-8674-0d80b498a275', 0, 'solaodong');
INSERT INTO [HoTroCovid].[dbo].[CaNhan] (ID, HoTen, GioiTinh, NgaySinh, CMND, SinhNam) VALUES ('4c4297cf-d1c7-4324-aac5-4ceb73885507', N'Phan Thanh Nhàn', 1, '1990-01-12', '215142036', 1990);
INSERT INTO [HoTroCovid].[dbo].[CaNhan_DoanhNghiep] (ID, IDDoanhNghiep, IDCaNhan, IDDoiTuong, NgheNghiep, DaTra50) VALUES ('bf41234a-e77c-43a7-b592-3bd2e39bbcbb', 'e49841c9-785e-405e-9bf6-c9e9638c10e4', '4c4297cf-d1c7-4324-aac5-4ceb73885507', NULL, N'CNCBHSĐL', null);
INSERT INTO [HoTroCovid].[dbo].[ThongTinHoTro] (ID, IDNoiDung, IDDoiTuong, IDCaNhan) VALUES ('7da14603-b860-491e-8622-9cb3798f62f4', 1, NULL, '4c4297cf-d1c7-4324-aac5-4ceb73885507');
INSERT INTO [HoTroCovid].[dbo].[HoSo] (ID, IDCaNhan, IDNoiDungHoTro, IDDoiTuong, SoThang, SoTien, ThanhTien, IDThongTinHoTro, DaChi, NguoiTao) VALUES ('65ee1f47-dd76-4e3d-a91e-992a88ad1b84', '4c4297cf-d1c7-4324-aac5-4ceb73885507', 1, NULL, 3, 1800000, 5400000, '7da14603-b860-491e-8622-9cb3798f62f4', 0, 'solaodong');
INSERT INTO [HoTroCovid].[dbo].[CaNhan] (ID, HoTen, GioiTinh, NgaySinh, CMND, SinhNam) VALUES ('f1ce86a9-fe7b-4e6e-b185-c73c01fa7372', N'Nguyễn Đình Dự', 1, '1984-03-14', '211741722', 1984);
INSERT INTO [HoTroCovid].[dbo].[CaNhan_DoanhNghiep] (ID, IDDoanhNghiep, IDCaNhan, IDDoiTuong, NgheNghiep, DaTra50) VALUES ('0995bcaf-0362-45e1-ab11-269fba079730', 'e49841c9-785e-405e-9bf6-c9e9638c10e4', 'f1ce86a9-fe7b-4e6e-b185-c73c01fa7372', NULL, N'CNCBHSĐL', null);
INSERT INTO [HoTroCovid].[dbo].[ThongTinHoTro] (ID, IDNoiDung, IDDoiTuong, IDCaNhan) VALUES ('ad1825e8-80d0-4b35-b4ae-f3ece1de8901', 1, NULL, 'f1ce86a9-fe7b-4e6e-b185-c73c01fa7372');
INSERT INTO [HoTroCovid].[dbo].[HoSo] (ID, IDCaNhan, IDNoiDungHoTro, IDDoiTuong, SoThang, SoTien, ThanhTien, IDThongTinHoTro, DaChi, NguoiTao) VALUES ('953298cc-bccc-49da-b208-a5af49004d7a', 'f1ce86a9-fe7b-4e6e-b185-c73c01fa7372', 1, NULL, 3, 1800000, 5400000, 'ad1825e8-80d0-4b35-b4ae-f3ece1de8901', 0, 'solaodong');
INSERT INTO [HoTroCovid].[dbo].[CaNhan] (ID, HoTen, GioiTinh, NgaySinh, CMND, SinhNam) VALUES ('27361ceb-ee5a-439c-8adc-bf74e8d84ee9', N'Lê Thị Cẩm Phú', NULL, '1977-10-28', '211616335', 1977);
INSERT INTO [HoTroCovid].[dbo].[CaNhan_DoanhNghiep] (ID, IDDoanhNghiep, IDCaNhan, IDDoiTuong, NgheNghiep, DaTra50) VALUES ('0cf848ab-acc1-4978-a3eb-56ed868d700f', 'e49841c9-785e-405e-9bf6-c9e9638c10e4', '27361ceb-ee5a-439c-8adc-bf74e8d84ee9', NULL, N'CN vệ sinh CN', null);
INSERT INTO [HoTroCovid].[dbo].[ThongTinHoTro] (ID, IDNoiDung, IDDoiTuong, IDCaNhan) VALUES ('fdd214f6-5400-4f9d-9fe8-f9c30980b978', 1, NULL, '27361ceb-ee5a-439c-8adc-bf74e8d84ee9');
INSERT INTO [HoTroCovid].[dbo].[HoSo] (ID, IDCaNhan, IDNoiDungHoTro, IDDoiTuong, SoThang, SoTien, ThanhTien, IDThongTinHoTro, DaChi, NguoiTao) VALUES ('89b43f65-06ec-477f-8706-f6408acbf7c3', '27361ceb-ee5a-439c-8adc-bf74e8d84ee9', 1, NULL, 3, 1800000, 5400000, 'fdd214f6-5400-4f9d-9fe8-f9c30980b978', 0, 'solaodong');
INSERT INTO [HoTroCovid].[dbo].[CaNhan] (ID, HoTen, GioiTinh, NgaySinh, CMND, SinhNam) VALUES ('8d353355-9b53-4884-af94-2e6f6e9d7dfa', N'Nguyễn Thị Hồng Âu', NULL, '1992-09-16', '215194476', 1992);
INSERT INTO [HoTroCovid].[dbo].[CaNhan_DoanhNghiep] (ID, IDDoanhNghiep, IDCaNhan, IDDoiTuong, NgheNghiep, DaTra50) VALUES ('8c0c9567-ddfd-4b6a-bd30-64236f63030f', 'e49841c9-785e-405e-9bf6-c9e9638c10e4', '8d353355-9b53-4884-af94-2e6f6e9d7dfa', NULL, N'CNCBHSĐL', null);
INSERT INTO [HoTroCovid].[dbo].[ThongTinHoTro] (ID, IDNoiDung, IDDoiTuong, IDCaNhan) VALUES ('d248f547-0c75-4696-8cc4-9b80b4db82e8', 1, NULL, '8d353355-9b53-4884-af94-2e6f6e9d7dfa');
INSERT INTO [HoTroCovid].[dbo].[HoSo] (ID, IDCaNhan, IDNoiDungHoTro, IDDoiTuong, SoThang, SoTien, ThanhTien, IDThongTinHoTro, DaChi, NguoiTao) VALUES ('f6db5e09-c561-4a39-b4c7-1815796cebcf', '8d353355-9b53-4884-af94-2e6f6e9d7dfa', 1, NULL, 3, 1800000, 5400000, 'd248f547-0c75-4696-8cc4-9b80b4db82e8', 0, 'solaodong');
INSERT INTO [HoTroCovid].[dbo].[CaNhan] (ID, HoTen, GioiTinh, NgaySinh, CMND, SinhNam) VALUES ('95ab20ef-7e16-4374-b0f7-9e8523b6cee5', N'Võ Thị Thúy Xam', NULL, '2001-06-14', '231109360', 2001);
INSERT INTO [HoTroCovid].[dbo].[CaNhan_DoanhNghiep] (ID, IDDoanhNghiep, IDCaNhan, IDDoiTuong, NgheNghiep, DaTra50) VALUES ('22b3915c-7f71-446f-94c6-f0d2dfa2bf8a', 'e49841c9-785e-405e-9bf6-c9e9638c10e4', '95ab20ef-7e16-4374-b0f7-9e8523b6cee5', NULL, N'CNCBHSĐL', null);
INSERT INTO [HoTroCovid].[dbo].[ThongTinHoTro] (ID, IDNoiDung, IDDoiTuong, IDCaNhan) VALUES ('2048b2af-58cb-40c8-aa7f-af4b1d644a59', 1, NULL, '95ab20ef-7e16-4374-b0f7-9e8523b6cee5');
INSERT INTO [HoTroCovid].[dbo].[HoSo] (ID, IDCaNhan, IDNoiDungHoTro, IDDoiTuong, SoThang, SoTien, ThanhTien, IDThongTinHoTro, DaChi, NguoiTao) VALUES ('d0b21c6e-8976-4ca5-aeab-6aed092c5ac7', '95ab20ef-7e16-4374-b0f7-9e8523b6cee5', 1, NULL, 3, 1800000, 5400000, '2048b2af-58cb-40c8-aa7f-af4b1d644a59', 0, 'solaodong');
INSERT INTO [HoTroCovid].[dbo].[CaNhan] (ID, HoTen, GioiTinh, NgaySinh, CMND, SinhNam) VALUES ('0578b3e9-b3e5-46bd-a2ca-e8d9ac59099a', N'Nguyễn Thị Mỹ Lệ', NULL, '1993-05-12', '215267329', 1993);
INSERT INTO [HoTroCovid].[dbo].[CaNhan_DoanhNghiep] (ID, IDDoanhNghiep, IDCaNhan, IDDoiTuong, NgheNghiep, DaTra50) VALUES ('eaf89cf5-5554-4cd0-b5a3-05485b0e8156', 'e49841c9-785e-405e-9bf6-c9e9638c10e4', '0578b3e9-b3e5-46bd-a2ca-e8d9ac59099a', NULL, N'CNCBHSĐL', null);
INSERT INTO [HoTroCovid].[dbo].[ThongTinHoTro] (ID, IDNoiDung, IDDoiTuong, IDCaNhan) VALUES ('ad1db31e-441d-4528-9edd-0422130ae6bc', 1, NULL, '0578b3e9-b3e5-46bd-a2ca-e8d9ac59099a');
INSERT INTO [HoTroCovid].[dbo].[HoSo] (ID, IDCaNhan, IDNoiDungHoTro, IDDoiTuong, SoThang, SoTien, ThanhTien, IDThongTinHoTro, DaChi, NguoiTao) VALUES ('9c7d678c-d4b7-4fc6-a2d0-6ba9cfec7c57', '0578b3e9-b3e5-46bd-a2ca-e8d9ac59099a', 1, NULL, 3, 1800000, 5400000, 'ad1db31e-441d-4528-9edd-0422130ae6bc', 0, 'solaodong');
INSERT INTO [HoTroCovid].[dbo].[CaNhan] (ID, HoTen, GioiTinh, NgaySinh, CMND, SinhNam) VALUES ('8a957229-fc9f-4183-ad5f-0540e14b1fa4', N'Ngô Thị Phương Bình', NULL, '1992-07-17', '215192211', 1992);
INSERT INTO [HoTroCovid].[dbo].[CaNhan_DoanhNghiep] (ID, IDDoanhNghiep, IDCaNhan, IDDoiTuong, NgheNghiep, DaTra50) VALUES ('686a6efc-6cb2-4efc-90b9-113f0c35c677', 'e49841c9-785e-405e-9bf6-c9e9638c10e4', '8a957229-fc9f-4183-ad5f-0540e14b1fa4', NULL, N'CNCBHSĐL', null);
INSERT INTO [HoTroCovid].[dbo].[ThongTinHoTro] (ID, IDNoiDung, IDDoiTuong, IDCaNhan) VALUES ('9991dab2-b4d5-4e81-9c42-4ea676dbefcf', 1, NULL, '8a957229-fc9f-4183-ad5f-0540e14b1fa4');
INSERT INTO [HoTroCovid].[dbo].[HoSo] (ID, IDCaNhan, IDNoiDungHoTro, IDDoiTuong, SoThang, SoTien, ThanhTien, IDThongTinHoTro, DaChi, NguoiTao) VALUES ('780e8380-268d-4a8a-89bf-3a02cbec613a', '8a957229-fc9f-4183-ad5f-0540e14b1fa4', 1, NULL, 3, 1800000, 5400000, '9991dab2-b4d5-4e81-9c42-4ea676dbefcf', 0, 'solaodong');
INSERT INTO [HoTroCovid].[dbo].[CaNhan] (ID, HoTen, GioiTinh, NgaySinh, CMND, SinhNam) VALUES ('151636f6-f3d0-480f-a838-9cd9d1bb15a8', N'Nguyễn Thị Mận', NULL, '1984-08-15', '211884341', 1984);
INSERT INTO [HoTroCovid].[dbo].[CaNhan_DoanhNghiep] (ID, IDDoanhNghiep, IDCaNhan, IDDoiTuong, NgheNghiep, DaTra50) VALUES ('36984784-8b56-414f-bf2b-28d3f7f23efd', '8f68b99e-5018-4e4c-9fdb-8acedd7189fa', '151636f6-f3d0-480f-a838-9cd9d1bb15a8', NULL, N'Nhân viên phụ bếp', false);
INSERT INTO [HoTroCovid].[dbo].[ThongTinHoTro] (ID, IDNoiDung, IDDoiTuong, IDCaNhan) VALUES ('9936b512-da5e-404f-bdd1-5d3d598eadfc', 1, NULL, '151636f6-f3d0-480f-a838-9cd9d1bb15a8');
INSERT INTO [HoTroCovid].[dbo].[HoSo] (ID, IDCaNhan, IDNoiDungHoTro, IDDoiTuong, SoThang, SoTien, ThanhTien, IDThongTinHoTro, DaChi, NguoiTao) VALUES ('6bc229d1-18b6-4d85-b72a-6e912b8024e7', '151636f6-f3d0-480f-a838-9cd9d1bb15a8', 1, NULL, 3, 1800000, 5400000, '9936b512-da5e-404f-bdd1-5d3d598eadfc', 0, 'solaodong');
INSERT INTO [HoTroCovid].[dbo].[CaNhan] (ID, HoTen, GioiTinh, NgaySinh, CMND, SinhNam) VALUES ('a83dcd50-667c-499a-8990-89af87a81cf2', N'Nguyễn Thị Diễm Hằng', NULL, '1989-11-25', '25090986', 1989);
INSERT INTO [HoTroCovid].[dbo].[CaNhan_DoanhNghiep] (ID, IDDoanhNghiep, IDCaNhan, IDDoiTuong, NgheNghiep, DaTra50) VALUES ('14e280a9-4e5d-4d24-9f79-5678c0250ff0', '8f68b99e-5018-4e4c-9fdb-8acedd7189fa', 'a83dcd50-667c-499a-8990-89af87a81cf2', NULL, N'Thư ký Bếp', null);
INSERT INTO [HoTroCovid].[dbo].[ThongTinHoTro] (ID, IDNoiDung, IDDoiTuong, IDCaNhan) VALUES ('78b135d4-7577-40ff-9748-8a1634b5024e', 1, NULL, 'a83dcd50-667c-499a-8990-89af87a81cf2');
INSERT INTO [HoTroCovid].[dbo].[HoSo] (ID, IDCaNhan, IDNoiDungHoTro, IDDoiTuong, SoThang, SoTien, ThanhTien, IDThongTinHoTro, DaChi, NguoiTao) VALUES ('bf3d63de-d7e9-4155-9976-bac214159918', 'a83dcd50-667c-499a-8990-89af87a81cf2', 1, NULL, 3, 1800000, 5400000, '78b135d4-7577-40ff-9748-8a1634b5024e', 0, 'solaodong');
INSERT INTO [HoTroCovid].[dbo].[CaNhan] (ID, HoTen, GioiTinh, NgaySinh, CMND, SinhNam) VALUES ('ade70f0b-24f8-4ab0-8d55-bc7c639d7a33', N'Võ Văn Viên', 1, '1988-01-15', '215127488', 1988);
INSERT INTO [HoTroCovid].[dbo].[CaNhan_DoanhNghiep] (ID, IDDoanhNghiep, IDCaNhan, IDDoiTuong, NgheNghiep, DaTra50) VALUES ('65cf087f-4957-4f63-813c-9da85184818a', '8f68b99e-5018-4e4c-9fdb-8acedd7189fa', 'ade70f0b-24f8-4ab0-8d55-bc7c639d7a33', NULL, N'Giám sát Bar', false);
INSERT INTO [HoTroCovid].[dbo].[ThongTinHoTro] (ID, IDNoiDung, IDDoiTuong, IDCaNhan) VALUES ('50f27e59-4105-4a10-ab4c-45d1dc7228dd', 1, NULL, 'ade70f0b-24f8-4ab0-8d55-bc7c639d7a33');
INSERT INTO [HoTroCovid].[dbo].[HoSo] (ID, IDCaNhan, IDNoiDungHoTro, IDDoiTuong, SoThang, SoTien, ThanhTien, IDThongTinHoTro, DaChi, NguoiTao) VALUES ('cfdff7c1-01a9-4570-975b-72d94e730fed', 'ade70f0b-24f8-4ab0-8d55-bc7c639d7a33', 1, NULL, 3, 1800000, 5400000, '50f27e59-4105-4a10-ab4c-45d1dc7228dd', 0, 'solaodong');
INSERT INTO [HoTroCovid].[dbo].[CaNhan] (ID, HoTen, GioiTinh, NgaySinh, CMND, SinhNam) VALUES ('75b32b09-0ab3-4a78-a167-85b4e4a660af', N'Trần Hoàng Hảo', 1, '1994-07-04', '215284380', 1994);
INSERT INTO [HoTroCovid].[dbo].[CaNhan_DoanhNghiep] (ID, IDDoanhNghiep, IDCaNhan, IDDoiTuong, NgheNghiep, DaTra50) VALUES ('4aa6b8ac-e286-467b-86cf-9be2ee6d98a5', '8f68b99e-5018-4e4c-9fdb-8acedd7189fa', '75b32b09-0ab3-4a78-a167-85b4e4a660af', NULL, N'Nhân viên phục vụ', false);
INSERT INTO [HoTroCovid].[dbo].[ThongTinHoTro] (ID, IDNoiDung, IDDoiTuong, IDCaNhan) VALUES ('634b7f71-2e4d-4462-9261-815188da0d5f', 1, NULL, '75b32b09-0ab3-4a78-a167-85b4e4a660af');
INSERT INTO [HoTroCovid].[dbo].[HoSo] (ID, IDCaNhan, IDNoiDungHoTro, IDDoiTuong, SoThang, SoTien, ThanhTien, IDThongTinHoTro, DaChi, NguoiTao) VALUES ('009711e3-84b6-4206-bed4-858dc71ff19f', '75b32b09-0ab3-4a78-a167-85b4e4a660af', 1, NULL, 3, 1800000, 5400000, '634b7f71-2e4d-4462-9261-815188da0d5f', 0, 'solaodong');
INSERT INTO [HoTroCovid].[dbo].[CaNhan] (ID, HoTen, GioiTinh, NgaySinh, CMND, SinhNam) VALUES ('f765604d-486c-48cd-9438-8bb95e04bab5', N'Nguyễn Thị Phương Thảo', NULL, '1996-05-28', '215568418', 1996);
INSERT INTO [HoTroCovid].[dbo].[CaNhan_DoanhNghiep] (ID, IDDoanhNghiep, IDCaNhan, IDDoiTuong, NgheNghiep, DaTra50) VALUES ('0c589d89-7ef1-4fe0-9746-2abd33e9bedd', '8f68b99e-5018-4e4c-9fdb-8acedd7189fa', 'f765604d-486c-48cd-9438-8bb95e04bab5', NULL, N'Nhân viên phục vụ', false);
INSERT INTO [HoTroCovid].[dbo].[ThongTinHoTro] (ID, IDNoiDung, IDDoiTuong, IDCaNhan) VALUES ('b9c38ea0-b9ff-43cb-8145-85f2e94fb856', 1, NULL, 'f765604d-486c-48cd-9438-8bb95e04bab5');
INSERT INTO [HoTroCovid].[dbo].[HoSo] (ID, IDCaNhan, IDNoiDungHoTro, IDDoiTuong, SoThang, SoTien, ThanhTien, IDThongTinHoTro, DaChi, NguoiTao) VALUES ('d0ac0052-6d4a-437f-9b5d-b35e3fde0cfd', 'f765604d-486c-48cd-9438-8bb95e04bab5', 1, NULL, 3, 1800000, 5400000, 'b9c38ea0-b9ff-43cb-8145-85f2e94fb856', 0, 'solaodong');
INSERT INTO [HoTroCovid].[dbo].[CaNhan] (ID, HoTen, GioiTinh, NgaySinh, CMND, SinhNam) VALUES ('6511f078-8b28-4267-b54a-31e2cad113a9', N'Nguyễn Thị Hoa Sim', NULL, '1988-12-18', '215075852', 1988);
INSERT INTO [HoTroCovid].[dbo].[CaNhan_DoanhNghiep] (ID, IDDoanhNghiep, IDCaNhan, IDDoiTuong, NgheNghiep, DaTra50) VALUES ('21754b34-06b6-43f1-a1db-6ce4dce5054f', '8f68b99e-5018-4e4c-9fdb-8acedd7189fa', '6511f078-8b28-4267-b54a-31e2cad113a9', NULL, N'Nhân viên mua hàng', false);
INSERT INTO [HoTroCovid].[dbo].[ThongTinHoTro] (ID, IDNoiDung, IDDoiTuong, IDCaNhan) VALUES ('71004452-1d2a-4bbc-9a03-4789f6de57f2', 1, NULL, '6511f078-8b28-4267-b54a-31e2cad113a9');
INSERT INTO [HoTroCovid].[dbo].[HoSo] (ID, IDCaNhan, IDNoiDungHoTro, IDDoiTuong, SoThang, SoTien, ThanhTien, IDThongTinHoTro, DaChi, NguoiTao) VALUES ('5f48a0ff-d861-4b2d-8181-8eef0411f6e9', '6511f078-8b28-4267-b54a-31e2cad113a9', 1, NULL, 3, 1800000, 5400000, '71004452-1d2a-4bbc-9a03-4789f6de57f2', 0, 'solaodong');
INSERT INTO [HoTroCovid].[dbo].[CaNhan] (ID, HoTen, GioiTinh, NgaySinh, CMND, SinhNam) VALUES ('a6cca993-1c53-4205-abcd-dd944ddd20b1', N'Nguyễn Trà Hy', 1, '1989-10-10', '215137277', 1989);
INSERT INTO [HoTroCovid].[dbo].[CaNhan_DoanhNghiep] (ID, IDDoanhNghiep, IDCaNhan, IDDoiTuong, NgheNghiep, DaTra50) VALUES ('b8e457a8-e4fb-474f-b570-4471806f3823', '8f68b99e-5018-4e4c-9fdb-8acedd7189fa', 'a6cca993-1c53-4205-abcd-dd944ddd20b1', NULL, N'Giám sát tiệc', false);
INSERT INTO [HoTroCovid].[dbo].[ThongTinHoTro] (ID, IDNoiDung, IDDoiTuong, IDCaNhan) VALUES ('e90011bf-3525-4bc6-b9db-5e727d5378c7', 1, NULL, 'a6cca993-1c53-4205-abcd-dd944ddd20b1');
INSERT INTO [HoTroCovid].[dbo].[HoSo] (ID, IDCaNhan, IDNoiDungHoTro, IDDoiTuong, SoThang, SoTien, ThanhTien, IDThongTinHoTro, DaChi, NguoiTao) VALUES ('30f91986-82b5-4534-9093-ee7454991f52', 'a6cca993-1c53-4205-abcd-dd944ddd20b1', 1, NULL, 3, 1800000, 5400000, 'e90011bf-3525-4bc6-b9db-5e727d5378c7', 0, 'solaodong');
INSERT INTO [HoTroCovid].[dbo].[CaNhan] (ID, HoTen, GioiTinh, NgaySinh, CMND, SinhNam) VALUES ('16dc9d30-9203-4179-aae9-ea6426c0c0da', N'Phạm Văn Quí', 1, '1991-02-28', '215276871', 1991);
INSERT INTO [HoTroCovid].[dbo].[CaNhan_DoanhNghiep] (ID, IDDoanhNghiep, IDCaNhan, IDDoiTuong, NgheNghiep, DaTra50) VALUES ('500133de-0eea-44c5-b5ab-ee797996f75f', '8f68b99e-5018-4e4c-9fdb-8acedd7189fa', '16dc9d30-9203-4179-aae9-ea6426c0c0da', NULL, N'Nhân viên phụ bếp', false);
INSERT INTO [HoTroCovid].[dbo].[ThongTinHoTro] (ID, IDNoiDung, IDDoiTuong, IDCaNhan) VALUES ('ea247eab-eb75-4338-9ecc-c5d8f932d935', 1, NULL, '16dc9d30-9203-4179-aae9-ea6426c0c0da');
INSERT INTO [HoTroCovid].[dbo].[HoSo] (ID, IDCaNhan, IDNoiDungHoTro, IDDoiTuong, SoThang, SoTien, ThanhTien, IDThongTinHoTro, DaChi, NguoiTao) VALUES ('f4280dd8-f4de-4c4c-bb77-fd554dddca2a', '16dc9d30-9203-4179-aae9-ea6426c0c0da', 1, NULL, 3, 1800000, 5400000, 'ea247eab-eb75-4338-9ecc-c5d8f932d935', 0, 'solaodong');
INSERT INTO [HoTroCovid].[dbo].[CaNhan] (ID, HoTen, GioiTinh, NgaySinh, CMND, SinhNam) VALUES ('6ed7fe49-664e-4bd8-87d5-005b7e2806ce', N'Trương Thị Ngọc Hân', NULL, '1996-11-11', '215333098', 1996);
INSERT INTO [HoTroCovid].[dbo].[CaNhan_DoanhNghiep] (ID, IDDoanhNghiep, IDCaNhan, IDDoiTuong, NgheNghiep, DaTra50) VALUES ('9ad71aa9-8844-4021-9390-c47d2f8331d1', '8f68b99e-5018-4e4c-9fdb-8acedd7189fa', '6ed7fe49-664e-4bd8-87d5-005b7e2806ce', NULL, N'Nhân viên phục vụ', false);
INSERT INTO [HoTroCovid].[dbo].[ThongTinHoTro] (ID, IDNoiDung, IDDoiTuong, IDCaNhan) VALUES ('5b11f979-7f7f-4d02-8212-a2e5f963bb1c', 1, NULL, '6ed7fe49-664e-4bd8-87d5-005b7e2806ce');
INSERT INTO [HoTroCovid].[dbo].[HoSo] (ID, IDCaNhan, IDNoiDungHoTro, IDDoiTuong, SoThang, SoTien, ThanhTien, IDThongTinHoTro, DaChi, NguoiTao) VALUES ('5324a89b-f76e-4648-bdc3-44f552c4f014', '6ed7fe49-664e-4bd8-87d5-005b7e2806ce', 1, NULL, 3, 1800000, 5400000, '5b11f979-7f7f-4d02-8212-a2e5f963bb1c', 0, 'solaodong');
INSERT INTO [HoTroCovid].[dbo].[CaNhan] (ID, HoTen, GioiTinh, NgaySinh, CMND, SinhNam) VALUES ('f07551cb-3a26-4b74-a3e5-49abbeea113f', N'Tạ Hầu Đăng Trung', 1, '1992-01-05', '233175641', 1992);
INSERT INTO [HoTroCovid].[dbo].[CaNhan_DoanhNghiep] (ID, IDDoanhNghiep, IDCaNhan, IDDoiTuong, NgheNghiep, DaTra50) VALUES ('decf4c93-0e17-4d6c-9f1f-248c6b5a60b4', '8f68b99e-5018-4e4c-9fdb-8acedd7189fa', 'f07551cb-3a26-4b74-a3e5-49abbeea113f', NULL, N'Kế toán chi phí', false);
INSERT INTO [HoTroCovid].[dbo].[ThongTinHoTro] (ID, IDNoiDung, IDDoiTuong, IDCaNhan) VALUES ('c32844b5-be5a-4a16-a7d4-58d837fc4803', 1, NULL, 'f07551cb-3a26-4b74-a3e5-49abbeea113f');
INSERT INTO [HoTroCovid].[dbo].[HoSo] (ID, IDCaNhan, IDNoiDungHoTro, IDDoiTuong, SoThang, SoTien, ThanhTien, IDThongTinHoTro, DaChi, NguoiTao) VALUES ('f593c055-d74b-476f-8d24-4a42ff719a24', 'f07551cb-3a26-4b74-a3e5-49abbeea113f', 1, NULL, 3, 1800000, 5400000, 'c32844b5-be5a-4a16-a7d4-58d837fc4803', 0, 'solaodong');
INSERT INTO [HoTroCovid].[dbo].[CaNhan] (ID, HoTen, GioiTinh, NgaySinh, CMND, SinhNam) VALUES ('7c2f976c-e8df-4d8a-a615-703dd5728070', N'Nguyễn Kiều Trinh', NULL, '1997-01-23', '215407939', 1997);
INSERT INTO [HoTroCovid].[dbo].[CaNhan_DoanhNghiep] (ID, IDDoanhNghiep, IDCaNhan, IDDoiTuong, NgheNghiep, DaTra50) VALUES ('c88a55c6-b333-413e-ad76-1227f36f7fbe', '8f68b99e-5018-4e4c-9fdb-8acedd7189fa', '7c2f976c-e8df-4d8a-a615-703dd5728070', NULL, N'Nhân viên phục vụ', false);
INSERT INTO [HoTroCovid].[dbo].[ThongTinHoTro] (ID, IDNoiDung, IDDoiTuong, IDCaNhan) VALUES ('886a193b-6d52-4529-af46-29031e8ff11d', 1, NULL, '7c2f976c-e8df-4d8a-a615-703dd5728070');
INSERT INTO [HoTroCovid].[dbo].[HoSo] (ID, IDCaNhan, IDNoiDungHoTro, IDDoiTuong, SoThang, SoTien, ThanhTien, IDThongTinHoTro, DaChi, NguoiTao) VALUES ('d03ee39c-def3-491c-ae84-ed20f15a13fd', '7c2f976c-e8df-4d8a-a615-703dd5728070', 1, NULL, 3, 1800000, 5400000, '886a193b-6d52-4529-af46-29031e8ff11d', 0, 'solaodong');
INSERT INTO [HoTroCovid].[dbo].[CaNhan] (ID, HoTen, GioiTinh, NgaySinh, CMND, SinhNam) VALUES ('67c2dbb8-f489-4765-818f-1176ed960017', N'Lê Trọng Thuật', 1, '1991-06-09', '173058703', 1991);
INSERT INTO [HoTroCovid].[dbo].[CaNhan_DoanhNghiep] (ID, IDDoanhNghiep, IDCaNhan, IDDoiTuong, NgheNghiep, DaTra50) VALUES ('859e3773-f8f8-47f4-8a7d-e8ddfd9c4eca', '8f68b99e-5018-4e4c-9fdb-8acedd7189fa', '67c2dbb8-f489-4765-818f-1176ed960017', NULL, N'Bếp phó', null);
INSERT INTO [HoTroCovid].[dbo].[ThongTinHoTro] (ID, IDNoiDung, IDDoiTuong, IDCaNhan) VALUES ('ba4ca75a-efe4-4f4f-b408-e931b825d1ba', 1, NULL, '67c2dbb8-f489-4765-818f-1176ed960017');
INSERT INTO [HoTroCovid].[dbo].[HoSo] (ID, IDCaNhan, IDNoiDungHoTro, IDDoiTuong, SoThang, SoTien, ThanhTien, IDThongTinHoTro, DaChi, NguoiTao) VALUES ('2d1eec27-8d95-4a5f-abd9-e88ab47e1ba9', '67c2dbb8-f489-4765-818f-1176ed960017', 1, NULL, 3, 1800000, 5400000, 'ba4ca75a-efe4-4f4f-b408-e931b825d1ba', 0, 'solaodong');
INSERT INTO [HoTroCovid].[dbo].[CaNhan] (ID, HoTen, GioiTinh, NgaySinh, CMND, SinhNam) VALUES ('904e52e9-3826-44bc-8d8d-2d7a302f381c', N'Huỳnh Thị Bích Hảo', NULL, '1984-12-30', '211894445', 1984);
INSERT INTO [HoTroCovid].[dbo].[CaNhan_DoanhNghiep] (ID, IDDoanhNghiep, IDCaNhan, IDDoiTuong, NgheNghiep, DaTra50) VALUES ('c24a8b6d-97dc-4189-8104-aa994b7b3907', '8f68b99e-5018-4e4c-9fdb-8acedd7189fa', '904e52e9-3826-44bc-8d8d-2d7a302f381c', NULL, N'Thu ngân', false);
INSERT INTO [HoTroCovid].[dbo].[ThongTinHoTro] (ID, IDNoiDung, IDDoiTuong, IDCaNhan) VALUES ('22616e1a-050c-412d-9e3e-fc5196a9b5b0', 1, NULL, '904e52e9-3826-44bc-8d8d-2d7a302f381c');
INSERT INTO [HoTroCovid].[dbo].[HoSo] (ID, IDCaNhan, IDNoiDungHoTro, IDDoiTuong, SoThang, SoTien, ThanhTien, IDThongTinHoTro, DaChi, NguoiTao) VALUES ('ede79f37-38e0-47d4-ab5b-e93cb55ccd17', '904e52e9-3826-44bc-8d8d-2d7a302f381c', 1, NULL, 3, 1800000, 5400000, '22616e1a-050c-412d-9e3e-fc5196a9b5b0', 0, 'solaodong');
INSERT INTO [HoTroCovid].[dbo].[CaNhan] (ID, HoTen, GioiTinh, NgaySinh, CMND, SinhNam) VALUES ('85d0ecf0-485c-4cf5-93f8-bafa52dc0256', N'Trà Bảo Trâm', NULL, '1991-12-15', '215260470', 1991);
INSERT INTO [HoTroCovid].[dbo].[CaNhan_DoanhNghiep] (ID, IDDoanhNghiep, IDCaNhan, IDDoiTuong, NgheNghiep, DaTra50) VALUES ('6cca2a7c-1919-47bc-9c90-a09190bbe2d7', '8f68b99e-5018-4e4c-9fdb-8acedd7189fa', '85d0ecf0-485c-4cf5-93f8-bafa52dc0256', NULL, N'Nhân viên Kinh doanh', false);
INSERT INTO [HoTroCovid].[dbo].[ThongTinHoTro] (ID, IDNoiDung, IDDoiTuong, IDCaNhan) VALUES ('99b6c8e1-6ab7-4cf8-860c-73591adb30ea', 1, NULL, '85d0ecf0-485c-4cf5-93f8-bafa52dc0256');
INSERT INTO [HoTroCovid].[dbo].[HoSo] (ID, IDCaNhan, IDNoiDungHoTro, IDDoiTuong, SoThang, SoTien, ThanhTien, IDThongTinHoTro, DaChi, NguoiTao) VALUES ('38440ac4-8d32-41e0-b525-d5d222ecd6e3', '85d0ecf0-485c-4cf5-93f8-bafa52dc0256', 1, NULL, 3, 1800000, 5400000, '99b6c8e1-6ab7-4cf8-860c-73591adb30ea', 0, 'solaodong');
INSERT INTO [HoTroCovid].[dbo].[CaNhan] (ID, HoTen, GioiTinh, NgaySinh, CMND, SinhNam) VALUES ('b6a5509f-be8f-41ad-a3d7-99727957ec97', N'Trần Quốc Lâm', 1, '1988-07-24', '215097954', 1988);
INSERT INTO [HoTroCovid].[dbo].[CaNhan_DoanhNghiep] (ID, IDDoanhNghiep, IDCaNhan, IDDoiTuong, NgheNghiep, DaTra50) VALUES ('8424db8c-33a5-4357-b17d-68a3deffe05a', '8f68b99e-5018-4e4c-9fdb-8acedd7189fa', 'b6a5509f-be8f-41ad-a3d7-99727957ec97', NULL, N'Giám sát Spa', false);
INSERT INTO [HoTroCovid].[dbo].[ThongTinHoTro] (ID, IDNoiDung, IDDoiTuong, IDCaNhan) VALUES ('2eaf7ed6-d23d-4796-87df-1de8ab97c18e', 1, NULL, 'b6a5509f-be8f-41ad-a3d7-99727957ec97');
INSERT INTO [HoTroCovid].[dbo].[HoSo] (ID, IDCaNhan, IDNoiDungHoTro, IDDoiTuong, SoThang, SoTien, ThanhTien, IDThongTinHoTro, DaChi, NguoiTao) VALUES ('4d397668-6a1f-4509-a74f-e9426ba21aae', 'b6a5509f-be8f-41ad-a3d7-99727957ec97', 1, NULL, 3, 1800000, 5400000, '2eaf7ed6-d23d-4796-87df-1de8ab97c18e', 0, 'solaodong');
INSERT INTO [HoTroCovid].[dbo].[CaNhan] (ID, HoTen, GioiTinh, NgaySinh, CMND, SinhNam) VALUES ('b08c81a8-40d3-4ac9-a966-f9a4b2ede67e', N'Hoàng Thị Xuân Vỹ', NULL, '1996-01-22', '215354772', 1996);
INSERT INTO [HoTroCovid].[dbo].[CaNhan_DoanhNghiep] (ID, IDDoanhNghiep, IDCaNhan, IDDoiTuong, NgheNghiep, DaTra50) VALUES ('1f9525fb-f45d-4939-b8ab-eca25d287422', '8f68b99e-5018-4e4c-9fdb-8acedd7189fa', 'b08c81a8-40d3-4ac9-a966-f9a4b2ede67e', NULL, N'Nhân viên Spa', false);
INSERT INTO [HoTroCovid].[dbo].[ThongTinHoTro] (ID, IDNoiDung, IDDoiTuong, IDCaNhan) VALUES ('796c4e07-8821-4942-bab6-acba081080c2', 1, NULL, 'b08c81a8-40d3-4ac9-a966-f9a4b2ede67e');
INSERT INTO [HoTroCovid].[dbo].[HoSo] (ID, IDCaNhan, IDNoiDungHoTro, IDDoiTuong, SoThang, SoTien, ThanhTien, IDThongTinHoTro, DaChi, NguoiTao) VALUES ('8f6b559b-6055-49b6-af1d-82b980993046', 'b08c81a8-40d3-4ac9-a966-f9a4b2ede67e', 1, NULL, 3, 1800000, 5400000, '796c4e07-8821-4942-bab6-acba081080c2', 0, 'solaodong');
INSERT INTO [HoTroCovid].[dbo].[CaNhan] (ID, HoTen, GioiTinh, NgaySinh, CMND, SinhNam) VALUES ('dd8ebf32-2123-4e5b-bd13-9c0bb2437850', N'Hồ Thái Thuận', 1, '1995-02-20', '215375670', 1995);
INSERT INTO [HoTroCovid].[dbo].[CaNhan_DoanhNghiep] (ID, IDDoanhNghiep, IDCaNhan, IDDoiTuong, NgheNghiep, DaTra50) VALUES ('5b19dfb8-eee4-41b6-8a3c-26329be5dc17', '8f68b99e-5018-4e4c-9fdb-8acedd7189fa', 'dd8ebf32-2123-4e5b-bd13-9c0bb2437850', NULL, N'Nhân viên phụ bếp', false);
INSERT INTO [HoTroCovid].[dbo].[ThongTinHoTro] (ID, IDNoiDung, IDDoiTuong, IDCaNhan) VALUES ('455b8891-bb37-44d9-9249-5f99ca186a4e', 1, NULL, 'dd8ebf32-2123-4e5b-bd13-9c0bb2437850');
INSERT INTO [HoTroCovid].[dbo].[HoSo] (ID, IDCaNhan, IDNoiDungHoTro, IDDoiTuong, SoThang, SoTien, ThanhTien, IDThongTinHoTro, DaChi, NguoiTao) VALUES ('5dd131a5-1efe-44ea-b7bc-01c008704e24', 'dd8ebf32-2123-4e5b-bd13-9c0bb2437850', 1, NULL, 3, 1800000, 5400000, '455b8891-bb37-44d9-9249-5f99ca186a4e', 0, 'solaodong');
INSERT INTO [HoTroCovid].[dbo].[CaNhan] (ID, HoTen, GioiTinh, NgaySinh, CMND, SinhNam) VALUES ('1bab817d-0068-49d1-ab45-ad5d1ed3c515', N'Phí Thành Vân', 1, '1979-11-20', '215477290', 1979);
INSERT INTO [HoTroCovid].[dbo].[CaNhan_DoanhNghiep] (ID, IDDoanhNghiep, IDCaNhan, IDDoiTuong, NgheNghiep, DaTra50) VALUES ('3fb83d27-fbb6-493f-9d2a-db1e0dbcc3fe', '8f68b99e-5018-4e4c-9fdb-8acedd7189fa', '1bab817d-0068-49d1-ab45-ad5d1ed3c515', NULL, N'Nhân viên Bếp Á', false);
INSERT INTO [HoTroCovid].[dbo].[ThongTinHoTro] (ID, IDNoiDung, IDDoiTuong, IDCaNhan) VALUES ('cae0478d-3fd6-4990-bd94-e110f5963eb9', 1, NULL, '1bab817d-0068-49d1-ab45-ad5d1ed3c515');
INSERT INTO [HoTroCovid].[dbo].[HoSo] (ID, IDCaNhan, IDNoiDungHoTro, IDDoiTuong, SoThang, SoTien, ThanhTien, IDThongTinHoTro, DaChi, NguoiTao) VALUES ('3b6a0b79-392a-4633-8e9a-a57b5c2fba68', '1bab817d-0068-49d1-ab45-ad5d1ed3c515', 1, NULL, 3, 1800000, 5400000, 'cae0478d-3fd6-4990-bd94-e110f5963eb9', 0, 'solaodong');
INSERT INTO [HoTroCovid].[dbo].[CaNhan] (ID, HoTen, GioiTinh, NgaySinh, CMND, SinhNam) VALUES ('8926a8c0-3604-49a0-bd44-01b0c2f8137c', N'Ngô Văn Kỳ', 1, '1994-07-20', '215346522', 1994);
INSERT INTO [HoTroCovid].[dbo].[CaNhan_DoanhNghiep] (ID, IDDoanhNghiep, IDCaNhan, IDDoiTuong, NgheNghiep, DaTra50) VALUES ('a6196272-3f3a-43e1-91f6-e13b2b93193e', '8f68b99e-5018-4e4c-9fdb-8acedd7189fa', '8926a8c0-3604-49a0-bd44-01b0c2f8137c', NULL, N'Nhân viên phục vụ', false);
INSERT INTO [HoTroCovid].[dbo].[ThongTinHoTro] (ID, IDNoiDung, IDDoiTuong, IDCaNhan) VALUES ('923a3389-1d52-4d3f-a8b8-657c2ad4afef', 1, NULL, '8926a8c0-3604-49a0-bd44-01b0c2f8137c');
INSERT INTO [HoTroCovid].[dbo].[HoSo] (ID, IDCaNhan, IDNoiDungHoTro, IDDoiTuong, SoThang, SoTien, ThanhTien, IDThongTinHoTro, DaChi, NguoiTao) VALUES ('effd93e0-3120-485d-a237-7ef8d8dc23cd', '8926a8c0-3604-49a0-bd44-01b0c2f8137c', 1, NULL, 3, 1800000, 5400000, '923a3389-1d52-4d3f-a8b8-657c2ad4afef', 0, 'solaodong');
INSERT INTO [HoTroCovid].[dbo].[CaNhan] (ID, HoTen, GioiTinh, NgaySinh, CMND, SinhNam) VALUES ('61c70eb4-b6d5-4e71-821b-903cf9cb2e3d', N'Đào Thị Tần', NULL, '1987-01-07', '215025519', 1987);
INSERT INTO [HoTroCovid].[dbo].[CaNhan_DoanhNghiep] (ID, IDDoanhNghiep, IDCaNhan, IDDoiTuong, NgheNghiep, DaTra50) VALUES ('961c305e-3f13-4715-bd2c-68c3800c3c9f', '8f68b99e-5018-4e4c-9fdb-8acedd7189fa', '61c70eb4-b6d5-4e71-821b-903cf9cb2e3d', NULL, N'Kế toán thanh toán', false);
INSERT INTO [HoTroCovid].[dbo].[ThongTinHoTro] (ID, IDNoiDung, IDDoiTuong, IDCaNhan) VALUES ('121395c2-f571-4090-b684-c3a96811a5e8', 1, NULL, '61c70eb4-b6d5-4e71-821b-903cf9cb2e3d');
INSERT INTO [HoTroCovid].[dbo].[HoSo] (ID, IDCaNhan, IDNoiDungHoTro, IDDoiTuong, SoThang, SoTien, ThanhTien, IDThongTinHoTro, DaChi, NguoiTao) VALUES ('ea27bf92-1222-4609-92f9-c632e524852b', '61c70eb4-b6d5-4e71-821b-903cf9cb2e3d', 1, NULL, 3, 1800000, 5400000, '121395c2-f571-4090-b684-c3a96811a5e8', 0, 'solaodong');
INSERT INTO [HoTroCovid].[dbo].[CaNhan] (ID, HoTen, GioiTinh, NgaySinh, CMND, SinhNam) VALUES ('aa40ff94-78f5-4abf-9f91-a0df2ee2785a', N'Lê Hà Thu', NULL, '1990-06-27', '215192237', 1990);
INSERT INTO [HoTroCovid].[dbo].[CaNhan_DoanhNghiep] (ID, IDDoanhNghiep, IDCaNhan, IDDoiTuong, NgheNghiep, DaTra50) VALUES ('3bcad2ce-8ffb-4282-a3cc-93ae494a8f45', '8f68b99e-5018-4e4c-9fdb-8acedd7189fa', 'aa40ff94-78f5-4abf-9f91-a0df2ee2785a', NULL, N'Kế toán tổng hợp', false);
INSERT INTO [HoTroCovid].[dbo].[ThongTinHoTro] (ID, IDNoiDung, IDDoiTuong, IDCaNhan) VALUES ('b7d685f4-fa27-4ded-a01b-dcb87c5692b1', 1, NULL, 'aa40ff94-78f5-4abf-9f91-a0df2ee2785a');
INSERT INTO [HoTroCovid].[dbo].[HoSo] (ID, IDCaNhan, IDNoiDungHoTro, IDDoiTuong, SoThang, SoTien, ThanhTien, IDThongTinHoTro, DaChi, NguoiTao) VALUES ('e6c5e26a-4461-4204-8927-2dcc6a98f00d', 'aa40ff94-78f5-4abf-9f91-a0df2ee2785a', 1, NULL, 3, 1800000, 5400000, 'b7d685f4-fa27-4ded-a01b-dcb87c5692b1', 0, 'solaodong');
INSERT INTO [HoTroCovid].[dbo].[CaNhan] (ID, HoTen, GioiTinh, NgaySinh, CMND, SinhNam) VALUES ('3335d65c-722d-44bc-9a1a-ce0ff7698936', N'Trần Thanh Lâm', 1, '1997-09-30', '215398371', 1997);
INSERT INTO [HoTroCovid].[dbo].[CaNhan_DoanhNghiep] (ID, IDDoanhNghiep, IDCaNhan, IDDoiTuong, NgheNghiep, DaTra50) VALUES ('3ed018fa-9a02-4dd4-832c-9ce58ae31742', '8f68b99e-5018-4e4c-9fdb-8acedd7189fa', '3335d65c-722d-44bc-9a1a-ce0ff7698936', NULL, N'Nhân viên giải trí', false);
INSERT INTO [HoTroCovid].[dbo].[ThongTinHoTro] (ID, IDNoiDung, IDDoiTuong, IDCaNhan) VALUES ('4550ee57-5c71-42eb-a4bd-96679cba2f56', 1, NULL, '3335d65c-722d-44bc-9a1a-ce0ff7698936');
INSERT INTO [HoTroCovid].[dbo].[HoSo] (ID, IDCaNhan, IDNoiDungHoTro, IDDoiTuong, SoThang, SoTien, ThanhTien, IDThongTinHoTro, DaChi, NguoiTao) VALUES ('85e664af-dee2-4b7d-8b5a-1c40d8a28267', '3335d65c-722d-44bc-9a1a-ce0ff7698936', 1, NULL, 3, 1800000, 5400000, '4550ee57-5c71-42eb-a4bd-96679cba2f56', 0, 'solaodong');
INSERT INTO [HoTroCovid].[dbo].[CaNhan] (ID, HoTen, GioiTinh, NgaySinh, CMND, SinhNam) VALUES ('24e16e1a-9eb2-41b5-b7a2-5cba3def08bc', N'Trần Lanh', 1, '1993-04-19', '215197663', 1993);
INSERT INTO [HoTroCovid].[dbo].[CaNhan_DoanhNghiep] (ID, IDDoanhNghiep, IDCaNhan, IDDoiTuong, NgheNghiep, DaTra50) VALUES ('ecaaa496-f517-41b4-a614-c14ecc2806f4', '8f68b99e-5018-4e4c-9fdb-8acedd7189fa', '24e16e1a-9eb2-41b5-b7a2-5cba3def08bc', NULL, N'Nhân viên phục vụ', false);
INSERT INTO [HoTroCovid].[dbo].[ThongTinHoTro] (ID, IDNoiDung, IDDoiTuong, IDCaNhan) VALUES ('738ce18d-98b9-4392-90cf-ad92d9ed2219', 1, NULL, '24e16e1a-9eb2-41b5-b7a2-5cba3def08bc');
INSERT INTO [HoTroCovid].[dbo].[HoSo] (ID, IDCaNhan, IDNoiDungHoTro, IDDoiTuong, SoThang, SoTien, ThanhTien, IDThongTinHoTro, DaChi, NguoiTao) VALUES ('3ddf78c2-3e0d-4cb9-ba7a-9a1cafdbe40c', '24e16e1a-9eb2-41b5-b7a2-5cba3def08bc', 1, NULL, 3, 1800000, 5400000, '738ce18d-98b9-4392-90cf-ad92d9ed2219', 0, 'solaodong');
INSERT INTO [HoTroCovid].[dbo].[CaNhan] (ID, HoTen, GioiTinh, NgaySinh, CMND, SinhNam) VALUES ('3dd692fc-8df2-4e79-b258-88fb28790b7e', N'Phạm Quốc Nguyên', 1, '1996-12-17', '215357610', 1996);
INSERT INTO [HoTroCovid].[dbo].[CaNhan_DoanhNghiep] (ID, IDDoanhNghiep, IDCaNhan, IDDoiTuong, NgheNghiep, DaTra50) VALUES ('5447b2bf-50f7-4d0e-a2ff-8e5bcae34a4f', '8f68b99e-5018-4e4c-9fdb-8acedd7189fa', '3dd692fc-8df2-4e79-b258-88fb28790b7e', NULL, N'Nhân viên pha chế', false);
INSERT INTO [HoTroCovid].[dbo].[ThongTinHoTro] (ID, IDNoiDung, IDDoiTuong, IDCaNhan) VALUES ('0ed87702-9416-4227-a3fe-e9bbc1c9908c', 1, NULL, '3dd692fc-8df2-4e79-b258-88fb28790b7e');
INSERT INTO [HoTroCovid].[dbo].[HoSo] (ID, IDCaNhan, IDNoiDungHoTro, IDDoiTuong, SoThang, SoTien, ThanhTien, IDThongTinHoTro, DaChi, NguoiTao) VALUES ('c4913b9d-277e-47eb-baf1-d3d80758a059', '3dd692fc-8df2-4e79-b258-88fb28790b7e', 1, NULL, 3, 1800000, 5400000, '0ed87702-9416-4227-a3fe-e9bbc1c9908c', 0, 'solaodong');
INSERT INTO [HoTroCovid].[dbo].[CaNhan] (ID, HoTen, GioiTinh, NgaySinh, CMND, SinhNam) VALUES ('b11d2633-19a4-493a-9277-2a1330967efc', N'Định Thị Ly Ly', NULL, '1995-05-11', '215363917', 1995);
INSERT INTO [HoTroCovid].[dbo].[CaNhan_DoanhNghiep] (ID, IDDoanhNghiep, IDCaNhan, IDDoiTuong, NgheNghiep, DaTra50) VALUES ('397dc537-e9d7-402c-b37e-b7f1bce16837', '8f68b99e-5018-4e4c-9fdb-8acedd7189fa', 'b11d2633-19a4-493a-9277-2a1330967efc', NULL, N'Giám sát nhà hàng', false);
INSERT INTO [HoTroCovid].[dbo].[ThongTinHoTro] (ID, IDNoiDung, IDDoiTuong, IDCaNhan) VALUES ('c16c8d11-e3ae-4571-93e9-ff7f770bb49d', 1, NULL, 'b11d2633-19a4-493a-9277-2a1330967efc');
INSERT INTO [HoTroCovid].[dbo].[HoSo] (ID, IDCaNhan, IDNoiDungHoTro, IDDoiTuong, SoThang, SoTien, ThanhTien, IDThongTinHoTro, DaChi, NguoiTao) VALUES ('bb31e9f2-fe8c-4a8f-b00d-f980e6f88986', 'b11d2633-19a4-493a-9277-2a1330967efc', 1, NULL, 3, 1800000, 5400000, 'c16c8d11-e3ae-4571-93e9-ff7f770bb49d', 0, 'solaodong');
INSERT INTO [HoTroCovid].[dbo].[CaNhan] (ID, HoTen, GioiTinh, NgaySinh, CMND, SinhNam) VALUES ('52b4f66d-658f-4220-845d-a21dec84947e', N'Trần Thụy Minh Tâm', NULL, '1985-06-14', '211896980', 1985);
INSERT INTO [HoTroCovid].[dbo].[CaNhan_DoanhNghiep] (ID, IDDoanhNghiep, IDCaNhan, IDDoiTuong, NgheNghiep, DaTra50) VALUES ('9e6f961e-19df-4c40-a65c-a1869eeba9ef', '8f68b99e-5018-4e4c-9fdb-8acedd7189fa', '52b4f66d-658f-4220-845d-a21dec84947e', NULL, N'Nhân viên Bếp lạnh', false);
INSERT INTO [HoTroCovid].[dbo].[ThongTinHoTro] (ID, IDNoiDung, IDDoiTuong, IDCaNhan) VALUES ('8f431e76-e234-4e95-8c0a-567b5a444404', 1, NULL, '52b4f66d-658f-4220-845d-a21dec84947e');
INSERT INTO [HoTroCovid].[dbo].[HoSo] (ID, IDCaNhan, IDNoiDungHoTro, IDDoiTuong, SoThang, SoTien, ThanhTien, IDThongTinHoTro, DaChi, NguoiTao) VALUES ('6c2d65f4-a5bd-44f9-91f1-16e6c5448e88', '52b4f66d-658f-4220-845d-a21dec84947e', 1, NULL, 3, 1800000, 5400000, '8f431e76-e234-4e95-8c0a-567b5a444404', 0, 'solaodong');
INSERT INTO [HoTroCovid].[dbo].[CaNhan] (ID, HoTen, GioiTinh, NgaySinh, CMND, SinhNam) VALUES ('b37079db-2855-4dc7-8538-bde5c5f4b05d', N'Nguyễn Thị Triều Cư', NULL, '1995-07-31', '215328293', 1995);
INSERT INTO [HoTroCovid].[dbo].[CaNhan_DoanhNghiep] (ID, IDDoanhNghiep, IDCaNhan, IDDoiTuong, NgheNghiep, DaTra50) VALUES ('34c940b5-cc93-45b9-b696-aaee7946f9cb', '8f68b99e-5018-4e4c-9fdb-8acedd7189fa', 'b37079db-2855-4dc7-8538-bde5c5f4b05d', NULL, N'Nhân viên phục vụ', false);
INSERT INTO [HoTroCovid].[dbo].[ThongTinHoTro] (ID, IDNoiDung, IDDoiTuong, IDCaNhan) VALUES ('e87d8742-f609-40c9-9bc9-39a3b5dcd906', 1, NULL, 'b37079db-2855-4dc7-8538-bde5c5f4b05d');
INSERT INTO [HoTroCovid].[dbo].[HoSo] (ID, IDCaNhan, IDNoiDungHoTro, IDDoiTuong, SoThang, SoTien, ThanhTien, IDThongTinHoTro, DaChi, NguoiTao) VALUES ('e46c5305-bf48-4412-8a5c-cd63ae00dd64', 'b37079db-2855-4dc7-8538-bde5c5f4b05d', 1, NULL, 3, 1800000, 5400000, 'e87d8742-f609-40c9-9bc9-39a3b5dcd906', 0, 'solaodong');
INSERT INTO [HoTroCovid].[dbo].[CaNhan] (ID, HoTen, GioiTinh, NgaySinh, CMND, SinhNam) VALUES ('7a7993d8-8e8e-4064-958a-bc11e379b091', N'Nguyễn Đăng Khoa', 1, '1982-09-11', '211804984', 1982);
INSERT INTO [HoTroCovid].[dbo].[CaNhan_DoanhNghiep] (ID, IDDoanhNghiep, IDCaNhan, IDDoiTuong, NgheNghiep, DaTra50) VALUES ('f659d802-20e8-492a-a756-745fef68b65b', '8f68b99e-5018-4e4c-9fdb-8acedd7189fa', '7a7993d8-8e8e-4064-958a-bc11e379b091', NULL, N'Nhân viên Bếp bánh', false);
INSERT INTO [HoTroCovid].[dbo].[ThongTinHoTro] (ID, IDNoiDung, IDDoiTuong, IDCaNhan) VALUES ('91cab9d6-ad60-4979-9666-0ead4cc26aa2', 1, NULL, '7a7993d8-8e8e-4064-958a-bc11e379b091');
INSERT INTO [HoTroCovid].[dbo].[HoSo] (ID, IDCaNhan, IDNoiDungHoTro, IDDoiTuong, SoThang, SoTien, ThanhTien, IDThongTinHoTro, DaChi, NguoiTao) VALUES ('fae3d9f2-63cc-445b-af02-03d7c99377a5', '7a7993d8-8e8e-4064-958a-bc11e379b091', 1, NULL, 3, 1800000, 5400000, '91cab9d6-ad60-4979-9666-0ead4cc26aa2', 0, 'solaodong');
INSERT INTO [HoTroCovid].[dbo].[CaNhan] (ID, HoTen, GioiTinh, NgaySinh, CMND, SinhNam) VALUES ('c4212c52-d527-4f4c-913d-f86619f55f1f', N'Ngô Lan Phương', NULL, '1978-09-20', '211672086', 1978);
INSERT INTO [HoTroCovid].[dbo].[CaNhan_DoanhNghiep] (ID, IDDoanhNghiep, IDCaNhan, IDDoiTuong, NgheNghiep, DaTra50) VALUES ('ba4bb357-6776-4213-a572-01352efa357d', '8f68b99e-5018-4e4c-9fdb-8acedd7189fa', 'c4212c52-d527-4f4c-913d-f86619f55f1f', NULL, N'Phó Bộ phận Nhân sự', false);
INSERT INTO [HoTroCovid].[dbo].[ThongTinHoTro] (ID, IDNoiDung, IDDoiTuong, IDCaNhan) VALUES ('8edc92f6-536c-4a55-a5a2-4cc653588ca2', 1, NULL, 'c4212c52-d527-4f4c-913d-f86619f55f1f');
INSERT INTO [HoTroCovid].[dbo].[HoSo] (ID, IDCaNhan, IDNoiDungHoTro, IDDoiTuong, SoThang, SoTien, ThanhTien, IDThongTinHoTro, DaChi, NguoiTao) VALUES ('4e161fe8-7985-409c-994f-2e34d898f39a', 'c4212c52-d527-4f4c-913d-f86619f55f1f', 1, NULL, 3, 1800000, 5400000, '8edc92f6-536c-4a55-a5a2-4cc653588ca2', 0, 'solaodong');
INSERT INTO [HoTroCovid].[dbo].[CaNhan] (ID, HoTen, GioiTinh, NgaySinh, CMND, SinhNam) VALUES ('da912ca8-da81-4537-8de6-d0e6d73215fb', N'Bùi Thị Hồng Hải', NULL, '1982-07-03', '060182000213', 1982);
INSERT INTO [HoTroCovid].[dbo].[CaNhan_DoanhNghiep] (ID, IDDoanhNghiep, IDCaNhan, IDDoiTuong, NgheNghiep, DaTra50) VALUES ('8999283b-26e6-4249-b96d-bcd38d8644f3', '8f68b99e-5018-4e4c-9fdb-8acedd7189fa', 'da912ca8-da81-4537-8de6-d0e6d73215fb', NULL, N'Quản lý Tài chính', false);
INSERT INTO [HoTroCovid].[dbo].[ThongTinHoTro] (ID, IDNoiDung, IDDoiTuong, IDCaNhan) VALUES ('04542749-4e71-4fbc-ae1e-3bd6314a0680', 1, NULL, 'da912ca8-da81-4537-8de6-d0e6d73215fb');
INSERT INTO [HoTroCovid].[dbo].[HoSo] (ID, IDCaNhan, IDNoiDungHoTro, IDDoiTuong, SoThang, SoTien, ThanhTien, IDThongTinHoTro, DaChi, NguoiTao) VALUES ('16c8dda2-b6aa-4f52-bee6-0087e15701cc', 'da912ca8-da81-4537-8de6-d0e6d73215fb', 1, NULL, 3, 1800000, 5400000, '04542749-4e71-4fbc-ae1e-3bd6314a0680', 0, 'solaodong');
INSERT INTO [HoTroCovid].[dbo].[CaNhan] (ID, HoTen, GioiTinh, NgaySinh, CMND, SinhNam) VALUES ('e37d7ca3-422a-4c17-a90e-f6ae15370a37', N'Nguyễn Thị Vinh', NULL, '1990-02-21', '186868526', 1990);
INSERT INTO [HoTroCovid].[dbo].[CaNhan_DoanhNghiep] (ID, IDDoanhNghiep, IDCaNhan, IDDoiTuong, NgheNghiep, DaTra50) VALUES ('3ac6b225-0954-48a7-bd63-16d1930d513c', '8f68b99e-5018-4e4c-9fdb-8acedd7189fa', 'e37d7ca3-422a-4c17-a90e-f6ae15370a37', NULL, N'Kế toán doanh thu', false);
INSERT INTO [HoTroCovid].[dbo].[ThongTinHoTro] (ID, IDNoiDung, IDDoiTuong, IDCaNhan) VALUES ('346a8b59-1ae5-4114-89d8-2ba258b2bc10', 1, NULL, 'e37d7ca3-422a-4c17-a90e-f6ae15370a37');
INSERT INTO [HoTroCovid].[dbo].[HoSo] (ID, IDCaNhan, IDNoiDungHoTro, IDDoiTuong, SoThang, SoTien, ThanhTien, IDThongTinHoTro, DaChi, NguoiTao) VALUES ('8482be0e-bd9e-4b09-bf54-f51705633216', 'e37d7ca3-422a-4c17-a90e-f6ae15370a37', 1, NULL, 3, 1800000, 5400000, '346a8b59-1ae5-4114-89d8-2ba258b2bc10', 0, 'solaodong');
INSERT INTO [HoTroCovid].[dbo].[CaNhan] (ID, HoTen, GioiTinh, NgaySinh, CMND, SinhNam) VALUES ('76f233ac-f6e0-4df5-a815-c4d23d9f2067', N'Tô Thị Mỹ Linh', NULL, '1997-12-18', '215413385', 1997);
INSERT INTO [HoTroCovid].[dbo].[CaNhan_DoanhNghiep] (ID, IDDoanhNghiep, IDCaNhan, IDDoiTuong, NgheNghiep, DaTra50) VALUES ('5fec8dab-3d4e-4e21-9018-b752617149bc', '8f68b99e-5018-4e4c-9fdb-8acedd7189fa', '76f233ac-f6e0-4df5-a815-c4d23d9f2067', NULL, N'Nhân viên phục vụ', false);
INSERT INTO [HoTroCovid].[dbo].[ThongTinHoTro] (ID, IDNoiDung, IDDoiTuong, IDCaNhan) VALUES ('4ef0b3f0-4fda-4a01-919a-9571ab8d267c', 1, NULL, '76f233ac-f6e0-4df5-a815-c4d23d9f2067');
INSERT INTO [HoTroCovid].[dbo].[HoSo] (ID, IDCaNhan, IDNoiDungHoTro, IDDoiTuong, SoThang, SoTien, ThanhTien, IDThongTinHoTro, DaChi, NguoiTao) VALUES ('82a64958-31a2-479a-ac28-4ec2652d0f46', '76f233ac-f6e0-4df5-a815-c4d23d9f2067', 1, NULL, 3, 1800000, 5400000, '4ef0b3f0-4fda-4a01-919a-9571ab8d267c', 0, 'solaodong');
INSERT INTO [HoTroCovid].[dbo].[CaNhan] (ID, HoTen, GioiTinh, NgaySinh, CMND, SinhNam) VALUES ('82da869a-35dc-40c9-8d59-a9d38b053736', N'Nguyễn Văn Trải', 1, '1987-06-01', '211893590', 1987);
INSERT INTO [HoTroCovid].[dbo].[CaNhan_DoanhNghiep] (ID, IDDoanhNghiep, IDCaNhan, IDDoiTuong, NgheNghiep, DaTra50) VALUES ('54aec0a9-15e2-4ee4-8bd4-9b83bb80a4db', '8f68b99e-5018-4e4c-9fdb-8acedd7189fa', '82da869a-35dc-40c9-8d59-a9d38b053736', NULL, N'Nhân viên Bếp bánh', false);
INSERT INTO [HoTroCovid].[dbo].[ThongTinHoTro] (ID, IDNoiDung, IDDoiTuong, IDCaNhan) VALUES ('b4d7f780-696a-4019-a0b4-e29037d8cf04', 1, NULL, '82da869a-35dc-40c9-8d59-a9d38b053736');
INSERT INTO [HoTroCovid].[dbo].[HoSo] (ID, IDCaNhan, IDNoiDungHoTro, IDDoiTuong, SoThang, SoTien, ThanhTien, IDThongTinHoTro, DaChi, NguoiTao) VALUES ('ba85338b-8c8b-4dfc-9e0e-95cda8b17245', '82da869a-35dc-40c9-8d59-a9d38b053736', 1, NULL, 3, 1800000, 5400000, 'b4d7f780-696a-4019-a0b4-e29037d8cf04', 0, 'solaodong');
INSERT INTO [HoTroCovid].[dbo].[CaNhan] (ID, HoTen, GioiTinh, NgaySinh, CMND, SinhNam) VALUES ('06794cd3-75cc-4bfc-800a-f000f2596961', N'Hoàng Văn Tuấn', 1, '1978-03-07', '141756164', 1978);
INSERT INTO [HoTroCovid].[dbo].[CaNhan_DoanhNghiep] (ID, IDDoanhNghiep, IDCaNhan, IDDoiTuong, NgheNghiep, DaTra50) VALUES ('cd057afc-9338-41b7-9fe0-fcf94eb49b47', '8f68b99e-5018-4e4c-9fdb-8acedd7189fa', '06794cd3-75cc-4bfc-800a-f000f2596961', NULL, N'Trưởng BP Kỹ thuật', false);
INSERT INTO [HoTroCovid].[dbo].[ThongTinHoTro] (ID, IDNoiDung, IDDoiTuong, IDCaNhan) VALUES ('65820854-6a21-4a7d-b2ef-41778f1ef51d', 1, NULL, '06794cd3-75cc-4bfc-800a-f000f2596961');
INSERT INTO [HoTroCovid].[dbo].[HoSo] (ID, IDCaNhan, IDNoiDungHoTro, IDDoiTuong, SoThang, SoTien, ThanhTien, IDThongTinHoTro, DaChi, NguoiTao) VALUES ('f4073377-f31f-42c5-80be-25c96f54e8c1', '06794cd3-75cc-4bfc-800a-f000f2596961', 1, NULL, 3, 1800000, 5400000, '65820854-6a21-4a7d-b2ef-41778f1ef51d', 0, 'solaodong');
INSERT INTO [HoTroCovid].[dbo].[CaNhan] (ID, HoTen, GioiTinh, NgaySinh, CMND, SinhNam) VALUES ('fb7592ba-8457-4e43-abac-99d235eb6144', N'Hà Văn Minh', 1, '1987-03-09', '215023570', 1987);
INSERT INTO [HoTroCovid].[dbo].[CaNhan_DoanhNghiep] (ID, IDDoanhNghiep, IDCaNhan, IDDoiTuong, NgheNghiep, DaTra50) VALUES ('1268afa1-faa8-41da-85f9-adb581bb8234', '8f68b99e-5018-4e4c-9fdb-8acedd7189fa', 'fb7592ba-8457-4e43-abac-99d235eb6144', NULL, N'Nhân viên Bếp Á', false);
INSERT INTO [HoTroCovid].[dbo].[ThongTinHoTro] (ID, IDNoiDung, IDDoiTuong, IDCaNhan) VALUES ('34258128-4497-4dda-b559-4c97c5767c2e', 1, NULL, 'fb7592ba-8457-4e43-abac-99d235eb6144');
INSERT INTO [HoTroCovid].[dbo].[HoSo] (ID, IDCaNhan, IDNoiDungHoTro, IDDoiTuong, SoThang, SoTien, ThanhTien, IDThongTinHoTro, DaChi, NguoiTao) VALUES ('aa724529-e152-42a6-8602-50c52a187879', 'fb7592ba-8457-4e43-abac-99d235eb6144', 1, NULL, 3, 1800000, 5400000, '34258128-4497-4dda-b559-4c97c5767c2e', 0, 'solaodong');
INSERT INTO [HoTroCovid].[dbo].[CaNhan] (ID, HoTen, GioiTinh, NgaySinh, CMND, SinhNam) VALUES ('9374761f-af20-4cfe-8387-323015650972', N'Nguyễn Thị Triều Cư', NULL, '1995-07-31', '215328293', 1995);
INSERT INTO [HoTroCovid].[dbo].[CaNhan_DoanhNghiep] (ID, IDDoanhNghiep, IDCaNhan, IDDoiTuong, NgheNghiep, DaTra50) VALUES ('59593e78-e731-4945-ac53-d0a5974d4491', '8f68b99e-5018-4e4c-9fdb-8acedd7189fa', '9374761f-af20-4cfe-8387-323015650972', NULL, N'undefined', false);
INSERT INTO [HoTroCovid].[dbo].[ThongTinHoTro] (ID, IDNoiDung, IDDoiTuong, IDCaNhan) VALUES ('28fce153-e7c9-4311-ba52-ab61f92eee9e', 1, NULL, '9374761f-af20-4cfe-8387-323015650972');
INSERT INTO [HoTroCovid].[dbo].[HoSo] (ID, IDCaNhan, IDNoiDungHoTro, IDDoiTuong, SoThang, SoTien, ThanhTien, IDThongTinHoTro, DaChi, NguoiTao) VALUES ('31895438-d330-4bbc-9a34-f55a79a57556', '9374761f-af20-4cfe-8387-323015650972', 1, NULL, 3, 1800000, 5400000, '28fce153-e7c9-4311-ba52-ab61f92eee9e', 0, 'solaodong');
INSERT INTO [HoTroCovid].[dbo].[CaNhan] (ID, HoTen, GioiTinh, NgaySinh, CMND, SinhNam) VALUES ('eb311533-ae51-4551-b616-a70be8afc259', N'Lê Châu Toàn', 1, '1997-05-05', '215407945', 1997);
INSERT INTO [HoTroCovid].[dbo].[CaNhan_DoanhNghiep] (ID, IDDoanhNghiep, IDCaNhan, IDDoiTuong, NgheNghiep, DaTra50) VALUES ('279cba3c-4a58-4a33-9142-628418ef9670', '8f68b99e-5018-4e4c-9fdb-8acedd7189fa', 'eb311533-ae51-4551-b616-a70be8afc259', NULL, N'Nhân viên phục vụ', false);
INSERT INTO [HoTroCovid].[dbo].[ThongTinHoTro] (ID, IDNoiDung, IDDoiTuong, IDCaNhan) VALUES ('dc39b37a-bb32-457a-87d2-0d60d6b6e542', 1, NULL, 'eb311533-ae51-4551-b616-a70be8afc259');
INSERT INTO [HoTroCovid].[dbo].[HoSo] (ID, IDCaNhan, IDNoiDungHoTro, IDDoiTuong, SoThang, SoTien, ThanhTien, IDThongTinHoTro, DaChi, NguoiTao) VALUES ('371f6ab6-74d9-42b7-b507-04ef50219d55', 'eb311533-ae51-4551-b616-a70be8afc259', 1, NULL, 3, 1800000, 5400000, 'dc39b37a-bb32-457a-87d2-0d60d6b6e542', 0, 'solaodong');
INSERT INTO [HoTroCovid].[dbo].[CaNhan] (ID, HoTen, GioiTinh, NgaySinh, CMND, SinhNam) VALUES ('d3c0ab0d-16d4-464c-acd9-3f73687f5b92', N'Võ Đình Đạt Phú', 1, '1996-11-27', '215421037', 1996);
INSERT INTO [HoTroCovid].[dbo].[CaNhan_DoanhNghiep] (ID, IDDoanhNghiep, IDCaNhan, IDDoiTuong, NgheNghiep, DaTra50) VALUES ('90a8a6d7-4d58-4988-8126-ff187a2ef975', '8f68b99e-5018-4e4c-9fdb-8acedd7189fa', 'd3c0ab0d-16d4-464c-acd9-3f73687f5b92', NULL, N'Nhân viên phục vụ', false);
INSERT INTO [HoTroCovid].[dbo].[ThongTinHoTro] (ID, IDNoiDung, IDDoiTuong, IDCaNhan) VALUES ('e472e894-669a-44e3-a25a-3456f20e0c0a', 1, NULL, 'd3c0ab0d-16d4-464c-acd9-3f73687f5b92');
INSERT INTO [HoTroCovid].[dbo].[HoSo] (ID, IDCaNhan, IDNoiDungHoTro, IDDoiTuong, SoThang, SoTien, ThanhTien, IDThongTinHoTro, DaChi, NguoiTao) VALUES ('0b74144d-2a72-49bb-a362-c3fc9e0d863e', 'd3c0ab0d-16d4-464c-acd9-3f73687f5b92', 1, NULL, 3, 1800000, 5400000, 'e472e894-669a-44e3-a25a-3456f20e0c0a', 0, 'solaodong');
INSERT INTO [HoTroCovid].[dbo].[CaNhan] (ID, HoTen, GioiTinh, NgaySinh, CMND, SinhNam) VALUES ('7dacaf87-6e07-4a84-93d5-cb6ab71ca8fa', N'Đặng Thanh Đào', NULL, '1994-12-15', '215298991', 1994);
INSERT INTO [HoTroCovid].[dbo].[CaNhan_DoanhNghiep] (ID, IDDoanhNghiep, IDCaNhan, IDDoiTuong, NgheNghiep, DaTra50) VALUES ('99e52f6f-8396-4915-bc15-cda478f75c79', '8f68b99e-5018-4e4c-9fdb-8acedd7189fa', '7dacaf87-6e07-4a84-93d5-cb6ab71ca8fa', NULL, N'Nhân viên Spa', false);
INSERT INTO [HoTroCovid].[dbo].[ThongTinHoTro] (ID, IDNoiDung, IDDoiTuong, IDCaNhan) VALUES ('3f57f8eb-287f-44cc-9ab5-fcd58dbedbd2', 1, NULL, '7dacaf87-6e07-4a84-93d5-cb6ab71ca8fa');
INSERT INTO [HoTroCovid].[dbo].[HoSo] (ID, IDCaNhan, IDNoiDungHoTro, IDDoiTuong, SoThang, SoTien, ThanhTien, IDThongTinHoTro, DaChi, NguoiTao) VALUES ('ff0e2e1d-aaf7-4a05-8a88-b767417b2667', '7dacaf87-6e07-4a84-93d5-cb6ab71ca8fa', 1, NULL, 3, 1800000, 5400000, '3f57f8eb-287f-44cc-9ab5-fcd58dbedbd2', 0, 'solaodong');
INSERT INTO [HoTroCovid].[dbo].[CaNhan] (ID, HoTen, GioiTinh, NgaySinh, CMND, SinhNam) VALUES ('0e07c2cf-822e-4444-8c6d-6d07162c9e39', N'Phạm Văn Đủ', 1, '1994-11-03', '215542685', 1994);
INSERT INTO [HoTroCovid].[dbo].[CaNhan_DoanhNghiep] (ID, IDDoanhNghiep, IDCaNhan, IDDoiTuong, NgheNghiep, DaTra50) VALUES ('0b0fe86a-db59-4f3e-8b21-481843c6b373', '8f68b99e-5018-4e4c-9fdb-8acedd7189fa', '0e07c2cf-822e-4444-8c6d-6d07162c9e39', NULL, N'Giám sát giải trí', false);
INSERT INTO [HoTroCovid].[dbo].[ThongTinHoTro] (ID, IDNoiDung, IDDoiTuong, IDCaNhan) VALUES ('cf5793b9-b22c-461e-9ceb-d5a74f05fcf7', 1, NULL, '0e07c2cf-822e-4444-8c6d-6d07162c9e39');
INSERT INTO [HoTroCovid].[dbo].[HoSo] (ID, IDCaNhan, IDNoiDungHoTro, IDDoiTuong, SoThang, SoTien, ThanhTien, IDThongTinHoTro, DaChi, NguoiTao) VALUES ('a37173cc-7e5b-45dc-ba0b-501266f52c7b', '0e07c2cf-822e-4444-8c6d-6d07162c9e39', 1, NULL, 3, 1800000, 5400000, 'cf5793b9-b22c-461e-9ceb-d5a74f05fcf7', 0, 'solaodong');
INSERT INTO [HoTroCovid].[dbo].[CaNhan] (ID, HoTen, GioiTinh, NgaySinh, CMND, SinhNam) VALUES ('f04b058e-949c-48d2-a948-05f04d59aebb', N'Nguyễn Vĩnh Huy', 1, '1995-09-08', '215302884', 1995);
INSERT INTO [HoTroCovid].[dbo].[CaNhan_DoanhNghiep] (ID, IDDoanhNghiep, IDCaNhan, IDDoiTuong, NgheNghiep, DaTra50) VALUES ('34bfead6-7189-4249-8533-3005e2bed8c3', '8f68b99e-5018-4e4c-9fdb-8acedd7189fa', 'f04b058e-949c-48d2-a948-05f04d59aebb', NULL, N'Nhân viên An ninh', false);
INSERT INTO [HoTroCovid].[dbo].[ThongTinHoTro] (ID, IDNoiDung, IDDoiTuong, IDCaNhan) VALUES ('b698cbd7-8b0d-480d-9c6e-1d244de9fab9', 1, NULL, 'f04b058e-949c-48d2-a948-05f04d59aebb');
INSERT INTO [HoTroCovid].[dbo].[HoSo] (ID, IDCaNhan, IDNoiDungHoTro, IDDoiTuong, SoThang, SoTien, ThanhTien, IDThongTinHoTro, DaChi, NguoiTao) VALUES ('c9970f72-339a-4344-8230-d0f61b2b3d5e', 'f04b058e-949c-48d2-a948-05f04d59aebb', 1, NULL, 3, 1800000, 5400000, 'b698cbd7-8b0d-480d-9c6e-1d244de9fab9', 0, 'solaodong');
INSERT INTO [HoTroCovid].[dbo].[CaNhan] (ID, HoTen, GioiTinh, NgaySinh, CMND, SinhNam) VALUES ('c2fc4479-d4a6-4f11-8bc4-ced67ca244c2', N'Võ Phát Huy', 1, '1988-12-16', '341475574', 1988);
INSERT INTO [HoTroCovid].[dbo].[CaNhan_DoanhNghiep] (ID, IDDoanhNghiep, IDCaNhan, IDDoiTuong, NgheNghiep, DaTra50) VALUES ('3a8bfe15-f239-450f-ba0b-16e2cd6bfe3e', '8f68b99e-5018-4e4c-9fdb-8acedd7189fa', 'c2fc4479-d4a6-4f11-8bc4-ced67ca244c2', NULL, N'Trưởng bộ phận Nhà hàng', false);
INSERT INTO [HoTroCovid].[dbo].[ThongTinHoTro] (ID, IDNoiDung, IDDoiTuong, IDCaNhan) VALUES ('8147c61c-46f9-4e69-8d62-28c703b045b4', 1, NULL, 'c2fc4479-d4a6-4f11-8bc4-ced67ca244c2');
INSERT INTO [HoTroCovid].[dbo].[HoSo] (ID, IDCaNhan, IDNoiDungHoTro, IDDoiTuong, SoThang, SoTien, ThanhTien, IDThongTinHoTro, DaChi, NguoiTao) VALUES ('d436f588-9d7a-419a-862b-6717e9ff3a97', 'c2fc4479-d4a6-4f11-8bc4-ced67ca244c2', 1, NULL, 3, 1800000, 5400000, '8147c61c-46f9-4e69-8d62-28c703b045b4', 0, 'solaodong');
INSERT INTO [HoTroCovid].[dbo].[CaNhan] (ID, HoTen, GioiTinh, NgaySinh, CMND, SinhNam) VALUES ('c8d29c1e-2a66-48b0-a830-25d6ae51a049', N'Phạm Thị Hằng', NULL, '1992-08-09', '215244032', 1992);
INSERT INTO [HoTroCovid].[dbo].[CaNhan_DoanhNghiep] (ID, IDDoanhNghiep, IDCaNhan, IDDoiTuong, NgheNghiep, DaTra50) VALUES ('1cd69426-2828-421a-94f7-e5f46abb133c', '8f68b99e-5018-4e4c-9fdb-8acedd7189fa', 'c8d29c1e-2a66-48b0-a830-25d6ae51a049', NULL, N'Kế toán thanh toán', false);
INSERT INTO [HoTroCovid].[dbo].[ThongTinHoTro] (ID, IDNoiDung, IDDoiTuong, IDCaNhan) VALUES ('3c99f915-79ab-4bca-8768-6a2fefa35c26', 1, NULL, 'c8d29c1e-2a66-48b0-a830-25d6ae51a049');
INSERT INTO [HoTroCovid].[dbo].[HoSo] (ID, IDCaNhan, IDNoiDungHoTro, IDDoiTuong, SoThang, SoTien, ThanhTien, IDThongTinHoTro, DaChi, NguoiTao) VALUES ('1b179a1c-8b25-4125-936d-5118065f49da', 'c8d29c1e-2a66-48b0-a830-25d6ae51a049', 1, NULL, 3, 1800000, 5400000, '3c99f915-79ab-4bca-8768-6a2fefa35c26', 0, 'solaodong');
INSERT INTO [HoTroCovid].[dbo].[CaNhan] (ID, HoTen, GioiTinh, NgaySinh, CMND, SinhNam) VALUES ('21b3b68c-e587-4153-bcb2-d50de3f719c2', N'Trần Ngọc Son', 1, '1989-03-02', '215119150', 1989);
INSERT INTO [HoTroCovid].[dbo].[CaNhan_DoanhNghiep] (ID, IDDoanhNghiep, IDCaNhan, IDDoiTuong, NgheNghiep, DaTra50) VALUES ('b6096ec1-02ed-4bfd-bf3f-2d2d4e6da3dc', '8f68b99e-5018-4e4c-9fdb-8acedd7189fa', '21b3b68c-e587-4153-bcb2-d50de3f719c2', NULL, N'Kế toán nhận hàng', false);
INSERT INTO [HoTroCovid].[dbo].[ThongTinHoTro] (ID, IDNoiDung, IDDoiTuong, IDCaNhan) VALUES ('9f39160a-8d56-4fe6-80b9-69c00e30bde4', 1, NULL, '21b3b68c-e587-4153-bcb2-d50de3f719c2');
INSERT INTO [HoTroCovid].[dbo].[HoSo] (ID, IDCaNhan, IDNoiDungHoTro, IDDoiTuong, SoThang, SoTien, ThanhTien, IDThongTinHoTro, DaChi, NguoiTao) VALUES ('391ffa2c-069f-42be-9778-699cfa3204fd', '21b3b68c-e587-4153-bcb2-d50de3f719c2', 1, NULL, 3, 1800000, 5400000, '9f39160a-8d56-4fe6-80b9-69c00e30bde4', 0, 'solaodong');
INSERT INTO [HoTroCovid].[dbo].[CaNhan] (ID, HoTen, GioiTinh, NgaySinh, CMND, SinhNam) VALUES ('11fd730f-ebd1-40c3-b0c1-72fa9e3a0c35', N'Lê Thị Kiển', NULL, '1990-10-29', '215151631', 1990);
INSERT INTO [HoTroCovid].[dbo].[CaNhan_DoanhNghiep] (ID, IDDoanhNghiep, IDCaNhan, IDDoiTuong, NgheNghiep, DaTra50) VALUES ('1d0a8657-1cd5-498b-ae3d-895f4361bf84', '8f68b99e-5018-4e4c-9fdb-8acedd7189fa', '11fd730f-ebd1-40c3-b0c1-72fa9e3a0c35', NULL, N'Nhân viên thu ngân', false);
INSERT INTO [HoTroCovid].[dbo].[ThongTinHoTro] (ID, IDNoiDung, IDDoiTuong, IDCaNhan) VALUES ('925dc4fe-9116-4535-8348-f305346bd5af', 1, NULL, '11fd730f-ebd1-40c3-b0c1-72fa9e3a0c35');
INSERT INTO [HoTroCovid].[dbo].[HoSo] (ID, IDCaNhan, IDNoiDungHoTro, IDDoiTuong, SoThang, SoTien, ThanhTien, IDThongTinHoTro, DaChi, NguoiTao) VALUES ('87de3a26-b5d4-4d66-b265-ec32bf9c7713', '11fd730f-ebd1-40c3-b0c1-72fa9e3a0c35', 1, NULL, 3, 1800000, 5400000, '925dc4fe-9116-4535-8348-f305346bd5af', 0, 'solaodong');
INSERT INTO [HoTroCovid].[dbo].[CaNhan] (ID, HoTen, GioiTinh, NgaySinh, CMND, SinhNam) VALUES ('8ec49aec-039c-4012-8391-1df545345845', N'Lê Thị Hà Nhi', NULL, '1998-09-22', '215445247', 1998);
INSERT INTO [HoTroCovid].[dbo].[CaNhan_DoanhNghiep] (ID, IDDoanhNghiep, IDCaNhan, IDDoiTuong, NgheNghiep, DaTra50) VALUES ('25315136-9f05-4c9f-848c-285fac1c6a90', '8f68b99e-5018-4e4c-9fdb-8acedd7189fa', '8ec49aec-039c-4012-8391-1df545345845', NULL, N'Nhân viên phục vụ', false);
INSERT INTO [HoTroCovid].[dbo].[ThongTinHoTro] (ID, IDNoiDung, IDDoiTuong, IDCaNhan) VALUES ('54ae3184-e5ba-455c-a894-80f22c0adf21', 1, NULL, '8ec49aec-039c-4012-8391-1df545345845');
INSERT INTO [HoTroCovid].[dbo].[HoSo] (ID, IDCaNhan, IDNoiDungHoTro, IDDoiTuong, SoThang, SoTien, ThanhTien, IDThongTinHoTro, DaChi, NguoiTao) VALUES ('6e5aaf0e-3a6b-4264-8f80-9c212b47a659', '8ec49aec-039c-4012-8391-1df545345845', 1, NULL, 3, 1800000, 5400000, '54ae3184-e5ba-455c-a894-80f22c0adf21', 0, 'solaodong');
INSERT INTO [HoTroCovid].[dbo].[CaNhan] (ID, HoTen, GioiTinh, NgaySinh, CMND, SinhNam) VALUES ('db0badb4-180a-4b1f-ad1e-8008424a531f', N'Nguyễn Thị Mơ', NULL, '1990-05-05', '215220129', 1990);
INSERT INTO [HoTroCovid].[dbo].[CaNhan_DoanhNghiep] (ID, IDDoanhNghiep, IDCaNhan, IDDoiTuong, NgheNghiep, DaTra50) VALUES ('146cadb3-9b01-4bf6-b39d-42610a5dd8ec', '8f68b99e-5018-4e4c-9fdb-8acedd7189fa', 'db0badb4-180a-4b1f-ad1e-8008424a531f', NULL, N'Nhân viên tạp vụ', false);
INSERT INTO [HoTroCovid].[dbo].[ThongTinHoTro] (ID, IDNoiDung, IDDoiTuong, IDCaNhan) VALUES ('fff7b977-c5a8-4bde-9e5d-10eb22cf4552', 1, NULL, 'db0badb4-180a-4b1f-ad1e-8008424a531f');
INSERT INTO [HoTroCovid].[dbo].[HoSo] (ID, IDCaNhan, IDNoiDungHoTro, IDDoiTuong, SoThang, SoTien, ThanhTien, IDThongTinHoTro, DaChi, NguoiTao) VALUES ('e750cb1e-c5a3-4915-9777-a10d8dd855dd', 'db0badb4-180a-4b1f-ad1e-8008424a531f', 1, NULL, 3, 1800000, 5400000, 'fff7b977-c5a8-4bde-9e5d-10eb22cf4552', 0, 'solaodong');
INSERT INTO [HoTroCovid].[dbo].[CaNhan] (ID, HoTen, GioiTinh, NgaySinh, CMND, SinhNam) VALUES ('c1571df5-5ae0-44cb-b2b1-dde8d5a5e132', N'Nguyễn Thị Huyền', NULL, '1993-05-01', '215355808', 1993);
INSERT INTO [HoTroCovid].[dbo].[CaNhan_DoanhNghiep] (ID, IDDoanhNghiep, IDCaNhan, IDDoiTuong, NgheNghiep, DaTra50) VALUES ('d508233e-4c30-405b-942f-c38aa6a30a5f', '8f68b99e-5018-4e4c-9fdb-8acedd7189fa', 'c1571df5-5ae0-44cb-b2b1-dde8d5a5e132', NULL, N'Nhân viên Spa', false);
INSERT INTO [HoTroCovid].[dbo].[ThongTinHoTro] (ID, IDNoiDung, IDDoiTuong, IDCaNhan) VALUES ('f7f1c01a-6f57-4e6b-9242-44233d81094d', 1, NULL, 'c1571df5-5ae0-44cb-b2b1-dde8d5a5e132');
INSERT INTO [HoTroCovid].[dbo].[HoSo] (ID, IDCaNhan, IDNoiDungHoTro, IDDoiTuong, SoThang, SoTien, ThanhTien, IDThongTinHoTro, DaChi, NguoiTao) VALUES ('75866f4f-ca61-4e7e-b5c0-7f79d1116b0f', 'c1571df5-5ae0-44cb-b2b1-dde8d5a5e132', 1, NULL, 3, 1800000, 5400000, 'f7f1c01a-6f57-4e6b-9242-44233d81094d', 0, 'solaodong');
INSERT INTO [HoTroCovid].[dbo].[CaNhan] (ID, HoTen, GioiTinh, NgaySinh, CMND, SinhNam) VALUES ('a024a4c8-ad86-4939-b7ca-9894d9c2dbb3', N'Bùi Minh Tài', 1, '1998-10-20', '215485737', 1998);
INSERT INTO [HoTroCovid].[dbo].[CaNhan_DoanhNghiep] (ID, IDDoanhNghiep, IDCaNhan, IDDoiTuong, NgheNghiep, DaTra50) VALUES ('98c59cd3-4151-4eb1-8e24-f2837c16c35d', '8f68b99e-5018-4e4c-9fdb-8acedd7189fa', 'a024a4c8-ad86-4939-b7ca-9894d9c2dbb3', NULL, N'Nhân viên phụ bếp', false);
INSERT INTO [HoTroCovid].[dbo].[ThongTinHoTro] (ID, IDNoiDung, IDDoiTuong, IDCaNhan) VALUES ('25ef99bf-ff7a-436e-85a0-484b4008d432', 1, NULL, 'a024a4c8-ad86-4939-b7ca-9894d9c2dbb3');
INSERT INTO [HoTroCovid].[dbo].[HoSo] (ID, IDCaNhan, IDNoiDungHoTro, IDDoiTuong, SoThang, SoTien, ThanhTien, IDThongTinHoTro, DaChi, NguoiTao) VALUES ('0e373b48-40fe-441b-8754-540a877896c8', 'a024a4c8-ad86-4939-b7ca-9894d9c2dbb3', 1, NULL, 3, 1800000, 5400000, '25ef99bf-ff7a-436e-85a0-484b4008d432', 0, 'solaodong');
INSERT INTO [HoTroCovid].[dbo].[CaNhan] (ID, HoTen, GioiTinh, NgaySinh, CMND, SinhNam) VALUES ('cc09170c-22ff-445f-a035-b348d76151ab', N'Trần Ngọc Hào', 1, '1993-07-23', '212270374', 1993);
INSERT INTO [HoTroCovid].[dbo].[CaNhan_DoanhNghiep] (ID, IDDoanhNghiep, IDCaNhan, IDDoiTuong, NgheNghiep, DaTra50) VALUES ('3ea79db7-d299-4f78-955d-b50d331da6fe', '8f68b99e-5018-4e4c-9fdb-8acedd7189fa', 'cc09170c-22ff-445f-a035-b348d76151ab', NULL, N'Nhân viên Kỹ thuật', false);
INSERT INTO [HoTroCovid].[dbo].[ThongTinHoTro] (ID, IDNoiDung, IDDoiTuong, IDCaNhan) VALUES ('77416bf8-3c23-4660-ad48-bd5e4815cd52', 1, NULL, 'cc09170c-22ff-445f-a035-b348d76151ab');
INSERT INTO [HoTroCovid].[dbo].[HoSo] (ID, IDCaNhan, IDNoiDungHoTro, IDDoiTuong, SoThang, SoTien, ThanhTien, IDThongTinHoTro, DaChi, NguoiTao) VALUES ('db542f7d-30fb-4d3c-acaa-cea04fe77e5e', 'cc09170c-22ff-445f-a035-b348d76151ab', 1, NULL, 3, 1800000, 5400000, '77416bf8-3c23-4660-ad48-bd5e4815cd52', 0, 'solaodong');
INSERT INTO [HoTroCovid].[dbo].[CaNhan] (ID, HoTen, GioiTinh, NgaySinh, CMND, SinhNam) VALUES ('d2265611-0ef9-4ea2-b829-81de82223e6e', N'Lê Ngọc Quang', 1, '1983-04-11', '211738488', 1983);
INSERT INTO [HoTroCovid].[dbo].[CaNhan_DoanhNghiep] (ID, IDDoanhNghiep, IDCaNhan, IDDoiTuong, NgheNghiep, DaTra50) VALUES ('817aaaae-f7d6-4834-88a3-df584bbdaf52', '8f68b99e-5018-4e4c-9fdb-8acedd7189fa', 'd2265611-0ef9-4ea2-b829-81de82223e6e', NULL, N'Nhân viên Kinh doanh', false);
INSERT INTO [HoTroCovid].[dbo].[ThongTinHoTro] (ID, IDNoiDung, IDDoiTuong, IDCaNhan) VALUES ('119af489-01d6-40f2-b66b-5c122d6fe2c0', 1, NULL, 'd2265611-0ef9-4ea2-b829-81de82223e6e');
INSERT INTO [HoTroCovid].[dbo].[HoSo] (ID, IDCaNhan, IDNoiDungHoTro, IDDoiTuong, SoThang, SoTien, ThanhTien, IDThongTinHoTro, DaChi, NguoiTao) VALUES ('0a8e47bd-0572-45c7-bb36-ee1c8fc62049', 'd2265611-0ef9-4ea2-b829-81de82223e6e', 1, NULL, 3, 1800000, 5400000, '119af489-01d6-40f2-b66b-5c122d6fe2c0', 0, 'solaodong');
INSERT INTO [HoTroCovid].[dbo].[CaNhan] (ID, HoTen, GioiTinh, NgaySinh, CMND, SinhNam) VALUES ('9e9b4430-0f81-48c4-a0c5-367165751e57', N'Nguyễn Thị Yến Hảo', NULL, '1988-09-23', '215084178', 1988);
INSERT INTO [HoTroCovid].[dbo].[CaNhan_DoanhNghiep] (ID, IDDoanhNghiep, IDCaNhan, IDDoiTuong, NgheNghiep, DaTra50) VALUES ('2f3a6e09-da2d-4e19-8575-3ffa474acb84', '8f68b99e-5018-4e4c-9fdb-8acedd7189fa', '9e9b4430-0f81-48c4-a0c5-367165751e57', NULL, N'Nhân viên phụ bếp', false);
INSERT INTO [HoTroCovid].[dbo].[ThongTinHoTro] (ID, IDNoiDung, IDDoiTuong, IDCaNhan) VALUES ('fc4e0ca6-2795-4236-a5c6-c31e94162a33', 1, NULL, '9e9b4430-0f81-48c4-a0c5-367165751e57');
INSERT INTO [HoTroCovid].[dbo].[HoSo] (ID, IDCaNhan, IDNoiDungHoTro, IDDoiTuong, SoThang, SoTien, ThanhTien, IDThongTinHoTro, DaChi, NguoiTao) VALUES ('d6314286-8203-4a5d-89ed-215c95d6b3b2', '9e9b4430-0f81-48c4-a0c5-367165751e57', 1, NULL, 3, 1800000, 5400000, 'fc4e0ca6-2795-4236-a5c6-c31e94162a33', 0, 'solaodong');
INSERT INTO [HoTroCovid].[dbo].[CaNhan] (ID, HoTen, GioiTinh, NgaySinh, CMND, SinhNam) VALUES ('26a0f724-d268-4f60-91c2-a7bc622158cd', N'Phan Thùy Dương', NULL, '1992-04-20', '215193965', 1992);
INSERT INTO [HoTroCovid].[dbo].[CaNhan_DoanhNghiep] (ID, IDDoanhNghiep, IDCaNhan, IDDoiTuong, NgheNghiep, DaTra50) VALUES ('0f51d4a8-044c-4674-a0d3-969182058c55', '8f68b99e-5018-4e4c-9fdb-8acedd7189fa', '26a0f724-d268-4f60-91c2-a7bc622158cd', NULL, N'Nhân viên Nhân sự', false);
INSERT INTO [HoTroCovid].[dbo].[ThongTinHoTro] (ID, IDNoiDung, IDDoiTuong, IDCaNhan) VALUES ('0ad1e804-5ab9-48cc-b7cf-0a83c6fab273', 1, NULL, '26a0f724-d268-4f60-91c2-a7bc622158cd');
INSERT INTO [HoTroCovid].[dbo].[HoSo] (ID, IDCaNhan, IDNoiDungHoTro, IDDoiTuong, SoThang, SoTien, ThanhTien, IDThongTinHoTro, DaChi, NguoiTao) VALUES ('596071ba-faf2-4745-817e-c082a21a4478', '26a0f724-d268-4f60-91c2-a7bc622158cd', 1, NULL, 3, 1800000, 5400000, '0ad1e804-5ab9-48cc-b7cf-0a83c6fab273', 0, 'solaodong');
INSERT INTO [HoTroCovid].[dbo].[CaNhan] (ID, HoTen, GioiTinh, NgaySinh, CMND, SinhNam) VALUES ('5dd6530e-4647-4584-b98f-9578f0bf7fd7', N'Trần Anh Khoa', 1, '1989-12-22', '215110979', 1989);
INSERT INTO [HoTroCovid].[dbo].[CaNhan_DoanhNghiep] (ID, IDDoanhNghiep, IDCaNhan, IDDoiTuong, NgheNghiep, DaTra50) VALUES ('1ad723bd-e9de-4ae4-aa0e-99d7a3082976', '8f68b99e-5018-4e4c-9fdb-8acedd7189fa', '5dd6530e-4647-4584-b98f-9578f0bf7fd7', NULL, N'Nhân viên Kỹ thuật', null);
INSERT INTO [HoTroCovid].[dbo].[ThongTinHoTro] (ID, IDNoiDung, IDDoiTuong, IDCaNhan) VALUES ('71b9cb2e-a700-48dc-b7de-d2f7c09b0d93', 1, NULL, '5dd6530e-4647-4584-b98f-9578f0bf7fd7');
INSERT INTO [HoTroCovid].[dbo].[HoSo] (ID, IDCaNhan, IDNoiDungHoTro, IDDoiTuong, SoThang, SoTien, ThanhTien, IDThongTinHoTro, DaChi, NguoiTao) VALUES ('831830f1-bbee-40e8-af35-c70ef0272ee0', '5dd6530e-4647-4584-b98f-9578f0bf7fd7', 1, NULL, 3, 1800000, 5400000, '71b9cb2e-a700-48dc-b7de-d2f7c09b0d93', 0, 'solaodong');
INSERT INTO [HoTroCovid].[dbo].[CaNhan] (ID, HoTen, GioiTinh, NgaySinh, CMND, SinhNam) VALUES ('13bdcd55-0d99-4b07-aafc-dffde74b8226', N'Phan Đình Phú', 1, '1987-10-06', '215191064', 1987);
INSERT INTO [HoTroCovid].[dbo].[CaNhan_DoanhNghiep] (ID, IDDoanhNghiep, IDCaNhan, IDDoiTuong, NgheNghiep, DaTra50) VALUES ('741e7836-85c1-47d4-98e8-1e180f5d2038', '8f68b99e-5018-4e4c-9fdb-8acedd7189fa', '13bdcd55-0d99-4b07-aafc-dffde74b8226', NULL, N'Nhân viên An ninh', null);
INSERT INTO [HoTroCovid].[dbo].[ThongTinHoTro] (ID, IDNoiDung, IDDoiTuong, IDCaNhan) VALUES ('25e004bc-70dc-48fd-98ff-6ed58d4bb3e3', 1, NULL, '13bdcd55-0d99-4b07-aafc-dffde74b8226');
INSERT INTO [HoTroCovid].[dbo].[HoSo] (ID, IDCaNhan, IDNoiDungHoTro, IDDoiTuong, SoThang, SoTien, ThanhTien, IDThongTinHoTro, DaChi, NguoiTao) VALUES ('124600d1-78f0-442c-954d-438e73d6d3fe', '13bdcd55-0d99-4b07-aafc-dffde74b8226', 1, NULL, 3, 1800000, 5400000, '25e004bc-70dc-48fd-98ff-6ed58d4bb3e3', 0, 'solaodong');
INSERT INTO [HoTroCovid].[dbo].[CaNhan] (ID, HoTen, GioiTinh, NgaySinh, CMND, SinhNam) VALUES ('ac5f0a16-ac4c-44bd-9b59-f6927f3f62f7', N'Lưu Thị Mỹ Hiệp', NULL, '1994-09-20', '215295684', 1994);
INSERT INTO [HoTroCovid].[dbo].[CaNhan_DoanhNghiep] (ID, IDDoanhNghiep, IDCaNhan, IDDoiTuong, NgheNghiep, DaTra50) VALUES ('cce666ac-9fe1-4832-835a-6da9b79cf097', 'e49841c9-785e-405e-9bf6-c9e9638c10e4', 'ac5f0a16-ac4c-44bd-9b59-f6927f3f62f7', NULL, N'CNCBHSĐL', null);
INSERT INTO [HoTroCovid].[dbo].[ThongTinHoTro] (ID, IDNoiDung, IDDoiTuong, IDCaNhan) VALUES ('209a7930-7bc2-4f98-acd2-bea07ffc9efc', 1, NULL, 'ac5f0a16-ac4c-44bd-9b59-f6927f3f62f7');
INSERT INTO [HoTroCovid].[dbo].[HoSo] (ID, IDCaNhan, IDNoiDungHoTro, IDDoiTuong, SoThang, SoTien, ThanhTien, IDThongTinHoTro, DaChi, NguoiTao) VALUES ('44d5113f-f76d-4c6d-a99c-e84ae9fc48de', 'ac5f0a16-ac4c-44bd-9b59-f6927f3f62f7', 1, NULL, 3, 1800000, 5400000, '209a7930-7bc2-4f98-acd2-bea07ffc9efc', 0, 'solaodong');
INSERT INTO [HoTroCovid].[dbo].[CaNhan] (ID, HoTen, GioiTinh, NgaySinh, CMND, SinhNam) VALUES ('b388f222-df3c-45eb-9c1d-a088843930b5', N'Đặng Thị Ngọc Vân', NULL, '1972-04-30', '211760012', 1972);
INSERT INTO [HoTroCovid].[dbo].[CaNhan_DoanhNghiep] (ID, IDDoanhNghiep, IDCaNhan, IDDoiTuong, NgheNghiep, DaTra50) VALUES ('ce3dcdbd-7984-4235-ae30-13c8d502cab7', '8f68b99e-5018-4e4c-9fdb-8acedd7189fa', 'b388f222-df3c-45eb-9c1d-a088843930b5', NULL, N'Nhân viên tạp vụ', false);
INSERT INTO [HoTroCovid].[dbo].[ThongTinHoTro] (ID, IDNoiDung, IDDoiTuong, IDCaNhan) VALUES ('4e88de8a-e971-45ba-96a7-005724e26112', 1, NULL, 'b388f222-df3c-45eb-9c1d-a088843930b5');
INSERT INTO [HoTroCovid].[dbo].[HoSo] (ID, IDCaNhan, IDNoiDungHoTro, IDDoiTuong, SoThang, SoTien, ThanhTien, IDThongTinHoTro, DaChi, NguoiTao) VALUES ('f76ade94-4b82-4954-a526-cf0c4247063b', 'b388f222-df3c-45eb-9c1d-a088843930b5', 1, NULL, 3, 1800000, 5400000, '4e88de8a-e971-45ba-96a7-005724e26112', 0, 'solaodong');
INSERT INTO [HoTroCovid].[dbo].[CaNhan] (ID, HoTen, GioiTinh, NgaySinh, CMND, SinhNam) VALUES ('16e844c0-b942-4c79-9db7-255b61b6bf40', N'Lê Đình Sỹ', 1, '1990-07-24', '225119331', 1990);
INSERT INTO [HoTroCovid].[dbo].[CaNhan_DoanhNghiep] (ID, IDDoanhNghiep, IDCaNhan, IDDoiTuong, NgheNghiep, DaTra50) VALUES ('a774b815-61fd-48f2-bbe8-36d602386870', '8f68b99e-5018-4e4c-9fdb-8acedd7189fa', '16e844c0-b942-4c79-9db7-255b61b6bf40', NULL, N'Giám sát An ninh', false);
INSERT INTO [HoTroCovid].[dbo].[ThongTinHoTro] (ID, IDNoiDung, IDDoiTuong, IDCaNhan) VALUES ('cb817fd1-7170-4af8-acd1-a867c5f0cc1b', 1, NULL, '16e844c0-b942-4c79-9db7-255b61b6bf40');
INSERT INTO [HoTroCovid].[dbo].[HoSo] (ID, IDCaNhan, IDNoiDungHoTro, IDDoiTuong, SoThang, SoTien, ThanhTien, IDThongTinHoTro, DaChi, NguoiTao) VALUES ('0856faaf-1af8-40c4-adc9-43f8b48142ea', '16e844c0-b942-4c79-9db7-255b61b6bf40', 1, NULL, 3, 1800000, 5400000, 'cb817fd1-7170-4af8-acd1-a867c5f0cc1b', 0, 'solaodong');
INSERT INTO [HoTroCovid].[dbo].[CaNhan] (ID, HoTen, GioiTinh, NgaySinh, CMND, SinhNam) VALUES ('56c46591-1c05-4c87-9680-4f016e40b140', N'Dương Thị Kim Nga', NULL, '1994-10-30', '215321969', 1994);
INSERT INTO [HoTroCovid].[dbo].[CaNhan_DoanhNghiep] (ID, IDDoanhNghiep, IDCaNhan, IDDoiTuong, NgheNghiep, DaTra50) VALUES ('0d878ca5-3cbe-4b6f-9bb2-f7707922945b', '8f68b99e-5018-4e4c-9fdb-8acedd7189fa', '56c46591-1c05-4c87-9680-4f016e40b140', NULL, N'Nhân viên tạp vụ', false);
INSERT INTO [HoTroCovid].[dbo].[ThongTinHoTro] (ID, IDNoiDung, IDDoiTuong, IDCaNhan) VALUES ('1e7a914a-df15-446f-944c-81f613b11a51', 1, NULL, '56c46591-1c05-4c87-9680-4f016e40b140');
INSERT INTO [HoTroCovid].[dbo].[HoSo] (ID, IDCaNhan, IDNoiDungHoTro, IDDoiTuong, SoThang, SoTien, ThanhTien, IDThongTinHoTro, DaChi, NguoiTao) VALUES ('a4a1a967-9240-47fb-8e63-c769317e945d', '56c46591-1c05-4c87-9680-4f016e40b140', 1, NULL, 3, 1800000, 5400000, '1e7a914a-df15-446f-944c-81f613b11a51', 0, 'solaodong');
INSERT INTO [HoTroCovid].[dbo].[CaNhan] (ID, HoTen, GioiTinh, NgaySinh, CMND, SinhNam) VALUES ('42688f27-36c6-4644-a46f-f77a9ef04439', N'Thân Thị Hồng Nhung', NULL, '1980-05-11', '211716784', 1980);
INSERT INTO [HoTroCovid].[dbo].[CaNhan_DoanhNghiep] (ID, IDDoanhNghiep, IDCaNhan, IDDoiTuong, NgheNghiep, DaTra50) VALUES ('8af22c8f-01f8-4757-ba37-ad6dfb427c17', '8f68b99e-5018-4e4c-9fdb-8acedd7189fa', '42688f27-36c6-4644-a46f-f77a9ef04439', NULL, N'Phó GĐ
 Kinh doanh -Tiếp thị', false);
INSERT INTO [HoTroCovid].[dbo].[ThongTinHoTro] (ID, IDNoiDung, IDDoiTuong, IDCaNhan) VALUES ('9c1e8129-1b9a-43b0-b573-e6d1d607b154', 1, NULL, '42688f27-36c6-4644-a46f-f77a9ef04439');
INSERT INTO [HoTroCovid].[dbo].[HoSo] (ID, IDCaNhan, IDNoiDungHoTro, IDDoiTuong, SoThang, SoTien, ThanhTien, IDThongTinHoTro, DaChi, NguoiTao) VALUES ('23517374-cec8-4a1e-a1a2-05f147221e02', '42688f27-36c6-4644-a46f-f77a9ef04439', 1, NULL, 3, 1800000, 5400000, '9c1e8129-1b9a-43b0-b573-e6d1d607b154', 0, 'solaodong');
INSERT INTO [HoTroCovid].[dbo].[CaNhan] (ID, HoTen, GioiTinh, NgaySinh, CMND, SinhNam) VALUES ('1011cd06-0907-4d18-b933-4be64d6a2abf', N'Đoàn Ngọc Khánh', 1, '1990-10-31', '215166091', 1990);
INSERT INTO [HoTroCovid].[dbo].[CaNhan_DoanhNghiep] (ID, IDDoanhNghiep, IDCaNhan, IDDoiTuong, NgheNghiep, DaTra50) VALUES ('9c2eca42-c62a-4ee1-a888-b22f4c715fb6', 'c4ad3bb1-1bb2-4fb2-944c-499807906727', '1011cd06-0907-4d18-b933-4be64d6a2abf', NULL, N'Nhân Viên', null);
INSERT INTO [HoTroCovid].[dbo].[ThongTinHoTro] (ID, IDNoiDung, IDDoiTuong, IDCaNhan) VALUES ('ff6c8b92-ec4a-48f4-9b02-0cb66f6711bb', 1, NULL, '1011cd06-0907-4d18-b933-4be64d6a2abf');
INSERT INTO [HoTroCovid].[dbo].[HoSo] (ID, IDCaNhan, IDNoiDungHoTro, IDDoiTuong, SoThang, SoTien, ThanhTien, IDThongTinHoTro, DaChi, NguoiTao) VALUES ('ea17ad83-c735-47f9-8293-4dd1873a3a14', '1011cd06-0907-4d18-b933-4be64d6a2abf', 1, NULL, 3, 1800000, 5400000, 'ff6c8b92-ec4a-48f4-9b02-0cb66f6711bb', 0, 'solaodong');
INSERT INTO [HoTroCovid].[dbo].[CaNhan] (ID, HoTen, GioiTinh, NgaySinh, CMND, SinhNam) VALUES ('f5e7ed6a-63db-4ba3-b85b-9eaf2809603e', N'Lý Mai Thủy Tiên', NULL, '1989-08-08', '25118345', 1989);
INSERT INTO [HoTroCovid].[dbo].[CaNhan_DoanhNghiep] (ID, IDDoanhNghiep, IDCaNhan, IDDoiTuong, NgheNghiep, DaTra50) VALUES ('29bd8728-48e2-4f3e-ad78-df9f3d2e2e7b', '8f68b99e-5018-4e4c-9fdb-8acedd7189fa', 'f5e7ed6a-63db-4ba3-b85b-9eaf2809603e', NULL, N'Trưởng BP đặt phòng và kênh phân phối', false);
INSERT INTO [HoTroCovid].[dbo].[ThongTinHoTro] (ID, IDNoiDung, IDDoiTuong, IDCaNhan) VALUES ('255fd9e8-657f-41e0-b4f3-46840ae73966', 1, NULL, 'f5e7ed6a-63db-4ba3-b85b-9eaf2809603e');
INSERT INTO [HoTroCovid].[dbo].[HoSo] (ID, IDCaNhan, IDNoiDungHoTro, IDDoiTuong, SoThang, SoTien, ThanhTien, IDThongTinHoTro, DaChi, NguoiTao) VALUES ('5d10e2d8-a31d-40ba-86a6-0dfbb77b5768', 'f5e7ed6a-63db-4ba3-b85b-9eaf2809603e', 1, NULL, 3, 1800000, 5400000, '255fd9e8-657f-41e0-b4f3-46840ae73966', 0, 'solaodong');
INSERT INTO [HoTroCovid].[dbo].[CaNhan] (ID, HoTen, GioiTinh, NgaySinh, CMND, SinhNam) VALUES ('f6966377-cb4a-4a47-bbc6-bd388b0ec21f', N'Nguyễn Thị Nhật Học', NULL, '1995-07-01', '215274073', 1995);
INSERT INTO [HoTroCovid].[dbo].[CaNhan_DoanhNghiep] (ID, IDDoanhNghiep, IDCaNhan, IDDoiTuong, NgheNghiep, DaTra50) VALUES ('70cdf95d-05b3-417e-867c-2058ab6bfb86', '8f68b99e-5018-4e4c-9fdb-8acedd7189fa', 'f6966377-cb4a-4a47-bbc6-bd388b0ec21f', NULL, N'Nhân viên Bếp lạnh', false);
INSERT INTO [HoTroCovid].[dbo].[ThongTinHoTro] (ID, IDNoiDung, IDDoiTuong, IDCaNhan) VALUES ('d4ef1df9-ef64-45a9-8cb8-8b0f6da298fa', 1, NULL, 'f6966377-cb4a-4a47-bbc6-bd388b0ec21f');
INSERT INTO [HoTroCovid].[dbo].[HoSo] (ID, IDCaNhan, IDNoiDungHoTro, IDDoiTuong, SoThang, SoTien, ThanhTien, IDThongTinHoTro, DaChi, NguoiTao) VALUES ('d73a1827-5081-4172-a9ba-3ea16b5b6e64', 'f6966377-cb4a-4a47-bbc6-bd388b0ec21f', 1, NULL, 3, 1800000, 5400000, 'd4ef1df9-ef64-45a9-8cb8-8b0f6da298fa', 0, 'solaodong');
INSERT INTO [HoTroCovid].[dbo].[CaNhan] (ID, HoTen, GioiTinh, NgaySinh, CMND, SinhNam) VALUES ('9c41acb0-0b28-4159-94b4-90946bc771d8', N'Nguyễn Văn Tuấn', 1, '1970-11-29', '260572225', 1970);
INSERT INTO [HoTroCovid].[dbo].[CaNhan_DoanhNghiep] (ID, IDDoanhNghiep, IDCaNhan, IDDoiTuong, NgheNghiep, DaTra50) VALUES ('6a2834ee-d807-4a25-8340-e4cea6a549fc', '8f68b99e-5018-4e4c-9fdb-8acedd7189fa', '9c41acb0-0b28-4159-94b4-90946bc771d8', NULL, N'Giám đốc Kinh doanh', false);
INSERT INTO [HoTroCovid].[dbo].[ThongTinHoTro] (ID, IDNoiDung, IDDoiTuong, IDCaNhan) VALUES ('843e3b7a-b17d-46bf-a3be-7847e97a4464', 1, NULL, '9c41acb0-0b28-4159-94b4-90946bc771d8');
INSERT INTO [HoTroCovid].[dbo].[HoSo] (ID, IDCaNhan, IDNoiDungHoTro, IDDoiTuong, SoThang, SoTien, ThanhTien, IDThongTinHoTro, DaChi, NguoiTao) VALUES ('069e6c00-f786-4d38-ab20-2b7cab0fcf12', '9c41acb0-0b28-4159-94b4-90946bc771d8', 1, NULL, 3, 1800000, 5400000, '843e3b7a-b17d-46bf-a3be-7847e97a4464', 0, 'solaodong');
INSERT INTO [HoTroCovid].[dbo].[CaNhan] (ID, HoTen, GioiTinh, NgaySinh, CMND, SinhNam) VALUES ('8c513fab-fa52-4f5f-ad3e-57eee6cadf51', N'Nguyễn Thị Hữu Sang', NULL, '1995-08-07', '215340743', 1995);
INSERT INTO [HoTroCovid].[dbo].[CaNhan_DoanhNghiep] (ID, IDDoanhNghiep, IDCaNhan, IDDoiTuong, NgheNghiep, DaTra50) VALUES ('a79830fd-e6c5-492b-b9a8-47845662c007', '8f68b99e-5018-4e4c-9fdb-8acedd7189fa', '8c513fab-fa52-4f5f-ad3e-57eee6cadf51', NULL, N'Nhân viên Spa', false);
INSERT INTO [HoTroCovid].[dbo].[ThongTinHoTro] (ID, IDNoiDung, IDDoiTuong, IDCaNhan) VALUES ('b74430ef-e797-4520-b13c-e0438d4e7465', 1, NULL, '8c513fab-fa52-4f5f-ad3e-57eee6cadf51');
INSERT INTO [HoTroCovid].[dbo].[HoSo] (ID, IDCaNhan, IDNoiDungHoTro, IDDoiTuong, SoThang, SoTien, ThanhTien, IDThongTinHoTro, DaChi, NguoiTao) VALUES ('d46b3df6-2e71-4751-8a1a-75f84c8dbbe0', '8c513fab-fa52-4f5f-ad3e-57eee6cadf51', 1, NULL, 3, 1800000, 5400000, 'b74430ef-e797-4520-b13c-e0438d4e7465', 0, 'solaodong');
INSERT INTO [HoTroCovid].[dbo].[CaNhan] (ID, HoTen, GioiTinh, NgaySinh, CMND, SinhNam) VALUES ('7b5a94fd-e655-4680-a334-93dd75560f76', N'Văn Thị Xuân Thảo', NULL, '0003-03-19', '211760497', 0003);
INSERT INTO [HoTroCovid].[dbo].[CaNhan_DoanhNghiep] (ID, IDDoanhNghiep, IDCaNhan, IDDoiTuong, NgheNghiep, DaTra50) VALUES ('f9dbe5aa-0cb7-45b4-a9ef-e3d5dd47cb7d', '8f68b99e-5018-4e4c-9fdb-8acedd7189fa', '7b5a94fd-e655-4680-a334-93dd75560f76', NULL, N'Thu ngân', false);
INSERT INTO [HoTroCovid].[dbo].[ThongTinHoTro] (ID, IDNoiDung, IDDoiTuong, IDCaNhan) VALUES ('10ba9c02-c2c1-483e-8e29-812415a2c7c7', 1, NULL, '7b5a94fd-e655-4680-a334-93dd75560f76');
INSERT INTO [HoTroCovid].[dbo].[HoSo] (ID, IDCaNhan, IDNoiDungHoTro, IDDoiTuong, SoThang, SoTien, ThanhTien, IDThongTinHoTro, DaChi, NguoiTao) VALUES ('e45ccc19-22e3-42f8-8c8a-317246902a41', '7b5a94fd-e655-4680-a334-93dd75560f76', 1, NULL, 3, 1800000, 5400000, '10ba9c02-c2c1-483e-8e29-812415a2c7c7', 0, 'solaodong');
INSERT INTO [HoTroCovid].[dbo].[CaNhan] (ID, HoTen, GioiTinh, NgaySinh, CMND, SinhNam) VALUES ('a413210d-c9e8-4210-bfb8-92d0af753eab', N'Lữ Thị Kim Thúy', NULL, '1983-06-22', '211850725', 1983);
INSERT INTO [HoTroCovid].[dbo].[CaNhan_DoanhNghiep] (ID, IDDoanhNghiep, IDCaNhan, IDDoiTuong, NgheNghiep, DaTra50) VALUES ('9c6a6f6f-06c4-47f0-a122-682882cd4979', '8f68b99e-5018-4e4c-9fdb-8acedd7189fa', 'a413210d-c9e8-4210-bfb8-92d0af753eab', NULL, N'Nhân viên dọn phòng', false);
INSERT INTO [HoTroCovid].[dbo].[ThongTinHoTro] (ID, IDNoiDung, IDDoiTuong, IDCaNhan) VALUES ('38f9bc75-a840-462a-a85d-02c0c6cf18ea', 1, NULL, 'a413210d-c9e8-4210-bfb8-92d0af753eab');
INSERT INTO [HoTroCovid].[dbo].[HoSo] (ID, IDCaNhan, IDNoiDungHoTro, IDDoiTuong, SoThang, SoTien, ThanhTien, IDThongTinHoTro, DaChi, NguoiTao) VALUES ('bc3f6c18-5741-4745-8806-8b047da38e7c', 'a413210d-c9e8-4210-bfb8-92d0af753eab', 1, NULL, 3, 1800000, 5400000, '38f9bc75-a840-462a-a85d-02c0c6cf18ea', 0, 'solaodong');
INSERT INTO [HoTroCovid].[dbo].[CaNhan] (ID, HoTen, GioiTinh, NgaySinh, CMND, SinhNam) VALUES ('131fbdf0-445e-4484-aa06-4ff9b44179c9', N'Nguyễn Tiến Đạt', 1, '1987-10-08', '121699097', 1987);
INSERT INTO [HoTroCovid].[dbo].[CaNhan_DoanhNghiep] (ID, IDDoanhNghiep, IDCaNhan, IDDoiTuong, NgheNghiep, DaTra50) VALUES ('6f163cc2-2de5-40d3-ad17-40da8f41c538', '8f68b99e-5018-4e4c-9fdb-8acedd7189fa', '131fbdf0-445e-4484-aa06-4ff9b44179c9', NULL, N'Nhân viên Kinh doanh', false);
INSERT INTO [HoTroCovid].[dbo].[ThongTinHoTro] (ID, IDNoiDung, IDDoiTuong, IDCaNhan) VALUES ('f77c6691-e4ff-44c7-bec7-d499549c6694', 1, NULL, '131fbdf0-445e-4484-aa06-4ff9b44179c9');
INSERT INTO [HoTroCovid].[dbo].[HoSo] (ID, IDCaNhan, IDNoiDungHoTro, IDDoiTuong, SoThang, SoTien, ThanhTien, IDThongTinHoTro, DaChi, NguoiTao) VALUES ('4a60affa-54e8-4fe0-8da1-04a64e7f0061', '131fbdf0-445e-4484-aa06-4ff9b44179c9', 1, NULL, 3, 1800000, 5400000, 'f77c6691-e4ff-44c7-bec7-d499549c6694', 0, 'solaodong');
INSERT INTO [HoTroCovid].[dbo].[CaNhan] (ID, HoTen, GioiTinh, NgaySinh, CMND, SinhNam) VALUES ('db662e4d-b8c0-45f2-b304-b0cc9ae6cdc4', N'Nguyễn Thị Minh Phương', NULL, '1997-12-16', '215424322', 1997);
INSERT INTO [HoTroCovid].[dbo].[CaNhan_DoanhNghiep] (ID, IDDoanhNghiep, IDCaNhan, IDDoiTuong, NgheNghiep, DaTra50) VALUES ('38edb326-ce83-418c-b310-1386c28b2592', 'd0b238df-7762-4686-9dd8-74cb3efc86ec', 'db662e4d-b8c0-45f2-b304-b0cc9ae6cdc4', NULL, N'NV KCS', null);
INSERT INTO [HoTroCovid].[dbo].[ThongTinHoTro] (ID, IDNoiDung, IDDoiTuong, IDCaNhan) VALUES ('5b159e48-a77b-4b12-b487-32b01c0993c4', 1, NULL, 'db662e4d-b8c0-45f2-b304-b0cc9ae6cdc4');
INSERT INTO [HoTroCovid].[dbo].[HoSo] (ID, IDCaNhan, IDNoiDungHoTro, IDDoiTuong, SoThang, SoTien, ThanhTien, IDThongTinHoTro, DaChi, NguoiTao) VALUES ('aef08f84-d951-4c58-bcbc-a7975d520f96', 'db662e4d-b8c0-45f2-b304-b0cc9ae6cdc4', 1, NULL, 3, 1800000, 5400000, '5b159e48-a77b-4b12-b487-32b01c0993c4', 0, 'solaodong');
INSERT INTO [HoTroCovid].[dbo].[CaNhan] (ID, HoTen, GioiTinh, NgaySinh, CMND, SinhNam) VALUES ('eae1e7c3-665b-4486-b172-feeef967bebd', N'Hồ Nguyễn Nghĩa', NULL, '1993-04-28', '215289612', 1993);
INSERT INTO [HoTroCovid].[dbo].[CaNhan_DoanhNghiep] (ID, IDDoanhNghiep, IDCaNhan, IDDoiTuong, NgheNghiep, DaTra50) VALUES ('aff99f73-861e-42e0-8fea-7b3b47ea1474', 'd0b238df-7762-4686-9dd8-74cb3efc86ec', 'eae1e7c3-665b-4486-b172-feeef967bebd', NULL, N'Kế toán', null);
INSERT INTO [HoTroCovid].[dbo].[ThongTinHoTro] (ID, IDNoiDung, IDDoiTuong, IDCaNhan) VALUES ('082fdd33-b860-4b4f-b18c-ce01d17b2063', 1, NULL, 'eae1e7c3-665b-4486-b172-feeef967bebd');
INSERT INTO [HoTroCovid].[dbo].[HoSo] (ID, IDCaNhan, IDNoiDungHoTro, IDDoiTuong, SoThang, SoTien, ThanhTien, IDThongTinHoTro, DaChi, NguoiTao) VALUES ('f95b9a54-9976-4366-a9bd-0eab2bf5b0e2', 'eae1e7c3-665b-4486-b172-feeef967bebd', 1, NULL, 3, 1800000, 5400000, '082fdd33-b860-4b4f-b18c-ce01d17b2063', 0, 'solaodong');
INSERT INTO [HoTroCovid].[dbo].[CaNhan] (ID, HoTen, GioiTinh, NgaySinh, CMND, SinhNam) VALUES ('04f73b93-e146-47f1-9041-cbba20f2c15d', N'Phan Ngọc Mến', 1, '1986-09-09', '221144313', 1986);
INSERT INTO [HoTroCovid].[dbo].[CaNhan_DoanhNghiep] (ID, IDDoanhNghiep, IDCaNhan, IDDoiTuong, NgheNghiep, DaTra50) VALUES ('cbaeeac1-bafa-4c64-87ec-fb6f7fb8a3d8', 'd0b238df-7762-4686-9dd8-74cb3efc86ec', '04f73b93-e146-47f1-9041-cbba20f2c15d', NULL, N'KCS', null);
INSERT INTO [HoTroCovid].[dbo].[ThongTinHoTro] (ID, IDNoiDung, IDDoiTuong, IDCaNhan) VALUES ('c3a24c0d-628b-4729-9219-482cecab889e', 1, NULL, '04f73b93-e146-47f1-9041-cbba20f2c15d');
INSERT INTO [HoTroCovid].[dbo].[HoSo] (ID, IDCaNhan, IDNoiDungHoTro, IDDoiTuong, SoThang, SoTien, ThanhTien, IDThongTinHoTro, DaChi, NguoiTao) VALUES ('edd14227-5a9c-4e64-93b6-71d38f8d214c', '04f73b93-e146-47f1-9041-cbba20f2c15d', 1, NULL, 3, 1800000, 5400000, 'c3a24c0d-628b-4729-9219-482cecab889e', 0, 'solaodong');
INSERT INTO [HoTroCovid].[dbo].[CaNhan] (ID, HoTen, GioiTinh, NgaySinh, CMND, SinhNam) VALUES ('da080c61-b79c-4562-ad40-7961b59363e7', N'Phan Thanh Sơn', 1, '1995-09-16', '215303092', 1995);
INSERT INTO [HoTroCovid].[dbo].[CaNhan_DoanhNghiep] (ID, IDDoanhNghiep, IDCaNhan, IDDoiTuong, NgheNghiep, DaTra50) VALUES ('5433bba2-81a5-45f6-b81a-06b1413c9337', 'd0b238df-7762-4686-9dd8-74cb3efc86ec', 'da080c61-b79c-4562-ad40-7961b59363e7', NULL, N'NV XNK', null);
INSERT INTO [HoTroCovid].[dbo].[ThongTinHoTro] (ID, IDNoiDung, IDDoiTuong, IDCaNhan) VALUES ('640bca56-8c63-4cf8-b79b-becc67351bb9', 1, NULL, 'da080c61-b79c-4562-ad40-7961b59363e7');
INSERT INTO [HoTroCovid].[dbo].[HoSo] (ID, IDCaNhan, IDNoiDungHoTro, IDDoiTuong, SoThang, SoTien, ThanhTien, IDThongTinHoTro, DaChi, NguoiTao) VALUES ('a4c66ff4-c07b-4845-a73a-cd89249caaf1', 'da080c61-b79c-4562-ad40-7961b59363e7', 1, NULL, 3, 1800000, 5400000, '640bca56-8c63-4cf8-b79b-becc67351bb9', 0, 'solaodong');
INSERT INTO [HoTroCovid].[dbo].[CaNhan] (ID, HoTen, GioiTinh, NgaySinh, CMND, SinhNam) VALUES ('37ce483d-9f30-4317-8b1b-9f16f8416141', N'Trần Sơn', 1, '1958-11-25', '211300512', 1958);
INSERT INTO [HoTroCovid].[dbo].[CaNhan_DoanhNghiep] (ID, IDDoanhNghiep, IDCaNhan, IDDoiTuong, NgheNghiep, DaTra50) VALUES ('0f328238-e4c0-4fc3-aefe-11159243ba2a', '8f68b99e-5018-4e4c-9fdb-8acedd7189fa', '37ce483d-9f30-4317-8b1b-9f16f8416141', NULL, N'Nhân viên An ninh', false);
INSERT INTO [HoTroCovid].[dbo].[ThongTinHoTro] (ID, IDNoiDung, IDDoiTuong, IDCaNhan) VALUES ('5f32bb42-fc33-43c2-9d00-c5cea3be05bc', 1, NULL, '37ce483d-9f30-4317-8b1b-9f16f8416141');
INSERT INTO [HoTroCovid].[dbo].[HoSo] (ID, IDCaNhan, IDNoiDungHoTro, IDDoiTuong, SoThang, SoTien, ThanhTien, IDThongTinHoTro, DaChi, NguoiTao) VALUES ('b06c92d2-d5a1-4941-ab15-20b924c8a9dd', '37ce483d-9f30-4317-8b1b-9f16f8416141', 1, NULL, 3, 1800000, 5400000, '5f32bb42-fc33-43c2-9d00-c5cea3be05bc', 0, 'solaodong');
INSERT INTO [HoTroCovid].[dbo].[CaNhan] (ID, HoTen, GioiTinh, NgaySinh, CMND, SinhNam) VALUES ('12aedcae-a465-424d-804b-9f16e0ddfb13', N'Nguyễn Hữu Phát', 1, '1994-03-25', '215286085', 1994);
INSERT INTO [HoTroCovid].[dbo].[CaNhan_DoanhNghiep] (ID, IDDoanhNghiep, IDCaNhan, IDDoiTuong, NgheNghiep, DaTra50) VALUES ('1d52abdf-2a2c-40c3-9ba7-c0865b9b24ec', '8f68b99e-5018-4e4c-9fdb-8acedd7189fa', '12aedcae-a465-424d-804b-9f16e0ddfb13', NULL, N'Nhân viên IT', false);
INSERT INTO [HoTroCovid].[dbo].[ThongTinHoTro] (ID, IDNoiDung, IDDoiTuong, IDCaNhan) VALUES ('669249f2-2166-4f93-ad5c-7e1cab153d04', 1, NULL, '12aedcae-a465-424d-804b-9f16e0ddfb13');
INSERT INTO [HoTroCovid].[dbo].[HoSo] (ID, IDCaNhan, IDNoiDungHoTro, IDDoiTuong, SoThang, SoTien, ThanhTien, IDThongTinHoTro, DaChi, NguoiTao) VALUES ('d1b4ff6f-79d9-41a1-af21-41dff265190f', '12aedcae-a465-424d-804b-9f16e0ddfb13', 1, NULL, 3, 1800000, 5400000, '669249f2-2166-4f93-ad5c-7e1cab153d04', 0, 'solaodong');
INSERT INTO [HoTroCovid].[dbo].[CaNhan] (ID, HoTen, GioiTinh, NgaySinh, CMND, SinhNam) VALUES ('db10c9c5-1345-4454-b7d2-fd528e14e25e', N'Nguyễn Cao Thắm', NULL, '1993-08-03', '221357863', 1993);
INSERT INTO [HoTroCovid].[dbo].[CaNhan_DoanhNghiep] (ID, IDDoanhNghiep, IDCaNhan, IDDoiTuong, NgheNghiep, DaTra50) VALUES ('2b4e86d9-7ce6-4600-b1e3-2b946cac5da3', '8f68b99e-5018-4e4c-9fdb-8acedd7189fa', 'db10c9c5-1345-4454-b7d2-fd528e14e25e', NULL, N'Nhân viên Đặt phòng', false);
INSERT INTO [HoTroCovid].[dbo].[ThongTinHoTro] (ID, IDNoiDung, IDDoiTuong, IDCaNhan) VALUES ('7dcd5f00-7182-4309-8dda-88556e386c26', 1, NULL, 'db10c9c5-1345-4454-b7d2-fd528e14e25e');
INSERT INTO [HoTroCovid].[dbo].[HoSo] (ID, IDCaNhan, IDNoiDungHoTro, IDDoiTuong, SoThang, SoTien, ThanhTien, IDThongTinHoTro, DaChi, NguoiTao) VALUES ('dedd7f9c-6637-41f3-ae3e-32fa3d058808', 'db10c9c5-1345-4454-b7d2-fd528e14e25e', 1, NULL, 3, 1800000, 5400000, '7dcd5f00-7182-4309-8dda-88556e386c26', 0, 'solaodong');
INSERT INTO [HoTroCovid].[dbo].[CaNhan] (ID, HoTen, GioiTinh, NgaySinh, CMND, SinhNam) VALUES ('b54394f2-f07b-4eeb-9ccc-258b693f0c49', N'Đỗ Thị Thanh Xuân', NULL, '1992-05-29', '215260281', 1992);
INSERT INTO [HoTroCovid].[dbo].[CaNhan_DoanhNghiep] (ID, IDDoanhNghiep, IDCaNhan, IDDoiTuong, NgheNghiep, DaTra50) VALUES ('375a3d5c-be6d-48e6-bafd-4ac5a1c5430a', 'd0b238df-7762-4686-9dd8-74cb3efc86ec', 'b54394f2-f07b-4eeb-9ccc-258b693f0c49', NULL, N'Thủ Qũy', null);
INSERT INTO [HoTroCovid].[dbo].[ThongTinHoTro] (ID, IDNoiDung, IDDoiTuong, IDCaNhan) VALUES ('8fed6b59-18bc-413a-aae7-2dcb0f397efc', 1, NULL, 'b54394f2-f07b-4eeb-9ccc-258b693f0c49');
INSERT INTO [HoTroCovid].[dbo].[HoSo] (ID, IDCaNhan, IDNoiDungHoTro, IDDoiTuong, SoThang, SoTien, ThanhTien, IDThongTinHoTro, DaChi, NguoiTao) VALUES ('5b566aef-254c-4e16-a53b-a673eed0d72a', 'b54394f2-f07b-4eeb-9ccc-258b693f0c49', 1, NULL, 3, 1800000, 5400000, '8fed6b59-18bc-413a-aae7-2dcb0f397efc', 0, 'solaodong');
INSERT INTO [HoTroCovid].[dbo].[CaNhan] (ID, HoTen, GioiTinh, NgaySinh, CMND, SinhNam) VALUES ('eb6f0f52-ff9d-42d5-a8c7-ea4738ef1b2b', N'Nông Phi Liếp', 1, '1992-10-07', '215323839', 1992);
INSERT INTO [HoTroCovid].[dbo].[CaNhan_DoanhNghiep] (ID, IDDoanhNghiep, IDCaNhan, IDDoiTuong, NgheNghiep, DaTra50) VALUES ('432a8c8e-22ce-4107-a274-0fac4875413e', 'd0b238df-7762-4686-9dd8-74cb3efc86ec', 'eb6f0f52-ff9d-42d5-a8c7-ea4738ef1b2b', NULL, N'công nhân', null);
INSERT INTO [HoTroCovid].[dbo].[ThongTinHoTro] (ID, IDNoiDung, IDDoiTuong, IDCaNhan) VALUES ('c82d448e-151f-464b-b185-81ae14bff28f', 1, NULL, 'eb6f0f52-ff9d-42d5-a8c7-ea4738ef1b2b');
INSERT INTO [HoTroCovid].[dbo].[HoSo] (ID, IDCaNhan, IDNoiDungHoTro, IDDoiTuong, SoThang, SoTien, ThanhTien, IDThongTinHoTro, DaChi, NguoiTao) VALUES ('982d7d6f-d041-4fab-a638-6f76cf03edaf', 'eb6f0f52-ff9d-42d5-a8c7-ea4738ef1b2b', 1, NULL, 3, 1800000, 5400000, 'c82d448e-151f-464b-b185-81ae14bff28f', 0, 'solaodong');
INSERT INTO [HoTroCovid].[dbo].[CaNhan] (ID, HoTen, GioiTinh, NgaySinh, CMND, SinhNam) VALUES ('714129aa-4188-4ef2-a83c-ced204e13cd5', N'NGUYỄN VĂN CƯ', 1, '1979-08-04', '211603329', 1979);
INSERT INTO [HoTroCovid].[dbo].[CaNhan_DoanhNghiep] (ID, IDDoanhNghiep, IDCaNhan, IDDoiTuong, NgheNghiep, DaTra50) VALUES ('8c63e12e-755f-49aa-88c8-836afea9bab8', '661117c5-fd90-4c1d-b623-4d81db47679a', '714129aa-4188-4ef2-a83c-ced204e13cd5', NULL, N'Công nhân xây lắp', null);
INSERT INTO [HoTroCovid].[dbo].[ThongTinHoTro] (ID, IDNoiDung, IDDoiTuong, IDCaNhan) VALUES ('7929ccb8-11a1-4cb3-929f-a7694c2d1312', 1, NULL, '714129aa-4188-4ef2-a83c-ced204e13cd5');
INSERT INTO [HoTroCovid].[dbo].[HoSo] (ID, IDCaNhan, IDNoiDungHoTro, IDDoiTuong, SoThang, SoTien, ThanhTien, IDThongTinHoTro, DaChi, NguoiTao) VALUES ('7c25cea4-2faa-44bb-939d-80d605303e9a', '714129aa-4188-4ef2-a83c-ced204e13cd5', 1, NULL, 3, 1800000, 5400000, '7929ccb8-11a1-4cb3-929f-a7694c2d1312', 0, 'solaodong');
INSERT INTO [HoTroCovid].[dbo].[CaNhan] (ID, HoTen, GioiTinh, NgaySinh, CMND, SinhNam) VALUES ('ae73ceb9-6168-47db-9d44-dc626bbe4879', N'NGUYỄN SƠN', 1, '1972-11-09', '211397888', 1972);
INSERT INTO [HoTroCovid].[dbo].[CaNhan_DoanhNghiep] (ID, IDDoanhNghiep, IDCaNhan, IDDoiTuong, NgheNghiep, DaTra50) VALUES ('8fdce372-1d1e-4328-8f17-c15f04c43ce8', '661117c5-fd90-4c1d-b623-4d81db47679a', 'ae73ceb9-6168-47db-9d44-dc626bbe4879', NULL, N'Thợ cơ khí', null);
INSERT INTO [HoTroCovid].[dbo].[ThongTinHoTro] (ID, IDNoiDung, IDDoiTuong, IDCaNhan) VALUES ('d94c8c13-e54f-4056-a367-587e2e402412', 1, NULL, 'ae73ceb9-6168-47db-9d44-dc626bbe4879');
INSERT INTO [HoTroCovid].[dbo].[HoSo] (ID, IDCaNhan, IDNoiDungHoTro, IDDoiTuong, SoThang, SoTien, ThanhTien, IDThongTinHoTro, DaChi, NguoiTao) VALUES ('933f7084-8063-43b0-88ff-157909c1e4c2', 'ae73ceb9-6168-47db-9d44-dc626bbe4879', 1, NULL, 3, 1800000, 5400000, 'd94c8c13-e54f-4056-a367-587e2e402412', 0, 'solaodong');
INSERT INTO [HoTroCovid].[dbo].[CaNhan] (ID, HoTen, GioiTinh, NgaySinh, CMND, SinhNam) VALUES ('c5b9e8da-462f-46c6-9d5a-e1681ee4cf25', N'Nguyễn Hữu Quang', 1, '1995-02-09', '215381364', 1995);
INSERT INTO [HoTroCovid].[dbo].[CaNhan_DoanhNghiep] (ID, IDDoanhNghiep, IDCaNhan, IDDoiTuong, NgheNghiep, DaTra50) VALUES ('26490d0b-116f-4571-8d97-3c70e12d2f81', 'd0b238df-7762-4686-9dd8-74cb3efc86ec', 'c5b9e8da-462f-46c6-9d5a-e1681ee4cf25', NULL, N'công nhân', null);
INSERT INTO [HoTroCovid].[dbo].[ThongTinHoTro] (ID, IDNoiDung, IDDoiTuong, IDCaNhan) VALUES ('5cfe8bb8-76f6-4854-b58d-0b27fc5bbe14', 1, NULL, 'c5b9e8da-462f-46c6-9d5a-e1681ee4cf25');
INSERT INTO [HoTroCovid].[dbo].[HoSo] (ID, IDCaNhan, IDNoiDungHoTro, IDDoiTuong, SoThang, SoTien, ThanhTien, IDThongTinHoTro, DaChi, NguoiTao) VALUES ('bf6af1eb-6ed9-42aa-91bd-3601197d692c', 'c5b9e8da-462f-46c6-9d5a-e1681ee4cf25', 1, NULL, 3, 1800000, 5400000, '5cfe8bb8-76f6-4854-b58d-0b27fc5bbe14', 0, 'solaodong');
INSERT INTO [HoTroCovid].[dbo].[CaNhan] (ID, HoTen, GioiTinh, NgaySinh, CMND, SinhNam) VALUES ('50d45232-0c32-4a50-ab08-68ee1ef6e63c', N'Trần Thị Thu Hằng', NULL, '1986-07-15', '215017399', 1986);
INSERT INTO [HoTroCovid].[dbo].[CaNhan_DoanhNghiep] (ID, IDDoanhNghiep, IDCaNhan, IDDoiTuong, NgheNghiep, DaTra50) VALUES ('48478470-b73b-4b51-96b7-34b6cd1e4609', 'd0b238df-7762-4686-9dd8-74cb3efc86ec', '50d45232-0c32-4a50-ab08-68ee1ef6e63c', NULL, N'tạp vụ', null);
INSERT INTO [HoTroCovid].[dbo].[ThongTinHoTro] (ID, IDNoiDung, IDDoiTuong, IDCaNhan) VALUES ('d61112d6-91c1-41a4-84ed-ab311b9f3d08', 1, NULL, '50d45232-0c32-4a50-ab08-68ee1ef6e63c');
INSERT INTO [HoTroCovid].[dbo].[HoSo] (ID, IDCaNhan, IDNoiDungHoTro, IDDoiTuong, SoThang, SoTien, ThanhTien, IDThongTinHoTro, DaChi, NguoiTao) VALUES ('473b3b60-6494-48a2-8faa-9f4e79c1e373', '50d45232-0c32-4a50-ab08-68ee1ef6e63c', 1, NULL, 3, 1800000, 5400000, 'd61112d6-91c1-41a4-84ed-ab311b9f3d08', 0, 'solaodong');
INSERT INTO [HoTroCovid].[dbo].[CaNhan] (ID, HoTen, GioiTinh, NgaySinh, CMND, SinhNam) VALUES ('a35ecb84-df20-42d5-9293-95614387de3d', N'Phan Văn Hiệp', 1, '1988-05-18', '2150891120', 1988);
INSERT INTO [HoTroCovid].[dbo].[CaNhan_DoanhNghiep] (ID, IDDoanhNghiep, IDCaNhan, IDDoiTuong, NgheNghiep, DaTra50) VALUES ('c5cb5f7b-196a-452f-acb3-e439fe5b9197', 'd0b238df-7762-4686-9dd8-74cb3efc86ec', 'a35ecb84-df20-42d5-9293-95614387de3d', NULL, N'công nhân', null);
INSERT INTO [HoTroCovid].[dbo].[ThongTinHoTro] (ID, IDNoiDung, IDDoiTuong, IDCaNhan) VALUES ('504e04a3-a88e-46c8-8d92-133aa1365bda', 1, NULL, 'a35ecb84-df20-42d5-9293-95614387de3d');
INSERT INTO [HoTroCovid].[dbo].[HoSo] (ID, IDCaNhan, IDNoiDungHoTro, IDDoiTuong, SoThang, SoTien, ThanhTien, IDThongTinHoTro, DaChi, NguoiTao) VALUES ('3136544f-c3a2-4d7c-94a0-d4e09bb77898', 'a35ecb84-df20-42d5-9293-95614387de3d', 1, NULL, 3, 1800000, 5400000, '504e04a3-a88e-46c8-8d92-133aa1365bda', 0, 'solaodong');
INSERT INTO [HoTroCovid].[dbo].[CaNhan] (ID, HoTen, GioiTinh, NgaySinh, CMND, SinhNam) VALUES ('e1019826-7383-4ab6-90a4-0bc4885b3c95', N'Nguyễn Đình Tứ', 1, '1978-08-21', '215017776', 1978);
INSERT INTO [HoTroCovid].[dbo].[CaNhan_DoanhNghiep] (ID, IDDoanhNghiep, IDCaNhan, IDDoiTuong, NgheNghiep, DaTra50) VALUES ('eece6eed-6f6e-479d-83db-4a11915b364d', 'd0b238df-7762-4686-9dd8-74cb3efc86ec', 'e1019826-7383-4ab6-90a4-0bc4885b3c95', NULL, N'công nhân', null);
INSERT INTO [HoTroCovid].[dbo].[ThongTinHoTro] (ID, IDNoiDung, IDDoiTuong, IDCaNhan) VALUES ('52e57caa-2277-4c84-bb46-95e5e50e5d3d', 1, NULL, 'e1019826-7383-4ab6-90a4-0bc4885b3c95');
INSERT INTO [HoTroCovid].[dbo].[HoSo] (ID, IDCaNhan, IDNoiDungHoTro, IDDoiTuong, SoThang, SoTien, ThanhTien, IDThongTinHoTro, DaChi, NguoiTao) VALUES ('d2b5846d-7f25-4ced-a7b6-e55de2855629', 'e1019826-7383-4ab6-90a4-0bc4885b3c95', 1, NULL, 3, 1800000, 5400000, '52e57caa-2277-4c84-bb46-95e5e50e5d3d', 0, 'solaodong');
INSERT INTO [HoTroCovid].[dbo].[CaNhan] (ID, HoTen, GioiTinh, NgaySinh, CMND, SinhNam) VALUES ('21830dc0-aa18-4b38-9cc4-a3576eb11db7', N'Đặng Nguyên Bình', 1, '1978-09-18', '24825279', 1978);
INSERT INTO [HoTroCovid].[dbo].[CaNhan_DoanhNghiep] (ID, IDDoanhNghiep, IDCaNhan, IDDoiTuong, NgheNghiep, DaTra50) VALUES ('d483a3ed-4fce-483a-8e73-0ae0adf762ce', '8f68b99e-5018-4e4c-9fdb-8acedd7189fa', '21830dc0-aa18-4b38-9cc4-a3576eb11db7', NULL, N'Nhân viên IT', false);
INSERT INTO [HoTroCovid].[dbo].[ThongTinHoTro] (ID, IDNoiDung, IDDoiTuong, IDCaNhan) VALUES ('0858508e-5a1c-4ae2-81ce-008ecfbf3cda', 1, NULL, '21830dc0-aa18-4b38-9cc4-a3576eb11db7');
INSERT INTO [HoTroCovid].[dbo].[HoSo] (ID, IDCaNhan, IDNoiDungHoTro, IDDoiTuong, SoThang, SoTien, ThanhTien, IDThongTinHoTro, DaChi, NguoiTao) VALUES ('fffdae85-c25b-45d8-8672-ce753d101e8a', '21830dc0-aa18-4b38-9cc4-a3576eb11db7', 1, NULL, 3, 1800000, 5400000, '0858508e-5a1c-4ae2-81ce-008ecfbf3cda', 0, 'solaodong');
INSERT INTO [HoTroCovid].[dbo].[CaNhan] (ID, HoTen, GioiTinh, NgaySinh, CMND, SinhNam) VALUES ('118ca9c6-d0b0-4db5-815f-1b1329ecc3ae', N'Lâm Quốc Huy', 1, '2001-12-29', '215543634', 2001);
INSERT INTO [HoTroCovid].[dbo].[CaNhan_DoanhNghiep] (ID, IDDoanhNghiep, IDCaNhan, IDDoiTuong, NgheNghiep, DaTra50) VALUES ('c2da99da-8cd5-4475-868a-e56bc6820044', '8f68b99e-5018-4e4c-9fdb-8acedd7189fa', '118ca9c6-d0b0-4db5-815f-1b1329ecc3ae', NULL, N'Nhân viên An ninh', null);
INSERT INTO [HoTroCovid].[dbo].[ThongTinHoTro] (ID, IDNoiDung, IDDoiTuong, IDCaNhan) VALUES ('ddc69fc6-5138-4fad-bd67-de36f69093b9', 1, NULL, '118ca9c6-d0b0-4db5-815f-1b1329ecc3ae');
INSERT INTO [HoTroCovid].[dbo].[HoSo] (ID, IDCaNhan, IDNoiDungHoTro, IDDoiTuong, SoThang, SoTien, ThanhTien, IDThongTinHoTro, DaChi, NguoiTao) VALUES ('4af3de7e-3f58-49ff-8a66-5d918cbf7b5f', '118ca9c6-d0b0-4db5-815f-1b1329ecc3ae', 1, NULL, 3, 1800000, 5400000, 'ddc69fc6-5138-4fad-bd67-de36f69093b9', 0, 'solaodong');
INSERT INTO [HoTroCovid].[dbo].[CaNhan] (ID, HoTen, GioiTinh, NgaySinh, CMND, SinhNam) VALUES ('5434c135-5fd5-4bb4-94c4-61792c577855', N'Nguyễn Anh Tân', 1, '1994-09-20', '215439316', 1994);
INSERT INTO [HoTroCovid].[dbo].[CaNhan_DoanhNghiep] (ID, IDDoanhNghiep, IDCaNhan, IDDoiTuong, NgheNghiep, DaTra50) VALUES ('9ed04a7b-df3f-4d29-9112-55213d4ffa66', '8f68b99e-5018-4e4c-9fdb-8acedd7189fa', '5434c135-5fd5-4bb4-94c4-61792c577855', NULL, N'Nhân viên sơ chế', false);
INSERT INTO [HoTroCovid].[dbo].[ThongTinHoTro] (ID, IDNoiDung, IDDoiTuong, IDCaNhan) VALUES ('b038efda-2bd9-454e-875d-dd51da91c9d8', 1, NULL, '5434c135-5fd5-4bb4-94c4-61792c577855');
INSERT INTO [HoTroCovid].[dbo].[HoSo] (ID, IDCaNhan, IDNoiDungHoTro, IDDoiTuong, SoThang, SoTien, ThanhTien, IDThongTinHoTro, DaChi, NguoiTao) VALUES ('d0db87bf-1252-4d75-9747-f68252d18589', '5434c135-5fd5-4bb4-94c4-61792c577855', 1, NULL, 3, 1800000, 5400000, 'b038efda-2bd9-454e-875d-dd51da91c9d8', 0, 'solaodong');
INSERT INTO [HoTroCovid].[dbo].[CaNhan] (ID, HoTen, GioiTinh, NgaySinh, CMND, SinhNam) VALUES ('b86a8180-0d25-4547-8a2c-8f1eea88d862', N'Nguyễn Thanh Vỹ', 1, '1970-10-15', '211243861', 1970);
INSERT INTO [HoTroCovid].[dbo].[CaNhan_DoanhNghiep] (ID, IDDoanhNghiep, IDCaNhan, IDDoiTuong, NgheNghiep, DaTra50) VALUES ('39d07e26-38b3-4b9d-a2ff-0d38e2513f30', '8f68b99e-5018-4e4c-9fdb-8acedd7189fa', 'b86a8180-0d25-4547-8a2c-8f1eea88d862', NULL, N'Nhân viên An ninh', null);
INSERT INTO [HoTroCovid].[dbo].[ThongTinHoTro] (ID, IDNoiDung, IDDoiTuong, IDCaNhan) VALUES ('ebc294e3-dc95-4fe1-9a63-91c290de5e4b', 1, NULL, 'b86a8180-0d25-4547-8a2c-8f1eea88d862');
INSERT INTO [HoTroCovid].[dbo].[HoSo] (ID, IDCaNhan, IDNoiDungHoTro, IDDoiTuong, SoThang, SoTien, ThanhTien, IDThongTinHoTro, DaChi, NguoiTao) VALUES ('63cac3db-751c-4d01-98b3-9456faca25a6', 'b86a8180-0d25-4547-8a2c-8f1eea88d862', 1, NULL, 3, 1800000, 5400000, 'ebc294e3-dc95-4fe1-9a63-91c290de5e4b', 0, 'solaodong');
INSERT INTO [HoTroCovid].[dbo].[CaNhan] (ID, HoTen, GioiTinh, NgaySinh, CMND, SinhNam) VALUES ('a921df7f-2280-4220-9212-921976834b9d', N'NGUYỄN BÁ NGUYỆN', 1, '1996-05-10', '215465021', 1996);
INSERT INTO [HoTroCovid].[dbo].[CaNhan_DoanhNghiep] (ID, IDDoanhNghiep, IDCaNhan, IDDoiTuong, NgheNghiep, DaTra50) VALUES ('18612e0c-1c67-4331-bb2b-0a9eb3ab9d5e', '661117c5-fd90-4c1d-b623-4d81db47679a', 'a921df7f-2280-4220-9212-921976834b9d', NULL, N'Lái xe', null);
INSERT INTO [HoTroCovid].[dbo].[ThongTinHoTro] (ID, IDNoiDung, IDDoiTuong, IDCaNhan) VALUES ('df33d742-81d0-4075-a51f-3a3a6bfb8251', 1, NULL, 'a921df7f-2280-4220-9212-921976834b9d');
INSERT INTO [HoTroCovid].[dbo].[HoSo] (ID, IDCaNhan, IDNoiDungHoTro, IDDoiTuong, SoThang, SoTien, ThanhTien, IDThongTinHoTro, DaChi, NguoiTao) VALUES ('36ea7f84-df5c-4b07-a4c7-6d39a38cae86', 'a921df7f-2280-4220-9212-921976834b9d', 1, NULL, 3, 1800000, 5400000, 'df33d742-81d0-4075-a51f-3a3a6bfb8251', 0, 'solaodong');
INSERT INTO [HoTroCovid].[dbo].[CaNhan] (ID, HoTen, GioiTinh, NgaySinh, CMND, SinhNam) VALUES ('bc72b785-a76c-4f95-9ccb-4f7bb7eeec83', N'Nghiêm Anh Tuấn', 1, '1994-11-11', '215297042', 1994);
INSERT INTO [HoTroCovid].[dbo].[CaNhan_DoanhNghiep] (ID, IDDoanhNghiep, IDCaNhan, IDDoiTuong, NgheNghiep, DaTra50) VALUES ('d6e5d72e-48e6-4de5-899a-9823f5efbe56', 'd0b238df-7762-4686-9dd8-74cb3efc86ec', 'bc72b785-a76c-4f95-9ccb-4f7bb7eeec83', NULL, N'công nhân', null);
INSERT INTO [HoTroCovid].[dbo].[ThongTinHoTro] (ID, IDNoiDung, IDDoiTuong, IDCaNhan) VALUES ('10d062a5-c489-4c9b-bb4b-40216824ab55', 1, NULL, 'bc72b785-a76c-4f95-9ccb-4f7bb7eeec83');
INSERT INTO [HoTroCovid].[dbo].[HoSo] (ID, IDCaNhan, IDNoiDungHoTro, IDDoiTuong, SoThang, SoTien, ThanhTien, IDThongTinHoTro, DaChi, NguoiTao) VALUES ('57a1a8d1-53e2-4181-838e-7f81f37e2353', 'bc72b785-a76c-4f95-9ccb-4f7bb7eeec83', 1, NULL, 3, 1800000, 5400000, '10d062a5-c489-4c9b-bb4b-40216824ab55', 0, 'solaodong');
INSERT INTO [HoTroCovid].[dbo].[CaNhan] (ID, HoTen, GioiTinh, NgaySinh, CMND, SinhNam) VALUES ('2eb05eb9-69f1-4d7e-8b73-d68137ee535a', N'Lâm Thanh Thắng', 1, '1998-08-24', '215446831', 1998);
INSERT INTO [HoTroCovid].[dbo].[CaNhan_DoanhNghiep] (ID, IDDoanhNghiep, IDCaNhan, IDDoiTuong, NgheNghiep, DaTra50) VALUES ('6896cd25-3905-43ed-b6db-acd3b8525b2f', 'e49841c9-785e-405e-9bf6-c9e9638c10e4', '2eb05eb9-69f1-4d7e-8b73-d68137ee535a', NULL, N'CNCBHSĐL', null);
INSERT INTO [HoTroCovid].[dbo].[ThongTinHoTro] (ID, IDNoiDung, IDDoiTuong, IDCaNhan) VALUES ('f48230f0-e15d-4f1f-9948-310e7a73234f', 1, NULL, '2eb05eb9-69f1-4d7e-8b73-d68137ee535a');
INSERT INTO [HoTroCovid].[dbo].[HoSo] (ID, IDCaNhan, IDNoiDungHoTro, IDDoiTuong, SoThang, SoTien, ThanhTien, IDThongTinHoTro, DaChi, NguoiTao) VALUES ('a6918f00-e0b9-4f00-83ce-53fba1068c1f', '2eb05eb9-69f1-4d7e-8b73-d68137ee535a', 1, NULL, 3, 1800000, 5400000, 'f48230f0-e15d-4f1f-9948-310e7a73234f', 0, 'solaodong');
INSERT INTO [HoTroCovid].[dbo].[CaNhan] (ID, HoTen, GioiTinh, NgaySinh, CMND, SinhNam) VALUES ('e9b87cea-d775-4518-b099-1fe1ee6c252c', N'Nguyễn Minh Trí', 1, '1993-11-09', '024950794', 1993);
INSERT INTO [HoTroCovid].[dbo].[CaNhan_DoanhNghiep] (ID, IDDoanhNghiep, IDCaNhan, IDDoiTuong, NgheNghiep, DaTra50) VALUES ('cd200dab-5fea-4fd3-a0b9-652a995ec149', '8f68b99e-5018-4e4c-9fdb-8acedd7189fa', 'e9b87cea-d775-4518-b099-1fe1ee6c252c', NULL, N'Trưởng Bộ phận
 An ninh', false);
INSERT INTO [HoTroCovid].[dbo].[ThongTinHoTro] (ID, IDNoiDung, IDDoiTuong, IDCaNhan) VALUES ('015bd563-8bfc-4350-8aa7-1963b688c7a5', 1, NULL, 'e9b87cea-d775-4518-b099-1fe1ee6c252c');
INSERT INTO [HoTroCovid].[dbo].[HoSo] (ID, IDCaNhan, IDNoiDungHoTro, IDDoiTuong, SoThang, SoTien, ThanhTien, IDThongTinHoTro, DaChi, NguoiTao) VALUES ('dad8e311-e5b2-4c3a-bc7d-fd5d2b074a8b', 'e9b87cea-d775-4518-b099-1fe1ee6c252c', 1, NULL, 3, 1800000, 5400000, '015bd563-8bfc-4350-8aa7-1963b688c7a5', 0, 'solaodong');
INSERT INTO [HoTroCovid].[dbo].[CaNhan] (ID, HoTen, GioiTinh, NgaySinh, CMND, SinhNam) VALUES ('6c92a4dc-4f44-4dbe-b7ce-60860a3ea357', N'Đào Phước Hòa', 1, '1990-03-09', '215097660', 1990);
INSERT INTO [HoTroCovid].[dbo].[CaNhan_DoanhNghiep] (ID, IDDoanhNghiep, IDCaNhan, IDDoiTuong, NgheNghiep, DaTra50) VALUES ('e6ccbc35-2836-4e8b-92c7-87b6379c292e', 'd0b238df-7762-4686-9dd8-74cb3efc86ec', '6c92a4dc-4f44-4dbe-b7ce-60860a3ea357', NULL, N'công nhân', null);
INSERT INTO [HoTroCovid].[dbo].[ThongTinHoTro] (ID, IDNoiDung, IDDoiTuong, IDCaNhan) VALUES ('a6278c9e-1d3d-43b1-a86e-bb4b387107ff', 1, NULL, '6c92a4dc-4f44-4dbe-b7ce-60860a3ea357');
INSERT INTO [HoTroCovid].[dbo].[HoSo] (ID, IDCaNhan, IDNoiDungHoTro, IDDoiTuong, SoThang, SoTien, ThanhTien, IDThongTinHoTro, DaChi, NguoiTao) VALUES ('ea921ff7-4f13-40bc-a88f-4e29ea71e66f', '6c92a4dc-4f44-4dbe-b7ce-60860a3ea357', 1, NULL, 3, 1800000, 5400000, 'a6278c9e-1d3d-43b1-a86e-bb4b387107ff', 0, 'solaodong');
INSERT INTO [HoTroCovid].[dbo].[CaNhan] (ID, HoTen, GioiTinh, NgaySinh, CMND, SinhNam) VALUES ('128c7e69-f447-490f-98c1-3a709fbee3ca', N'PHAÏM HOÀNG YEÂN', 1, '1962-04-16', '210416502', 1962);
INSERT INTO [HoTroCovid].[dbo].[CaNhan_DoanhNghiep] (ID, IDDoanhNghiep, IDCaNhan, IDDoiTuong, NgheNghiep, DaTra50) VALUES ('b7716d61-5868-4c9d-81c4-0360499a8e3a', '661117c5-fd90-4c1d-b623-4d81db47679a', '128c7e69-f447-490f-98c1-3a709fbee3ca', NULL, N'G.đốc, điều hành', null);
INSERT INTO [HoTroCovid].[dbo].[ThongTinHoTro] (ID, IDNoiDung, IDDoiTuong, IDCaNhan) VALUES ('de48c61f-9de9-4b39-9dc7-c245f68beca1', 1, NULL, '128c7e69-f447-490f-98c1-3a709fbee3ca');
INSERT INTO [HoTroCovid].[dbo].[HoSo] (ID, IDCaNhan, IDNoiDungHoTro, IDDoiTuong, SoThang, SoTien, ThanhTien, IDThongTinHoTro, DaChi, NguoiTao) VALUES ('a17fc061-3594-4cef-91d6-5d6b07a6d2c8', '128c7e69-f447-490f-98c1-3a709fbee3ca', 1, NULL, 3, 1800000, 5400000, 'de48c61f-9de9-4b39-9dc7-c245f68beca1', 0, 'solaodong');
INSERT INTO [HoTroCovid].[dbo].[CaNhan] (ID, HoTen, GioiTinh, NgaySinh, CMND, SinhNam) VALUES ('71af2aea-be35-4963-8d09-87e5b2d3fc07', N'Nguyễn Thị Lệ Quyên', NULL, '1982-08-27', '211746802', 1982);
INSERT INTO [HoTroCovid].[dbo].[CaNhan_DoanhNghiep] (ID, IDDoanhNghiep, IDCaNhan, IDDoiTuong, NgheNghiep, DaTra50) VALUES ('021d1deb-cc61-44d3-a150-c78b216eb061', 'f921f32f-ba1f-4295-a29a-f4ede878141b', '71af2aea-be35-4963-8d09-87e5b2d3fc07', NULL, N'Nhân viên tổ chức', false);
INSERT INTO [HoTroCovid].[dbo].[ThongTinHoTro] (ID, IDNoiDung, IDDoiTuong, IDCaNhan) VALUES ('5273b2d1-81eb-45c0-bdfd-237257ca23f1', 1, NULL, '71af2aea-be35-4963-8d09-87e5b2d3fc07');
INSERT INTO [HoTroCovid].[dbo].[HoSo] (ID, IDCaNhan, IDNoiDungHoTro, IDDoiTuong, SoThang, SoTien, ThanhTien, IDThongTinHoTro, DaChi, NguoiTao) VALUES ('eb3e9793-5448-4cea-8ad9-348f2e455c8c', '71af2aea-be35-4963-8d09-87e5b2d3fc07', 1, NULL, 3, 1800000, 5400000, '5273b2d1-81eb-45c0-bdfd-237257ca23f1', 0, 'solaodong');
INSERT INTO [HoTroCovid].[dbo].[CaNhan] (ID, HoTen, GioiTinh, NgaySinh, CMND, SinhNam) VALUES ('186e0bef-840d-4cf7-b72f-4b2022b85820', N'KHUẤT VĂN PHỤNG', 1, '2000-08-13', '215523793', 2000);
INSERT INTO [HoTroCovid].[dbo].[CaNhan_DoanhNghiep] (ID, IDDoanhNghiep, IDCaNhan, IDDoiTuong, NgheNghiep, DaTra50) VALUES ('6b0aa4ec-6228-4d2f-a0e5-1a5ea36e2e4e', '661117c5-fd90-4c1d-b623-4d81db47679a', '186e0bef-840d-4cf7-b72f-4b2022b85820', NULL, N'Công nhân xây lắp', null);
INSERT INTO [HoTroCovid].[dbo].[ThongTinHoTro] (ID, IDNoiDung, IDDoiTuong, IDCaNhan) VALUES ('c79bf845-6d5c-4b3e-8458-34675669bcc7', 1, NULL, '186e0bef-840d-4cf7-b72f-4b2022b85820');
INSERT INTO [HoTroCovid].[dbo].[HoSo] (ID, IDCaNhan, IDNoiDungHoTro, IDDoiTuong, SoThang, SoTien, ThanhTien, IDThongTinHoTro, DaChi, NguoiTao) VALUES ('09ace1be-83c2-42e1-a12f-9d7cde8d8297', '186e0bef-840d-4cf7-b72f-4b2022b85820', 1, NULL, 3, 1800000, 5400000, 'c79bf845-6d5c-4b3e-8458-34675669bcc7', 0, 'solaodong');
INSERT INTO [HoTroCovid].[dbo].[CaNhan] (ID, HoTen, GioiTinh, NgaySinh, CMND, SinhNam) VALUES ('3aea6d30-417d-4fdd-9e77-74acb0c2716f', N'Hồ Đức Hiếu', 1, '1995-05-18', '215354814', 1995);
INSERT INTO [HoTroCovid].[dbo].[CaNhan_DoanhNghiep] (ID, IDDoanhNghiep, IDCaNhan, IDDoiTuong, NgheNghiep, DaTra50) VALUES ('515019a2-bc72-42a5-a06c-0aaff3963044', 'd0b238df-7762-4686-9dd8-74cb3efc86ec', '3aea6d30-417d-4fdd-9e77-74acb0c2716f', NULL, N'công nhân', null);
INSERT INTO [HoTroCovid].[dbo].[ThongTinHoTro] (ID, IDNoiDung, IDDoiTuong, IDCaNhan) VALUES ('a6f419a8-fd0d-410f-ba79-81baa1a8ae9d', 1, NULL, '3aea6d30-417d-4fdd-9e77-74acb0c2716f');
INSERT INTO [HoTroCovid].[dbo].[HoSo] (ID, IDCaNhan, IDNoiDungHoTro, IDDoiTuong, SoThang, SoTien, ThanhTien, IDThongTinHoTro, DaChi, NguoiTao) VALUES ('687cbe7b-6cc9-45cc-ac9b-7f0c82b79c21', '3aea6d30-417d-4fdd-9e77-74acb0c2716f', 1, NULL, 3, 1800000, 5400000, 'a6f419a8-fd0d-410f-ba79-81baa1a8ae9d', 0, 'solaodong');
INSERT INTO [HoTroCovid].[dbo].[CaNhan] (ID, HoTen, GioiTinh, NgaySinh, CMND, SinhNam) VALUES ('53a4b001-7241-4926-bc32-0b389c910554', N'Lê Anh Tuấn', 1, '1989-07-24', '215139933', 1989);
INSERT INTO [HoTroCovid].[dbo].[CaNhan_DoanhNghiep] (ID, IDDoanhNghiep, IDCaNhan, IDDoiTuong, NgheNghiep, DaTra50) VALUES ('e2268903-ba9e-4259-ad63-a5a3412e72f5', '8f68b99e-5018-4e4c-9fdb-8acedd7189fa', '53a4b001-7241-4926-bc32-0b389c910554', NULL, N'Trưởng Bộ phận IT', false);
INSERT INTO [HoTroCovid].[dbo].[ThongTinHoTro] (ID, IDNoiDung, IDDoiTuong, IDCaNhan) VALUES ('9974e069-9b2f-42d7-987c-dd71c61613fc', 1, NULL, '53a4b001-7241-4926-bc32-0b389c910554');
INSERT INTO [HoTroCovid].[dbo].[HoSo] (ID, IDCaNhan, IDNoiDungHoTro, IDDoiTuong, SoThang, SoTien, ThanhTien, IDThongTinHoTro, DaChi, NguoiTao) VALUES ('f7bf4fd8-aa4a-4273-872b-10e1e4c5dd70', '53a4b001-7241-4926-bc32-0b389c910554', 1, NULL, 3, 1800000, 5400000, '9974e069-9b2f-42d7-987c-dd71c61613fc', 0, 'solaodong');
INSERT INTO [HoTroCovid].[dbo].[CaNhan] (ID, HoTen, GioiTinh, NgaySinh, CMND, SinhNam) VALUES ('3bf37b59-7695-4720-9cb2-b70ffcafd499', N'Nguyễn Văn Bình', 1, '1990-09-04', '215138820', 1990);
INSERT INTO [HoTroCovid].[dbo].[CaNhan_DoanhNghiep] (ID, IDDoanhNghiep, IDCaNhan, IDDoiTuong, NgheNghiep, DaTra50) VALUES ('6de43220-d1a0-4edc-8f05-38b0ca7b5be3', 'd0b238df-7762-4686-9dd8-74cb3efc86ec', '3bf37b59-7695-4720-9cb2-b70ffcafd499', NULL, N'công nhân', null);
INSERT INTO [HoTroCovid].[dbo].[ThongTinHoTro] (ID, IDNoiDung, IDDoiTuong, IDCaNhan) VALUES ('dec631ed-e58c-495b-839a-de79bf74519b', 1, NULL, '3bf37b59-7695-4720-9cb2-b70ffcafd499');
INSERT INTO [HoTroCovid].[dbo].[HoSo] (ID, IDCaNhan, IDNoiDungHoTro, IDDoiTuong, SoThang, SoTien, ThanhTien, IDThongTinHoTro, DaChi, NguoiTao) VALUES ('9730c67d-d2b5-4c1a-b33a-07697b4caa51', '3bf37b59-7695-4720-9cb2-b70ffcafd499', 1, NULL, 3, 1800000, 5400000, 'dec631ed-e58c-495b-839a-de79bf74519b', 0, 'solaodong');
INSERT INTO [HoTroCovid].[dbo].[CaNhan] (ID, HoTen, GioiTinh, NgaySinh, CMND, SinhNam) VALUES ('68452adb-c1c9-4fe9-9a66-a670f5d8f8f0', N'TRAÀN VAÊN CHIEÁN', 1, '1983-11-28', '211778262', 1983);
INSERT INTO [HoTroCovid].[dbo].[CaNhan_DoanhNghiep] (ID, IDDoanhNghiep, IDCaNhan, IDDoiTuong, NgheNghiep, DaTra50) VALUES ('aae6c4fc-f9dc-42fd-ad2c-899e3c027452', '661117c5-fd90-4c1d-b623-4d81db47679a', '68452adb-c1c9-4fe9-9a66-a670f5d8f8f0', NULL, N'Kỷ thuật, CHTr', null);
INSERT INTO [HoTroCovid].[dbo].[ThongTinHoTro] (ID, IDNoiDung, IDDoiTuong, IDCaNhan) VALUES ('f4982e81-4531-4779-b813-2adba58ab39a', 1, NULL, '68452adb-c1c9-4fe9-9a66-a670f5d8f8f0');
INSERT INTO [HoTroCovid].[dbo].[HoSo] (ID, IDCaNhan, IDNoiDungHoTro, IDDoiTuong, SoThang, SoTien, ThanhTien, IDThongTinHoTro, DaChi, NguoiTao) VALUES ('8576182b-3ac9-4e77-810d-92de45b50a3f', '68452adb-c1c9-4fe9-9a66-a670f5d8f8f0', 1, NULL, 3, 1800000, 5400000, 'f4982e81-4531-4779-b813-2adba58ab39a', 0, 'solaodong');
INSERT INTO [HoTroCovid].[dbo].[CaNhan] (ID, HoTen, GioiTinh, NgaySinh, CMND, SinhNam) VALUES ('70a48a7e-2df3-4394-ac4b-df4dea6d903a', N'Nguyễn Văn Hoàng', 1, '1982-01-31', '183374478', 1982);
INSERT INTO [HoTroCovid].[dbo].[CaNhan_DoanhNghiep] (ID, IDDoanhNghiep, IDCaNhan, IDDoiTuong, NgheNghiep, DaTra50) VALUES ('2326d370-edd9-4f72-b1d4-b22e09a93cb0', 'd0b238df-7762-4686-9dd8-74cb3efc86ec', '70a48a7e-2df3-4394-ac4b-df4dea6d903a', NULL, N'công nhân', null);
INSERT INTO [HoTroCovid].[dbo].[ThongTinHoTro] (ID, IDNoiDung, IDDoiTuong, IDCaNhan) VALUES ('0dd2f638-7c78-4f4e-bb42-a9b8a96013c2', 1, NULL, '70a48a7e-2df3-4394-ac4b-df4dea6d903a');
INSERT INTO [HoTroCovid].[dbo].[HoSo] (ID, IDCaNhan, IDNoiDungHoTro, IDDoiTuong, SoThang, SoTien, ThanhTien, IDThongTinHoTro, DaChi, NguoiTao) VALUES ('fdea7bf4-fbb5-4ea3-a995-6e91fccd2821', '70a48a7e-2df3-4394-ac4b-df4dea6d903a', 1, NULL, 3, 1800000, 5400000, '0dd2f638-7c78-4f4e-bb42-a9b8a96013c2', 0, 'solaodong');
INSERT INTO [HoTroCovid].[dbo].[CaNhan] (ID, HoTen, GioiTinh, NgaySinh, CMND, SinhNam) VALUES ('2fef5627-b30d-42db-931b-1e8e30437e9d', N'Nguyễn Y Nhi', NULL, '1995-12-31', '215334718', 1995);
INSERT INTO [HoTroCovid].[dbo].[CaNhan_DoanhNghiep] (ID, IDDoanhNghiep, IDCaNhan, IDDoiTuong, NgheNghiep, DaTra50) VALUES ('1b2931a5-8516-4fa8-ad79-371d3845e602', '8f68b99e-5018-4e4c-9fdb-8acedd7189fa', '2fef5627-b30d-42db-931b-1e8e30437e9d', NULL, N'Nhân viên phục vụ', false);
INSERT INTO [HoTroCovid].[dbo].[ThongTinHoTro] (ID, IDNoiDung, IDDoiTuong, IDCaNhan) VALUES ('0a88581f-0f44-48ae-a0b9-3b6fd1ad0bea', 1, NULL, '2fef5627-b30d-42db-931b-1e8e30437e9d');
INSERT INTO [HoTroCovid].[dbo].[HoSo] (ID, IDCaNhan, IDNoiDungHoTro, IDDoiTuong, SoThang, SoTien, ThanhTien, IDThongTinHoTro, DaChi, NguoiTao) VALUES ('cbed8c74-54a2-4975-979b-0373aace9acd', '2fef5627-b30d-42db-931b-1e8e30437e9d', 1, NULL, 3, 1800000, 5400000, '0a88581f-0f44-48ae-a0b9-3b6fd1ad0bea', 0, 'solaodong');
INSERT INTO [HoTroCovid].[dbo].[CaNhan] (ID, HoTen, GioiTinh, NgaySinh, CMND, SinhNam) VALUES ('a9003b11-70fb-4efb-9032-670b8080adc1', N'Nguyễn Văn Khang', 1, '1987-01-11', '211685253', 1987);
INSERT INTO [HoTroCovid].[dbo].[CaNhan_DoanhNghiep] (ID, IDDoanhNghiep, IDCaNhan, IDDoiTuong, NgheNghiep, DaTra50) VALUES ('6e30b504-cdd8-4c65-a5f0-304855634fb1', 'd0b238df-7762-4686-9dd8-74cb3efc86ec', 'a9003b11-70fb-4efb-9032-670b8080adc1', NULL, N'công nhân', null);
INSERT INTO [HoTroCovid].[dbo].[ThongTinHoTro] (ID, IDNoiDung, IDDoiTuong, IDCaNhan) VALUES ('b0551053-03e2-49f3-9b76-29253f077f12', 1, NULL, 'a9003b11-70fb-4efb-9032-670b8080adc1');
INSERT INTO [HoTroCovid].[dbo].[HoSo] (ID, IDCaNhan, IDNoiDungHoTro, IDDoiTuong, SoThang, SoTien, ThanhTien, IDThongTinHoTro, DaChi, NguoiTao) VALUES ('fdfcc627-9b26-4454-abba-3cc3297f97c6', 'a9003b11-70fb-4efb-9032-670b8080adc1', 1, NULL, 3, 1800000, 5400000, 'b0551053-03e2-49f3-9b76-29253f077f12', 0, 'solaodong');
INSERT INTO [HoTroCovid].[dbo].[CaNhan] (ID, HoTen, GioiTinh, NgaySinh, CMND, SinhNam) VALUES ('da3cd65a-cbe1-4508-9840-f446d67f81d7', N'Dương Thị Huệ', NULL, '1972-11-02', '211638846', 1972);
INSERT INTO [HoTroCovid].[dbo].[CaNhan_DoanhNghiep] (ID, IDDoanhNghiep, IDCaNhan, IDDoiTuong, NgheNghiep, DaTra50) VALUES ('2484f1f7-218b-43c3-8a81-288ef7ffadd0', 'c4ad3bb1-1bb2-4fb2-944c-499807906727', 'da3cd65a-cbe1-4508-9840-f446d67f81d7', NULL, N'Tạp Vụ', null);
INSERT INTO [HoTroCovid].[dbo].[ThongTinHoTro] (ID, IDNoiDung, IDDoiTuong, IDCaNhan) VALUES ('fb05506c-c5c0-4e6c-89c8-1f0e6bea5b96', 1, NULL, 'da3cd65a-cbe1-4508-9840-f446d67f81d7');
INSERT INTO [HoTroCovid].[dbo].[HoSo] (ID, IDCaNhan, IDNoiDungHoTro, IDDoiTuong, SoThang, SoTien, ThanhTien, IDThongTinHoTro, DaChi, NguoiTao) VALUES ('42f58b48-d18d-4311-aa2e-1f8ec564346b', 'da3cd65a-cbe1-4508-9840-f446d67f81d7', 1, NULL, 3, 1800000, 5400000, 'fb05506c-c5c0-4e6c-89c8-1f0e6bea5b96', 0, 'solaodong');
INSERT INTO [HoTroCovid].[dbo].[CaNhan] (ID, HoTen, GioiTinh, NgaySinh, CMND, SinhNam) VALUES ('2637d2ce-8f5c-4c22-b81f-06f741ba3e90', N'Nguyễn Thị Hương', NULL, '1987-04-23', '151522419', 1987);
INSERT INTO [HoTroCovid].[dbo].[CaNhan_DoanhNghiep] (ID, IDDoanhNghiep, IDCaNhan, IDDoiTuong, NgheNghiep, DaTra50) VALUES ('5b992461-b7b7-4d34-bdf4-237f9fe9b31a', 'e49841c9-785e-405e-9bf6-c9e9638c10e4', '2637d2ce-8f5c-4c22-b81f-06f741ba3e90', NULL, N'CNCBHSĐL', null);
INSERT INTO [HoTroCovid].[dbo].[ThongTinHoTro] (ID, IDNoiDung, IDDoiTuong, IDCaNhan) VALUES ('f5b88ab1-9e42-4001-bac2-67bbb9cf8e37', 1, NULL, '2637d2ce-8f5c-4c22-b81f-06f741ba3e90');
INSERT INTO [HoTroCovid].[dbo].[HoSo] (ID, IDCaNhan, IDNoiDungHoTro, IDDoiTuong, SoThang, SoTien, ThanhTien, IDThongTinHoTro, DaChi, NguoiTao) VALUES ('8a1b7551-c88e-4849-bd01-f6e8787cefc5', '2637d2ce-8f5c-4c22-b81f-06f741ba3e90', 1, NULL, 3, 1800000, 5400000, 'f5b88ab1-9e42-4001-bac2-67bbb9cf8e37', 0, 'solaodong');
INSERT INTO [HoTroCovid].[dbo].[CaNhan] (ID, HoTen, GioiTinh, NgaySinh, CMND, SinhNam) VALUES ('87c34ddd-02ff-4df7-b370-af6c996728dd', N'Nguyễn Thị Thúy Kiều', 1, '1991-09-02', '215151974', 1991);
INSERT INTO [HoTroCovid].[dbo].[CaNhan_DoanhNghiep] (ID, IDDoanhNghiep, IDCaNhan, IDDoiTuong, NgheNghiep, DaTra50) VALUES ('7b1cc6a6-b6ef-4989-bd1a-d922b290322b', 'e49841c9-785e-405e-9bf6-c9e9638c10e4', '87c34ddd-02ff-4df7-b370-af6c996728dd', NULL, N'N/viên HACCP', null);
INSERT INTO [HoTroCovid].[dbo].[ThongTinHoTro] (ID, IDNoiDung, IDDoiTuong, IDCaNhan) VALUES ('aa1bfa18-4d1d-428e-8722-8f08cf0b3d68', 1, NULL, '87c34ddd-02ff-4df7-b370-af6c996728dd');
INSERT INTO [HoTroCovid].[dbo].[HoSo] (ID, IDCaNhan, IDNoiDungHoTro, IDDoiTuong, SoThang, SoTien, ThanhTien, IDThongTinHoTro, DaChi, NguoiTao) VALUES ('4a895d74-fecb-414e-b64b-95c1083f43b6', '87c34ddd-02ff-4df7-b370-af6c996728dd', 1, NULL, 3, 1800000, 5400000, 'aa1bfa18-4d1d-428e-8722-8f08cf0b3d68', 0, 'solaodong');
INSERT INTO [HoTroCovid].[dbo].[CaNhan] (ID, HoTen, GioiTinh, NgaySinh, CMND, SinhNam) VALUES ('1555ebea-c0d0-4a07-9d1d-a0fb4da2a477', N'Lê Thành Chung', 1, '1987-02-01', '215018508', 1987);
INSERT INTO [HoTroCovid].[dbo].[CaNhan_DoanhNghiep] (ID, IDDoanhNghiep, IDCaNhan, IDDoiTuong, NgheNghiep, DaTra50) VALUES ('0c943d23-74b5-4352-afff-48e72d9775b9', 'd0b238df-7762-4686-9dd8-74cb3efc86ec', '1555ebea-c0d0-4a07-9d1d-a0fb4da2a477', NULL, N'công nhân', null);
INSERT INTO [HoTroCovid].[dbo].[ThongTinHoTro] (ID, IDNoiDung, IDDoiTuong, IDCaNhan) VALUES ('e3a412dd-33d3-42c8-9270-696bc839e166', 1, NULL, '1555ebea-c0d0-4a07-9d1d-a0fb4da2a477');
INSERT INTO [HoTroCovid].[dbo].[HoSo] (ID, IDCaNhan, IDNoiDungHoTro, IDDoiTuong, SoThang, SoTien, ThanhTien, IDThongTinHoTro, DaChi, NguoiTao) VALUES ('ab8af4f5-a748-47de-bede-fdcc9528aa85', '1555ebea-c0d0-4a07-9d1d-a0fb4da2a477', 1, NULL, 3, 1800000, 5400000, 'e3a412dd-33d3-42c8-9270-696bc839e166', 0, 'solaodong');
INSERT INTO [HoTroCovid].[dbo].[CaNhan] (ID, HoTen, GioiTinh, NgaySinh, CMND, SinhNam) VALUES ('99f8ee37-6beb-49e0-b6d7-1bbfafb0539d', N'PHAN THỊ TRANG', NULL, '1992-01-16', '215213059', 1992);
INSERT INTO [HoTroCovid].[dbo].[CaNhan_DoanhNghiep] (ID, IDDoanhNghiep, IDCaNhan, IDDoiTuong, NgheNghiep, DaTra50) VALUES ('07a091d7-c031-436c-8071-c6edd055ba30', '661117c5-fd90-4c1d-b623-4d81db47679a', '99f8ee37-6beb-49e0-b6d7-1bbfafb0539d', NULL, N'Văn thư', null);
INSERT INTO [HoTroCovid].[dbo].[ThongTinHoTro] (ID, IDNoiDung, IDDoiTuong, IDCaNhan) VALUES ('bbdd8cc8-2779-468e-8280-c5981816c546', 1, NULL, '99f8ee37-6beb-49e0-b6d7-1bbfafb0539d');
INSERT INTO [HoTroCovid].[dbo].[HoSo] (ID, IDCaNhan, IDNoiDungHoTro, IDDoiTuong, SoThang, SoTien, ThanhTien, IDThongTinHoTro, DaChi, NguoiTao) VALUES ('7433274b-4f60-4022-b08a-3bcdfbb6f4c3', '99f8ee37-6beb-49e0-b6d7-1bbfafb0539d', 1, NULL, 3, 1800000, 5400000, 'bbdd8cc8-2779-468e-8280-c5981816c546', 0, 'solaodong');
INSERT INTO [HoTroCovid].[dbo].[CaNhan] (ID, HoTen, GioiTinh, NgaySinh, CMND, SinhNam) VALUES ('1666bc89-e590-4cc5-910f-67913b3bc9d9', N'NGUYỄN MỸ THUẬT', 1, '1987-06-19', '215016274', 1987);
INSERT INTO [HoTroCovid].[dbo].[CaNhan_DoanhNghiep] (ID, IDDoanhNghiep, IDCaNhan, IDDoiTuong, NgheNghiep, DaTra50) VALUES ('80f866c5-81f5-4ea2-810a-f3f20e818ed5', '661117c5-fd90-4c1d-b623-4d81db47679a', '1666bc89-e590-4cc5-910f-67913b3bc9d9', NULL, N'Kỷ thuật thi công', null);
INSERT INTO [HoTroCovid].[dbo].[ThongTinHoTro] (ID, IDNoiDung, IDDoiTuong, IDCaNhan) VALUES ('581fcd96-4c09-455b-a684-e60aca1ded4b', 1, NULL, '1666bc89-e590-4cc5-910f-67913b3bc9d9');
INSERT INTO [HoTroCovid].[dbo].[HoSo] (ID, IDCaNhan, IDNoiDungHoTro, IDDoiTuong, SoThang, SoTien, ThanhTien, IDThongTinHoTro, DaChi, NguoiTao) VALUES ('6de111fd-1874-4ac1-ae54-452acb28ce8d', '1666bc89-e590-4cc5-910f-67913b3bc9d9', 1, NULL, 3, 1800000, 5400000, '581fcd96-4c09-455b-a684-e60aca1ded4b', 0, 'solaodong');
INSERT INTO [HoTroCovid].[dbo].[CaNhan] (ID, HoTen, GioiTinh, NgaySinh, CMND, SinhNam) VALUES ('9c3760b8-eb1a-4bf2-8c43-563f336727a5', N'Võ Thị Minh Thùy', NULL, '1989-10-20', '215058006', 1989);
INSERT INTO [HoTroCovid].[dbo].[CaNhan_DoanhNghiep] (ID, IDDoanhNghiep, IDCaNhan, IDDoiTuong, NgheNghiep, DaTra50) VALUES ('7e1a26d6-188f-4c07-ae45-d313b3c2b8b0', 'e49841c9-785e-405e-9bf6-c9e9638c10e4', '9c3760b8-eb1a-4bf2-8c43-563f336727a5', NULL, N'N/viên HACCP', null);
INSERT INTO [HoTroCovid].[dbo].[ThongTinHoTro] (ID, IDNoiDung, IDDoiTuong, IDCaNhan) VALUES ('dbe48680-c78d-4e05-96df-c7e3dbe95317', 1, NULL, '9c3760b8-eb1a-4bf2-8c43-563f336727a5');
INSERT INTO [HoTroCovid].[dbo].[HoSo] (ID, IDCaNhan, IDNoiDungHoTro, IDDoiTuong, SoThang, SoTien, ThanhTien, IDThongTinHoTro, DaChi, NguoiTao) VALUES ('e06429d0-e0d7-42ef-8b0e-88c8e68f6ee9', '9c3760b8-eb1a-4bf2-8c43-563f336727a5', 1, NULL, 3, 1800000, 5400000, 'dbe48680-c78d-4e05-96df-c7e3dbe95317', 0, 'solaodong');
INSERT INTO [HoTroCovid].[dbo].[CaNhan] (ID, HoTen, GioiTinh, NgaySinh, CMND, SinhNam) VALUES ('a7ad1928-204a-4729-bc01-ac1fd32b44db', N'Nguyễn Minh Trực', 1, '1988-12-12', '215085004', 1988);
INSERT INTO [HoTroCovid].[dbo].[CaNhan_DoanhNghiep] (ID, IDDoanhNghiep, IDCaNhan, IDDoiTuong, NgheNghiep, DaTra50) VALUES ('5f6ef5f6-edf7-4a26-97de-6896948ab35b', 'e49841c9-785e-405e-9bf6-c9e9638c10e4', 'a7ad1928-204a-4729-bc01-ac1fd32b44db', NULL, N'C/nhân CĐL', null);
INSERT INTO [HoTroCovid].[dbo].[ThongTinHoTro] (ID, IDNoiDung, IDDoiTuong, IDCaNhan) VALUES ('7652e234-c167-4012-9234-bbe04c13abb3', 1, NULL, 'a7ad1928-204a-4729-bc01-ac1fd32b44db');
INSERT INTO [HoTroCovid].[dbo].[HoSo] (ID, IDCaNhan, IDNoiDungHoTro, IDDoiTuong, SoThang, SoTien, ThanhTien, IDThongTinHoTro, DaChi, NguoiTao) VALUES ('b0a70d26-56e6-4964-8cef-b2f65f059148', 'a7ad1928-204a-4729-bc01-ac1fd32b44db', 1, NULL, 3, 1800000, 5400000, '7652e234-c167-4012-9234-bbe04c13abb3', 0, 'solaodong');
INSERT INTO [HoTroCovid].[dbo].[CaNhan] (ID, HoTen, GioiTinh, NgaySinh, CMND, SinhNam) VALUES ('ad81754b-d143-41f0-9d46-513627570225', N'Trần Thị Nương', NULL, '1989-01-01', '215095512', 1989);
INSERT INTO [HoTroCovid].[dbo].[CaNhan_DoanhNghiep] (ID, IDDoanhNghiep, IDCaNhan, IDDoiTuong, NgheNghiep, DaTra50) VALUES ('11e6d78f-39df-4a00-b380-f7800ab8a612', 'e49841c9-785e-405e-9bf6-c9e9638c10e4', 'ad81754b-d143-41f0-9d46-513627570225', NULL, N'N/viên HACCP', null);
INSERT INTO [HoTroCovid].[dbo].[ThongTinHoTro] (ID, IDNoiDung, IDDoiTuong, IDCaNhan) VALUES ('010700df-1173-4ff1-97a0-dc0d6fe60997', 1, NULL, 'ad81754b-d143-41f0-9d46-513627570225');
INSERT INTO [HoTroCovid].[dbo].[HoSo] (ID, IDCaNhan, IDNoiDungHoTro, IDDoiTuong, SoThang, SoTien, ThanhTien, IDThongTinHoTro, DaChi, NguoiTao) VALUES ('72646a28-46b9-4f4a-b438-0ff69baea299', 'ad81754b-d143-41f0-9d46-513627570225', 1, NULL, 3, 1800000, 5400000, '010700df-1173-4ff1-97a0-dc0d6fe60997', 0, 'solaodong');
INSERT INTO [HoTroCovid].[dbo].[CaNhan] (ID, HoTen, GioiTinh, NgaySinh, CMND, SinhNam) VALUES ('922c3f38-159e-42af-b59a-6b40a94e8c93', N'LEÊ MINH HUØNG', 1, '1973-07-01', '211422899', 1973);
INSERT INTO [HoTroCovid].[dbo].[CaNhan_DoanhNghiep] (ID, IDDoanhNghiep, IDCaNhan, IDDoiTuong, NgheNghiep, DaTra50) VALUES ('7c1eed90-3ee1-40d0-a1eb-63b841fb1922', '661117c5-fd90-4c1d-b623-4d81db47679a', '922c3f38-159e-42af-b59a-6b40a94e8c93', NULL, N'Thủ kho', null);
INSERT INTO [HoTroCovid].[dbo].[ThongTinHoTro] (ID, IDNoiDung, IDDoiTuong, IDCaNhan) VALUES ('49ef1c38-a234-45f4-aace-7f3b97c56c38', 1, NULL, '922c3f38-159e-42af-b59a-6b40a94e8c93');
INSERT INTO [HoTroCovid].[dbo].[HoSo] (ID, IDCaNhan, IDNoiDungHoTro, IDDoiTuong, SoThang, SoTien, ThanhTien, IDThongTinHoTro, DaChi, NguoiTao) VALUES ('9e204bd7-d434-4e8e-bb01-d7811022f794', '922c3f38-159e-42af-b59a-6b40a94e8c93', 1, NULL, 3, 1800000, 5400000, '49ef1c38-a234-45f4-aace-7f3b97c56c38', 0, 'solaodong');
INSERT INTO [HoTroCovid].[dbo].[CaNhan] (ID, HoTen, GioiTinh, NgaySinh, CMND, SinhNam) VALUES ('152bbabc-0e96-44a0-9ae0-c5f2e334528c', N'Phan Thị Phương Loan', NULL, '1993-08-16', '215198787', 1993);
INSERT INTO [HoTroCovid].[dbo].[CaNhan_DoanhNghiep] (ID, IDDoanhNghiep, IDCaNhan, IDDoiTuong, NgheNghiep, DaTra50) VALUES ('2f66e2b6-f673-41c8-9270-a0b4ab236aa2', '8f68b99e-5018-4e4c-9fdb-8acedd7189fa', '152bbabc-0e96-44a0-9ae0-c5f2e334528c', NULL, N'Nhân viên Kinh doanh', false);
INSERT INTO [HoTroCovid].[dbo].[ThongTinHoTro] (ID, IDNoiDung, IDDoiTuong, IDCaNhan) VALUES ('915b4052-633b-4c3f-8f48-4c548f892ebe', 1, NULL, '152bbabc-0e96-44a0-9ae0-c5f2e334528c');
INSERT INTO [HoTroCovid].[dbo].[HoSo] (ID, IDCaNhan, IDNoiDungHoTro, IDDoiTuong, SoThang, SoTien, ThanhTien, IDThongTinHoTro, DaChi, NguoiTao) VALUES ('8fc07990-4604-4135-88f3-691ad08df715', '152bbabc-0e96-44a0-9ae0-c5f2e334528c', 1, NULL, 3, 1800000, 5400000, '915b4052-633b-4c3f-8f48-4c548f892ebe', 0, 'solaodong');
INSERT INTO [HoTroCovid].[dbo].[CaNhan] (ID, HoTen, GioiTinh, NgaySinh, CMND, SinhNam) VALUES ('c4aea6cc-78f2-4c6a-8f0c-8663dc774c46', N'LEÂ RIN', 1, '1963-12-12', '210452269', 1963);
INSERT INTO [HoTroCovid].[dbo].[CaNhan_DoanhNghiep] (ID, IDDoanhNghiep, IDCaNhan, IDDoiTuong, NgheNghiep, DaTra50) VALUES ('bed70371-3eb4-4bb1-b7ee-736e86d8cae3', '661117c5-fd90-4c1d-b623-4d81db47679a', 'c4aea6cc-78f2-4c6a-8f0c-8663dc774c46', NULL, N'Thợ máy', null);
INSERT INTO [HoTroCovid].[dbo].[ThongTinHoTro] (ID, IDNoiDung, IDDoiTuong, IDCaNhan) VALUES ('7a34d50d-4738-4901-879d-260aba51d416', 1, NULL, 'c4aea6cc-78f2-4c6a-8f0c-8663dc774c46');
INSERT INTO [HoTroCovid].[dbo].[HoSo] (ID, IDCaNhan, IDNoiDungHoTro, IDDoiTuong, SoThang, SoTien, ThanhTien, IDThongTinHoTro, DaChi, NguoiTao) VALUES ('62995c33-a483-4bca-871c-f55d725039ff', 'c4aea6cc-78f2-4c6a-8f0c-8663dc774c46', 1, NULL, 3, 1800000, 5400000, '7a34d50d-4738-4901-879d-260aba51d416', 0, 'solaodong');
INSERT INTO [HoTroCovid].[dbo].[CaNhan] (ID, HoTen, GioiTinh, NgaySinh, CMND, SinhNam) VALUES ('b95b2a4e-cfa8-4c2c-8369-6fa9e321adcb', N'Trần Thị Nhung', NULL, '1979-12-15', '211663808', 1979);
INSERT INTO [HoTroCovid].[dbo].[CaNhan_DoanhNghiep] (ID, IDDoanhNghiep, IDCaNhan, IDDoiTuong, NgheNghiep, DaTra50) VALUES ('c58fa079-909e-4cac-9a18-740a738570a2', 'e49841c9-785e-405e-9bf6-c9e9638c10e4', 'b95b2a4e-cfa8-4c2c-8369-6fa9e321adcb', NULL, N'CNCBHSĐL', null);
INSERT INTO [HoTroCovid].[dbo].[ThongTinHoTro] (ID, IDNoiDung, IDDoiTuong, IDCaNhan) VALUES ('cdee60d3-d16b-4846-9882-631da37402fd', 1, NULL, 'b95b2a4e-cfa8-4c2c-8369-6fa9e321adcb');
INSERT INTO [HoTroCovid].[dbo].[HoSo] (ID, IDCaNhan, IDNoiDungHoTro, IDDoiTuong, SoThang, SoTien, ThanhTien, IDThongTinHoTro, DaChi, NguoiTao) VALUES ('93122ec1-435a-42d7-8110-89da1c8da0ad', 'b95b2a4e-cfa8-4c2c-8369-6fa9e321adcb', 1, NULL, 3, 1800000, 5400000, 'cdee60d3-d16b-4846-9882-631da37402fd', 0, 'solaodong');
INSERT INTO [HoTroCovid].[dbo].[CaNhan] (ID, HoTen, GioiTinh, NgaySinh, CMND, SinhNam) VALUES ('13528f9e-9c07-415f-bb1c-b81b43670130', N'Nguyễn Thị Quí Nương', NULL, '1993-06-20', '215251102', 1993);
INSERT INTO [HoTroCovid].[dbo].[CaNhan_DoanhNghiep] (ID, IDDoanhNghiep, IDCaNhan, IDDoiTuong, NgheNghiep, DaTra50) VALUES ('7bdb0348-3832-4555-8abf-060f7eb1a8a5', 'e49841c9-785e-405e-9bf6-c9e9638c10e4', '13528f9e-9c07-415f-bb1c-b81b43670130', NULL, N'N/viên Thống kê', null);
INSERT INTO [HoTroCovid].[dbo].[ThongTinHoTro] (ID, IDNoiDung, IDDoiTuong, IDCaNhan) VALUES ('259f523f-8cc4-42dc-9752-1b527ceb50c0', 1, NULL, '13528f9e-9c07-415f-bb1c-b81b43670130');
INSERT INTO [HoTroCovid].[dbo].[HoSo] (ID, IDCaNhan, IDNoiDungHoTro, IDDoiTuong, SoThang, SoTien, ThanhTien, IDThongTinHoTro, DaChi, NguoiTao) VALUES ('63f3ee07-98bb-49fb-ad48-9f3300f67c7f', '13528f9e-9c07-415f-bb1c-b81b43670130', 1, NULL, 3, 1800000, 5400000, '259f523f-8cc4-42dc-9752-1b527ceb50c0', 0, 'solaodong');
INSERT INTO [HoTroCovid].[dbo].[CaNhan] (ID, HoTen, GioiTinh, NgaySinh, CMND, SinhNam) VALUES ('f24a56d4-d9b4-4dfe-bc4a-5147fc7f062d', N'NGUYEÃN TAÁN VOÕ', 1, '1981-12-21', '211678651', 1981);
INSERT INTO [HoTroCovid].[dbo].[CaNhan_DoanhNghiep] (ID, IDDoanhNghiep, IDCaNhan, IDDoiTuong, NgheNghiep, DaTra50) VALUES ('6df1dea5-97cd-4d46-8c1f-fbde2f55efb3', '661117c5-fd90-4c1d-b623-4d81db47679a', 'f24a56d4-d9b4-4dfe-bc4a-5147fc7f062d', NULL, N'Kỷ thuật thi công', null);
INSERT INTO [HoTroCovid].[dbo].[ThongTinHoTro] (ID, IDNoiDung, IDDoiTuong, IDCaNhan) VALUES ('e2874d11-a45b-406b-9342-977f89ce74d5', 1, NULL, 'f24a56d4-d9b4-4dfe-bc4a-5147fc7f062d');
INSERT INTO [HoTroCovid].[dbo].[HoSo] (ID, IDCaNhan, IDNoiDungHoTro, IDDoiTuong, SoThang, SoTien, ThanhTien, IDThongTinHoTro, DaChi, NguoiTao) VALUES ('cd00f478-ba87-45d5-98c0-50fa4262bd1f', 'f24a56d4-d9b4-4dfe-bc4a-5147fc7f062d', 1, NULL, 3, 1800000, 5400000, 'e2874d11-a45b-406b-9342-977f89ce74d5', 0, 'solaodong');
INSERT INTO [HoTroCovid].[dbo].[CaNhan] (ID, HoTen, GioiTinh, NgaySinh, CMND, SinhNam) VALUES ('eedb508e-0563-4357-84a3-04dc8011af60', N'Trần Aí Quốc', 1, '1987-03-04', '215195231', 1987);
INSERT INTO [HoTroCovid].[dbo].[CaNhan_DoanhNghiep] (ID, IDDoanhNghiep, IDCaNhan, IDDoiTuong, NgheNghiep, DaTra50) VALUES ('5fdd217e-997e-4bf7-a621-000125aa9521', 'd0b238df-7762-4686-9dd8-74cb3efc86ec', 'eedb508e-0563-4357-84a3-04dc8011af60', NULL, N'lái xe', null);
INSERT INTO [HoTroCovid].[dbo].[ThongTinHoTro] (ID, IDNoiDung, IDDoiTuong, IDCaNhan) VALUES ('29cae116-7f62-4538-9b6e-98d54a18c5ef', 1, NULL, 'eedb508e-0563-4357-84a3-04dc8011af60');
INSERT INTO [HoTroCovid].[dbo].[HoSo] (ID, IDCaNhan, IDNoiDungHoTro, IDDoiTuong, SoThang, SoTien, ThanhTien, IDThongTinHoTro, DaChi, NguoiTao) VALUES ('281c5685-0802-450a-8aed-99930c60b287', 'eedb508e-0563-4357-84a3-04dc8011af60', 1, NULL, 3, 1800000, 5400000, '29cae116-7f62-4538-9b6e-98d54a18c5ef', 0, 'solaodong');
INSERT INTO [HoTroCovid].[dbo].[CaNhan] (ID, HoTen, GioiTinh, NgaySinh, CMND, SinhNam) VALUES ('0db8b319-31c5-4b05-8f3b-1aa3ffc27a0d', N'Lê Thị Thảo My', NULL, '1998-08-18', '215415402', 1998);
INSERT INTO [HoTroCovid].[dbo].[CaNhan_DoanhNghiep] (ID, IDDoanhNghiep, IDCaNhan, IDDoiTuong, NgheNghiep, DaTra50) VALUES ('bca79617-cdbe-4797-be31-02a5b4e442f1', 'e49841c9-785e-405e-9bf6-c9e9638c10e4', '0db8b319-31c5-4b05-8f3b-1aa3ffc27a0d', NULL, N'CNCBHSĐL', null);
INSERT INTO [HoTroCovid].[dbo].[ThongTinHoTro] (ID, IDNoiDung, IDDoiTuong, IDCaNhan) VALUES ('7eb2c6f6-2464-4282-8e7e-2171d461939d', 1, NULL, '0db8b319-31c5-4b05-8f3b-1aa3ffc27a0d');
INSERT INTO [HoTroCovid].[dbo].[HoSo] (ID, IDCaNhan, IDNoiDungHoTro, IDDoiTuong, SoThang, SoTien, ThanhTien, IDThongTinHoTro, DaChi, NguoiTao) VALUES ('91a34cb2-16b4-4030-a97b-3930dcaed1c0', '0db8b319-31c5-4b05-8f3b-1aa3ffc27a0d', 1, NULL, 3, 1800000, 5400000, '7eb2c6f6-2464-4282-8e7e-2171d461939d', 0, 'solaodong');
INSERT INTO [HoTroCovid].[dbo].[CaNhan] (ID, HoTen, GioiTinh, NgaySinh, CMND, SinhNam) VALUES ('9d352326-f8ba-4dec-b620-afd36edf287f', N'Lê Thị Liên', NULL, '1992-02-08', '197271433', 1992);
INSERT INTO [HoTroCovid].[dbo].[CaNhan_DoanhNghiep] (ID, IDDoanhNghiep, IDCaNhan, IDDoiTuong, NgheNghiep, DaTra50) VALUES ('a433c183-485c-4e0c-b5e9-d922202e0430', 'e49841c9-785e-405e-9bf6-c9e9638c10e4', '9d352326-f8ba-4dec-b620-afd36edf287f', NULL, N'CNCBHSĐL', null);
INSERT INTO [HoTroCovid].[dbo].[ThongTinHoTro] (ID, IDNoiDung, IDDoiTuong, IDCaNhan) VALUES ('549cc9e1-4a87-4173-a2de-0036631510ee', 1, NULL, '9d352326-f8ba-4dec-b620-afd36edf287f');
INSERT INTO [HoTroCovid].[dbo].[HoSo] (ID, IDCaNhan, IDNoiDungHoTro, IDDoiTuong, SoThang, SoTien, ThanhTien, IDThongTinHoTro, DaChi, NguoiTao) VALUES ('631c5024-e486-487b-bd74-b2bbf8f13839', '9d352326-f8ba-4dec-b620-afd36edf287f', 1, NULL, 3, 1800000, 5400000, '549cc9e1-4a87-4173-a2de-0036631510ee', 0, 'solaodong');
INSERT INTO [HoTroCovid].[dbo].[CaNhan] (ID, HoTen, GioiTinh, NgaySinh, CMND, SinhNam) VALUES ('ca3b9f33-f901-489c-81fd-cf5d19b5b71e', N'Phạm Thị Bích Dâng', NULL, '1992-11-20', '215221549', 1992);
INSERT INTO [HoTroCovid].[dbo].[CaNhan_DoanhNghiep] (ID, IDDoanhNghiep, IDCaNhan, IDDoiTuong, NgheNghiep, DaTra50) VALUES ('fe1d984d-438e-411d-a006-fc9aef6398cf', 'e49841c9-785e-405e-9bf6-c9e9638c10e4', 'ca3b9f33-f901-489c-81fd-cf5d19b5b71e', NULL, N'N/viên HACCP', null);
INSERT INTO [HoTroCovid].[dbo].[ThongTinHoTro] (ID, IDNoiDung, IDDoiTuong, IDCaNhan) VALUES ('a5ad87aa-1b37-4c56-a86b-d88ff12ef281', 1, NULL, 'ca3b9f33-f901-489c-81fd-cf5d19b5b71e');
INSERT INTO [HoTroCovid].[dbo].[HoSo] (ID, IDCaNhan, IDNoiDungHoTro, IDDoiTuong, SoThang, SoTien, ThanhTien, IDThongTinHoTro, DaChi, NguoiTao) VALUES ('40d9ec4a-e01a-4c1c-baf3-9a480e9623c9', 'ca3b9f33-f901-489c-81fd-cf5d19b5b71e', 1, NULL, 3, 1800000, 5400000, 'a5ad87aa-1b37-4c56-a86b-d88ff12ef281', 0, 'solaodong');
INSERT INTO [HoTroCovid].[dbo].[CaNhan] (ID, HoTen, GioiTinh, NgaySinh, CMND, SinhNam) VALUES ('0b379011-7740-4c9b-8f5b-23359b4d8ef3', N'PHAÏM HOÀNG HẠNH', NULL, '1991-02-13', '215145226', 1991);
INSERT INTO [HoTroCovid].[dbo].[CaNhan_DoanhNghiep] (ID, IDDoanhNghiep, IDCaNhan, IDDoiTuong, NgheNghiep, DaTra50) VALUES ('ffd0f79d-ee72-4cc6-a9c8-3ec9aa511ba1', '661117c5-fd90-4c1d-b623-4d81db47679a', '0b379011-7740-4c9b-8f5b-23359b4d8ef3', NULL, N'Kỷ thuật thi công', null);
INSERT INTO [HoTroCovid].[dbo].[ThongTinHoTro] (ID, IDNoiDung, IDDoiTuong, IDCaNhan) VALUES ('9be612a5-c9dc-457f-8fa5-5c2ea10c39f3', 1, NULL, '0b379011-7740-4c9b-8f5b-23359b4d8ef3');
INSERT INTO [HoTroCovid].[dbo].[HoSo] (ID, IDCaNhan, IDNoiDungHoTro, IDDoiTuong, SoThang, SoTien, ThanhTien, IDThongTinHoTro, DaChi, NguoiTao) VALUES ('bb7ca9d6-1831-4bfa-9df2-6944289e3006', '0b379011-7740-4c9b-8f5b-23359b4d8ef3', 1, NULL, 3, 1800000, 5400000, '9be612a5-c9dc-457f-8fa5-5c2ea10c39f3', 0, 'solaodong');
INSERT INTO [HoTroCovid].[dbo].[CaNhan] (ID, HoTen, GioiTinh, NgaySinh, CMND, SinhNam) VALUES ('81d4d125-7156-40b5-adf4-1a3fa09e4b78', N'TRẦN VĂN LỢI', 1, '1960-08-07', '210032422', 1960);
INSERT INTO [HoTroCovid].[dbo].[CaNhan_DoanhNghiep] (ID, IDDoanhNghiep, IDCaNhan, IDDoiTuong, NgheNghiep, DaTra50) VALUES ('d84fbb72-5a25-468f-94e7-4b4355edc088', '661117c5-fd90-4c1d-b623-4d81db47679a', '81d4d125-7156-40b5-adf4-1a3fa09e4b78', NULL, N'Lái máy', null);
INSERT INTO [HoTroCovid].[dbo].[ThongTinHoTro] (ID, IDNoiDung, IDDoiTuong, IDCaNhan) VALUES ('b865c967-42b9-419f-9c01-680fe6932258', 1, NULL, '81d4d125-7156-40b5-adf4-1a3fa09e4b78');
INSERT INTO [HoTroCovid].[dbo].[HoSo] (ID, IDCaNhan, IDNoiDungHoTro, IDDoiTuong, SoThang, SoTien, ThanhTien, IDThongTinHoTro, DaChi, NguoiTao) VALUES ('35cd509d-164a-48c0-b556-1df4e43e8609', '81d4d125-7156-40b5-adf4-1a3fa09e4b78', 1, NULL, 3, 1800000, 5400000, 'b865c967-42b9-419f-9c01-680fe6932258', 0, 'solaodong');
INSERT INTO [HoTroCovid].[dbo].[CaNhan] (ID, HoTen, GioiTinh, NgaySinh, CMND, SinhNam) VALUES ('adb2a933-97f5-45b7-8b7b-372813add66a', N'Phạm Minh Hải', 1, '1990-05-05', '215191607', 1990);
INSERT INTO [HoTroCovid].[dbo].[CaNhan_DoanhNghiep] (ID, IDDoanhNghiep, IDCaNhan, IDDoiTuong, NgheNghiep, DaTra50) VALUES ('83b11474-50a9-47d0-bb00-bfa647b0630a', 'e49841c9-785e-405e-9bf6-c9e9638c10e4', 'adb2a933-97f5-45b7-8b7b-372813add66a', NULL, N'CN kho lạnh', null);
INSERT INTO [HoTroCovid].[dbo].[ThongTinHoTro] (ID, IDNoiDung, IDDoiTuong, IDCaNhan) VALUES ('6759359c-003f-4f2a-b393-0dc402bd6715', 1, NULL, 'adb2a933-97f5-45b7-8b7b-372813add66a');
INSERT INTO [HoTroCovid].[dbo].[HoSo] (ID, IDCaNhan, IDNoiDungHoTro, IDDoiTuong, SoThang, SoTien, ThanhTien, IDThongTinHoTro, DaChi, NguoiTao) VALUES ('d15fa1e5-4a4f-4a66-963d-b40fbf95092c', 'adb2a933-97f5-45b7-8b7b-372813add66a', 1, NULL, 3, 1800000, 5400000, '6759359c-003f-4f2a-b393-0dc402bd6715', 0, 'solaodong');
INSERT INTO [HoTroCovid].[dbo].[CaNhan] (ID, HoTen, GioiTinh, NgaySinh, CMND, SinhNam) VALUES ('c21d1f20-ac20-4f33-b115-7b53bab12610', N'Nguyễn Hoàng Sa', 1, '1988-08-25', '215007482', 1988);
INSERT INTO [HoTroCovid].[dbo].[CaNhan_DoanhNghiep] (ID, IDDoanhNghiep, IDCaNhan, IDDoiTuong, NgheNghiep, DaTra50) VALUES ('d384a353-abef-4ce7-b2ae-15776737c292', 'e49841c9-785e-405e-9bf6-c9e9638c10e4', 'c21d1f20-ac20-4f33-b115-7b53bab12610', NULL, N'CNCBHSĐL', null);
INSERT INTO [HoTroCovid].[dbo].[ThongTinHoTro] (ID, IDNoiDung, IDDoiTuong, IDCaNhan) VALUES ('f979d2be-533f-4616-a84e-153aa587df04', 1, NULL, 'c21d1f20-ac20-4f33-b115-7b53bab12610');
INSERT INTO [HoTroCovid].[dbo].[HoSo] (ID, IDCaNhan, IDNoiDungHoTro, IDDoiTuong, SoThang, SoTien, ThanhTien, IDThongTinHoTro, DaChi, NguoiTao) VALUES ('c10136a6-b425-493e-b988-815c7e15ec42', 'c21d1f20-ac20-4f33-b115-7b53bab12610', 1, NULL, 3, 1800000, 5400000, 'f979d2be-533f-4616-a84e-153aa587df04', 0, 'solaodong');
INSERT INTO [HoTroCovid].[dbo].[CaNhan] (ID, HoTen, GioiTinh, NgaySinh, CMND, SinhNam) VALUES ('ccad10ed-02c6-4dc7-a91f-76c3fe6f65fd', N'Bạch Bảo Yến', NULL, '1989-01-01', '215139477', 1989);
INSERT INTO [HoTroCovid].[dbo].[CaNhan_DoanhNghiep] (ID, IDDoanhNghiep, IDCaNhan, IDDoiTuong, NgheNghiep, DaTra50) VALUES ('9e72ead8-e176-4992-9504-d32c28f6717b', 'e49841c9-785e-405e-9bf6-c9e9638c10e4', 'ccad10ed-02c6-4dc7-a91f-76c3fe6f65fd', NULL, N'CNCBHSĐL', null);
INSERT INTO [HoTroCovid].[dbo].[ThongTinHoTro] (ID, IDNoiDung, IDDoiTuong, IDCaNhan) VALUES ('95b1931f-1254-4bf5-9d1b-afcfd93d4230', 1, NULL, 'ccad10ed-02c6-4dc7-a91f-76c3fe6f65fd');
INSERT INTO [HoTroCovid].[dbo].[HoSo] (ID, IDCaNhan, IDNoiDungHoTro, IDDoiTuong, SoThang, SoTien, ThanhTien, IDThongTinHoTro, DaChi, NguoiTao) VALUES ('264cd8f6-18e9-442f-b221-930845f86496', 'ccad10ed-02c6-4dc7-a91f-76c3fe6f65fd', 1, NULL, 3, 1800000, 5400000, '95b1931f-1254-4bf5-9d1b-afcfd93d4230', 0, 'solaodong');
INSERT INTO [HoTroCovid].[dbo].[CaNhan] (ID, HoTen, GioiTinh, NgaySinh, CMND, SinhNam) VALUES ('e121d4ec-9700-4dd0-bee9-9b7728f7b79f', N'Nguyễn Như Họa', NULL, '1996-06-23', '215336430', 1996);
INSERT INTO [HoTroCovid].[dbo].[CaNhan_DoanhNghiep] (ID, IDDoanhNghiep, IDCaNhan, IDDoiTuong, NgheNghiep, DaTra50) VALUES ('efd64aaa-4669-420d-8aea-75df6a99fbc6', 'e49841c9-785e-405e-9bf6-c9e9638c10e4', 'e121d4ec-9700-4dd0-bee9-9b7728f7b79f', NULL, N'CNCBHSĐL', null);
INSERT INTO [HoTroCovid].[dbo].[ThongTinHoTro] (ID, IDNoiDung, IDDoiTuong, IDCaNhan) VALUES ('cfbbdcb3-3b6c-4b82-b7af-571438b38284', 1, NULL, 'e121d4ec-9700-4dd0-bee9-9b7728f7b79f');
INSERT INTO [HoTroCovid].[dbo].[HoSo] (ID, IDCaNhan, IDNoiDungHoTro, IDDoiTuong, SoThang, SoTien, ThanhTien, IDThongTinHoTro, DaChi, NguoiTao) VALUES ('a5e61fe9-8185-401e-8207-aa4f9b50c119', 'e121d4ec-9700-4dd0-bee9-9b7728f7b79f', 1, NULL, 3, 1800000, 5400000, 'cfbbdcb3-3b6c-4b82-b7af-571438b38284', 0, 'solaodong');
INSERT INTO [HoTroCovid].[dbo].[CaNhan] (ID, HoTen, GioiTinh, NgaySinh, CMND, SinhNam) VALUES ('91052711-9c27-4961-ac3f-20d020c58a78', N'NGUYỄN DUY QUÂN', 1, '1988-12-10', '215098185', 1988);
INSERT INTO [HoTroCovid].[dbo].[CaNhan_DoanhNghiep] (ID, IDDoanhNghiep, IDCaNhan, IDDoiTuong, NgheNghiep, DaTra50) VALUES ('44d9e25d-7bcd-449b-a862-10f1e3a05b43', '661117c5-fd90-4c1d-b623-4d81db47679a', '91052711-9c27-4961-ac3f-20d020c58a78', NULL, N'Công nhân xây lắp', null);
INSERT INTO [HoTroCovid].[dbo].[ThongTinHoTro] (ID, IDNoiDung, IDDoiTuong, IDCaNhan) VALUES ('2511b956-4667-42ce-92ca-1c3a907c7e5c', 1, NULL, '91052711-9c27-4961-ac3f-20d020c58a78');
INSERT INTO [HoTroCovid].[dbo].[HoSo] (ID, IDCaNhan, IDNoiDungHoTro, IDDoiTuong, SoThang, SoTien, ThanhTien, IDThongTinHoTro, DaChi, NguoiTao) VALUES ('705036e6-0bd8-450b-9add-64aee659ead7', '91052711-9c27-4961-ac3f-20d020c58a78', 1, NULL, 3, 1800000, 5400000, '2511b956-4667-42ce-92ca-1c3a907c7e5c', 0, 'solaodong');
INSERT INTO [HoTroCovid].[dbo].[CaNhan] (ID, HoTen, GioiTinh, NgaySinh, CMND, SinhNam) VALUES ('6601d2b8-1411-43a5-a464-f6d083f88141', N'Lê Văn Tiên', 1, '1988-05-31', '215024327', 1988);
INSERT INTO [HoTroCovid].[dbo].[CaNhan_DoanhNghiep] (ID, IDDoanhNghiep, IDCaNhan, IDDoiTuong, NgheNghiep, DaTra50) VALUES ('e6c0c52c-0090-4ddf-893b-d278867cfd67', 'd0b238df-7762-4686-9dd8-74cb3efc86ec', '6601d2b8-1411-43a5-a464-f6d083f88141', NULL, N'KCS', null);
INSERT INTO [HoTroCovid].[dbo].[ThongTinHoTro] (ID, IDNoiDung, IDDoiTuong, IDCaNhan) VALUES ('14e25722-c287-4c97-98ae-d49c08b06d86', 1, NULL, '6601d2b8-1411-43a5-a464-f6d083f88141');
INSERT INTO [HoTroCovid].[dbo].[HoSo] (ID, IDCaNhan, IDNoiDungHoTro, IDDoiTuong, SoThang, SoTien, ThanhTien, IDThongTinHoTro, DaChi, NguoiTao) VALUES ('3bc86106-1fb9-4fb5-82ec-c45f8ad607fb', '6601d2b8-1411-43a5-a464-f6d083f88141', 1, NULL, 3, 1800000, 5400000, '14e25722-c287-4c97-98ae-d49c08b06d86', 0, 'solaodong');
INSERT INTO [HoTroCovid].[dbo].[CaNhan] (ID, HoTen, GioiTinh, NgaySinh, CMND, SinhNam) VALUES ('19d94dd8-9a1f-4a27-81c1-aa074e8676ab', N'Nông Thị Trân', NULL, '1996-04-26', '215374536', 1996);
INSERT INTO [HoTroCovid].[dbo].[CaNhan_DoanhNghiep] (ID, IDDoanhNghiep, IDCaNhan, IDDoiTuong, NgheNghiep, DaTra50) VALUES ('ada2b3ef-6c6f-415e-ba0a-635021369893', 'e49841c9-785e-405e-9bf6-c9e9638c10e4', '19d94dd8-9a1f-4a27-81c1-aa074e8676ab', NULL, N'N/viên Thống kê', null);
INSERT INTO [HoTroCovid].[dbo].[ThongTinHoTro] (ID, IDNoiDung, IDDoiTuong, IDCaNhan) VALUES ('c7b3b514-abd4-4120-a79f-830a7d4ad530', 1, NULL, '19d94dd8-9a1f-4a27-81c1-aa074e8676ab');
INSERT INTO [HoTroCovid].[dbo].[HoSo] (ID, IDCaNhan, IDNoiDungHoTro, IDDoiTuong, SoThang, SoTien, ThanhTien, IDThongTinHoTro, DaChi, NguoiTao) VALUES ('31beb7e1-2356-4067-989f-099e6256e0be', '19d94dd8-9a1f-4a27-81c1-aa074e8676ab', 1, NULL, 3, 1800000, 5400000, 'c7b3b514-abd4-4120-a79f-830a7d4ad530', 0, 'solaodong');
INSERT INTO [HoTroCovid].[dbo].[CaNhan] (ID, HoTen, GioiTinh, NgaySinh, CMND, SinhNam) VALUES ('8a21ef7f-25ac-4068-a701-a1db7964cf96', N'Nguyễn Thị Chi', NULL, '1999-11-25', '215452830', 1999);
INSERT INTO [HoTroCovid].[dbo].[CaNhan_DoanhNghiep] (ID, IDDoanhNghiep, IDCaNhan, IDDoiTuong, NgheNghiep, DaTra50) VALUES ('1bd60dad-15c7-487f-be0a-cd8e38f15bd1', 'e49841c9-785e-405e-9bf6-c9e9638c10e4', '8a21ef7f-25ac-4068-a701-a1db7964cf96', NULL, N'CNCBHSĐL', null);
INSERT INTO [HoTroCovid].[dbo].[ThongTinHoTro] (ID, IDNoiDung, IDDoiTuong, IDCaNhan) VALUES ('8b09928f-8f5d-4584-aea6-c05a4ac07b88', 1, NULL, '8a21ef7f-25ac-4068-a701-a1db7964cf96');
INSERT INTO [HoTroCovid].[dbo].[HoSo] (ID, IDCaNhan, IDNoiDungHoTro, IDDoiTuong, SoThang, SoTien, ThanhTien, IDThongTinHoTro, DaChi, NguoiTao) VALUES ('3646e628-bb7c-449f-a7fe-7382aab0deb3', '8a21ef7f-25ac-4068-a701-a1db7964cf96', 1, NULL, 3, 1800000, 5400000, '8b09928f-8f5d-4584-aea6-c05a4ac07b88', 0, 'solaodong');
INSERT INTO [HoTroCovid].[dbo].[CaNhan] (ID, HoTen, GioiTinh, NgaySinh, CMND, SinhNam) VALUES ('9609c715-56f8-48b8-8089-dee451046a28', N'Lữ Minh Tâm', 1, '1973-08-30', '211435881', 1973);
INSERT INTO [HoTroCovid].[dbo].[CaNhan_DoanhNghiep] (ID, IDDoanhNghiep, IDCaNhan, IDDoiTuong, NgheNghiep, DaTra50) VALUES ('8cca4734-3c51-4863-97c2-eeb167fb0ad6', 'e49841c9-785e-405e-9bf6-c9e9638c10e4', '9609c715-56f8-48b8-8089-dee451046a28', NULL, N'C/nhân CĐL', null);
INSERT INTO [HoTroCovid].[dbo].[ThongTinHoTro] (ID, IDNoiDung, IDDoiTuong, IDCaNhan) VALUES ('4134d9bb-8439-4933-9941-d21b92d1bf97', 1, NULL, '9609c715-56f8-48b8-8089-dee451046a28');
INSERT INTO [HoTroCovid].[dbo].[HoSo] (ID, IDCaNhan, IDNoiDungHoTro, IDDoiTuong, SoThang, SoTien, ThanhTien, IDThongTinHoTro, DaChi, NguoiTao) VALUES ('b86b1a39-ab90-4144-bcaf-b7425ce02730', '9609c715-56f8-48b8-8089-dee451046a28', 1, NULL, 3, 1800000, 5400000, '4134d9bb-8439-4933-9941-d21b92d1bf97', 0, 'solaodong');
INSERT INTO [HoTroCovid].[dbo].[CaNhan] (ID, HoTen, GioiTinh, NgaySinh, CMND, SinhNam) VALUES ('e9645b37-2ccd-40dd-98f1-9d6631e59033', N'Đặng Quốc Huy', NULL, '1985-04-09', '215002652', 1985);
INSERT INTO [HoTroCovid].[dbo].[CaNhan_DoanhNghiep] (ID, IDDoanhNghiep, IDCaNhan, IDDoiTuong, NgheNghiep, DaTra50) VALUES ('d1772ce3-14cc-44e0-9e9d-71e7749f77ce', 'e49841c9-785e-405e-9bf6-c9e9638c10e4', 'e9645b37-2ccd-40dd-98f1-9d6631e59033', NULL, N'C/nhân CĐL', null);
INSERT INTO [HoTroCovid].[dbo].[ThongTinHoTro] (ID, IDNoiDung, IDDoiTuong, IDCaNhan) VALUES ('c45f122e-6b63-4083-af80-020b82100c2d', 1, NULL, 'e9645b37-2ccd-40dd-98f1-9d6631e59033');
INSERT INTO [HoTroCovid].[dbo].[HoSo] (ID, IDCaNhan, IDNoiDungHoTro, IDDoiTuong, SoThang, SoTien, ThanhTien, IDThongTinHoTro, DaChi, NguoiTao) VALUES ('2fd2e6ff-30be-4dce-b0c3-fa187d21b25d', 'e9645b37-2ccd-40dd-98f1-9d6631e59033', 1, NULL, 3, 1800000, 5400000, 'c45f122e-6b63-4083-af80-020b82100c2d', 0, 'solaodong');
INSERT INTO [HoTroCovid].[dbo].[CaNhan] (ID, HoTen, GioiTinh, NgaySinh, CMND, SinhNam) VALUES ('e75e7a14-02b7-4182-8078-80af5195bcc8', N'Nguyễn Tấn Lịch', NULL, '1998-02-28', '221421978', 1998);
INSERT INTO [HoTroCovid].[dbo].[CaNhan_DoanhNghiep] (ID, IDDoanhNghiep, IDCaNhan, IDDoiTuong, NgheNghiep, DaTra50) VALUES ('da1559eb-869d-42c5-9c95-3d8a485f58ca', 'e49841c9-785e-405e-9bf6-c9e9638c10e4', 'e75e7a14-02b7-4182-8078-80af5195bcc8', NULL, N'C/nhân CĐL', null);
INSERT INTO [HoTroCovid].[dbo].[ThongTinHoTro] (ID, IDNoiDung, IDDoiTuong, IDCaNhan) VALUES ('b173a2ac-1bc6-42a9-b822-ea1ff327cf19', 1, NULL, 'e75e7a14-02b7-4182-8078-80af5195bcc8');
INSERT INTO [HoTroCovid].[dbo].[HoSo] (ID, IDCaNhan, IDNoiDungHoTro, IDDoiTuong, SoThang, SoTien, ThanhTien, IDThongTinHoTro, DaChi, NguoiTao) VALUES ('37307464-d43a-4de6-a7f9-77ba938636cf', 'e75e7a14-02b7-4182-8078-80af5195bcc8', 1, NULL, 3, 1800000, 5400000, 'b173a2ac-1bc6-42a9-b822-ea1ff327cf19', 0, 'solaodong');
INSERT INTO [HoTroCovid].[dbo].[CaNhan] (ID, HoTen, GioiTinh, NgaySinh, CMND, SinhNam) VALUES ('cca78d3e-21ee-46d9-854f-460cca96652f', N'NGUYỄN THÀNH HƯNG', 1, '1983-12-11', '211774588', 1983);
INSERT INTO [HoTroCovid].[dbo].[CaNhan_DoanhNghiep] (ID, IDDoanhNghiep, IDCaNhan, IDDoiTuong, NgheNghiep, DaTra50) VALUES ('4edcdf2e-5de0-40ae-ae93-f7519dbc20ba', '661117c5-fd90-4c1d-b623-4d81db47679a', 'cca78d3e-21ee-46d9-854f-460cca96652f', '8540ba47-a84e-46f0-a108-b16507bc412e', N'Kỷ thuật thi công', null);
INSERT INTO [HoTroCovid].[dbo].[ThongTinHoTro] (ID, IDNoiDung, IDDoiTuong, IDCaNhan) VALUES ('b1097794-d024-4528-bdb5-8540127df985', 4, '8540ba47-a84e-46f0-a108-b16507bc412e', 'cca78d3e-21ee-46d9-854f-460cca96652f');
INSERT INTO [HoTroCovid].[dbo].[HoSo] (ID, IDCaNhan, IDNoiDungHoTro, IDDoiTuong, SoThang, SoTien, ThanhTien, IDThongTinHoTro, DaChi, NguoiTao) VALUES ('065f7273-5349-4a47-9d7c-56ff3cf27d73', 'cca78d3e-21ee-46d9-854f-460cca96652f', 4, '8540ba47-a84e-46f0-a108-b16507bc412e', 3, 1000000, 3000000, 'b1097794-d024-4528-bdb5-8540127df985', 0, 'solaodong');
INSERT INTO [HoTroCovid].[dbo].[CaNhan] (ID, HoTen, GioiTinh, NgaySinh, CMND, SinhNam) VALUES ('9b4c1911-8920-4be5-b56c-7e3ec4c11ec5', N'Trương Thị Thanh', NULL, '1987-07-11', '215084326', 1987);
INSERT INTO [HoTroCovid].[dbo].[CaNhan_DoanhNghiep] (ID, IDDoanhNghiep, IDCaNhan, IDDoiTuong, NgheNghiep, DaTra50) VALUES ('4c80ed13-0094-49b6-bbc4-793b9aed2f82', 'e49841c9-785e-405e-9bf6-c9e9638c10e4', '9b4c1911-8920-4be5-b56c-7e3ec4c11ec5', NULL, N'CNCBHSĐL', null);
INSERT INTO [HoTroCovid].[dbo].[ThongTinHoTro] (ID, IDNoiDung, IDDoiTuong, IDCaNhan) VALUES ('6dac8209-0810-4ac9-9a50-29f006547220', 1, NULL, '9b4c1911-8920-4be5-b56c-7e3ec4c11ec5');
INSERT INTO [HoTroCovid].[dbo].[HoSo] (ID, IDCaNhan, IDNoiDungHoTro, IDDoiTuong, SoThang, SoTien, ThanhTien, IDThongTinHoTro, DaChi, NguoiTao) VALUES ('4895d002-5755-4773-92e7-f952ca63d713', '9b4c1911-8920-4be5-b56c-7e3ec4c11ec5', 1, NULL, 3, 1800000, 5400000, '6dac8209-0810-4ac9-9a50-29f006547220', 0, 'solaodong');
INSERT INTO [HoTroCovid].[dbo].[CaNhan] (ID, HoTen, GioiTinh, NgaySinh, CMND, SinhNam) VALUES ('4d4f25da-24df-4e1c-a966-dc252ecfa204', N'Nguyễn Thị Kim Phượng', NULL, '1989-05-16', '215165531', 1989);
INSERT INTO [HoTroCovid].[dbo].[CaNhan_DoanhNghiep] (ID, IDDoanhNghiep, IDCaNhan, IDDoiTuong, NgheNghiep, DaTra50) VALUES ('aa7df7c0-2b95-486f-ba25-21fd1687e7d3', 'e49841c9-785e-405e-9bf6-c9e9638c10e4', '4d4f25da-24df-4e1c-a966-dc252ecfa204', NULL, N'CNCBHSĐL', null);
INSERT INTO [HoTroCovid].[dbo].[ThongTinHoTro] (ID, IDNoiDung, IDDoiTuong, IDCaNhan) VALUES ('7814b871-db18-4f09-9d2a-a63e84f09b8c', 1, NULL, '4d4f25da-24df-4e1c-a966-dc252ecfa204');
INSERT INTO [HoTroCovid].[dbo].[HoSo] (ID, IDCaNhan, IDNoiDungHoTro, IDDoiTuong, SoThang, SoTien, ThanhTien, IDThongTinHoTro, DaChi, NguoiTao) VALUES ('4df85a79-7417-4e2e-8902-80b3a1c042f4', '4d4f25da-24df-4e1c-a966-dc252ecfa204', 1, NULL, 3, 1800000, 5400000, '7814b871-db18-4f09-9d2a-a63e84f09b8c', 0, 'solaodong');
INSERT INTO [HoTroCovid].[dbo].[CaNhan] (ID, HoTen, GioiTinh, NgaySinh, CMND, SinhNam) VALUES ('4354e3ed-8535-41a9-8d4a-b8ac27dfe24c', N'Lê Văn Tiên', 1, '1997-08-10', '212842252', 1997);
INSERT INTO [HoTroCovid].[dbo].[CaNhan_DoanhNghiep] (ID, IDDoanhNghiep, IDCaNhan, IDDoiTuong, NgheNghiep, DaTra50) VALUES ('15d88f35-bee7-44d6-a82b-0937dd82f91c', 'e49841c9-785e-405e-9bf6-c9e9638c10e4', '4354e3ed-8535-41a9-8d4a-b8ac27dfe24c', NULL, N'CNCBHSĐL', null);
INSERT INTO [HoTroCovid].[dbo].[ThongTinHoTro] (ID, IDNoiDung, IDDoiTuong, IDCaNhan) VALUES ('d52e7110-c9c1-4049-88e5-5a6ecf06d104', 1, NULL, '4354e3ed-8535-41a9-8d4a-b8ac27dfe24c');
INSERT INTO [HoTroCovid].[dbo].[HoSo] (ID, IDCaNhan, IDNoiDungHoTro, IDDoiTuong, SoThang, SoTien, ThanhTien, IDThongTinHoTro, DaChi, NguoiTao) VALUES ('114f883d-9461-42a2-8ad7-1df27366f243', '4354e3ed-8535-41a9-8d4a-b8ac27dfe24c', 1, NULL, 3, 1800000, 5400000, 'd52e7110-c9c1-4049-88e5-5a6ecf06d104', 0, 'solaodong');
INSERT INTO [HoTroCovid].[dbo].[CaNhan] (ID, HoTen, GioiTinh, NgaySinh, CMND, SinhNam) VALUES ('d5025a60-b4d7-42f8-9eb5-c4ffac2e44d3', N'Nguyễn Thanh Lâm', 1, '1978-06-19', '231162703', 1978);
INSERT INTO [HoTroCovid].[dbo].[CaNhan_DoanhNghiep] (ID, IDDoanhNghiep, IDCaNhan, IDDoiTuong, NgheNghiep, DaTra50) VALUES ('20a4e860-4270-4a41-a8c8-d65895f8315b', 'd0b238df-7762-4686-9dd8-74cb3efc86ec', 'd5025a60-b4d7-42f8-9eb5-c4ffac2e44d3', NULL, N'Thị Trường', null);
INSERT INTO [HoTroCovid].[dbo].[ThongTinHoTro] (ID, IDNoiDung, IDDoiTuong, IDCaNhan) VALUES ('c3881619-54ff-4a4e-ac9c-4f71eb9d3372', 1, NULL, 'd5025a60-b4d7-42f8-9eb5-c4ffac2e44d3');
INSERT INTO [HoTroCovid].[dbo].[HoSo] (ID, IDCaNhan, IDNoiDungHoTro, IDDoiTuong, SoThang, SoTien, ThanhTien, IDThongTinHoTro, DaChi, NguoiTao) VALUES ('ace66498-72b8-4fbd-be23-34959b182b3d', 'd5025a60-b4d7-42f8-9eb5-c4ffac2e44d3', 1, NULL, 3, 1800000, 5400000, 'c3881619-54ff-4a4e-ac9c-4f71eb9d3372', 0, 'solaodong');
INSERT INTO [HoTroCovid].[dbo].[CaNhan] (ID, HoTen, GioiTinh, NgaySinh, CMND, SinhNam) VALUES ('b973c9a2-7d0e-4fba-b6e6-89046782d2b3', N'Hồ Thanh Hải', 1, '1999-02-18', '215480515', 1999);
INSERT INTO [HoTroCovid].[dbo].[CaNhan_DoanhNghiep] (ID, IDDoanhNghiep, IDCaNhan, IDDoiTuong, NgheNghiep, DaTra50) VALUES ('c0838f71-9b3e-41dd-a2aa-8c6c2a3a7ff8', 'e49841c9-785e-405e-9bf6-c9e9638c10e4', 'b973c9a2-7d0e-4fba-b6e6-89046782d2b3', NULL, N'CNCBHSĐL', null);
INSERT INTO [HoTroCovid].[dbo].[ThongTinHoTro] (ID, IDNoiDung, IDDoiTuong, IDCaNhan) VALUES ('0db0225c-10c4-48ae-9a51-32a430f0839e', 1, NULL, 'b973c9a2-7d0e-4fba-b6e6-89046782d2b3');
INSERT INTO [HoTroCovid].[dbo].[HoSo] (ID, IDCaNhan, IDNoiDungHoTro, IDDoiTuong, SoThang, SoTien, ThanhTien, IDThongTinHoTro, DaChi, NguoiTao) VALUES ('b7184617-5557-4217-8a27-f484f8e71534', 'b973c9a2-7d0e-4fba-b6e6-89046782d2b3', 1, NULL, 3, 1800000, 5400000, '0db0225c-10c4-48ae-9a51-32a430f0839e', 0, 'solaodong');
INSERT INTO [HoTroCovid].[dbo].[CaNhan] (ID, HoTen, GioiTinh, NgaySinh, CMND, SinhNam) VALUES ('707a0ce6-aeeb-48ec-a5ba-004de8d03099', N'Phạm Thị Lan Anh', 1, '1991-04-08', '221315171', 1991);
INSERT INTO [HoTroCovid].[dbo].[CaNhan_DoanhNghiep] (ID, IDDoanhNghiep, IDCaNhan, IDDoiTuong, NgheNghiep, DaTra50) VALUES ('b33cfa67-6af4-46c1-8e96-61668bdbacab', '8f68b99e-5018-4e4c-9fdb-8acedd7189fa', '707a0ce6-aeeb-48ec-a5ba-004de8d03099', NULL, N'Giám sát Lễ tân', false);
INSERT INTO [HoTroCovid].[dbo].[ThongTinHoTro] (ID, IDNoiDung, IDDoiTuong, IDCaNhan) VALUES ('a4986136-a190-47c9-ab71-55def617f034', 1, NULL, '707a0ce6-aeeb-48ec-a5ba-004de8d03099');
INSERT INTO [HoTroCovid].[dbo].[HoSo] (ID, IDCaNhan, IDNoiDungHoTro, IDDoiTuong, SoThang, SoTien, ThanhTien, IDThongTinHoTro, DaChi, NguoiTao) VALUES ('2ce967a5-a795-44fa-ba49-c1f618dc3935', '707a0ce6-aeeb-48ec-a5ba-004de8d03099', 1, NULL, 3, 1800000, 5400000, 'a4986136-a190-47c9-ab71-55def617f034', 0, 'solaodong');
INSERT INTO [HoTroCovid].[dbo].[CaNhan] (ID, HoTen, GioiTinh, NgaySinh, CMND, SinhNam) VALUES ('5007d231-dabf-4ef5-b2d2-ec8bada9d905', N'Trần Thị Thu Hiền', NULL, '1993-01-06', '197300408', 1993);
INSERT INTO [HoTroCovid].[dbo].[CaNhan_DoanhNghiep] (ID, IDDoanhNghiep, IDCaNhan, IDDoiTuong, NgheNghiep, DaTra50) VALUES ('b31de9f8-350e-410c-8180-3b5d9eb5dfdc', '8f68b99e-5018-4e4c-9fdb-8acedd7189fa', '5007d231-dabf-4ef5-b2d2-ec8bada9d905', NULL, N'Nhân viên dọn phòng', false);
INSERT INTO [HoTroCovid].[dbo].[ThongTinHoTro] (ID, IDNoiDung, IDDoiTuong, IDCaNhan) VALUES ('86f40d32-2cf0-4dcc-944b-bd8fc0efa906', 1, NULL, '5007d231-dabf-4ef5-b2d2-ec8bada9d905');
INSERT INTO [HoTroCovid].[dbo].[HoSo] (ID, IDCaNhan, IDNoiDungHoTro, IDDoiTuong, SoThang, SoTien, ThanhTien, IDThongTinHoTro, DaChi, NguoiTao) VALUES ('dddb9ef1-e50b-4560-818f-407c50f9bc7c', '5007d231-dabf-4ef5-b2d2-ec8bada9d905', 1, NULL, 3, 1800000, 5400000, '86f40d32-2cf0-4dcc-944b-bd8fc0efa906', 0, 'solaodong');
INSERT INTO [HoTroCovid].[dbo].[CaNhan] (ID, HoTen, GioiTinh, NgaySinh, CMND, SinhNam) VALUES ('00ab088a-2efc-4f39-8e67-c0d4630bbda8', N'Nguyễn Văn Nam', 1, '1985-01-03', '172853493', 1985);
INSERT INTO [HoTroCovid].[dbo].[CaNhan_DoanhNghiep] (ID, IDDoanhNghiep, IDCaNhan, IDDoiTuong, NgheNghiep, DaTra50) VALUES ('c8d4bd9d-45b0-4333-a8b0-92ead33d213a', 'e49841c9-785e-405e-9bf6-c9e9638c10e4', '00ab088a-2efc-4f39-8e67-c0d4630bbda8', NULL, N'C/nhân CĐL', null);
INSERT INTO [HoTroCovid].[dbo].[ThongTinHoTro] (ID, IDNoiDung, IDDoiTuong, IDCaNhan) VALUES ('7eac5681-5567-49c4-b632-29f1af730cd5', 1, NULL, '00ab088a-2efc-4f39-8e67-c0d4630bbda8');
INSERT INTO [HoTroCovid].[dbo].[HoSo] (ID, IDCaNhan, IDNoiDungHoTro, IDDoiTuong, SoThang, SoTien, ThanhTien, IDThongTinHoTro, DaChi, NguoiTao) VALUES ('9a0433a7-7206-4101-bcb3-76beaeca2c14', '00ab088a-2efc-4f39-8e67-c0d4630bbda8', 1, NULL, 3, 1800000, 5400000, '7eac5681-5567-49c4-b632-29f1af730cd5', 0, 'solaodong');
INSERT INTO [HoTroCovid].[dbo].[CaNhan] (ID, HoTen, GioiTinh, NgaySinh, CMND, SinhNam) VALUES ('6a0502c1-0a04-4a5a-abc4-57dbccfde2b0', N'Đỗ Ngọc Phi', NULL, '1997-12-12', '215442259', 1997);
INSERT INTO [HoTroCovid].[dbo].[CaNhan_DoanhNghiep] (ID, IDDoanhNghiep, IDCaNhan, IDDoiTuong, NgheNghiep, DaTra50) VALUES ('94d0ac8e-0dc3-453e-ae89-5ccdaddcd098', 'e49841c9-785e-405e-9bf6-c9e9638c10e4', '6a0502c1-0a04-4a5a-abc4-57dbccfde2b0', NULL, N'C/nhân CĐL', null);
INSERT INTO [HoTroCovid].[dbo].[ThongTinHoTro] (ID, IDNoiDung, IDDoiTuong, IDCaNhan) VALUES ('36644b06-31e9-4385-adff-e3cb36b40050', 1, NULL, '6a0502c1-0a04-4a5a-abc4-57dbccfde2b0');
INSERT INTO [HoTroCovid].[dbo].[HoSo] (ID, IDCaNhan, IDNoiDungHoTro, IDDoiTuong, SoThang, SoTien, ThanhTien, IDThongTinHoTro, DaChi, NguoiTao) VALUES ('33eca802-50d3-4c94-b4eb-6b599ae4571b', '6a0502c1-0a04-4a5a-abc4-57dbccfde2b0', 1, NULL, 3, 1800000, 5400000, '36644b06-31e9-4385-adff-e3cb36b40050', 0, 'solaodong');
INSERT INTO [HoTroCovid].[dbo].[CaNhan] (ID, HoTen, GioiTinh, NgaySinh, CMND, SinhNam) VALUES ('1894c054-8cc9-4e54-8d64-4cd4c8f4f5c4', N'Mai Thị Bích Hạnh', NULL, '1995-03-12', '215377240', 1995);
INSERT INTO [HoTroCovid].[dbo].[CaNhan_DoanhNghiep] (ID, IDDoanhNghiep, IDCaNhan, IDDoiTuong, NgheNghiep, DaTra50) VALUES ('7b37ad14-9f20-4bac-af14-2d45d7ca35ed', 'e49841c9-785e-405e-9bf6-c9e9638c10e4', '1894c054-8cc9-4e54-8d64-4cd4c8f4f5c4', NULL, N'CNCBHSĐL', null);
INSERT INTO [HoTroCovid].[dbo].[ThongTinHoTro] (ID, IDNoiDung, IDDoiTuong, IDCaNhan) VALUES ('fe2d99f9-755a-4d80-a80d-a055736dfc4c', 1, NULL, '1894c054-8cc9-4e54-8d64-4cd4c8f4f5c4');
INSERT INTO [HoTroCovid].[dbo].[HoSo] (ID, IDCaNhan, IDNoiDungHoTro, IDDoiTuong, SoThang, SoTien, ThanhTien, IDThongTinHoTro, DaChi, NguoiTao) VALUES ('c866bbf0-41da-4a6c-8ec5-006120a7568f', '1894c054-8cc9-4e54-8d64-4cd4c8f4f5c4', 1, NULL, 3, 1800000, 5400000, 'fe2d99f9-755a-4d80-a80d-a055736dfc4c', 0, 'solaodong');
INSERT INTO [HoTroCovid].[dbo].[CaNhan] (ID, HoTen, GioiTinh, NgaySinh, CMND, SinhNam) VALUES ('f8dcb349-d57b-476b-92a3-538c6cd53f78', N'Hồ Thị Lượm', NULL, '1996-04-15', '215336397', 1996);
INSERT INTO [HoTroCovid].[dbo].[CaNhan_DoanhNghiep] (ID, IDDoanhNghiep, IDCaNhan, IDDoiTuong, NgheNghiep, DaTra50) VALUES ('3f0cccb0-8245-4fdf-abdb-c8ba6f15ad51', '8f68b99e-5018-4e4c-9fdb-8acedd7189fa', 'f8dcb349-d57b-476b-92a3-538c6cd53f78', NULL, N'Nhân viên dọn phòng', false);
INSERT INTO [HoTroCovid].[dbo].[ThongTinHoTro] (ID, IDNoiDung, IDDoiTuong, IDCaNhan) VALUES ('bd7ac233-23f2-48e1-906b-cb2c3b0c6eed', 1, NULL, 'f8dcb349-d57b-476b-92a3-538c6cd53f78');
INSERT INTO [HoTroCovid].[dbo].[HoSo] (ID, IDCaNhan, IDNoiDungHoTro, IDDoiTuong, SoThang, SoTien, ThanhTien, IDThongTinHoTro, DaChi, NguoiTao) VALUES ('8d5fd40b-1350-4a13-adf1-4706a8ea5fdb', 'f8dcb349-d57b-476b-92a3-538c6cd53f78', 1, NULL, 3, 1800000, 5400000, 'bd7ac233-23f2-48e1-906b-cb2c3b0c6eed', 0, 'solaodong');
INSERT INTO [HoTroCovid].[dbo].[CaNhan] (ID, HoTen, GioiTinh, NgaySinh, CMND, SinhNam) VALUES ('a3576801-0464-433a-83cd-9acb76cf553e', N'Lê Thị Hằng', NULL, '1990-12-09', '215139253', 1990);
INSERT INTO [HoTroCovid].[dbo].[CaNhan_DoanhNghiep] (ID, IDDoanhNghiep, IDCaNhan, IDDoiTuong, NgheNghiep, DaTra50) VALUES ('0bd3381d-9ae0-406e-9d41-22ff5dd6f1d4', '8f68b99e-5018-4e4c-9fdb-8acedd7189fa', 'a3576801-0464-433a-83cd-9acb76cf553e', NULL, N'Giám sát Buồng phòng', false);
INSERT INTO [HoTroCovid].[dbo].[ThongTinHoTro] (ID, IDNoiDung, IDDoiTuong, IDCaNhan) VALUES ('8ead7bb0-e94c-477a-a261-fa4230c5babf', 1, NULL, 'a3576801-0464-433a-83cd-9acb76cf553e');
INSERT INTO [HoTroCovid].[dbo].[HoSo] (ID, IDCaNhan, IDNoiDungHoTro, IDDoiTuong, SoThang, SoTien, ThanhTien, IDThongTinHoTro, DaChi, NguoiTao) VALUES ('0ed87215-22f1-49f8-b339-84b9d9c25947', 'a3576801-0464-433a-83cd-9acb76cf553e', 1, NULL, 3, 1800000, 5400000, '8ead7bb0-e94c-477a-a261-fa4230c5babf', 0, 'solaodong');
INSERT INTO [HoTroCovid].[dbo].[CaNhan] (ID, HoTen, GioiTinh, NgaySinh, CMND, SinhNam) VALUES ('ed85271b-36d8-47c5-bf72-0817778528b8', N'PHAN ANH TÂN', 1, '1980-06-10', '211840988', 1980);
INSERT INTO [HoTroCovid].[dbo].[CaNhan_DoanhNghiep] (ID, IDDoanhNghiep, IDCaNhan, IDDoiTuong, NgheNghiep, DaTra50) VALUES ('132c907f-fa63-485a-a94c-c656ca53fa4b', 'd810a86a-afd9-4012-9c95-c92bd74f552a', 'ed85271b-36d8-47c5-bf72-0817778528b8', NULL, N'Lái xe', null);
INSERT INTO [HoTroCovid].[dbo].[ThongTinHoTro] (ID, IDNoiDung, IDDoiTuong, IDCaNhan) VALUES ('85c49b29-e0f3-4d25-b1c3-d44ebaed38b2', 1, NULL, 'ed85271b-36d8-47c5-bf72-0817778528b8');
INSERT INTO [HoTroCovid].[dbo].[HoSo] (ID, IDCaNhan, IDNoiDungHoTro, IDDoiTuong, SoThang, SoTien, ThanhTien, IDThongTinHoTro, DaChi, NguoiTao) VALUES ('c58a939b-0459-43d9-9ac6-aa7658d09d87', 'ed85271b-36d8-47c5-bf72-0817778528b8', 1, NULL, 3, 1800000, 5400000, '85c49b29-e0f3-4d25-b1c3-d44ebaed38b2', 0, 'solaodong');
INSERT INTO [HoTroCovid].[dbo].[CaNhan] (ID, HoTen, GioiTinh, NgaySinh, CMND, SinhNam) VALUES ('7b992026-e77d-4dc6-99b2-f5f27ffa5284', N'LƯƠNG VĂN CHI', 1, '1990-11-30', '221313173', 1990);
INSERT INTO [HoTroCovid].[dbo].[CaNhan_DoanhNghiep] (ID, IDDoanhNghiep, IDCaNhan, IDDoiTuong, NgheNghiep, DaTra50) VALUES ('37d8e562-c336-46b4-b4d0-26768fdf96e8', 'd810a86a-afd9-4012-9c95-c92bd74f552a', '7b992026-e77d-4dc6-99b2-f5f27ffa5284', NULL, N'Lái xe', null);
INSERT INTO [HoTroCovid].[dbo].[ThongTinHoTro] (ID, IDNoiDung, IDDoiTuong, IDCaNhan) VALUES ('975fddcf-3abf-4fa2-88c4-780ffc0f9a34', 1, NULL, '7b992026-e77d-4dc6-99b2-f5f27ffa5284');
INSERT INTO [HoTroCovid].[dbo].[HoSo] (ID, IDCaNhan, IDNoiDungHoTro, IDDoiTuong, SoThang, SoTien, ThanhTien, IDThongTinHoTro, DaChi, NguoiTao) VALUES ('17716923-e7f8-49cb-bdaa-6a4dd11a1aae', '7b992026-e77d-4dc6-99b2-f5f27ffa5284', 1, NULL, 3, 1800000, 5400000, '975fddcf-3abf-4fa2-88c4-780ffc0f9a34', 0, 'solaodong');
INSERT INTO [HoTroCovid].[dbo].[CaNhan] (ID, HoTen, GioiTinh, NgaySinh, CMND, SinhNam) VALUES ('05e24cf0-ef44-494e-a763-68a7446796ee', N'Phan Thị Phòng', NULL, '1971-06-24', '211240439', 1971);
INSERT INTO [HoTroCovid].[dbo].[CaNhan_DoanhNghiep] (ID, IDDoanhNghiep, IDCaNhan, IDDoiTuong, NgheNghiep, DaTra50) VALUES ('31f14ff9-4f0e-44de-8aad-116b5e570b06', '8f68b99e-5018-4e4c-9fdb-8acedd7189fa', '05e24cf0-ef44-494e-a763-68a7446796ee', NULL, N'Nhân viên dọn phòng', false);
INSERT INTO [HoTroCovid].[dbo].[ThongTinHoTro] (ID, IDNoiDung, IDDoiTuong, IDCaNhan) VALUES ('e584701d-c350-4783-a779-6750defc97ed', 1, NULL, '05e24cf0-ef44-494e-a763-68a7446796ee');
INSERT INTO [HoTroCovid].[dbo].[HoSo] (ID, IDCaNhan, IDNoiDungHoTro, IDDoiTuong, SoThang, SoTien, ThanhTien, IDThongTinHoTro, DaChi, NguoiTao) VALUES ('b3ba19ec-a885-4bca-bc98-0f4803b04329', '05e24cf0-ef44-494e-a763-68a7446796ee', 1, NULL, 3, 1800000, 5400000, 'e584701d-c350-4783-a779-6750defc97ed', 0, 'solaodong');
INSERT INTO [HoTroCovid].[dbo].[CaNhan] (ID, HoTen, GioiTinh, NgaySinh, CMND, SinhNam) VALUES ('df68d3f2-8476-423f-a663-cfdd651b4a38', N'LÊ BÁ THÔNG', 1, '1967-01-01', '211531161', 1967);
INSERT INTO [HoTroCovid].[dbo].[CaNhan_DoanhNghiep] (ID, IDDoanhNghiep, IDCaNhan, IDDoiTuong, NgheNghiep, DaTra50) VALUES ('57442ef1-1398-429e-83ce-5cac3d1a87c8', '661117c5-fd90-4c1d-b623-4d81db47679a', 'df68d3f2-8476-423f-a663-cfdd651b4a38', NULL, N'Bảo vệ', null);
INSERT INTO [HoTroCovid].[dbo].[ThongTinHoTro] (ID, IDNoiDung, IDDoiTuong, IDCaNhan) VALUES ('dedc563d-b43b-4795-845b-325c393946c6', 1, NULL, 'df68d3f2-8476-423f-a663-cfdd651b4a38');
INSERT INTO [HoTroCovid].[dbo].[HoSo] (ID, IDCaNhan, IDNoiDungHoTro, IDDoiTuong, SoThang, SoTien, ThanhTien, IDThongTinHoTro, DaChi, NguoiTao) VALUES ('c747befe-781c-44b1-9a47-48c3290179c4', 'df68d3f2-8476-423f-a663-cfdd651b4a38', 1, NULL, 3, 1800000, 5400000, 'dedc563d-b43b-4795-845b-325c393946c6', 0, 'solaodong');
INSERT INTO [HoTroCovid].[dbo].[CaNhan] (ID, HoTen, GioiTinh, NgaySinh, CMND, SinhNam) VALUES ('86faf70a-07f8-447e-989a-d8dee26ef662', N'Nguyễn Thị Thu Yến', NULL, '1994-07-22', '215291825', 1994);
INSERT INTO [HoTroCovid].[dbo].[CaNhan_DoanhNghiep] (ID, IDDoanhNghiep, IDCaNhan, IDDoiTuong, NgheNghiep, DaTra50) VALUES ('da710f50-f47f-4f7d-a66b-d854db52b014', '8f68b99e-5018-4e4c-9fdb-8acedd7189fa', '86faf70a-07f8-447e-989a-d8dee26ef662', NULL, N'Nhân viên Lễ tân', false);
INSERT INTO [HoTroCovid].[dbo].[ThongTinHoTro] (ID, IDNoiDung, IDDoiTuong, IDCaNhan) VALUES ('23d3efd3-d632-4914-b42f-a95b0de421f7', 1, NULL, '86faf70a-07f8-447e-989a-d8dee26ef662');
INSERT INTO [HoTroCovid].[dbo].[HoSo] (ID, IDCaNhan, IDNoiDungHoTro, IDDoiTuong, SoThang, SoTien, ThanhTien, IDThongTinHoTro, DaChi, NguoiTao) VALUES ('620d1f87-fcc9-413a-a862-2f0e75f7fbf4', '86faf70a-07f8-447e-989a-d8dee26ef662', 1, NULL, 3, 1800000, 5400000, '23d3efd3-d632-4914-b42f-a95b0de421f7', 0, 'solaodong');
INSERT INTO [HoTroCovid].[dbo].[CaNhan] (ID, HoTen, GioiTinh, NgaySinh, CMND, SinhNam) VALUES ('a1ef95b3-215e-46ea-b2ba-94758698fb82', N'Đinh Thị Ngọc Oanh', NULL, '1997-02-26', '215408522', 1997);
INSERT INTO [HoTroCovid].[dbo].[CaNhan_DoanhNghiep] (ID, IDDoanhNghiep, IDCaNhan, IDDoiTuong, NgheNghiep, DaTra50) VALUES ('4a0b9c20-5845-472c-9b1c-7065c25b38dd', '8f68b99e-5018-4e4c-9fdb-8acedd7189fa', 'a1ef95b3-215e-46ea-b2ba-94758698fb82', NULL, N'Nhân viên Lễ tân', false);
INSERT INTO [HoTroCovid].[dbo].[ThongTinHoTro] (ID, IDNoiDung, IDDoiTuong, IDCaNhan) VALUES ('198cdfbd-d258-471d-90c8-3b0dae72d8fd', 1, NULL, 'a1ef95b3-215e-46ea-b2ba-94758698fb82');
INSERT INTO [HoTroCovid].[dbo].[HoSo] (ID, IDCaNhan, IDNoiDungHoTro, IDDoiTuong, SoThang, SoTien, ThanhTien, IDThongTinHoTro, DaChi, NguoiTao) VALUES ('3aa9f5a1-d433-4eed-9969-fede9acd0e57', 'a1ef95b3-215e-46ea-b2ba-94758698fb82', 1, NULL, 3, 1800000, 5400000, '198cdfbd-d258-471d-90c8-3b0dae72d8fd', 0, 'solaodong');
INSERT INTO [HoTroCovid].[dbo].[CaNhan] (ID, HoTen, GioiTinh, NgaySinh, CMND, SinhNam) VALUES ('01832325-0511-448f-8d53-7617a43cd698', N'Võ Thị Tuyết Trinh', NULL, '1999-10-03', '215504151', 1999);
INSERT INTO [HoTroCovid].[dbo].[CaNhan_DoanhNghiep] (ID, IDDoanhNghiep, IDCaNhan, IDDoiTuong, NgheNghiep, DaTra50) VALUES ('14bc34ef-7055-43f3-846b-8d32de1292b9', '8f68b99e-5018-4e4c-9fdb-8acedd7189fa', '01832325-0511-448f-8d53-7617a43cd698', NULL, N'Nhân viên giặt ủi', false);
INSERT INTO [HoTroCovid].[dbo].[ThongTinHoTro] (ID, IDNoiDung, IDDoiTuong, IDCaNhan) VALUES ('b99df761-4f16-4f93-a754-ce964d1fa2e8', 1, NULL, '01832325-0511-448f-8d53-7617a43cd698');
INSERT INTO [HoTroCovid].[dbo].[HoSo] (ID, IDCaNhan, IDNoiDungHoTro, IDDoiTuong, SoThang, SoTien, ThanhTien, IDThongTinHoTro, DaChi, NguoiTao) VALUES ('4eeefaaa-1ae1-498d-b812-d2fcd9cac1c6', '01832325-0511-448f-8d53-7617a43cd698', 1, NULL, 3, 1800000, 5400000, 'b99df761-4f16-4f93-a754-ce964d1fa2e8', 0, 'solaodong');
INSERT INTO [HoTroCovid].[dbo].[CaNhan] (ID, HoTen, GioiTinh, NgaySinh, CMND, SinhNam) VALUES ('f4ff807b-1827-467d-a6c1-2b0d465319ea', N'Phan Văn Phúc', 1, '1997-06-09', '215419879', 1997);
INSERT INTO [HoTroCovid].[dbo].[CaNhan_DoanhNghiep] (ID, IDDoanhNghiep, IDCaNhan, IDDoiTuong, NgheNghiep, DaTra50) VALUES ('7819e666-1859-4f6e-8e00-1c4039cd1fdd', '8f68b99e-5018-4e4c-9fdb-8acedd7189fa', 'f4ff807b-1827-467d-a6c1-2b0d465319ea', NULL, N'Nhân viên giặt ủi', false);
INSERT INTO [HoTroCovid].[dbo].[ThongTinHoTro] (ID, IDNoiDung, IDDoiTuong, IDCaNhan) VALUES ('2cfbee1c-4866-4ac8-a355-023d2116a23f', 1, NULL, 'f4ff807b-1827-467d-a6c1-2b0d465319ea');
INSERT INTO [HoTroCovid].[dbo].[HoSo] (ID, IDCaNhan, IDNoiDungHoTro, IDDoiTuong, SoThang, SoTien, ThanhTien, IDThongTinHoTro, DaChi, NguoiTao) VALUES ('5f48a4d2-219b-44c5-8ac7-88654b79a542', 'f4ff807b-1827-467d-a6c1-2b0d465319ea', 1, NULL, 3, 1800000, 5400000, '2cfbee1c-4866-4ac8-a355-023d2116a23f', 0, 'solaodong');
INSERT INTO [HoTroCovid].[dbo].[CaNhan] (ID, HoTen, GioiTinh, NgaySinh, CMND, SinhNam) VALUES ('3edf3851-786f-43f8-ad6f-a920aaa959e3', N'NGUYỄN VĂN DƯ', 1, '1966-07-07', '211190100', 1966);
INSERT INTO [HoTroCovid].[dbo].[CaNhan_DoanhNghiep] (ID, IDDoanhNghiep, IDCaNhan, IDDoiTuong, NgheNghiep, DaTra50) VALUES ('9ce8f690-1626-4552-acaf-3e8e01c04de7', '661117c5-fd90-4c1d-b623-4d81db47679a', '3edf3851-786f-43f8-ad6f-a920aaa959e3', NULL, N'Công nhân xây lắp', null);
INSERT INTO [HoTroCovid].[dbo].[ThongTinHoTro] (ID, IDNoiDung, IDDoiTuong, IDCaNhan) VALUES ('dfa86b96-a51d-4a83-9642-88b245292e7d', 1, NULL, '3edf3851-786f-43f8-ad6f-a920aaa959e3');
INSERT INTO [HoTroCovid].[dbo].[HoSo] (ID, IDCaNhan, IDNoiDungHoTro, IDDoiTuong, SoThang, SoTien, ThanhTien, IDThongTinHoTro, DaChi, NguoiTao) VALUES ('d6e505c7-0a89-48b4-a8b3-73e93b39517d', '3edf3851-786f-43f8-ad6f-a920aaa959e3', 1, NULL, 3, 1800000, 5400000, 'dfa86b96-a51d-4a83-9642-88b245292e7d', 0, 'solaodong');
INSERT INTO [HoTroCovid].[dbo].[CaNhan] (ID, HoTen, GioiTinh, NgaySinh, CMND, SinhNam) VALUES ('d205b814-318b-4635-8777-e54b12d5ced4', N'Lê Văn Chín', 1, '1985-10-08', '211802937', 1985);
INSERT INTO [HoTroCovid].[dbo].[CaNhan_DoanhNghiep] (ID, IDDoanhNghiep, IDCaNhan, IDDoiTuong, NgheNghiep, DaTra50) VALUES ('5b44ce51-ad78-4f0d-9f1f-d3888a72a3f3', '8f68b99e-5018-4e4c-9fdb-8acedd7189fa', 'd205b814-318b-4635-8777-e54b12d5ced4', NULL, N'Nhân viên vệ sinh công cộng', false);
INSERT INTO [HoTroCovid].[dbo].[ThongTinHoTro] (ID, IDNoiDung, IDDoiTuong, IDCaNhan) VALUES ('3e910fd4-25ac-4c14-8838-6439c35d5be5', 1, NULL, 'd205b814-318b-4635-8777-e54b12d5ced4');
INSERT INTO [HoTroCovid].[dbo].[HoSo] (ID, IDCaNhan, IDNoiDungHoTro, IDDoiTuong, SoThang, SoTien, ThanhTien, IDThongTinHoTro, DaChi, NguoiTao) VALUES ('2de970f5-04b6-4982-afea-7b37505d56e6', 'd205b814-318b-4635-8777-e54b12d5ced4', 1, NULL, 3, 1800000, 5400000, '3e910fd4-25ac-4c14-8838-6439c35d5be5', 0, 'solaodong');
INSERT INTO [HoTroCovid].[dbo].[CaNhan] (ID, HoTen, GioiTinh, NgaySinh, CMND, SinhNam) VALUES ('656cc3ed-82b1-485e-ae77-1affe61ea86e', N'Võ Văn Toàn', 1, '1991-01-20', '221310838', 1991);
INSERT INTO [HoTroCovid].[dbo].[CaNhan_DoanhNghiep] (ID, IDDoanhNghiep, IDCaNhan, IDDoiTuong, NgheNghiep, DaTra50) VALUES ('285ac6e8-b3a0-4beb-91ce-82afa1cba30d', 'e49841c9-785e-405e-9bf6-c9e9638c10e4', '656cc3ed-82b1-485e-ae77-1affe61ea86e', NULL, N'CNCBHSĐL', null);
INSERT INTO [HoTroCovid].[dbo].[ThongTinHoTro] (ID, IDNoiDung, IDDoiTuong, IDCaNhan) VALUES ('52d9224d-56b3-409e-8e08-f5851a5779d9', 1, NULL, '656cc3ed-82b1-485e-ae77-1affe61ea86e');
INSERT INTO [HoTroCovid].[dbo].[HoSo] (ID, IDCaNhan, IDNoiDungHoTro, IDDoiTuong, SoThang, SoTien, ThanhTien, IDThongTinHoTro, DaChi, NguoiTao) VALUES ('f5bbe230-c13f-4aa7-8fc9-055a2d3d1a53', '656cc3ed-82b1-485e-ae77-1affe61ea86e', 1, NULL, 3, 1800000, 5400000, '52d9224d-56b3-409e-8e08-f5851a5779d9', 0, 'solaodong');
INSERT INTO [HoTroCovid].[dbo].[CaNhan] (ID, HoTen, GioiTinh, NgaySinh, CMND, SinhNam) VALUES ('c46b6221-6511-4eff-8e4c-8e36afd78a14', N'Nguyễn Minh Vinh', 1, '1992-10-12', '215295593', 1992);
INSERT INTO [HoTroCovid].[dbo].[CaNhan_DoanhNghiep] (ID, IDDoanhNghiep, IDCaNhan, IDDoiTuong, NgheNghiep, DaTra50) VALUES ('f4158b34-7a62-48d4-b608-f89d7c473618', 'e49841c9-785e-405e-9bf6-c9e9638c10e4', 'c46b6221-6511-4eff-8e4c-8e36afd78a14', NULL, N'CNCBHSĐL', null);
INSERT INTO [HoTroCovid].[dbo].[ThongTinHoTro] (ID, IDNoiDung, IDDoiTuong, IDCaNhan) VALUES ('89701ac4-03dc-4da0-969e-e203a0e7b3e9', 1, NULL, 'c46b6221-6511-4eff-8e4c-8e36afd78a14');
INSERT INTO [HoTroCovid].[dbo].[HoSo] (ID, IDCaNhan, IDNoiDungHoTro, IDDoiTuong, SoThang, SoTien, ThanhTien, IDThongTinHoTro, DaChi, NguoiTao) VALUES ('7acab348-948c-450c-9216-0c4b01102dbe', 'c46b6221-6511-4eff-8e4c-8e36afd78a14', 1, NULL, 3, 1800000, 5400000, '89701ac4-03dc-4da0-969e-e203a0e7b3e9', 0, 'solaodong');
INSERT INTO [HoTroCovid].[dbo].[CaNhan] (ID, HoTen, GioiTinh, NgaySinh, CMND, SinhNam) VALUES ('b65e3ac4-9ba7-4267-82a0-8ab5b9e187b5', N'Trần Đình Khiết - TT', 1, '1970-01-11', '211189922', 1970);
INSERT INTO [HoTroCovid].[dbo].[CaNhan_DoanhNghiep] (ID, IDDoanhNghiep, IDCaNhan, IDDoiTuong, NgheNghiep, DaTra50) VALUES ('9e19a2ed-220d-482c-a4b5-4556597e9260', 'e49841c9-785e-405e-9bf6-c9e9638c10e4', 'b65e3ac4-9ba7-4267-82a0-8ab5b9e187b5', NULL, N'Tổ trưởng Cấp phát BBVT', null);
INSERT INTO [HoTroCovid].[dbo].[ThongTinHoTro] (ID, IDNoiDung, IDDoiTuong, IDCaNhan) VALUES ('00809400-fb14-42f6-a165-eac46d0a0c25', 1, NULL, 'b65e3ac4-9ba7-4267-82a0-8ab5b9e187b5');
INSERT INTO [HoTroCovid].[dbo].[HoSo] (ID, IDCaNhan, IDNoiDungHoTro, IDDoiTuong, SoThang, SoTien, ThanhTien, IDThongTinHoTro, DaChi, NguoiTao) VALUES ('09b06325-55e9-46f7-86d8-57767ef6bb3f', 'b65e3ac4-9ba7-4267-82a0-8ab5b9e187b5', 1, NULL, 3, 1800000, 5400000, '00809400-fb14-42f6-a165-eac46d0a0c25', 0, 'solaodong');
INSERT INTO [HoTroCovid].[dbo].[CaNhan] (ID, HoTen, GioiTinh, NgaySinh, CMND, SinhNam) VALUES ('25c420bb-05ed-4ec3-8795-6691958df969', N'Trương Thị Kim Thanh', NULL, '1974-01-01', '215176452', 1974);
INSERT INTO [HoTroCovid].[dbo].[CaNhan_DoanhNghiep] (ID, IDDoanhNghiep, IDCaNhan, IDDoiTuong, NgheNghiep, DaTra50) VALUES ('50fc3090-4c77-4691-86ad-7539e4dd818b', 'e49841c9-785e-405e-9bf6-c9e9638c10e4', '25c420bb-05ed-4ec3-8795-6691958df969', NULL, N'N/viên cấp dưỡng', null);
INSERT INTO [HoTroCovid].[dbo].[ThongTinHoTro] (ID, IDNoiDung, IDDoiTuong, IDCaNhan) VALUES ('0d22347f-11f7-4d14-ae2d-dc8e2f60733f', 1, NULL, '25c420bb-05ed-4ec3-8795-6691958df969');
INSERT INTO [HoTroCovid].[dbo].[HoSo] (ID, IDCaNhan, IDNoiDungHoTro, IDDoiTuong, SoThang, SoTien, ThanhTien, IDThongTinHoTro, DaChi, NguoiTao) VALUES ('c2bfbe72-d984-4b6e-9ded-be72ce29adf8', '25c420bb-05ed-4ec3-8795-6691958df969', 1, NULL, 3, 1800000, 5400000, '0d22347f-11f7-4d14-ae2d-dc8e2f60733f', 0, 'solaodong');
INSERT INTO [HoTroCovid].[dbo].[CaNhan] (ID, HoTen, GioiTinh, NgaySinh, CMND, SinhNam) VALUES ('b1a1b9ce-31b2-43af-a21e-2906353fd504', N'Lê Thị Minh Liễu', NULL, '1998-03-24', '215415362', 1998);
INSERT INTO [HoTroCovid].[dbo].[CaNhan_DoanhNghiep] (ID, IDDoanhNghiep, IDCaNhan, IDDoiTuong, NgheNghiep, DaTra50) VALUES ('b299f819-aea5-43de-916d-2af384450104', 'e49841c9-785e-405e-9bf6-c9e9638c10e4', 'b1a1b9ce-31b2-43af-a21e-2906353fd504', NULL, N'CNCBHSĐL', null);
INSERT INTO [HoTroCovid].[dbo].[ThongTinHoTro] (ID, IDNoiDung, IDDoiTuong, IDCaNhan) VALUES ('e74aaf64-0b79-4247-9fa3-b380984331d7', 1, NULL, 'b1a1b9ce-31b2-43af-a21e-2906353fd504');
INSERT INTO [HoTroCovid].[dbo].[HoSo] (ID, IDCaNhan, IDNoiDungHoTro, IDDoiTuong, SoThang, SoTien, ThanhTien, IDThongTinHoTro, DaChi, NguoiTao) VALUES ('dffa4066-5850-4f99-9be4-6356b6e85184', 'b1a1b9ce-31b2-43af-a21e-2906353fd504', 1, NULL, 3, 1800000, 5400000, 'e74aaf64-0b79-4247-9fa3-b380984331d7', 0, 'solaodong');
INSERT INTO [HoTroCovid].[dbo].[CaNhan] (ID, HoTen, GioiTinh, NgaySinh, CMND, SinhNam) VALUES ('50af10fd-a6d2-4b41-9965-262db3995944', N'Nguyễn Thị Hạnh', NULL, '1990-12-08', '215176246', 1990);
INSERT INTO [HoTroCovid].[dbo].[CaNhan_DoanhNghiep] (ID, IDDoanhNghiep, IDCaNhan, IDDoiTuong, NgheNghiep, DaTra50) VALUES ('8e6773db-5357-4b53-9d67-df507255801d', '8f68b99e-5018-4e4c-9fdb-8acedd7189fa', '50af10fd-a6d2-4b41-9965-262db3995944', NULL, N'Nhân viên dọn phòng', false);
INSERT INTO [HoTroCovid].[dbo].[ThongTinHoTro] (ID, IDNoiDung, IDDoiTuong, IDCaNhan) VALUES ('fbeeb472-8618-44d1-a3b7-c0d9021fcabe', 1, NULL, '50af10fd-a6d2-4b41-9965-262db3995944');
INSERT INTO [HoTroCovid].[dbo].[HoSo] (ID, IDCaNhan, IDNoiDungHoTro, IDDoiTuong, SoThang, SoTien, ThanhTien, IDThongTinHoTro, DaChi, NguoiTao) VALUES ('7233d62f-9998-4a58-a190-621603133066', '50af10fd-a6d2-4b41-9965-262db3995944', 1, NULL, 3, 1800000, 5400000, 'fbeeb472-8618-44d1-a3b7-c0d9021fcabe', 0, 'solaodong');
INSERT INTO [HoTroCovid].[dbo].[CaNhan] (ID, HoTen, GioiTinh, NgaySinh, CMND, SinhNam) VALUES ('38146f76-b4f7-4756-b1c8-adb71f1865fa', N'Lê Văn Tịnh', 1, '1989-10-12', '215075699', 1989);
INSERT INTO [HoTroCovid].[dbo].[CaNhan_DoanhNghiep] (ID, IDDoanhNghiep, IDCaNhan, IDDoiTuong, NgheNghiep, DaTra50) VALUES ('919ffe2b-a739-4c10-9d32-062d50e4dc64', 'e49841c9-785e-405e-9bf6-c9e9638c10e4', '38146f76-b4f7-4756-b1c8-adb71f1865fa', NULL, N'CN kho lạnh', null);
INSERT INTO [HoTroCovid].[dbo].[ThongTinHoTro] (ID, IDNoiDung, IDDoiTuong, IDCaNhan) VALUES ('b8c051fd-64ba-43f7-a52d-c8078079e483', 1, NULL, '38146f76-b4f7-4756-b1c8-adb71f1865fa');
INSERT INTO [HoTroCovid].[dbo].[HoSo] (ID, IDCaNhan, IDNoiDungHoTro, IDDoiTuong, SoThang, SoTien, ThanhTien, IDThongTinHoTro, DaChi, NguoiTao) VALUES ('e1e6c696-9561-461d-99ed-b1798cf55b2d', '38146f76-b4f7-4756-b1c8-adb71f1865fa', 1, NULL, 3, 1800000, 5400000, 'b8c051fd-64ba-43f7-a52d-c8078079e483', 0, 'solaodong');
INSERT INTO [HoTroCovid].[dbo].[CaNhan] (ID, HoTen, GioiTinh, NgaySinh, CMND, SinhNam) VALUES ('e994892d-a579-463a-9fe6-4507c75ceff4', N'Trần Thu Hường', NULL, '1976-04-26', '211521428', 1976);
INSERT INTO [HoTroCovid].[dbo].[CaNhan_DoanhNghiep] (ID, IDDoanhNghiep, IDCaNhan, IDDoiTuong, NgheNghiep, DaTra50) VALUES ('f5e73282-4438-424e-86ff-74ba4948038d', '8f68b99e-5018-4e4c-9fdb-8acedd7189fa', 'e994892d-a579-463a-9fe6-4507c75ceff4', NULL, N'Nhân viên dọn phòng', false);
INSERT INTO [HoTroCovid].[dbo].[ThongTinHoTro] (ID, IDNoiDung, IDDoiTuong, IDCaNhan) VALUES ('7fb85ccc-358a-423f-abe5-91874744bac2', 1, NULL, 'e994892d-a579-463a-9fe6-4507c75ceff4');
INSERT INTO [HoTroCovid].[dbo].[HoSo] (ID, IDCaNhan, IDNoiDungHoTro, IDDoiTuong, SoThang, SoTien, ThanhTien, IDThongTinHoTro, DaChi, NguoiTao) VALUES ('3b66ff2f-78ab-4ec6-8a22-94b0f341173e', 'e994892d-a579-463a-9fe6-4507c75ceff4', 1, NULL, 3, 1800000, 5400000, '7fb85ccc-358a-423f-abe5-91874744bac2', 0, 'solaodong');
INSERT INTO [HoTroCovid].[dbo].[CaNhan] (ID, HoTen, GioiTinh, NgaySinh, CMND, SinhNam) VALUES ('8f5ba891-b95f-4325-a7e7-90f49818c17f', N'Nguyễn Văn Triều - ĐP', 1, '1991-11-10', '215158363', 1991);
INSERT INTO [HoTroCovid].[dbo].[CaNhan_DoanhNghiep] (ID, IDDoanhNghiep, IDCaNhan, IDDoiTuong, NgheNghiep, DaTra50) VALUES ('d985eb5e-40e8-4acb-8146-bb7059653c65', 'e49841c9-785e-405e-9bf6-c9e9638c10e4', '8f5ba891-b95f-4325-a7e7-90f49818c17f', NULL, N'Đội phó HACCP', null);
INSERT INTO [HoTroCovid].[dbo].[ThongTinHoTro] (ID, IDNoiDung, IDDoiTuong, IDCaNhan) VALUES ('2765d7f2-1bbb-4ded-a0ef-bbd3503a305c', 1, NULL, '8f5ba891-b95f-4325-a7e7-90f49818c17f');
INSERT INTO [HoTroCovid].[dbo].[HoSo] (ID, IDCaNhan, IDNoiDungHoTro, IDDoiTuong, SoThang, SoTien, ThanhTien, IDThongTinHoTro, DaChi, NguoiTao) VALUES ('4bf68180-92d6-496b-b25c-e320aad19401', '8f5ba891-b95f-4325-a7e7-90f49818c17f', 1, NULL, 3, 1800000, 5400000, '2765d7f2-1bbb-4ded-a0ef-bbd3503a305c', 0, 'solaodong');
INSERT INTO [HoTroCovid].[dbo].[CaNhan] (ID, HoTen, GioiTinh, NgaySinh, CMND, SinhNam) VALUES ('fcca8d28-0abc-467f-80cf-c25002044865', N'Võ Thị Sáu', NULL, '1987-10-12', '211870568', 1987);
INSERT INTO [HoTroCovid].[dbo].[CaNhan_DoanhNghiep] (ID, IDDoanhNghiep, IDCaNhan, IDDoiTuong, NgheNghiep, DaTra50) VALUES ('3fe30e1c-b7d0-4423-8f36-91110ee6c142', 'e49841c9-785e-405e-9bf6-c9e9638c10e4', 'fcca8d28-0abc-467f-80cf-c25002044865', NULL, N'N/viên P.TCHC', null);
INSERT INTO [HoTroCovid].[dbo].[ThongTinHoTro] (ID, IDNoiDung, IDDoiTuong, IDCaNhan) VALUES ('34294461-fec7-4733-9d26-b8e99f2d9432', 1, NULL, 'fcca8d28-0abc-467f-80cf-c25002044865');
INSERT INTO [HoTroCovid].[dbo].[HoSo] (ID, IDCaNhan, IDNoiDungHoTro, IDDoiTuong, SoThang, SoTien, ThanhTien, IDThongTinHoTro, DaChi, NguoiTao) VALUES ('6bbc5b95-5188-4498-9292-1e1f73e5dabc', 'fcca8d28-0abc-467f-80cf-c25002044865', 1, NULL, 3, 1800000, 5400000, '34294461-fec7-4733-9d26-b8e99f2d9432', 0, 'solaodong');
INSERT INTO [HoTroCovid].[dbo].[CaNhan] (ID, HoTen, GioiTinh, NgaySinh, CMND, SinhNam) VALUES ('48653665-6621-46a5-ae35-e62b99fb9768', N'Trần Hoàng Việt', 1, '1994-03-13', '215296076', 1994);
INSERT INTO [HoTroCovid].[dbo].[CaNhan_DoanhNghiep] (ID, IDDoanhNghiep, IDCaNhan, IDDoiTuong, NgheNghiep, DaTra50) VALUES ('74f71abf-aa61-452d-807a-e620875147c9', '8f68b99e-5018-4e4c-9fdb-8acedd7189fa', '48653665-6621-46a5-ae35-e62b99fb9768', NULL, N'Nhân viên Hành lý', false);
INSERT INTO [HoTroCovid].[dbo].[ThongTinHoTro] (ID, IDNoiDung, IDDoiTuong, IDCaNhan) VALUES ('c2879b4c-a438-4068-aae1-37df14ac1b6e', 1, NULL, '48653665-6621-46a5-ae35-e62b99fb9768');
INSERT INTO [HoTroCovid].[dbo].[HoSo] (ID, IDCaNhan, IDNoiDungHoTro, IDDoiTuong, SoThang, SoTien, ThanhTien, IDThongTinHoTro, DaChi, NguoiTao) VALUES ('dd7f70c9-955d-4323-946d-56088e671312', '48653665-6621-46a5-ae35-e62b99fb9768', 1, NULL, 3, 1800000, 5400000, 'c2879b4c-a438-4068-aae1-37df14ac1b6e', 0, 'solaodong');
INSERT INTO [HoTroCovid].[dbo].[CaNhan] (ID, HoTen, GioiTinh, NgaySinh, CMND, SinhNam) VALUES ('8b0c3175-bb9e-4113-841b-e0ed2450d7e2', N'Nguyễn Thị Kiều Trang', NULL, '1990-11-03', '215191128', 1990);
INSERT INTO [HoTroCovid].[dbo].[CaNhan_DoanhNghiep] (ID, IDDoanhNghiep, IDCaNhan, IDDoiTuong, NgheNghiep, DaTra50) VALUES ('abd47f50-b206-466b-9e6d-9efc3196bf7a', '8f68b99e-5018-4e4c-9fdb-8acedd7189fa', '8b0c3175-bb9e-4113-841b-e0ed2450d7e2', NULL, N'Nhân viên vệ sinh công cộng', false);
INSERT INTO [HoTroCovid].[dbo].[ThongTinHoTro] (ID, IDNoiDung, IDDoiTuong, IDCaNhan) VALUES ('7102513e-ccab-41ad-8d49-431268fdc809', 1, NULL, '8b0c3175-bb9e-4113-841b-e0ed2450d7e2');
INSERT INTO [HoTroCovid].[dbo].[HoSo] (ID, IDCaNhan, IDNoiDungHoTro, IDDoiTuong, SoThang, SoTien, ThanhTien, IDThongTinHoTro, DaChi, NguoiTao) VALUES ('0327d9bb-6342-4edb-9d21-818522fbaff6', '8b0c3175-bb9e-4113-841b-e0ed2450d7e2', 1, NULL, 3, 1800000, 5400000, '7102513e-ccab-41ad-8d49-431268fdc809', 0, 'solaodong');
INSERT INTO [HoTroCovid].[dbo].[CaNhan] (ID, HoTen, GioiTinh, NgaySinh, CMND, SinhNam) VALUES ('fd3d4151-ae43-40b5-8563-b9df17e290f9', N'Nguyễn Hồng Khoa', 1, '1990-10-25', '215113618', 1990);
INSERT INTO [HoTroCovid].[dbo].[CaNhan_DoanhNghiep] (ID, IDDoanhNghiep, IDCaNhan, IDDoiTuong, NgheNghiep, DaTra50) VALUES ('403bc2e1-0af1-46d5-ba3b-885fb0ac38d3', 'e49841c9-785e-405e-9bf6-c9e9638c10e4', 'fd3d4151-ae43-40b5-8563-b9df17e290f9', NULL, N'CNCBHSĐL', null);
INSERT INTO [HoTroCovid].[dbo].[ThongTinHoTro] (ID, IDNoiDung, IDDoiTuong, IDCaNhan) VALUES ('54851fbc-480d-41c1-a6e3-c9c26042f395', 1, NULL, 'fd3d4151-ae43-40b5-8563-b9df17e290f9');
INSERT INTO [HoTroCovid].[dbo].[HoSo] (ID, IDCaNhan, IDNoiDungHoTro, IDDoiTuong, SoThang, SoTien, ThanhTien, IDThongTinHoTro, DaChi, NguoiTao) VALUES ('fa2520b2-4699-4d6a-8720-e0e9752d4c39', 'fd3d4151-ae43-40b5-8563-b9df17e290f9', 1, NULL, 3, 1800000, 5400000, '54851fbc-480d-41c1-a6e3-c9c26042f395', 0, 'solaodong');
INSERT INTO [HoTroCovid].[dbo].[CaNhan] (ID, HoTen, GioiTinh, NgaySinh, CMND, SinhNam) VALUES ('9a8d0f53-3e02-4d59-b102-42597047bacb', N'Huỳnh Văn Trầm', 1, '1985-02-15', '211866962', 1985);
INSERT INTO [HoTroCovid].[dbo].[CaNhan_DoanhNghiep] (ID, IDDoanhNghiep, IDCaNhan, IDDoiTuong, NgheNghiep, DaTra50) VALUES ('c539c085-3cf0-4e46-8de4-5ba56fbaf890', 'e49841c9-785e-405e-9bf6-c9e9638c10e4', '9a8d0f53-3e02-4d59-b102-42597047bacb', NULL, N'N/viên HACCP', null);
INSERT INTO [HoTroCovid].[dbo].[ThongTinHoTro] (ID, IDNoiDung, IDDoiTuong, IDCaNhan) VALUES ('cea1131d-a36b-4c77-8a5c-b96739749a10', 1, NULL, '9a8d0f53-3e02-4d59-b102-42597047bacb');
INSERT INTO [HoTroCovid].[dbo].[HoSo] (ID, IDCaNhan, IDNoiDungHoTro, IDDoiTuong, SoThang, SoTien, ThanhTien, IDThongTinHoTro, DaChi, NguoiTao) VALUES ('4848057e-ac33-4233-afa3-092818a60e1e', '9a8d0f53-3e02-4d59-b102-42597047bacb', 1, NULL, 3, 1800000, 5400000, 'cea1131d-a36b-4c77-8a5c-b96739749a10', 0, 'solaodong');
INSERT INTO [HoTroCovid].[dbo].[CaNhan] (ID, HoTen, GioiTinh, NgaySinh, CMND, SinhNam) VALUES ('6e1e6584-6449-4318-9b8a-4f4c1ac0f6f0', N'Huỳnh Thị Tuyết Nhung', NULL, '1988-11-16', '215108553', 1988);
INSERT INTO [HoTroCovid].[dbo].[CaNhan_DoanhNghiep] (ID, IDDoanhNghiep, IDCaNhan, IDDoiTuong, NgheNghiep, DaTra50) VALUES ('cf5fe664-69a5-46b7-b3bd-a3e0b29165c4', 'e49841c9-785e-405e-9bf6-c9e9638c10e4', '6e1e6584-6449-4318-9b8a-4f4c1ac0f6f0', NULL, N'CNCBHSĐL', null);
INSERT INTO [HoTroCovid].[dbo].[ThongTinHoTro] (ID, IDNoiDung, IDDoiTuong, IDCaNhan) VALUES ('49473a09-7f34-4f3d-a46c-3c5c605452a0', 1, NULL, '6e1e6584-6449-4318-9b8a-4f4c1ac0f6f0');
INSERT INTO [HoTroCovid].[dbo].[HoSo] (ID, IDCaNhan, IDNoiDungHoTro, IDDoiTuong, SoThang, SoTien, ThanhTien, IDThongTinHoTro, DaChi, NguoiTao) VALUES ('eb883d31-9ab4-4f30-8aa2-1687cf3be6a1', '6e1e6584-6449-4318-9b8a-4f4c1ac0f6f0', 1, NULL, 3, 1800000, 5400000, '49473a09-7f34-4f3d-a46c-3c5c605452a0', 0, 'solaodong');
INSERT INTO [HoTroCovid].[dbo].[CaNhan] (ID, HoTen, GioiTinh, NgaySinh, CMND, SinhNam) VALUES ('46e4f765-7bb0-4ada-b0e5-6d1c92dab62d', N'Nguyễn Thị Hợi', NULL, '1971-04-07', '211161142', 1971);
INSERT INTO [HoTroCovid].[dbo].[CaNhan_DoanhNghiep] (ID, IDDoanhNghiep, IDCaNhan, IDDoiTuong, NgheNghiep, DaTra50) VALUES ('ead51eda-d76d-4556-a2fd-04c7b498da14', '3f714601-7978-4a32-a527-2d8835ffe667', '46e4f765-7bb0-4ada-b0e5-6d1c92dab62d', NULL, N'NV phục vụ (DV nhà hàng)', false);
INSERT INTO [HoTroCovid].[dbo].[ThongTinHoTro] (ID, IDNoiDung, IDDoiTuong, IDCaNhan) VALUES ('871c0b22-1954-42fd-82ab-a1de5398e170', 1, NULL, '46e4f765-7bb0-4ada-b0e5-6d1c92dab62d');
INSERT INTO [HoTroCovid].[dbo].[HoSo] (ID, IDCaNhan, IDNoiDungHoTro, IDDoiTuong, SoThang, SoTien, ThanhTien, IDThongTinHoTro, DaChi, NguoiTao) VALUES ('abb34c78-3eba-4e9c-9fe3-e174de1c71ec', '46e4f765-7bb0-4ada-b0e5-6d1c92dab62d', 1, NULL, 3, 1800000, 5400000, '871c0b22-1954-42fd-82ab-a1de5398e170', 0, 'solaodong');
INSERT INTO [HoTroCovid].[dbo].[CaNhan] (ID, HoTen, GioiTinh, NgaySinh, CMND, SinhNam) VALUES ('4de81d5e-ecd7-460f-9e85-f328607e246f', N'Huỳnh Văn Hải', 1, '1973-07-13', '211388335', 1973);
INSERT INTO [HoTroCovid].[dbo].[CaNhan_DoanhNghiep] (ID, IDDoanhNghiep, IDCaNhan, IDDoiTuong, NgheNghiep, DaTra50) VALUES ('20405af9-0729-4bcf-b713-38e984b725b6', 'edf270a3-fe1b-46d2-8aff-159c8d587f6c', '4de81d5e-ecd7-460f-9e85-f328607e246f', NULL, N'Laí xe', null);
INSERT INTO [HoTroCovid].[dbo].[ThongTinHoTro] (ID, IDNoiDung, IDDoiTuong, IDCaNhan) VALUES ('e87773fa-b25d-446c-b057-7e50784c5cd1', 1, NULL, '4de81d5e-ecd7-460f-9e85-f328607e246f');
INSERT INTO [HoTroCovid].[dbo].[HoSo] (ID, IDCaNhan, IDNoiDungHoTro, IDDoiTuong, SoThang, SoTien, ThanhTien, IDThongTinHoTro, DaChi, NguoiTao) VALUES ('22840d71-e27f-4fda-ae0a-0973011e11de', '4de81d5e-ecd7-460f-9e85-f328607e246f', 1, NULL, 3, 1800000, 5400000, 'e87773fa-b25d-446c-b057-7e50784c5cd1', 0, 'solaodong');
INSERT INTO [HoTroCovid].[dbo].[CaNhan] (ID, HoTen, GioiTinh, NgaySinh, CMND, SinhNam) VALUES ('bf4dc4c7-10be-40e4-bd23-95180591a09d', N'Nguyễn Thị Nghiệp', NULL, '1997-10-24', '215407132', 1997);
INSERT INTO [HoTroCovid].[dbo].[CaNhan_DoanhNghiep] (ID, IDDoanhNghiep, IDCaNhan, IDDoiTuong, NgheNghiep, DaTra50) VALUES ('1e179217-4fd9-4907-9455-961f321d7130', 'e49841c9-785e-405e-9bf6-c9e9638c10e4', 'bf4dc4c7-10be-40e4-bd23-95180591a09d', NULL, N'CNCBHSĐL', null);
INSERT INTO [HoTroCovid].[dbo].[ThongTinHoTro] (ID, IDNoiDung, IDDoiTuong, IDCaNhan) VALUES ('85b775d6-f1d4-4522-a1f4-e125c884c805', 1, NULL, 'bf4dc4c7-10be-40e4-bd23-95180591a09d');
INSERT INTO [HoTroCovid].[dbo].[HoSo] (ID, IDCaNhan, IDNoiDungHoTro, IDDoiTuong, SoThang, SoTien, ThanhTien, IDThongTinHoTro, DaChi, NguoiTao) VALUES ('6db8fb73-7226-4034-8f38-de832835471b', 'bf4dc4c7-10be-40e4-bd23-95180591a09d', 1, NULL, 3, 1800000, 5400000, '85b775d6-f1d4-4522-a1f4-e125c884c805', 0, 'solaodong');
INSERT INTO [HoTroCovid].[dbo].[CaNhan] (ID, HoTen, GioiTinh, NgaySinh, CMND, SinhNam) VALUES ('27ef44c0-e3f5-4b2f-959f-f18493d7ba55', N'Đoàn Thanh Vũ', 1, '1973-07-07', '211374096', 1973);
INSERT INTO [HoTroCovid].[dbo].[CaNhan_DoanhNghiep] (ID, IDDoanhNghiep, IDCaNhan, IDDoiTuong, NgheNghiep, DaTra50) VALUES ('884ab6fb-d266-4b64-a5f2-3bc3dd7dae60', 'f921f32f-ba1f-4295-a29a-f4ede878141b', '27ef44c0-e3f5-4b2f-959f-f18493d7ba55', NULL, N'Công nhân cầu đường', false);
INSERT INTO [HoTroCovid].[dbo].[ThongTinHoTro] (ID, IDNoiDung, IDDoiTuong, IDCaNhan) VALUES ('ed175546-fe59-41ca-9692-64b4f7d00115', 1, NULL, '27ef44c0-e3f5-4b2f-959f-f18493d7ba55');
INSERT INTO [HoTroCovid].[dbo].[HoSo] (ID, IDCaNhan, IDNoiDungHoTro, IDDoiTuong, SoThang, SoTien, ThanhTien, IDThongTinHoTro, DaChi, NguoiTao) VALUES ('b8e81f0b-cc4d-402d-b035-38651d6edc06', '27ef44c0-e3f5-4b2f-959f-f18493d7ba55', 1, NULL, 3, 1800000, 5400000, 'ed175546-fe59-41ca-9692-64b4f7d00115', 0, 'solaodong');
INSERT INTO [HoTroCovid].[dbo].[CaNhan] (ID, HoTen, GioiTinh, NgaySinh, CMND, SinhNam) VALUES ('cd34947d-6ded-4539-bbaf-c8e7b6eca38f', N'Trần Tuấn Dương', 1, '1993-09-06', '215306253', 1993);
INSERT INTO [HoTroCovid].[dbo].[CaNhan_DoanhNghiep] (ID, IDDoanhNghiep, IDCaNhan, IDDoiTuong, NgheNghiep, DaTra50) VALUES ('992356ad-38e4-4227-90b5-39c77ac85ce1', 'e49841c9-785e-405e-9bf6-c9e9638c10e4', 'cd34947d-6ded-4539-bbaf-c8e7b6eca38f', NULL, N'CN kho lạnh', null);
INSERT INTO [HoTroCovid].[dbo].[ThongTinHoTro] (ID, IDNoiDung, IDDoiTuong, IDCaNhan) VALUES ('aeef57c2-5c0b-48ce-9d45-be8dc1741dca', 1, NULL, 'cd34947d-6ded-4539-bbaf-c8e7b6eca38f');
INSERT INTO [HoTroCovid].[dbo].[HoSo] (ID, IDCaNhan, IDNoiDungHoTro, IDDoiTuong, SoThang, SoTien, ThanhTien, IDThongTinHoTro, DaChi, NguoiTao) VALUES ('91f4eb9e-3943-4e52-a10e-77d21b1f41f7', 'cd34947d-6ded-4539-bbaf-c8e7b6eca38f', 1, NULL, 3, 1800000, 5400000, 'aeef57c2-5c0b-48ce-9d45-be8dc1741dca', 0, 'solaodong');
INSERT INTO [HoTroCovid].[dbo].[CaNhan] (ID, HoTen, GioiTinh, NgaySinh, CMND, SinhNam) VALUES ('3f1da615-ba03-409e-b389-b81767627c19', N'Võ Tấn Khang', 1, '1997-09-27', '215458656', 1997);
INSERT INTO [HoTroCovid].[dbo].[CaNhan_DoanhNghiep] (ID, IDDoanhNghiep, IDCaNhan, IDDoiTuong, NgheNghiep, DaTra50) VALUES ('906a1e34-6007-4ac1-aa7a-fc26c59e7b63', 'e49841c9-785e-405e-9bf6-c9e9638c10e4', '3f1da615-ba03-409e-b389-b81767627c19', NULL, N'CN kho lạnh', null);
INSERT INTO [HoTroCovid].[dbo].[ThongTinHoTro] (ID, IDNoiDung, IDDoiTuong, IDCaNhan) VALUES ('d7d4eca2-d238-4b90-ba68-8c63ff4e2bed', 1, NULL, '3f1da615-ba03-409e-b389-b81767627c19');
INSERT INTO [HoTroCovid].[dbo].[HoSo] (ID, IDCaNhan, IDNoiDungHoTro, IDDoiTuong, SoThang, SoTien, ThanhTien, IDThongTinHoTro, DaChi, NguoiTao) VALUES ('d03c28ad-f95f-4dc8-b4a7-f45a90755eaa', '3f1da615-ba03-409e-b389-b81767627c19', 1, NULL, 3, 1800000, 5400000, 'd7d4eca2-d238-4b90-ba68-8c63ff4e2bed', 0, 'solaodong');
INSERT INTO [HoTroCovid].[dbo].[CaNhan] (ID, HoTen, GioiTinh, NgaySinh, CMND, SinhNam) VALUES ('f0dbbdd6-a7f8-4884-97c2-36c1e52af5d3', N'Trịnh Tiến Thuận', 1, '1988-11-27', '215091043', 1988);
INSERT INTO [HoTroCovid].[dbo].[CaNhan_DoanhNghiep] (ID, IDDoanhNghiep, IDCaNhan, IDDoiTuong, NgheNghiep, DaTra50) VALUES ('3253f196-32e6-456e-9c98-cffa3fbbb72e', 'e49841c9-785e-405e-9bf6-c9e9638c10e4', 'f0dbbdd6-a7f8-4884-97c2-36c1e52af5d3', NULL, N'CN kho lạnh', null);
INSERT INTO [HoTroCovid].[dbo].[ThongTinHoTro] (ID, IDNoiDung, IDDoiTuong, IDCaNhan) VALUES ('4353fd79-f6f1-42b2-9053-ccbbe718712c', 1, NULL, 'f0dbbdd6-a7f8-4884-97c2-36c1e52af5d3');
INSERT INTO [HoTroCovid].[dbo].[HoSo] (ID, IDCaNhan, IDNoiDungHoTro, IDDoiTuong, SoThang, SoTien, ThanhTien, IDThongTinHoTro, DaChi, NguoiTao) VALUES ('3db73389-79b9-4d47-9e96-95b2b73c6ca1', 'f0dbbdd6-a7f8-4884-97c2-36c1e52af5d3', 1, NULL, 3, 1800000, 5400000, '4353fd79-f6f1-42b2-9053-ccbbe718712c', 0, 'solaodong');
INSERT INTO [HoTroCovid].[dbo].[CaNhan] (ID, HoTen, GioiTinh, NgaySinh, CMND, SinhNam) VALUES ('f607c05f-0fcc-4214-83b5-e3169a7b6574', N'Võ Văn Thương', 1, '1998-08-24', '215445484', 1998);
INSERT INTO [HoTroCovid].[dbo].[CaNhan_DoanhNghiep] (ID, IDDoanhNghiep, IDCaNhan, IDDoiTuong, NgheNghiep, DaTra50) VALUES ('b65d7c54-d530-4236-ab54-d0a73be7d700', 'e49841c9-785e-405e-9bf6-c9e9638c10e4', 'f607c05f-0fcc-4214-83b5-e3169a7b6574', NULL, N'C/nhân CĐL', null);
INSERT INTO [HoTroCovid].[dbo].[ThongTinHoTro] (ID, IDNoiDung, IDDoiTuong, IDCaNhan) VALUES ('9a71f117-5f07-4e5d-9ee6-dd3c4c8531c3', 1, NULL, 'f607c05f-0fcc-4214-83b5-e3169a7b6574');
INSERT INTO [HoTroCovid].[dbo].[HoSo] (ID, IDCaNhan, IDNoiDungHoTro, IDDoiTuong, SoThang, SoTien, ThanhTien, IDThongTinHoTro, DaChi, NguoiTao) VALUES ('a2b0399a-16ca-4c80-b086-758c8c9f2264', 'f607c05f-0fcc-4214-83b5-e3169a7b6574', 1, NULL, 3, 1800000, 5400000, '9a71f117-5f07-4e5d-9ee6-dd3c4c8531c3', 0, 'solaodong');
INSERT INTO [HoTroCovid].[dbo].[CaNhan] (ID, HoTen, GioiTinh, NgaySinh, CMND, SinhNam) VALUES ('cd0d407d-0d1d-4504-b139-6a41a06fe796', N'Trần Quốc Tĩnh', 1, '1989-03-25', '215182191', 1989);
INSERT INTO [HoTroCovid].[dbo].[CaNhan_DoanhNghiep] (ID, IDDoanhNghiep, IDCaNhan, IDDoiTuong, NgheNghiep, DaTra50) VALUES ('b1284f10-39e7-4dbc-964d-fdeff95a0a67', 'e49841c9-785e-405e-9bf6-c9e9638c10e4', 'cd0d407d-0d1d-4504-b139-6a41a06fe796', NULL, N'Tổ phó Kho lạnh', null);
INSERT INTO [HoTroCovid].[dbo].[ThongTinHoTro] (ID, IDNoiDung, IDDoiTuong, IDCaNhan) VALUES ('814f1593-db5d-4040-8d86-e375f34d181d', 1, NULL, 'cd0d407d-0d1d-4504-b139-6a41a06fe796');
INSERT INTO [HoTroCovid].[dbo].[HoSo] (ID, IDCaNhan, IDNoiDungHoTro, IDDoiTuong, SoThang, SoTien, ThanhTien, IDThongTinHoTro, DaChi, NguoiTao) VALUES ('11940965-4bb6-4004-bce7-61542c8cc3af', 'cd0d407d-0d1d-4504-b139-6a41a06fe796', 1, NULL, 3, 1800000, 5400000, '814f1593-db5d-4040-8d86-e375f34d181d', 0, 'solaodong');
INSERT INTO [HoTroCovid].[dbo].[CaNhan] (ID, HoTen, GioiTinh, NgaySinh, CMND, SinhNam) VALUES ('1bcdc4bc-c073-4bf5-aac5-de90646b913b', N'Võ Xuân Sỹ', 1, '1988-08-30', '215032492', 1988);
INSERT INTO [HoTroCovid].[dbo].[CaNhan_DoanhNghiep] (ID, IDDoanhNghiep, IDCaNhan, IDDoiTuong, NgheNghiep, DaTra50) VALUES ('8bf081fe-d456-4398-b683-05f9297d18b9', 'e49841c9-785e-405e-9bf6-c9e9638c10e4', '1bcdc4bc-c073-4bf5-aac5-de90646b913b', NULL, N'CN kho lạnh', null);
INSERT INTO [HoTroCovid].[dbo].[ThongTinHoTro] (ID, IDNoiDung, IDDoiTuong, IDCaNhan) VALUES ('95432dfd-57d7-400e-a2c7-0edc6f62feb3', 1, NULL, '1bcdc4bc-c073-4bf5-aac5-de90646b913b');
INSERT INTO [HoTroCovid].[dbo].[HoSo] (ID, IDCaNhan, IDNoiDungHoTro, IDDoiTuong, SoThang, SoTien, ThanhTien, IDThongTinHoTro, DaChi, NguoiTao) VALUES ('6eb92022-e704-4c13-8f97-b218f69347aa', '1bcdc4bc-c073-4bf5-aac5-de90646b913b', 1, NULL, 3, 1800000, 5400000, '95432dfd-57d7-400e-a2c7-0edc6f62feb3', 0, 'solaodong');
INSERT INTO [HoTroCovid].[dbo].[CaNhan] (ID, HoTen, GioiTinh, NgaySinh, CMND, SinhNam) VALUES ('d8fc146b-5e9b-4b82-b435-a79028678f45', N'Trần Đào Kỳ Duyên', NULL, '1995-09-11', '215303089', 1995);
INSERT INTO [HoTroCovid].[dbo].[CaNhan_DoanhNghiep] (ID, IDDoanhNghiep, IDCaNhan, IDDoiTuong, NgheNghiep, DaTra50) VALUES ('81ce45af-c7a5-48fb-8916-132db1d76356', 'e49841c9-785e-405e-9bf6-c9e9638c10e4', 'd8fc146b-5e9b-4b82-b435-a79028678f45', NULL, N'N/viên HACCP', null);
INSERT INTO [HoTroCovid].[dbo].[ThongTinHoTro] (ID, IDNoiDung, IDDoiTuong, IDCaNhan) VALUES ('8eb071f8-1716-4ecf-8fd7-054c876bc977', 1, NULL, 'd8fc146b-5e9b-4b82-b435-a79028678f45');
INSERT INTO [HoTroCovid].[dbo].[HoSo] (ID, IDCaNhan, IDNoiDungHoTro, IDDoiTuong, SoThang, SoTien, ThanhTien, IDThongTinHoTro, DaChi, NguoiTao) VALUES ('312afd4a-b840-4a84-930c-537525217cdf', 'd8fc146b-5e9b-4b82-b435-a79028678f45', 1, NULL, 3, 1800000, 5400000, '8eb071f8-1716-4ecf-8fd7-054c876bc977', 0, 'solaodong');
INSERT INTO [HoTroCovid].[dbo].[CaNhan] (ID, HoTen, GioiTinh, NgaySinh, CMND, SinhNam) VALUES ('20fe7157-59bf-48e2-8207-16d104d8e3a9', N'Trần Thị Thu Tuyền', NULL, '1990-06-10', '215107550', 1990);
INSERT INTO [HoTroCovid].[dbo].[CaNhan_DoanhNghiep] (ID, IDDoanhNghiep, IDCaNhan, IDDoiTuong, NgheNghiep, DaTra50) VALUES ('77ae3f76-2471-456e-993b-7304c7c9ad29', 'e49841c9-785e-405e-9bf6-c9e9638c10e4', '20fe7157-59bf-48e2-8207-16d104d8e3a9', NULL, N'N/viên KCS', null);
INSERT INTO [HoTroCovid].[dbo].[ThongTinHoTro] (ID, IDNoiDung, IDDoiTuong, IDCaNhan) VALUES ('a69face2-d536-43b0-bfff-26aec17f30cb', 1, NULL, '20fe7157-59bf-48e2-8207-16d104d8e3a9');
INSERT INTO [HoTroCovid].[dbo].[HoSo] (ID, IDCaNhan, IDNoiDungHoTro, IDDoiTuong, SoThang, SoTien, ThanhTien, IDThongTinHoTro, DaChi, NguoiTao) VALUES ('f99a243f-9483-4e3b-983b-e41ff0d4a038', '20fe7157-59bf-48e2-8207-16d104d8e3a9', 1, NULL, 3, 1800000, 5400000, 'a69face2-d536-43b0-bfff-26aec17f30cb', 0, 'solaodong');
INSERT INTO [HoTroCovid].[dbo].[CaNhan] (ID, HoTen, GioiTinh, NgaySinh, CMND, SinhNam) VALUES ('1271068b-f794-40d0-9ae0-db45efed1304', N'Phan Thành Trung', 1, '1988-01-01', '215023963', 1988);
INSERT INTO [HoTroCovid].[dbo].[CaNhan_DoanhNghiep] (ID, IDDoanhNghiep, IDCaNhan, IDDoiTuong, NgheNghiep, DaTra50) VALUES ('16be1860-adc8-4b11-9d94-cd2ffbc77306', 'e49841c9-785e-405e-9bf6-c9e9638c10e4', '1271068b-f794-40d0-9ae0-db45efed1304', NULL, N'CN kho lạnh', null);
INSERT INTO [HoTroCovid].[dbo].[ThongTinHoTro] (ID, IDNoiDung, IDDoiTuong, IDCaNhan) VALUES ('332b8a38-3cec-4112-84c8-e8679f074ca6', 1, NULL, '1271068b-f794-40d0-9ae0-db45efed1304');
INSERT INTO [HoTroCovid].[dbo].[HoSo] (ID, IDCaNhan, IDNoiDungHoTro, IDDoiTuong, SoThang, SoTien, ThanhTien, IDThongTinHoTro, DaChi, NguoiTao) VALUES ('0200cb5c-f08c-418e-b5a8-a53e8ed3e1d9', '1271068b-f794-40d0-9ae0-db45efed1304', 1, NULL, 3, 1800000, 5400000, '332b8a38-3cec-4112-84c8-e8679f074ca6', 0, 'solaodong');
INSERT INTO [HoTroCovid].[dbo].[CaNhan] (ID, HoTen, GioiTinh, NgaySinh, CMND, SinhNam) VALUES ('09163e14-7a3e-479a-ae5a-141415ea5b4c', N'Lê Hồng Đức', 1, '1983-08-20', '211796043', 1983);
INSERT INTO [HoTroCovid].[dbo].[CaNhan_DoanhNghiep] (ID, IDDoanhNghiep, IDCaNhan, IDDoiTuong, NgheNghiep, DaTra50) VALUES ('d6cc19eb-d4ad-4fa5-9b33-3a92f09d59b5', 'e49841c9-785e-405e-9bf6-c9e9638c10e4', '09163e14-7a3e-479a-ae5a-141415ea5b4c', NULL, N'N/viên vật tư', null);
INSERT INTO [HoTroCovid].[dbo].[ThongTinHoTro] (ID, IDNoiDung, IDDoiTuong, IDCaNhan) VALUES ('ef2e6f72-09ec-4308-aaa7-34525a538480', 1, NULL, '09163e14-7a3e-479a-ae5a-141415ea5b4c');
INSERT INTO [HoTroCovid].[dbo].[HoSo] (ID, IDCaNhan, IDNoiDungHoTro, IDDoiTuong, SoThang, SoTien, ThanhTien, IDThongTinHoTro, DaChi, NguoiTao) VALUES ('aa66ff28-6644-4bf3-b804-5e6fc2ca1328', '09163e14-7a3e-479a-ae5a-141415ea5b4c', 1, NULL, 3, 1800000, 5400000, 'ef2e6f72-09ec-4308-aaa7-34525a538480', 0, 'solaodong');
INSERT INTO [HoTroCovid].[dbo].[CaNhan] (ID, HoTen, GioiTinh, NgaySinh, CMND, SinhNam) VALUES ('6d767763-e4fd-4739-9efa-e2cd3f486742', N'Nguyễn Công Chánh - TP', 1, '1986-08-12', '211893326', 1986);
INSERT INTO [HoTroCovid].[dbo].[CaNhan_DoanhNghiep] (ID, IDDoanhNghiep, IDCaNhan, IDDoiTuong, NgheNghiep, DaTra50) VALUES ('2a6ee209-c190-44a0-9d45-ac9d749e8013', 'e49841c9-785e-405e-9bf6-c9e9638c10e4', '6d767763-e4fd-4739-9efa-e2cd3f486742', NULL, N'Tổ trưởng KCS', null);
INSERT INTO [HoTroCovid].[dbo].[ThongTinHoTro] (ID, IDNoiDung, IDDoiTuong, IDCaNhan) VALUES ('e67def1e-f829-461a-b9f0-40bff8bb3426', 1, NULL, '6d767763-e4fd-4739-9efa-e2cd3f486742');
INSERT INTO [HoTroCovid].[dbo].[HoSo] (ID, IDCaNhan, IDNoiDungHoTro, IDDoiTuong, SoThang, SoTien, ThanhTien, IDThongTinHoTro, DaChi, NguoiTao) VALUES ('22916cd6-51a9-42ba-add2-27152e029835', '6d767763-e4fd-4739-9efa-e2cd3f486742', 1, NULL, 3, 1800000, 5400000, 'e67def1e-f829-461a-b9f0-40bff8bb3426', 0, 'solaodong');
INSERT INTO [HoTroCovid].[dbo].[CaNhan] (ID, HoTen, GioiTinh, NgaySinh, CMND, SinhNam) VALUES ('bb8da922-a151-4a24-9625-b568fbec9564', N'Lê Thị Trang', NULL, '1985-08-06', '211810957', 1985);
INSERT INTO [HoTroCovid].[dbo].[CaNhan_DoanhNghiep] (ID, IDDoanhNghiep, IDCaNhan, IDDoiTuong, NgheNghiep, DaTra50) VALUES ('1f4b51b9-39a4-40bc-9005-79d4e2544eac', 'e49841c9-785e-405e-9bf6-c9e9638c10e4', 'bb8da922-a151-4a24-9625-b568fbec9564', NULL, N'N/viên Thống kê', null);
INSERT INTO [HoTroCovid].[dbo].[ThongTinHoTro] (ID, IDNoiDung, IDDoiTuong, IDCaNhan) VALUES ('f37eadde-2a92-45e2-b9d2-2dca24a4f4ce', 1, NULL, 'bb8da922-a151-4a24-9625-b568fbec9564');
INSERT INTO [HoTroCovid].[dbo].[HoSo] (ID, IDCaNhan, IDNoiDungHoTro, IDDoiTuong, SoThang, SoTien, ThanhTien, IDThongTinHoTro, DaChi, NguoiTao) VALUES ('451e8223-dafa-4dc2-87c5-2abf9fab877c', 'bb8da922-a151-4a24-9625-b568fbec9564', 1, NULL, 3, 1800000, 5400000, 'f37eadde-2a92-45e2-b9d2-2dca24a4f4ce', 0, 'solaodong');
INSERT INTO [HoTroCovid].[dbo].[CaNhan] (ID, HoTen, GioiTinh, NgaySinh, CMND, SinhNam) VALUES ('0d67814a-aad4-4841-878c-91537c22b9ae', N'Huỳnh Thị Thu Thuận', NULL, '1989-04-01', '215144284', 1989);
INSERT INTO [HoTroCovid].[dbo].[CaNhan_DoanhNghiep] (ID, IDDoanhNghiep, IDCaNhan, IDDoiTuong, NgheNghiep, DaTra50) VALUES ('1d55fda3-2c8b-4272-a279-49db312fcd70', 'e49841c9-785e-405e-9bf6-c9e9638c10e4', '0d67814a-aad4-4841-878c-91537c22b9ae', NULL, N'N/viên KCS', null);
INSERT INTO [HoTroCovid].[dbo].[ThongTinHoTro] (ID, IDNoiDung, IDDoiTuong, IDCaNhan) VALUES ('60f024b2-9741-4b29-be61-56f929aad4f4', 1, NULL, '0d67814a-aad4-4841-878c-91537c22b9ae');
INSERT INTO [HoTroCovid].[dbo].[HoSo] (ID, IDCaNhan, IDNoiDungHoTro, IDDoiTuong, SoThang, SoTien, ThanhTien, IDThongTinHoTro, DaChi, NguoiTao) VALUES ('0c739195-a1a7-4a1a-a863-0cb4c50b76a1', '0d67814a-aad4-4841-878c-91537c22b9ae', 1, NULL, 3, 1800000, 5400000, '60f024b2-9741-4b29-be61-56f929aad4f4', 0, 'solaodong');
INSERT INTO [HoTroCovid].[dbo].[CaNhan] (ID, HoTen, GioiTinh, NgaySinh, CMND, SinhNam) VALUES ('76877352-424f-4d9c-847c-0b2acc356642', N'Lê Đình Ty', 1, '1990-06-10', '215172389', 1990);
INSERT INTO [HoTroCovid].[dbo].[CaNhan_DoanhNghiep] (ID, IDDoanhNghiep, IDCaNhan, IDDoiTuong, NgheNghiep, DaTra50) VALUES ('c1939a42-4ecd-43aa-ac94-4bdb8653877a', 'e49841c9-785e-405e-9bf6-c9e9638c10e4', '76877352-424f-4d9c-847c-0b2acc356642', NULL, N'N/viên Thống kê', null);
INSERT INTO [HoTroCovid].[dbo].[ThongTinHoTro] (ID, IDNoiDung, IDDoiTuong, IDCaNhan) VALUES ('df29a422-3edd-44a1-9507-ffd0e8d64837', 1, NULL, '76877352-424f-4d9c-847c-0b2acc356642');
INSERT INTO [HoTroCovid].[dbo].[HoSo] (ID, IDCaNhan, IDNoiDungHoTro, IDDoiTuong, SoThang, SoTien, ThanhTien, IDThongTinHoTro, DaChi, NguoiTao) VALUES ('d4743780-11a2-4ad7-ac7f-384a72bd3cc3', '76877352-424f-4d9c-847c-0b2acc356642', 1, NULL, 3, 1800000, 5400000, 'df29a422-3edd-44a1-9507-ffd0e8d64837', 0, 'solaodong');
INSERT INTO [HoTroCovid].[dbo].[CaNhan] (ID, HoTen, GioiTinh, NgaySinh, CMND, SinhNam) VALUES ('63404a03-147a-4baf-a79d-0135d34c110a', N'Lê Bá Hậu', 1, '1991-01-01', '215259154', 1991);
INSERT INTO [HoTroCovid].[dbo].[CaNhan_DoanhNghiep] (ID, IDDoanhNghiep, IDCaNhan, IDDoiTuong, NgheNghiep, DaTra50) VALUES ('9103e695-6402-4a39-aa4d-f7103adb2556', 'e49841c9-785e-405e-9bf6-c9e9638c10e4', '63404a03-147a-4baf-a79d-0135d34c110a', NULL, N'N/v Thống kê kho', null);
INSERT INTO [HoTroCovid].[dbo].[ThongTinHoTro] (ID, IDNoiDung, IDDoiTuong, IDCaNhan) VALUES ('5d6b91cb-d04a-47fb-be61-5f1d3e8ee941', 1, NULL, '63404a03-147a-4baf-a79d-0135d34c110a');
INSERT INTO [HoTroCovid].[dbo].[HoSo] (ID, IDCaNhan, IDNoiDungHoTro, IDDoiTuong, SoThang, SoTien, ThanhTien, IDThongTinHoTro, DaChi, NguoiTao) VALUES ('2ffc61c6-929a-454c-85eb-5a4893b11641', '63404a03-147a-4baf-a79d-0135d34c110a', 1, NULL, 3, 1800000, 5400000, '5d6b91cb-d04a-47fb-be61-5f1d3e8ee941', 0, 'solaodong');
INSERT INTO [HoTroCovid].[dbo].[CaNhan] (ID, HoTen, GioiTinh, NgaySinh, CMND, SinhNam) VALUES ('20bcab39-ca17-473f-963b-ccfb144a03f2', N'Lê Tiến Sinh', 1, '1985-01-06', '211846847', 1985);
INSERT INTO [HoTroCovid].[dbo].[CaNhan_DoanhNghiep] (ID, IDDoanhNghiep, IDCaNhan, IDDoiTuong, NgheNghiep, DaTra50) VALUES ('a073126d-3e33-4030-9988-c2a34c4c8707', 'e49841c9-785e-405e-9bf6-c9e9638c10e4', '20bcab39-ca17-473f-963b-ccfb144a03f2', NULL, N'C/nhân CĐL', null);
INSERT INTO [HoTroCovid].[dbo].[ThongTinHoTro] (ID, IDNoiDung, IDDoiTuong, IDCaNhan) VALUES ('152e546f-78a5-4413-aa81-24799a0df3e2', 1, NULL, '20bcab39-ca17-473f-963b-ccfb144a03f2');
INSERT INTO [HoTroCovid].[dbo].[HoSo] (ID, IDCaNhan, IDNoiDungHoTro, IDDoiTuong, SoThang, SoTien, ThanhTien, IDThongTinHoTro, DaChi, NguoiTao) VALUES ('8e62558d-5199-4a92-8c2b-af0b49dbdac9', '20bcab39-ca17-473f-963b-ccfb144a03f2', 1, NULL, 3, 1800000, 5400000, '152e546f-78a5-4413-aa81-24799a0df3e2', 0, 'solaodong');
INSERT INTO [HoTroCovid].[dbo].[CaNhan] (ID, HoTen, GioiTinh, NgaySinh, CMND, SinhNam) VALUES ('5833c27a-04f4-4519-9978-0c7e1fd9ff74', N'Nguyễn Thành Phố', 1, '1994-02-22', '215317247', 1994);
INSERT INTO [HoTroCovid].[dbo].[CaNhan_DoanhNghiep] (ID, IDDoanhNghiep, IDCaNhan, IDDoiTuong, NgheNghiep, DaTra50) VALUES ('510b4543-c841-47ef-9918-458e03151f6b', 'e49841c9-785e-405e-9bf6-c9e9638c10e4', '5833c27a-04f4-4519-9978-0c7e1fd9ff74', NULL, N'CN kho lạnh', null);
INSERT INTO [HoTroCovid].[dbo].[ThongTinHoTro] (ID, IDNoiDung, IDDoiTuong, IDCaNhan) VALUES ('5c9d048c-9723-4499-bf01-d683a6bdb2de', 1, NULL, '5833c27a-04f4-4519-9978-0c7e1fd9ff74');
INSERT INTO [HoTroCovid].[dbo].[HoSo] (ID, IDCaNhan, IDNoiDungHoTro, IDDoiTuong, SoThang, SoTien, ThanhTien, IDThongTinHoTro, DaChi, NguoiTao) VALUES ('171bfa39-7ec6-46ee-8adc-d0f57085573c', '5833c27a-04f4-4519-9978-0c7e1fd9ff74', 1, NULL, 3, 1800000, 5400000, '5c9d048c-9723-4499-bf01-d683a6bdb2de', 0, 'solaodong');
INSERT INTO [HoTroCovid].[dbo].[CaNhan] (ID, HoTen, GioiTinh, NgaySinh, CMND, SinhNam) VALUES ('8d0253bb-face-4680-82f5-e28510dd0d60', N'Đồng Thị Kim Hoa', NULL, '1985-04-28', '211846201', 1985);
INSERT INTO [HoTroCovid].[dbo].[CaNhan_DoanhNghiep] (ID, IDDoanhNghiep, IDCaNhan, IDDoiTuong, NgheNghiep, DaTra50) VALUES ('215ca261-d5d9-4c9d-a059-2da61c9de803', 'e49841c9-785e-405e-9bf6-c9e9638c10e4', '8d0253bb-face-4680-82f5-e28510dd0d60', NULL, N'N/viên Thống kê', null);
INSERT INTO [HoTroCovid].[dbo].[ThongTinHoTro] (ID, IDNoiDung, IDDoiTuong, IDCaNhan) VALUES ('1fba09ab-16f5-46bf-94d3-7c5bcac5c083', 1, NULL, '8d0253bb-face-4680-82f5-e28510dd0d60');
INSERT INTO [HoTroCovid].[dbo].[HoSo] (ID, IDCaNhan, IDNoiDungHoTro, IDDoiTuong, SoThang, SoTien, ThanhTien, IDThongTinHoTro, DaChi, NguoiTao) VALUES ('5ef50c6a-57c2-4ccd-af85-1eceae067e1b', '8d0253bb-face-4680-82f5-e28510dd0d60', 1, NULL, 3, 1800000, 5400000, '1fba09ab-16f5-46bf-94d3-7c5bcac5c083', 0, 'solaodong');
INSERT INTO [HoTroCovid].[dbo].[CaNhan] (ID, HoTen, GioiTinh, NgaySinh, CMND, SinhNam) VALUES ('1fe1e4dc-f543-4007-983c-4f68660cb38c', N'Võ Thị Mỹ Nương', NULL, '1985-10-20', '211774469', 1985);
INSERT INTO [HoTroCovid].[dbo].[CaNhan_DoanhNghiep] (ID, IDDoanhNghiep, IDCaNhan, IDDoiTuong, NgheNghiep, DaTra50) VALUES ('def53275-dd2b-4bf8-9998-ae0197ed9a91', 'e49841c9-785e-405e-9bf6-c9e9638c10e4', '1fe1e4dc-f543-4007-983c-4f68660cb38c', NULL, N'N/viên Thống kê', null);
INSERT INTO [HoTroCovid].[dbo].[ThongTinHoTro] (ID, IDNoiDung, IDDoiTuong, IDCaNhan) VALUES ('7686ec5a-87b7-45ec-b4f6-33340e7cb871', 1, NULL, '1fe1e4dc-f543-4007-983c-4f68660cb38c');
INSERT INTO [HoTroCovid].[dbo].[HoSo] (ID, IDCaNhan, IDNoiDungHoTro, IDDoiTuong, SoThang, SoTien, ThanhTien, IDThongTinHoTro, DaChi, NguoiTao) VALUES ('181b3b3d-17df-4a6a-a896-27318b399dac', '1fe1e4dc-f543-4007-983c-4f68660cb38c', 1, NULL, 3, 1800000, 5400000, '7686ec5a-87b7-45ec-b4f6-33340e7cb871', 0, 'solaodong');
INSERT INTO [HoTroCovid].[dbo].[CaNhan] (ID, HoTen, GioiTinh, NgaySinh, CMND, SinhNam) VALUES ('c1be8a88-8d9f-4a0e-9b48-ea5d4b0c6411', N'Đặng Thị Thúy Hằng', NULL, '1991-10-12', '215154659', 1991);
INSERT INTO [HoTroCovid].[dbo].[CaNhan_DoanhNghiep] (ID, IDDoanhNghiep, IDCaNhan, IDDoiTuong, NgheNghiep, DaTra50) VALUES ('25563484-105a-4be8-89cb-c2fe7843b2cb', 'e49841c9-785e-405e-9bf6-c9e9638c10e4', 'c1be8a88-8d9f-4a0e-9b48-ea5d4b0c6411', NULL, N'N/viên HACCP', null);
INSERT INTO [HoTroCovid].[dbo].[ThongTinHoTro] (ID, IDNoiDung, IDDoiTuong, IDCaNhan) VALUES ('384fb6be-8985-4eea-92a0-b2b3c4f6af90', 1, NULL, 'c1be8a88-8d9f-4a0e-9b48-ea5d4b0c6411');
INSERT INTO [HoTroCovid].[dbo].[HoSo] (ID, IDCaNhan, IDNoiDungHoTro, IDDoiTuong, SoThang, SoTien, ThanhTien, IDThongTinHoTro, DaChi, NguoiTao) VALUES ('ab4b680f-9247-413e-a978-617d15de20a5', 'c1be8a88-8d9f-4a0e-9b48-ea5d4b0c6411', 1, NULL, 3, 1800000, 5400000, '384fb6be-8985-4eea-92a0-b2b3c4f6af90', 0, 'solaodong');
INSERT INTO [HoTroCovid].[dbo].[CaNhan] (ID, HoTen, GioiTinh, NgaySinh, CMND, SinhNam) VALUES ('3ea00b75-a02e-4168-9c2e-b0d2f9d19435', N'Phạm Xuân Lập', 1, '1990-10-20', '215113778', 1990);
INSERT INTO [HoTroCovid].[dbo].[CaNhan_DoanhNghiep] (ID, IDDoanhNghiep, IDCaNhan, IDDoiTuong, NgheNghiep, DaTra50) VALUES ('67398ba5-6774-4a32-99a7-69ce32b46333', 'e49841c9-785e-405e-9bf6-c9e9638c10e4', '3ea00b75-a02e-4168-9c2e-b0d2f9d19435', NULL, N'CN kho lạnh', null);
INSERT INTO [HoTroCovid].[dbo].[ThongTinHoTro] (ID, IDNoiDung, IDDoiTuong, IDCaNhan) VALUES ('13ebe1b7-3cab-4a2f-a4b7-3f5af1f2ec6b', 1, NULL, '3ea00b75-a02e-4168-9c2e-b0d2f9d19435');
INSERT INTO [HoTroCovid].[dbo].[HoSo] (ID, IDCaNhan, IDNoiDungHoTro, IDDoiTuong, SoThang, SoTien, ThanhTien, IDThongTinHoTro, DaChi, NguoiTao) VALUES ('111ed50d-5ce0-4323-9839-527600bf4731', '3ea00b75-a02e-4168-9c2e-b0d2f9d19435', 1, NULL, 3, 1800000, 5400000, '13ebe1b7-3cab-4a2f-a4b7-3f5af1f2ec6b', 0, 'solaodong');
INSERT INTO [HoTroCovid].[dbo].[CaNhan] (ID, HoTen, GioiTinh, NgaySinh, CMND, SinhNam) VALUES ('31953d9a-aa38-4d9b-b149-7e9d4a71cd9c', N'Trần Huỳnh Thanh', 1, '1987-03-04', '215182288', 1987);
INSERT INTO [HoTroCovid].[dbo].[CaNhan_DoanhNghiep] (ID, IDDoanhNghiep, IDCaNhan, IDDoiTuong, NgheNghiep, DaTra50) VALUES ('17937b42-c64c-4570-a162-88e1e762a177', 'e49841c9-785e-405e-9bf6-c9e9638c10e4', '31953d9a-aa38-4d9b-b149-7e9d4a71cd9c', NULL, N'CN kho lạnh', null);
INSERT INTO [HoTroCovid].[dbo].[ThongTinHoTro] (ID, IDNoiDung, IDDoiTuong, IDCaNhan) VALUES ('c5dcd0de-59f4-41ca-af44-3f61d457c62f', 1, NULL, '31953d9a-aa38-4d9b-b149-7e9d4a71cd9c');
INSERT INTO [HoTroCovid].[dbo].[HoSo] (ID, IDCaNhan, IDNoiDungHoTro, IDDoiTuong, SoThang, SoTien, ThanhTien, IDThongTinHoTro, DaChi, NguoiTao) VALUES ('d0215d93-5010-4c8d-939a-eb5553159f0b', '31953d9a-aa38-4d9b-b149-7e9d4a71cd9c', 1, NULL, 3, 1800000, 5400000, 'c5dcd0de-59f4-41ca-af44-3f61d457c62f', 0, 'solaodong');
INSERT INTO [HoTroCovid].[dbo].[CaNhan] (ID, HoTen, GioiTinh, NgaySinh, CMND, SinhNam) VALUES ('5ce3a5fe-0eef-4320-941e-402e73cd78cf', N'Nguyễn Thị Thanh Diệu', NULL, '1995-06-02', '215326377', 1995);
INSERT INTO [HoTroCovid].[dbo].[CaNhan_DoanhNghiep] (ID, IDDoanhNghiep, IDCaNhan, IDDoiTuong, NgheNghiep, DaTra50) VALUES ('d7521cd9-b677-41d8-b717-4a0da2a075bc', 'e49841c9-785e-405e-9bf6-c9e9638c10e4', '5ce3a5fe-0eef-4320-941e-402e73cd78cf', NULL, N'N/viên Thống kê', null);
INSERT INTO [HoTroCovid].[dbo].[ThongTinHoTro] (ID, IDNoiDung, IDDoiTuong, IDCaNhan) VALUES ('300d81f2-fae0-46f3-8007-5612f53f7b59', 1, NULL, '5ce3a5fe-0eef-4320-941e-402e73cd78cf');
INSERT INTO [HoTroCovid].[dbo].[HoSo] (ID, IDCaNhan, IDNoiDungHoTro, IDDoiTuong, SoThang, SoTien, ThanhTien, IDThongTinHoTro, DaChi, NguoiTao) VALUES ('60a7ea9f-0c45-4bbf-9475-2487e5f05714', '5ce3a5fe-0eef-4320-941e-402e73cd78cf', 1, NULL, 3, 1800000, 5400000, '300d81f2-fae0-46f3-8007-5612f53f7b59', 0, 'solaodong');
INSERT INTO [HoTroCovid].[dbo].[CaNhan] (ID, HoTen, GioiTinh, NgaySinh, CMND, SinhNam) VALUES ('0854b3a2-3ef0-4908-ac10-f1a43b48f342', N'Huỳnh Thị Phương Dung', NULL, '1988-07-16', '215077156', 1988);
INSERT INTO [HoTroCovid].[dbo].[CaNhan_DoanhNghiep] (ID, IDDoanhNghiep, IDCaNhan, IDDoiTuong, NgheNghiep, DaTra50) VALUES ('8a124111-b9e7-4985-8a76-6a9d881efd54', 'e49841c9-785e-405e-9bf6-c9e9638c10e4', '0854b3a2-3ef0-4908-ac10-f1a43b48f342', NULL, N'N/viên Thống kê', null);
INSERT INTO [HoTroCovid].[dbo].[ThongTinHoTro] (ID, IDNoiDung, IDDoiTuong, IDCaNhan) VALUES ('9802283f-235c-488e-8738-267beea7e8c2', 1, NULL, '0854b3a2-3ef0-4908-ac10-f1a43b48f342');
INSERT INTO [HoTroCovid].[dbo].[HoSo] (ID, IDCaNhan, IDNoiDungHoTro, IDDoiTuong, SoThang, SoTien, ThanhTien, IDThongTinHoTro, DaChi, NguoiTao) VALUES ('be43fa32-5247-41f5-874e-5dde7df07931', '0854b3a2-3ef0-4908-ac10-f1a43b48f342', 1, NULL, 3, 1800000, 5400000, '9802283f-235c-488e-8738-267beea7e8c2', 0, 'solaodong');
INSERT INTO [HoTroCovid].[dbo].[CaNhan] (ID, HoTen, GioiTinh, NgaySinh, CMND, SinhNam) VALUES ('6e5bb012-724e-4922-a9bd-15c7000dbf69', N'Võ Thị Hồng Bích', NULL, '1980-02-06', '211648026', 1980);
INSERT INTO [HoTroCovid].[dbo].[CaNhan_DoanhNghiep] (ID, IDDoanhNghiep, IDCaNhan, IDDoiTuong, NgheNghiep, DaTra50) VALUES ('5d39a6e5-51be-49a7-ae2f-e8dc1c6e70fc', 'e49841c9-785e-405e-9bf6-c9e9638c10e4', '6e5bb012-724e-4922-a9bd-15c7000dbf69', NULL, N'N/viên KCS', null);
INSERT INTO [HoTroCovid].[dbo].[ThongTinHoTro] (ID, IDNoiDung, IDDoiTuong, IDCaNhan) VALUES ('41d1ed77-e812-4b50-9bb9-c9a9eb1bbd3f', 1, NULL, '6e5bb012-724e-4922-a9bd-15c7000dbf69');
INSERT INTO [HoTroCovid].[dbo].[HoSo] (ID, IDCaNhan, IDNoiDungHoTro, IDDoiTuong, SoThang, SoTien, ThanhTien, IDThongTinHoTro, DaChi, NguoiTao) VALUES ('6f011bbd-6768-44b1-8931-5ee75cd0cd1b', '6e5bb012-724e-4922-a9bd-15c7000dbf69', 1, NULL, 3, 1800000, 5400000, '41d1ed77-e812-4b50-9bb9-c9a9eb1bbd3f', 0, 'solaodong');
INSERT INTO [HoTroCovid].[dbo].[CaNhan] (ID, HoTen, GioiTinh, NgaySinh, CMND, SinhNam) VALUES ('6efe9326-1553-4572-914a-8570b78a25c9', N'Trần Thị Kim Yến', NULL, '1991-10-21', '215149293', 1991);
INSERT INTO [HoTroCovid].[dbo].[CaNhan_DoanhNghiep] (ID, IDDoanhNghiep, IDCaNhan, IDDoiTuong, NgheNghiep, DaTra50) VALUES ('9c03f077-4eb4-4e5c-bf4d-c48589bc9504', 'e49841c9-785e-405e-9bf6-c9e9638c10e4', '6efe9326-1553-4572-914a-8570b78a25c9', NULL, N'N/viên Thống kê', null);
INSERT INTO [HoTroCovid].[dbo].[ThongTinHoTro] (ID, IDNoiDung, IDDoiTuong, IDCaNhan) VALUES ('33839469-1e60-44f6-b585-5ffd28c9a7cb', 1, NULL, '6efe9326-1553-4572-914a-8570b78a25c9');
INSERT INTO [HoTroCovid].[dbo].[HoSo] (ID, IDCaNhan, IDNoiDungHoTro, IDDoiTuong, SoThang, SoTien, ThanhTien, IDThongTinHoTro, DaChi, NguoiTao) VALUES ('dfae1da5-9bf6-44f9-8c13-d25d9caf7e3a', '6efe9326-1553-4572-914a-8570b78a25c9', 1, NULL, 3, 1800000, 5400000, '33839469-1e60-44f6-b585-5ffd28c9a7cb', 0, 'solaodong');
INSERT INTO [HoTroCovid].[dbo].[CaNhan] (ID, HoTen, GioiTinh, NgaySinh, CMND, SinhNam) VALUES ('f872393f-e7b8-4192-8292-f1d6933c1348', N'Nguyễn Quốc Anh Uyên', NULL, '1990-04-04', '215139402', 1990);
INSERT INTO [HoTroCovid].[dbo].[CaNhan_DoanhNghiep] (ID, IDDoanhNghiep, IDCaNhan, IDDoiTuong, NgheNghiep, DaTra50) VALUES ('c4af3574-4e52-4f41-a9b1-b4da4db92386', 'e49841c9-785e-405e-9bf6-c9e9638c10e4', 'f872393f-e7b8-4192-8292-f1d6933c1348', NULL, N'N/viên Ban KSNB', null);
INSERT INTO [HoTroCovid].[dbo].[ThongTinHoTro] (ID, IDNoiDung, IDDoiTuong, IDCaNhan) VALUES ('e7d2f04d-587d-4b72-a9a8-b7405bf4e8a4', 1, NULL, 'f872393f-e7b8-4192-8292-f1d6933c1348');
INSERT INTO [HoTroCovid].[dbo].[HoSo] (ID, IDCaNhan, IDNoiDungHoTro, IDDoiTuong, SoThang, SoTien, ThanhTien, IDThongTinHoTro, DaChi, NguoiTao) VALUES ('8f642604-6aeb-474b-a1a8-45fda9c80e78', 'f872393f-e7b8-4192-8292-f1d6933c1348', 1, NULL, 3, 1800000, 5400000, 'e7d2f04d-587d-4b72-a9a8-b7405bf4e8a4', 0, 'solaodong');
INSERT INTO [HoTroCovid].[dbo].[CaNhan] (ID, HoTen, GioiTinh, NgaySinh, CMND, SinhNam) VALUES ('cf3bf269-7742-41bb-bd24-9873000c7fc5', N'Cao Thị Hương Lan - TT', NULL, '1980-06-05', '215449290', 1980);
INSERT INTO [HoTroCovid].[dbo].[CaNhan_DoanhNghiep] (ID, IDDoanhNghiep, IDCaNhan, IDDoiTuong, NgheNghiep, DaTra50) VALUES ('45bb7f83-1e00-497a-916d-7130e6c57b04', 'e49841c9-785e-405e-9bf6-c9e9638c10e4', 'cf3bf269-7742-41bb-bd24-9873000c7fc5', NULL, N'Tổ Trưởng Thống kê', null);
INSERT INTO [HoTroCovid].[dbo].[ThongTinHoTro] (ID, IDNoiDung, IDDoiTuong, IDCaNhan) VALUES ('7e979083-3e98-4ee4-9798-8589c362a5eb', 1, NULL, 'cf3bf269-7742-41bb-bd24-9873000c7fc5');
INSERT INTO [HoTroCovid].[dbo].[HoSo] (ID, IDCaNhan, IDNoiDungHoTro, IDDoiTuong, SoThang, SoTien, ThanhTien, IDThongTinHoTro, DaChi, NguoiTao) VALUES ('785707c2-19fe-4b6b-89b2-7a0cb628a4b6', 'cf3bf269-7742-41bb-bd24-9873000c7fc5', 1, NULL, 3, 1800000, 5400000, '7e979083-3e98-4ee4-9798-8589c362a5eb', 0, 'solaodong');
INSERT INTO [HoTroCovid].[dbo].[CaNhan] (ID, HoTen, GioiTinh, NgaySinh, CMND, SinhNam) VALUES ('2502179b-9abe-484e-8d1e-b474481b0264', N'Huỳnh Thị Thanh Ngoan', NULL, '1990-08-23', '215099649', 1990);
INSERT INTO [HoTroCovid].[dbo].[CaNhan_DoanhNghiep] (ID, IDDoanhNghiep, IDCaNhan, IDDoiTuong, NgheNghiep, DaTra50) VALUES ('06ba1404-1a13-4ce8-b6dc-18de58325714', 'e49841c9-785e-405e-9bf6-c9e9638c10e4', '2502179b-9abe-484e-8d1e-b474481b0264', NULL, N'CNCBHSĐL', null);
INSERT INTO [HoTroCovid].[dbo].[ThongTinHoTro] (ID, IDNoiDung, IDDoiTuong, IDCaNhan) VALUES ('fd0764fd-905a-4648-8d5e-ebd3f3c072d7', 1, NULL, '2502179b-9abe-484e-8d1e-b474481b0264');
INSERT INTO [HoTroCovid].[dbo].[HoSo] (ID, IDCaNhan, IDNoiDungHoTro, IDDoiTuong, SoThang, SoTien, ThanhTien, IDThongTinHoTro, DaChi, NguoiTao) VALUES ('33d72cb6-c767-45d2-944a-8565a861efad', '2502179b-9abe-484e-8d1e-b474481b0264', 1, NULL, 3, 1800000, 5400000, 'fd0764fd-905a-4648-8d5e-ebd3f3c072d7', 0, 'solaodong');
INSERT INTO [HoTroCovid].[dbo].[CaNhan] (ID, HoTen, GioiTinh, NgaySinh, CMND, SinhNam) VALUES ('ec3bfcb2-918d-4f04-b0ba-17768202caac', N'Lưu Văn Định', 1, '1990-09-20', '215269019', 1990);
INSERT INTO [HoTroCovid].[dbo].[CaNhan_DoanhNghiep] (ID, IDDoanhNghiep, IDCaNhan, IDDoiTuong, NgheNghiep, DaTra50) VALUES ('8e71ee62-d2ce-4a11-ae95-78d90dac2f7b', 'e49841c9-785e-405e-9bf6-c9e9638c10e4', 'ec3bfcb2-918d-4f04-b0ba-17768202caac', NULL, N'CNCBHSĐL', null);
INSERT INTO [HoTroCovid].[dbo].[ThongTinHoTro] (ID, IDNoiDung, IDDoiTuong, IDCaNhan) VALUES ('01cf3ab4-0395-4cb7-bfc2-9f14b557693a', 1, NULL, 'ec3bfcb2-918d-4f04-b0ba-17768202caac');
INSERT INTO [HoTroCovid].[dbo].[HoSo] (ID, IDCaNhan, IDNoiDungHoTro, IDDoiTuong, SoThang, SoTien, ThanhTien, IDThongTinHoTro, DaChi, NguoiTao) VALUES ('f568ee7c-f600-44ab-8ae5-fd0a2490829a', 'ec3bfcb2-918d-4f04-b0ba-17768202caac', 1, NULL, 3, 1800000, 5400000, '01cf3ab4-0395-4cb7-bfc2-9f14b557693a', 0, 'solaodong');
INSERT INTO [HoTroCovid].[dbo].[CaNhan] (ID, HoTen, GioiTinh, NgaySinh, CMND, SinhNam) VALUES ('e07427fd-5c6d-4f6c-80fc-09c3f154ce50', N'Lê Thị Kim Sen', NULL, '1990-09-27', '215045957', 1990);
INSERT INTO [HoTroCovid].[dbo].[CaNhan_DoanhNghiep] (ID, IDDoanhNghiep, IDCaNhan, IDDoiTuong, NgheNghiep, DaTra50) VALUES ('e17f6b84-296b-4ee1-9681-e1cd9c8236a2', 'e49841c9-785e-405e-9bf6-c9e9638c10e4', 'e07427fd-5c6d-4f6c-80fc-09c3f154ce50', NULL, N'CNCBHSĐL', null);
INSERT INTO [HoTroCovid].[dbo].[ThongTinHoTro] (ID, IDNoiDung, IDDoiTuong, IDCaNhan) VALUES ('5bdd9894-d109-44d8-9611-0fa81d94b171', 1, NULL, 'e07427fd-5c6d-4f6c-80fc-09c3f154ce50');
INSERT INTO [HoTroCovid].[dbo].[HoSo] (ID, IDCaNhan, IDNoiDungHoTro, IDDoiTuong, SoThang, SoTien, ThanhTien, IDThongTinHoTro, DaChi, NguoiTao) VALUES ('2714bbe9-24aa-4e0f-8c9a-8c37422d01c7', 'e07427fd-5c6d-4f6c-80fc-09c3f154ce50', 1, NULL, 3, 1800000, 5400000, '5bdd9894-d109-44d8-9611-0fa81d94b171', 0, 'solaodong');
INSERT INTO [HoTroCovid].[dbo].[CaNhan] (ID, HoTen, GioiTinh, NgaySinh, CMND, SinhNam) VALUES ('28e10e14-ca22-4471-99ca-3f639c38fd82', N'Lê Minh Lai', 1, '1990-09-03', '215204042', 1990);
INSERT INTO [HoTroCovid].[dbo].[CaNhan_DoanhNghiep] (ID, IDDoanhNghiep, IDCaNhan, IDDoiTuong, NgheNghiep, DaTra50) VALUES ('62379589-3e7f-44b7-b025-2636779ba4c7', 'e49841c9-785e-405e-9bf6-c9e9638c10e4', '28e10e14-ca22-4471-99ca-3f639c38fd82', NULL, N'CNCBHSĐL', null);
INSERT INTO [HoTroCovid].[dbo].[ThongTinHoTro] (ID, IDNoiDung, IDDoiTuong, IDCaNhan) VALUES ('a3ed6686-6466-473b-9aea-076eb1a9e61c', 1, NULL, '28e10e14-ca22-4471-99ca-3f639c38fd82');
INSERT INTO [HoTroCovid].[dbo].[HoSo] (ID, IDCaNhan, IDNoiDungHoTro, IDDoiTuong, SoThang, SoTien, ThanhTien, IDThongTinHoTro, DaChi, NguoiTao) VALUES ('8aa4255b-f4d0-436e-8bda-76763c03c353', '28e10e14-ca22-4471-99ca-3f639c38fd82', 1, NULL, 3, 1800000, 5400000, 'a3ed6686-6466-473b-9aea-076eb1a9e61c', 0, 'solaodong');
INSERT INTO [HoTroCovid].[dbo].[CaNhan] (ID, HoTen, GioiTinh, NgaySinh, CMND, SinhNam) VALUES ('eba11b3f-2959-4515-8b07-4c646307a355', N'Nguyễn Công Cảnh', 1, '1987-11-18', '215067731', 1987);
INSERT INTO [HoTroCovid].[dbo].[CaNhan_DoanhNghiep] (ID, IDDoanhNghiep, IDCaNhan, IDDoiTuong, NgheNghiep, DaTra50) VALUES ('145be26c-962d-45fd-9ef9-b6e95b2645e0', 'e49841c9-785e-405e-9bf6-c9e9638c10e4', 'eba11b3f-2959-4515-8b07-4c646307a355', NULL, N'CN kho lạnh', null);
INSERT INTO [HoTroCovid].[dbo].[ThongTinHoTro] (ID, IDNoiDung, IDDoiTuong, IDCaNhan) VALUES ('bdcc6834-8e17-4462-91c3-e4f48085e3fb', 1, NULL, 'eba11b3f-2959-4515-8b07-4c646307a355');
INSERT INTO [HoTroCovid].[dbo].[HoSo] (ID, IDCaNhan, IDNoiDungHoTro, IDDoiTuong, SoThang, SoTien, ThanhTien, IDThongTinHoTro, DaChi, NguoiTao) VALUES ('c92b5ea3-19d9-49b6-a011-0297ccd2a7da', 'eba11b3f-2959-4515-8b07-4c646307a355', 1, NULL, 3, 1800000, 5400000, 'bdcc6834-8e17-4462-91c3-e4f48085e3fb', 0, 'solaodong');
INSERT INTO [HoTroCovid].[dbo].[CaNhan] (ID, HoTen, GioiTinh, NgaySinh, CMND, SinhNam) VALUES ('4ae0e389-e4af-4a8e-a603-3b3abe9c0041', N'Nguyễn Minh Quang', 1, '1994-12-28', '215459279', 1994);
INSERT INTO [HoTroCovid].[dbo].[CaNhan_DoanhNghiep] (ID, IDDoanhNghiep, IDCaNhan, IDDoiTuong, NgheNghiep, DaTra50) VALUES ('0e1c6377-bf1d-4019-9d68-adb0f1b629cb', 'e49841c9-785e-405e-9bf6-c9e9638c10e4', '4ae0e389-e4af-4a8e-a603-3b3abe9c0041', NULL, N'CNCBHSĐL', null);
INSERT INTO [HoTroCovid].[dbo].[ThongTinHoTro] (ID, IDNoiDung, IDDoiTuong, IDCaNhan) VALUES ('9c480986-ab78-46c5-9598-727cbfc6d814', 1, NULL, '4ae0e389-e4af-4a8e-a603-3b3abe9c0041');
INSERT INTO [HoTroCovid].[dbo].[HoSo] (ID, IDCaNhan, IDNoiDungHoTro, IDDoiTuong, SoThang, SoTien, ThanhTien, IDThongTinHoTro, DaChi, NguoiTao) VALUES ('fb9e7d25-6e4b-4a9f-8611-52dd1e1da210', '4ae0e389-e4af-4a8e-a603-3b3abe9c0041', 1, NULL, 3, 1800000, 5400000, '9c480986-ab78-46c5-9598-727cbfc6d814', 0, 'solaodong');
INSERT INTO [HoTroCovid].[dbo].[CaNhan] (ID, HoTen, GioiTinh, NgaySinh, CMND, SinhNam) VALUES ('c7748cec-c62c-4478-8703-90e9c8f15bde', N'Châu Thị Lệ Hiền', NULL, '1991-11-27', '215213415', 1991);
INSERT INTO [HoTroCovid].[dbo].[CaNhan_DoanhNghiep] (ID, IDDoanhNghiep, IDCaNhan, IDDoiTuong, NgheNghiep, DaTra50) VALUES ('8c2c95d5-8a20-4f2c-b17b-27624adc06a2', 'e49841c9-785e-405e-9bf6-c9e9638c10e4', 'c7748cec-c62c-4478-8703-90e9c8f15bde', NULL, N'CNCBHSĐL', null);
INSERT INTO [HoTroCovid].[dbo].[ThongTinHoTro] (ID, IDNoiDung, IDDoiTuong, IDCaNhan) VALUES ('5764bd4c-da45-4731-b314-87ab4f75da2d', 1, NULL, 'c7748cec-c62c-4478-8703-90e9c8f15bde');
INSERT INTO [HoTroCovid].[dbo].[HoSo] (ID, IDCaNhan, IDNoiDungHoTro, IDDoiTuong, SoThang, SoTien, ThanhTien, IDThongTinHoTro, DaChi, NguoiTao) VALUES ('e8507270-a439-4ef6-b2c8-3825e78ada19', 'c7748cec-c62c-4478-8703-90e9c8f15bde', 1, NULL, 3, 1800000, 5400000, '5764bd4c-da45-4731-b314-87ab4f75da2d', 0, 'solaodong');
INSERT INTO [HoTroCovid].[dbo].[CaNhan] (ID, HoTen, GioiTinh, NgaySinh, CMND, SinhNam) VALUES ('8d3425c0-5d02-46d3-9f42-ce88760f1d4d', N'Nguyễn Thị Kim Liên', NULL, '1994-02-26', '215270448', 1994);
INSERT INTO [HoTroCovid].[dbo].[CaNhan_DoanhNghiep] (ID, IDDoanhNghiep, IDCaNhan, IDDoiTuong, NgheNghiep, DaTra50) VALUES ('959f3cc2-e4e4-46ba-86f9-83910c5d467f', 'e49841c9-785e-405e-9bf6-c9e9638c10e4', '8d3425c0-5d02-46d3-9f42-ce88760f1d4d', NULL, N'CNCBHSĐL', null);
INSERT INTO [HoTroCovid].[dbo].[ThongTinHoTro] (ID, IDNoiDung, IDDoiTuong, IDCaNhan) VALUES ('a5b017af-cf3a-4b42-a981-fa05102756ba', 1, NULL, '8d3425c0-5d02-46d3-9f42-ce88760f1d4d');
INSERT INTO [HoTroCovid].[dbo].[HoSo] (ID, IDCaNhan, IDNoiDungHoTro, IDDoiTuong, SoThang, SoTien, ThanhTien, IDThongTinHoTro, DaChi, NguoiTao) VALUES ('086d427e-b2dd-46cb-9505-06385dd5ea5c', '8d3425c0-5d02-46d3-9f42-ce88760f1d4d', 1, NULL, 3, 1800000, 5400000, 'a5b017af-cf3a-4b42-a981-fa05102756ba', 0, 'solaodong');
INSERT INTO [HoTroCovid].[dbo].[CaNhan] (ID, HoTen, GioiTinh, NgaySinh, CMND, SinhNam) VALUES ('a5e4a001-7ec3-4810-8981-d20205b9f5b1', N'Nguyễn Thị Bích Trâm', NULL, '1997-06-12', '215411648', 1997);
INSERT INTO [HoTroCovid].[dbo].[CaNhan_DoanhNghiep] (ID, IDDoanhNghiep, IDCaNhan, IDDoiTuong, NgheNghiep, DaTra50) VALUES ('f6e21246-d8d3-498b-806e-11ecc7d172d5', 'e49841c9-785e-405e-9bf6-c9e9638c10e4', 'a5e4a001-7ec3-4810-8981-d20205b9f5b1', NULL, N'CNCBHSĐL', null);
INSERT INTO [HoTroCovid].[dbo].[ThongTinHoTro] (ID, IDNoiDung, IDDoiTuong, IDCaNhan) VALUES ('1d6b8bcf-ea77-4c1c-92ad-388408cd8ff5', 1, NULL, 'a5e4a001-7ec3-4810-8981-d20205b9f5b1');
INSERT INTO [HoTroCovid].[dbo].[HoSo] (ID, IDCaNhan, IDNoiDungHoTro, IDDoiTuong, SoThang, SoTien, ThanhTien, IDThongTinHoTro, DaChi, NguoiTao) VALUES ('2bffe798-a02c-4740-84f2-c2fe04a88818', 'a5e4a001-7ec3-4810-8981-d20205b9f5b1', 1, NULL, 3, 1800000, 5400000, '1d6b8bcf-ea77-4c1c-92ad-388408cd8ff5', 0, 'solaodong');
INSERT INTO [HoTroCovid].[dbo].[CaNhan] (ID, HoTen, GioiTinh, NgaySinh, CMND, SinhNam) VALUES ('30fd6951-fe0e-4a7a-b670-8258949e292e', N'Trương Thị Xuân Nở', NULL, '1988-03-30', '215183220', 1988);
INSERT INTO [HoTroCovid].[dbo].[CaNhan_DoanhNghiep] (ID, IDDoanhNghiep, IDCaNhan, IDDoiTuong, NgheNghiep, DaTra50) VALUES ('5085960b-b044-408c-a0dc-92a89987a06d', 'e49841c9-785e-405e-9bf6-c9e9638c10e4', '30fd6951-fe0e-4a7a-b670-8258949e292e', NULL, N'CNCBHSĐL', null);
INSERT INTO [HoTroCovid].[dbo].[ThongTinHoTro] (ID, IDNoiDung, IDDoiTuong, IDCaNhan) VALUES ('90db05bf-f232-4eeb-8240-de404a5d5a70', 1, NULL, '30fd6951-fe0e-4a7a-b670-8258949e292e');
INSERT INTO [HoTroCovid].[dbo].[HoSo] (ID, IDCaNhan, IDNoiDungHoTro, IDDoiTuong, SoThang, SoTien, ThanhTien, IDThongTinHoTro, DaChi, NguoiTao) VALUES ('1945a5cb-41a9-4a55-9ace-cee38d8ccc31', '30fd6951-fe0e-4a7a-b670-8258949e292e', 1, NULL, 3, 1800000, 5400000, '90db05bf-f232-4eeb-8240-de404a5d5a70', 0, 'solaodong');
INSERT INTO [HoTroCovid].[dbo].[CaNhan] (ID, HoTen, GioiTinh, NgaySinh, CMND, SinhNam) VALUES ('30280429-ac87-4492-96b8-1b207513f78f', N'Trần Thi Bích Hoa', NULL, '1992-08-04', '215184629', 1992);
INSERT INTO [HoTroCovid].[dbo].[CaNhan_DoanhNghiep] (ID, IDDoanhNghiep, IDCaNhan, IDDoiTuong, NgheNghiep, DaTra50) VALUES ('b7dcddf8-6202-493e-a94b-cca4b697f8fd', 'e49841c9-785e-405e-9bf6-c9e9638c10e4', '30280429-ac87-4492-96b8-1b207513f78f', NULL, N'Tổ phó Steak', null);
INSERT INTO [HoTroCovid].[dbo].[ThongTinHoTro] (ID, IDNoiDung, IDDoiTuong, IDCaNhan) VALUES ('a084f2b5-9353-4867-81c4-628f0621abf1', 1, NULL, '30280429-ac87-4492-96b8-1b207513f78f');
INSERT INTO [HoTroCovid].[dbo].[HoSo] (ID, IDCaNhan, IDNoiDungHoTro, IDDoiTuong, SoThang, SoTien, ThanhTien, IDThongTinHoTro, DaChi, NguoiTao) VALUES ('a11d4ba3-186d-4ca0-a632-214070120ebb', '30280429-ac87-4492-96b8-1b207513f78f', 1, NULL, 3, 1800000, 5400000, 'a084f2b5-9353-4867-81c4-628f0621abf1', 0, 'solaodong');
INSERT INTO [HoTroCovid].[dbo].[CaNhan] (ID, HoTen, GioiTinh, NgaySinh, CMND, SinhNam) VALUES ('35543161-fc78-40ec-b00f-47a486212a5d', N'Huỳnh Thị Thu Trinh', NULL, '1982-10-08', '211787486', 1982);
INSERT INTO [HoTroCovid].[dbo].[CaNhan_DoanhNghiep] (ID, IDDoanhNghiep, IDCaNhan, IDDoiTuong, NgheNghiep, DaTra50) VALUES ('a044a98a-d819-4f10-8d32-a752ddb4b453', 'e49841c9-785e-405e-9bf6-c9e9638c10e4', '35543161-fc78-40ec-b00f-47a486212a5d', NULL, N'CNCBHSĐL', null);
INSERT INTO [HoTroCovid].[dbo].[ThongTinHoTro] (ID, IDNoiDung, IDDoiTuong, IDCaNhan) VALUES ('af9ffb4a-607c-4492-9f03-cdff14985b1d', 1, NULL, '35543161-fc78-40ec-b00f-47a486212a5d');
INSERT INTO [HoTroCovid].[dbo].[HoSo] (ID, IDCaNhan, IDNoiDungHoTro, IDDoiTuong, SoThang, SoTien, ThanhTien, IDThongTinHoTro, DaChi, NguoiTao) VALUES ('d5332d42-bfa8-4c67-88ae-f713c9f50e05', '35543161-fc78-40ec-b00f-47a486212a5d', 1, NULL, 3, 1800000, 5400000, 'af9ffb4a-607c-4492-9f03-cdff14985b1d', 0, 'solaodong');
INSERT INTO [HoTroCovid].[dbo].[CaNhan] (ID, HoTen, GioiTinh, NgaySinh, CMND, SinhNam) VALUES ('f19f6328-ac02-4a2f-880d-dbbb11a34ea0', N'Từ Quốc Trình', 1, '1996-03-25', '215414271', 1996);
INSERT INTO [HoTroCovid].[dbo].[CaNhan_DoanhNghiep] (ID, IDDoanhNghiep, IDCaNhan, IDDoiTuong, NgheNghiep, DaTra50) VALUES ('7a4b0756-2301-44c7-af56-e43c9589c132', 'e49841c9-785e-405e-9bf6-c9e9638c10e4', 'f19f6328-ac02-4a2f-880d-dbbb11a34ea0', NULL, N'CNCBHSĐL', null);
INSERT INTO [HoTroCovid].[dbo].[ThongTinHoTro] (ID, IDNoiDung, IDDoiTuong, IDCaNhan) VALUES ('01a8f995-d9c7-411c-aa97-4e6767fbaf04', 1, NULL, 'f19f6328-ac02-4a2f-880d-dbbb11a34ea0');
INSERT INTO [HoTroCovid].[dbo].[HoSo] (ID, IDCaNhan, IDNoiDungHoTro, IDDoiTuong, SoThang, SoTien, ThanhTien, IDThongTinHoTro, DaChi, NguoiTao) VALUES ('6fc90114-55d1-40f9-97e8-9565de1c2633', 'f19f6328-ac02-4a2f-880d-dbbb11a34ea0', 1, NULL, 3, 1800000, 5400000, '01a8f995-d9c7-411c-aa97-4e6767fbaf04', 0, 'solaodong');
INSERT INTO [HoTroCovid].[dbo].[CaNhan] (ID, HoTen, GioiTinh, NgaySinh, CMND, SinhNam) VALUES ('0fe003a0-fbef-47dc-829d-b5c62dcf4dfd', N'Phan Thị Hồng Nhiên', NULL, '1992-06-06', '215784633', 1992);
INSERT INTO [HoTroCovid].[dbo].[CaNhan_DoanhNghiep] (ID, IDDoanhNghiep, IDCaNhan, IDDoiTuong, NgheNghiep, DaTra50) VALUES ('ab7813a2-b6eb-44e7-8fc2-afe01c9c713a', 'e49841c9-785e-405e-9bf6-c9e9638c10e4', '0fe003a0-fbef-47dc-829d-b5c62dcf4dfd', NULL, N'Tổ phó Steak', null);
INSERT INTO [HoTroCovid].[dbo].[ThongTinHoTro] (ID, IDNoiDung, IDDoiTuong, IDCaNhan) VALUES ('8e278aea-728b-4028-be3f-f344effcfbc5', 1, NULL, '0fe003a0-fbef-47dc-829d-b5c62dcf4dfd');
INSERT INTO [HoTroCovid].[dbo].[HoSo] (ID, IDCaNhan, IDNoiDungHoTro, IDDoiTuong, SoThang, SoTien, ThanhTien, IDThongTinHoTro, DaChi, NguoiTao) VALUES ('f449daf9-fd3f-4203-86ab-4a13356c743c', '0fe003a0-fbef-47dc-829d-b5c62dcf4dfd', 1, NULL, 3, 1800000, 5400000, '8e278aea-728b-4028-be3f-f344effcfbc5', 0, 'solaodong');
INSERT INTO [HoTroCovid].[dbo].[CaNhan] (ID, HoTen, GioiTinh, NgaySinh, CMND, SinhNam) VALUES ('dcb50ccd-7cb0-41ce-b2e8-78826a0fac0e', N'Đinh Thị Hồng Liên', NULL, '1990-06-28', '215226013', 1990);
INSERT INTO [HoTroCovid].[dbo].[CaNhan_DoanhNghiep] (ID, IDDoanhNghiep, IDCaNhan, IDDoiTuong, NgheNghiep, DaTra50) VALUES ('f8769a7b-1c7f-492c-ac49-6d9a7e497731', 'e49841c9-785e-405e-9bf6-c9e9638c10e4', 'dcb50ccd-7cb0-41ce-b2e8-78826a0fac0e', NULL, N'CNCBHSĐL', null);
INSERT INTO [HoTroCovid].[dbo].[ThongTinHoTro] (ID, IDNoiDung, IDDoiTuong, IDCaNhan) VALUES ('693f6fd2-3185-4cdc-8dc0-e8feb8803b7c', 1, NULL, 'dcb50ccd-7cb0-41ce-b2e8-78826a0fac0e');
INSERT INTO [HoTroCovid].[dbo].[HoSo] (ID, IDCaNhan, IDNoiDungHoTro, IDDoiTuong, SoThang, SoTien, ThanhTien, IDThongTinHoTro, DaChi, NguoiTao) VALUES ('e4339c66-ed4a-4b2f-bdec-9fd78560efec', 'dcb50ccd-7cb0-41ce-b2e8-78826a0fac0e', 1, NULL, 3, 1800000, 5400000, '693f6fd2-3185-4cdc-8dc0-e8feb8803b7c', 0, 'solaodong');
INSERT INTO [HoTroCovid].[dbo].[CaNhan] (ID, HoTen, GioiTinh, NgaySinh, CMND, SinhNam) VALUES ('9505d85c-9a76-4e73-bc3f-2e168ea8460b', N'Trần Văn Bằng', 1, '1996-03-16', '215479263', 1996);
INSERT INTO [HoTroCovid].[dbo].[CaNhan_DoanhNghiep] (ID, IDDoanhNghiep, IDCaNhan, IDDoiTuong, NgheNghiep, DaTra50) VALUES ('7e58955f-bdd2-4105-a9d1-643f58148146', 'e49841c9-785e-405e-9bf6-c9e9638c10e4', '9505d85c-9a76-4e73-bc3f-2e168ea8460b', NULL, N'CNCBHSĐL', null);
INSERT INTO [HoTroCovid].[dbo].[ThongTinHoTro] (ID, IDNoiDung, IDDoiTuong, IDCaNhan) VALUES ('6942c456-03ea-4477-b575-ed021bc12457', 1, NULL, '9505d85c-9a76-4e73-bc3f-2e168ea8460b');
INSERT INTO [HoTroCovid].[dbo].[HoSo] (ID, IDCaNhan, IDNoiDungHoTro, IDDoiTuong, SoThang, SoTien, ThanhTien, IDThongTinHoTro, DaChi, NguoiTao) VALUES ('0d14ba83-9b29-4519-bcc4-e804b0d03048', '9505d85c-9a76-4e73-bc3f-2e168ea8460b', 1, NULL, 3, 1800000, 5400000, '6942c456-03ea-4477-b575-ed021bc12457', 0, 'solaodong');
INSERT INTO [HoTroCovid].[dbo].[CaNhan] (ID, HoTen, GioiTinh, NgaySinh, CMND, SinhNam) VALUES ('41bd39f1-f351-4cd7-b1e7-8d2d2ab2a00f', N'Lê Thị Phương Thảo', NULL, '1990-04-15', '215281104', 1990);
INSERT INTO [HoTroCovid].[dbo].[CaNhan_DoanhNghiep] (ID, IDDoanhNghiep, IDCaNhan, IDDoiTuong, NgheNghiep, DaTra50) VALUES ('8aeb8072-0e54-4215-bcdf-3d0102d833ab', 'e49841c9-785e-405e-9bf6-c9e9638c10e4', '41bd39f1-f351-4cd7-b1e7-8d2d2ab2a00f', NULL, N'CNCBHSĐL', null);
INSERT INTO [HoTroCovid].[dbo].[ThongTinHoTro] (ID, IDNoiDung, IDDoiTuong, IDCaNhan) VALUES ('999d5424-559f-4f05-b746-b2f385a411be', 1, NULL, '41bd39f1-f351-4cd7-b1e7-8d2d2ab2a00f');
INSERT INTO [HoTroCovid].[dbo].[HoSo] (ID, IDCaNhan, IDNoiDungHoTro, IDDoiTuong, SoThang, SoTien, ThanhTien, IDThongTinHoTro, DaChi, NguoiTao) VALUES ('ce2a055f-ccdc-4bbf-8135-545f8d646654', '41bd39f1-f351-4cd7-b1e7-8d2d2ab2a00f', 1, NULL, 3, 1800000, 5400000, '999d5424-559f-4f05-b746-b2f385a411be', 0, 'solaodong');
INSERT INTO [HoTroCovid].[dbo].[CaNhan] (ID, HoTen, GioiTinh, NgaySinh, CMND, SinhNam) VALUES ('03fe2655-01e7-48fc-89cd-748d2ce1b13b', N'Trần Thiện Khiêm', 1, '1992-04-01', '215224526', 1992);
INSERT INTO [HoTroCovid].[dbo].[CaNhan_DoanhNghiep] (ID, IDDoanhNghiep, IDCaNhan, IDDoiTuong, NgheNghiep, DaTra50) VALUES ('98b4e3ed-44b8-40d4-975d-497093a1e347', 'e49841c9-785e-405e-9bf6-c9e9638c10e4', '03fe2655-01e7-48fc-89cd-748d2ce1b13b', NULL, N'CNCBHSĐL', null);
INSERT INTO [HoTroCovid].[dbo].[ThongTinHoTro] (ID, IDNoiDung, IDDoiTuong, IDCaNhan) VALUES ('30798797-04f6-4d27-9355-28534af8bd0b', 1, NULL, '03fe2655-01e7-48fc-89cd-748d2ce1b13b');
INSERT INTO [HoTroCovid].[dbo].[HoSo] (ID, IDCaNhan, IDNoiDungHoTro, IDDoiTuong, SoThang, SoTien, ThanhTien, IDThongTinHoTro, DaChi, NguoiTao) VALUES ('1968278c-dbf0-4e2b-8ead-24adefc78e1c', '03fe2655-01e7-48fc-89cd-748d2ce1b13b', 1, NULL, 3, 1800000, 5400000, '30798797-04f6-4d27-9355-28534af8bd0b', 0, 'solaodong');
INSERT INTO [HoTroCovid].[dbo].[CaNhan] (ID, HoTen, GioiTinh, NgaySinh, CMND, SinhNam) VALUES ('e4a5d11a-c4d2-4e81-9762-f6ba5b413e47', N'Ngô Thị Bích Vân', NULL, '1986-06-16', '211880205', 1986);
INSERT INTO [HoTroCovid].[dbo].[CaNhan_DoanhNghiep] (ID, IDDoanhNghiep, IDCaNhan, IDDoiTuong, NgheNghiep, DaTra50) VALUES ('58eb51d9-2aca-47df-9922-4afa3c7139fc', 'e49841c9-785e-405e-9bf6-c9e9638c10e4', 'e4a5d11a-c4d2-4e81-9762-f6ba5b413e47', NULL, N'CNCBHSĐL', null);
INSERT INTO [HoTroCovid].[dbo].[ThongTinHoTro] (ID, IDNoiDung, IDDoiTuong, IDCaNhan) VALUES ('f75ef844-370c-4b4f-a8e6-65faf16bf820', 1, NULL, 'e4a5d11a-c4d2-4e81-9762-f6ba5b413e47');
INSERT INTO [HoTroCovid].[dbo].[HoSo] (ID, IDCaNhan, IDNoiDungHoTro, IDDoiTuong, SoThang, SoTien, ThanhTien, IDThongTinHoTro, DaChi, NguoiTao) VALUES ('73e0f883-70bb-4ae5-9aa4-52c8f886c420', 'e4a5d11a-c4d2-4e81-9762-f6ba5b413e47', 1, NULL, 3, 1800000, 5400000, 'f75ef844-370c-4b4f-a8e6-65faf16bf820', 0, 'solaodong');
INSERT INTO [HoTroCovid].[dbo].[CaNhan] (ID, HoTen, GioiTinh, NgaySinh, CMND, SinhNam) VALUES ('b25a8a45-251b-4328-9a11-681686025ebb', N'Mai Thị Lành', NULL, '2000-08-28', '215492213', 2000);
INSERT INTO [HoTroCovid].[dbo].[CaNhan_DoanhNghiep] (ID, IDDoanhNghiep, IDCaNhan, IDDoiTuong, NgheNghiep, DaTra50) VALUES ('994f0c4c-0e18-43b1-a4ad-ba89b69dbe9f', 'e49841c9-785e-405e-9bf6-c9e9638c10e4', 'b25a8a45-251b-4328-9a11-681686025ebb', NULL, N'CNCBHSĐL', null);
INSERT INTO [HoTroCovid].[dbo].[ThongTinHoTro] (ID, IDNoiDung, IDDoiTuong, IDCaNhan) VALUES ('f15d6c93-266d-45b9-a059-da572428c10a', 1, NULL, 'b25a8a45-251b-4328-9a11-681686025ebb');
INSERT INTO [HoTroCovid].[dbo].[HoSo] (ID, IDCaNhan, IDNoiDungHoTro, IDDoiTuong, SoThang, SoTien, ThanhTien, IDThongTinHoTro, DaChi, NguoiTao) VALUES ('db071821-8c5d-4813-bcf7-14fd94d11a03', 'b25a8a45-251b-4328-9a11-681686025ebb', 1, NULL, 3, 1800000, 5400000, 'f15d6c93-266d-45b9-a059-da572428c10a', 0, 'solaodong');
INSERT INTO [HoTroCovid].[dbo].[CaNhan] (ID, HoTen, GioiTinh, NgaySinh, CMND, SinhNam) VALUES ('10980fb6-67ce-487e-9e26-9e1460ca2c58', N'Huỳnh Thị Lệ', NULL, '1988-05-20', '215029160', 1988);
INSERT INTO [HoTroCovid].[dbo].[CaNhan_DoanhNghiep] (ID, IDDoanhNghiep, IDCaNhan, IDDoiTuong, NgheNghiep, DaTra50) VALUES ('9e1ae9e5-4696-4ef9-98fa-50306646273b', 'e49841c9-785e-405e-9bf6-c9e9638c10e4', '10980fb6-67ce-487e-9e26-9e1460ca2c58', NULL, N'CNCBHSĐL', null);
INSERT INTO [HoTroCovid].[dbo].[ThongTinHoTro] (ID, IDNoiDung, IDDoiTuong, IDCaNhan) VALUES ('118f8d1f-8904-4f99-bc31-417054c36867', 1, NULL, '10980fb6-67ce-487e-9e26-9e1460ca2c58');
INSERT INTO [HoTroCovid].[dbo].[HoSo] (ID, IDCaNhan, IDNoiDungHoTro, IDDoiTuong, SoThang, SoTien, ThanhTien, IDThongTinHoTro, DaChi, NguoiTao) VALUES ('7526be57-36d2-4c43-8c33-8b278700c2c3', '10980fb6-67ce-487e-9e26-9e1460ca2c58', 1, NULL, 3, 1800000, 5400000, '118f8d1f-8904-4f99-bc31-417054c36867', 0, 'solaodong');
INSERT INTO [HoTroCovid].[dbo].[CaNhan] (ID, HoTen, GioiTinh, NgaySinh, CMND, SinhNam) VALUES ('532f72c8-0193-4a99-963d-1fc716766387', N'Nguyễn Hữu Thiện', 1, '1997-11-10', '215399693', 1997);
INSERT INTO [HoTroCovid].[dbo].[CaNhan_DoanhNghiep] (ID, IDDoanhNghiep, IDCaNhan, IDDoiTuong, NgheNghiep, DaTra50) VALUES ('0fb2e561-3cdf-4750-ba61-722958ae3471', 'e49841c9-785e-405e-9bf6-c9e9638c10e4', '532f72c8-0193-4a99-963d-1fc716766387', NULL, N'CNCBHSĐL', null);
INSERT INTO [HoTroCovid].[dbo].[ThongTinHoTro] (ID, IDNoiDung, IDDoiTuong, IDCaNhan) VALUES ('daa7fe57-0fc0-40dd-a258-c1b1d0cd712b', 1, NULL, '532f72c8-0193-4a99-963d-1fc716766387');
INSERT INTO [HoTroCovid].[dbo].[HoSo] (ID, IDCaNhan, IDNoiDungHoTro, IDDoiTuong, SoThang, SoTien, ThanhTien, IDThongTinHoTro, DaChi, NguoiTao) VALUES ('7f5cc6f4-9897-4282-b6b9-cc0d929ec28c', '532f72c8-0193-4a99-963d-1fc716766387', 1, NULL, 3, 1800000, 5400000, 'daa7fe57-0fc0-40dd-a258-c1b1d0cd712b', 0, 'solaodong');
INSERT INTO [HoTroCovid].[dbo].[CaNhan] (ID, HoTen, GioiTinh, NgaySinh, CMND, SinhNam) VALUES ('6e211414-9395-4abb-aedc-d50feabfd7fa', N'Trần Thị Kim Oanh', NULL, '1991-05-19', '215153143', 1991);
INSERT INTO [HoTroCovid].[dbo].[CaNhan_DoanhNghiep] (ID, IDDoanhNghiep, IDCaNhan, IDDoiTuong, NgheNghiep, DaTra50) VALUES ('6c5a7eb0-fabc-4834-9662-366a5663e312', 'e49841c9-785e-405e-9bf6-c9e9638c10e4', '6e211414-9395-4abb-aedc-d50feabfd7fa', NULL, N'CNCBHSĐL', null);
INSERT INTO [HoTroCovid].[dbo].[ThongTinHoTro] (ID, IDNoiDung, IDDoiTuong, IDCaNhan) VALUES ('7b7b44b0-a4c2-4344-9f30-6f0ba7294ef9', 1, NULL, '6e211414-9395-4abb-aedc-d50feabfd7fa');
INSERT INTO [HoTroCovid].[dbo].[HoSo] (ID, IDCaNhan, IDNoiDungHoTro, IDDoiTuong, SoThang, SoTien, ThanhTien, IDThongTinHoTro, DaChi, NguoiTao) VALUES ('a9d672f8-fd4f-4738-be5a-9dd48534d23c', '6e211414-9395-4abb-aedc-d50feabfd7fa', 1, NULL, 3, 1800000, 5400000, '7b7b44b0-a4c2-4344-9f30-6f0ba7294ef9', 0, 'solaodong');
INSERT INTO [HoTroCovid].[dbo].[CaNhan] (ID, HoTen, GioiTinh, NgaySinh, CMND, SinhNam) VALUES ('b5f32e76-a0c6-48b0-9094-5a62b1c4a0b4', N'Trần Văn Nhứt', 1, '1988-04-16', '215151910', 1988);
INSERT INTO [HoTroCovid].[dbo].[CaNhan_DoanhNghiep] (ID, IDDoanhNghiep, IDCaNhan, IDDoiTuong, NgheNghiep, DaTra50) VALUES ('27b67411-078b-49cf-b8e7-687435898452', 'e49841c9-785e-405e-9bf6-c9e9638c10e4', 'b5f32e76-a0c6-48b0-9094-5a62b1c4a0b4', NULL, N'CNCBHSĐL', null);
INSERT INTO [HoTroCovid].[dbo].[ThongTinHoTro] (ID, IDNoiDung, IDDoiTuong, IDCaNhan) VALUES ('bfd81569-5d6c-4ca6-8e89-81b3e7a3e65a', 1, NULL, 'b5f32e76-a0c6-48b0-9094-5a62b1c4a0b4');
INSERT INTO [HoTroCovid].[dbo].[HoSo] (ID, IDCaNhan, IDNoiDungHoTro, IDDoiTuong, SoThang, SoTien, ThanhTien, IDThongTinHoTro, DaChi, NguoiTao) VALUES ('e3a92af8-0d25-426a-bcd8-27fce306179c', 'b5f32e76-a0c6-48b0-9094-5a62b1c4a0b4', 1, NULL, 3, 1800000, 5400000, 'bfd81569-5d6c-4ca6-8e89-81b3e7a3e65a', 0, 'solaodong');
INSERT INTO [HoTroCovid].[dbo].[CaNhan] (ID, HoTen, GioiTinh, NgaySinh, CMND, SinhNam) VALUES ('74835ee1-93ef-45bf-974f-490523cb1e94', N'Võ Thị Kiều Trinh', NULL, '1996-06-10', '215380894', 1996);
INSERT INTO [HoTroCovid].[dbo].[CaNhan_DoanhNghiep] (ID, IDDoanhNghiep, IDCaNhan, IDDoiTuong, NgheNghiep, DaTra50) VALUES ('ca8ff59f-c526-4732-9d83-888ec8f51cf5', 'e49841c9-785e-405e-9bf6-c9e9638c10e4', '74835ee1-93ef-45bf-974f-490523cb1e94', NULL, N'CNCBHSĐL', null);
INSERT INTO [HoTroCovid].[dbo].[ThongTinHoTro] (ID, IDNoiDung, IDDoiTuong, IDCaNhan) VALUES ('e4fbaf21-9fc0-4c85-91a6-fd0907d7973f', 1, NULL, '74835ee1-93ef-45bf-974f-490523cb1e94');
INSERT INTO [HoTroCovid].[dbo].[HoSo] (ID, IDCaNhan, IDNoiDungHoTro, IDDoiTuong, SoThang, SoTien, ThanhTien, IDThongTinHoTro, DaChi, NguoiTao) VALUES ('f1d4391f-458a-4edb-8ee3-d4c208684146', '74835ee1-93ef-45bf-974f-490523cb1e94', 1, NULL, 3, 1800000, 5400000, 'e4fbaf21-9fc0-4c85-91a6-fd0907d7973f', 0, 'solaodong');
INSERT INTO [HoTroCovid].[dbo].[CaNhan] (ID, HoTen, GioiTinh, NgaySinh, CMND, SinhNam) VALUES ('eb13d01c-c1ac-4155-bc3d-a958c29e6894', N'Nguyễn Đình Tài', 1, '1996-11-25', '215367857', 1996);
INSERT INTO [HoTroCovid].[dbo].[CaNhan_DoanhNghiep] (ID, IDDoanhNghiep, IDCaNhan, IDDoiTuong, NgheNghiep, DaTra50) VALUES ('f03d9421-b2ae-460f-baa1-20aa824b836a', 'e49841c9-785e-405e-9bf6-c9e9638c10e4', 'eb13d01c-c1ac-4155-bc3d-a958c29e6894', NULL, N'N/viên HACCP', null);
INSERT INTO [HoTroCovid].[dbo].[ThongTinHoTro] (ID, IDNoiDung, IDDoiTuong, IDCaNhan) VALUES ('b26d274d-4603-4214-be31-836a2de40a64', 1, NULL, 'eb13d01c-c1ac-4155-bc3d-a958c29e6894');
INSERT INTO [HoTroCovid].[dbo].[HoSo] (ID, IDCaNhan, IDNoiDungHoTro, IDDoiTuong, SoThang, SoTien, ThanhTien, IDThongTinHoTro, DaChi, NguoiTao) VALUES ('e9c04653-b52b-4cff-b438-524e92a890f9', 'eb13d01c-c1ac-4155-bc3d-a958c29e6894', 1, NULL, 3, 1800000, 5400000, 'b26d274d-4603-4214-be31-836a2de40a64', 0, 'solaodong');
INSERT INTO [HoTroCovid].[dbo].[CaNhan] (ID, HoTen, GioiTinh, NgaySinh, CMND, SinhNam) VALUES ('bb5018fe-440a-4221-8dda-0dcf45b6b547', N'Trương Thị Mỹ Duyên', NULL, '1999-08-28', '215509981', 1999);
INSERT INTO [HoTroCovid].[dbo].[CaNhan_DoanhNghiep] (ID, IDDoanhNghiep, IDCaNhan, IDDoiTuong, NgheNghiep, DaTra50) VALUES ('b137eb86-dd04-432b-be17-c97d939f431f', 'e49841c9-785e-405e-9bf6-c9e9638c10e4', 'bb5018fe-440a-4221-8dda-0dcf45b6b547', NULL, N'CNCBHSĐL', null);
INSERT INTO [HoTroCovid].[dbo].[ThongTinHoTro] (ID, IDNoiDung, IDDoiTuong, IDCaNhan) VALUES ('4e7062ad-2307-4604-a5bc-57e9eaf3d3d8', 1, NULL, 'bb5018fe-440a-4221-8dda-0dcf45b6b547');
INSERT INTO [HoTroCovid].[dbo].[HoSo] (ID, IDCaNhan, IDNoiDungHoTro, IDDoiTuong, SoThang, SoTien, ThanhTien, IDThongTinHoTro, DaChi, NguoiTao) VALUES ('c1759747-2291-4dbb-8d28-c4e1067e2a7c', 'bb5018fe-440a-4221-8dda-0dcf45b6b547', 1, NULL, 3, 1800000, 5400000, '4e7062ad-2307-4604-a5bc-57e9eaf3d3d8', 0, 'solaodong');
INSERT INTO [HoTroCovid].[dbo].[CaNhan] (ID, HoTen, GioiTinh, NgaySinh, CMND, SinhNam) VALUES ('822f6689-3944-48f6-92dc-cb0ff459d52e', N'Bùi Thị Tuyết', NULL, '1992-04-05', '215204360', 1992);
INSERT INTO [HoTroCovid].[dbo].[CaNhan_DoanhNghiep] (ID, IDDoanhNghiep, IDCaNhan, IDDoiTuong, NgheNghiep, DaTra50) VALUES ('bda61dbd-1ac3-443f-afa5-4d66928d927b', 'e49841c9-785e-405e-9bf6-c9e9638c10e4', '822f6689-3944-48f6-92dc-cb0ff459d52e', NULL, N'CNCBHSĐL', null);
INSERT INTO [HoTroCovid].[dbo].[ThongTinHoTro] (ID, IDNoiDung, IDDoiTuong, IDCaNhan) VALUES ('fc8263cf-548c-46e5-9297-57a916d70d47', 1, NULL, '822f6689-3944-48f6-92dc-cb0ff459d52e');
INSERT INTO [HoTroCovid].[dbo].[HoSo] (ID, IDCaNhan, IDNoiDungHoTro, IDDoiTuong, SoThang, SoTien, ThanhTien, IDThongTinHoTro, DaChi, NguoiTao) VALUES ('cd9c0cd6-2871-4185-8923-06ebd7144f43', '822f6689-3944-48f6-92dc-cb0ff459d52e', 1, NULL, 3, 1800000, 5400000, 'fc8263cf-548c-46e5-9297-57a916d70d47', 0, 'solaodong');
INSERT INTO [HoTroCovid].[dbo].[CaNhan] (ID, HoTen, GioiTinh, NgaySinh, CMND, SinhNam) VALUES ('92b84712-0f37-43cd-be6b-f7c9b5b9504d', N'Phạm Văn Chi', 1, '1993-05-02', '215183813', 1993);
INSERT INTO [HoTroCovid].[dbo].[CaNhan_DoanhNghiep] (ID, IDDoanhNghiep, IDCaNhan, IDDoiTuong, NgheNghiep, DaTra50) VALUES ('e9d0ffe9-956e-4a76-9b50-1dadbaa56ca2', 'e49841c9-785e-405e-9bf6-c9e9638c10e4', '92b84712-0f37-43cd-be6b-f7c9b5b9504d', NULL, N'CNCBHSĐL', null);
INSERT INTO [HoTroCovid].[dbo].[ThongTinHoTro] (ID, IDNoiDung, IDDoiTuong, IDCaNhan) VALUES ('26bd84ce-ae75-40d7-8d10-ae7a16fe1357', 1, NULL, '92b84712-0f37-43cd-be6b-f7c9b5b9504d');
INSERT INTO [HoTroCovid].[dbo].[HoSo] (ID, IDCaNhan, IDNoiDungHoTro, IDDoiTuong, SoThang, SoTien, ThanhTien, IDThongTinHoTro, DaChi, NguoiTao) VALUES ('8d39b0d4-d3a7-40dd-8d5f-121de7255d07', '92b84712-0f37-43cd-be6b-f7c9b5b9504d', 1, NULL, 3, 1800000, 5400000, '26bd84ce-ae75-40d7-8d10-ae7a16fe1357', 0, 'solaodong');
INSERT INTO [HoTroCovid].[dbo].[CaNhan] (ID, HoTen, GioiTinh, NgaySinh, CMND, SinhNam) VALUES ('fcd26938-68f9-4af3-8fe4-b4354c4cf60f', N'Đoàn Thị Oanh', NULL, '1996-11-08', '215335326', 1996);
INSERT INTO [HoTroCovid].[dbo].[CaNhan_DoanhNghiep] (ID, IDDoanhNghiep, IDCaNhan, IDDoiTuong, NgheNghiep, DaTra50) VALUES ('b91eeb2d-e93c-4cc2-bd1b-7bca39dc405b', 'e49841c9-785e-405e-9bf6-c9e9638c10e4', 'fcd26938-68f9-4af3-8fe4-b4354c4cf60f', NULL, N'CNCBHSĐL', null);
INSERT INTO [HoTroCovid].[dbo].[ThongTinHoTro] (ID, IDNoiDung, IDDoiTuong, IDCaNhan) VALUES ('293202d4-dcd0-4469-9cac-7f232b0530c2', 1, NULL, 'fcd26938-68f9-4af3-8fe4-b4354c4cf60f');
INSERT INTO [HoTroCovid].[dbo].[HoSo] (ID, IDCaNhan, IDNoiDungHoTro, IDDoiTuong, SoThang, SoTien, ThanhTien, IDThongTinHoTro, DaChi, NguoiTao) VALUES ('785d4f3f-3f80-440e-9342-650b3a3c5199', 'fcd26938-68f9-4af3-8fe4-b4354c4cf60f', 1, NULL, 3, 1800000, 5400000, '293202d4-dcd0-4469-9cac-7f232b0530c2', 0, 'solaodong');
INSERT INTO [HoTroCovid].[dbo].[CaNhan] (ID, HoTen, GioiTinh, NgaySinh, CMND, SinhNam) VALUES ('89044159-2207-432e-87a5-dba77dde4db0', N'Đỗ Thanh Hòa', 1, '1995-06-30', '215302080', 1995);
INSERT INTO [HoTroCovid].[dbo].[CaNhan_DoanhNghiep] (ID, IDDoanhNghiep, IDCaNhan, IDDoiTuong, NgheNghiep, DaTra50) VALUES ('e99afd3e-c730-4c71-9025-b787f4872ccb', 'e49841c9-785e-405e-9bf6-c9e9638c10e4', '89044159-2207-432e-87a5-dba77dde4db0', NULL, N'CNCBHSĐL', null);
INSERT INTO [HoTroCovid].[dbo].[ThongTinHoTro] (ID, IDNoiDung, IDDoiTuong, IDCaNhan) VALUES ('279cfa19-3e1e-42d2-a262-6854a23bf811', 1, NULL, '89044159-2207-432e-87a5-dba77dde4db0');
INSERT INTO [HoTroCovid].[dbo].[HoSo] (ID, IDCaNhan, IDNoiDungHoTro, IDDoiTuong, SoThang, SoTien, ThanhTien, IDThongTinHoTro, DaChi, NguoiTao) VALUES ('8ae17522-882e-4586-a1b1-5da346503d04', '89044159-2207-432e-87a5-dba77dde4db0', 1, NULL, 3, 1800000, 5400000, '279cfa19-3e1e-42d2-a262-6854a23bf811', 0, 'solaodong');
INSERT INTO [HoTroCovid].[dbo].[CaNhan] (ID, HoTen, GioiTinh, NgaySinh, CMND, SinhNam) VALUES ('b4d91604-ffb6-4ebc-a729-2087e99336a0', N'Lê Thị Thu Hảo', NULL, '1990-05-18', '215148595', 1990);
INSERT INTO [HoTroCovid].[dbo].[CaNhan_DoanhNghiep] (ID, IDDoanhNghiep, IDCaNhan, IDDoiTuong, NgheNghiep, DaTra50) VALUES ('177a2cb6-6a4a-47c5-b949-1d3ac454c7aa', 'e49841c9-785e-405e-9bf6-c9e9638c10e4', 'b4d91604-ffb6-4ebc-a729-2087e99336a0', NULL, N'CNCBHSĐL', null);
INSERT INTO [HoTroCovid].[dbo].[ThongTinHoTro] (ID, IDNoiDung, IDDoiTuong, IDCaNhan) VALUES ('cd0c47eb-a6b1-4fad-95d6-1fff42222113', 1, NULL, 'b4d91604-ffb6-4ebc-a729-2087e99336a0');
INSERT INTO [HoTroCovid].[dbo].[HoSo] (ID, IDCaNhan, IDNoiDungHoTro, IDDoiTuong, SoThang, SoTien, ThanhTien, IDThongTinHoTro, DaChi, NguoiTao) VALUES ('44808232-d4ff-4d38-a9bf-73b60b19b865', 'b4d91604-ffb6-4ebc-a729-2087e99336a0', 1, NULL, 3, 1800000, 5400000, 'cd0c47eb-a6b1-4fad-95d6-1fff42222113', 0, 'solaodong');
INSERT INTO [HoTroCovid].[dbo].[CaNhan] (ID, HoTen, GioiTinh, NgaySinh, CMND, SinhNam) VALUES ('20fa0338-15ff-48ad-a208-efd0aa277e06', N'Nguyễn Chí Tiến', 1, '1989-07-28', '215139465', 1989);
INSERT INTO [HoTroCovid].[dbo].[CaNhan_DoanhNghiep] (ID, IDDoanhNghiep, IDCaNhan, IDDoiTuong, NgheNghiep, DaTra50) VALUES ('9dc2cd01-2fd8-4fe1-aa3f-495526cdee6d', 'e49841c9-785e-405e-9bf6-c9e9638c10e4', '20fa0338-15ff-48ad-a208-efd0aa277e06', NULL, N'Tổ phó Hầm', null);
INSERT INTO [HoTroCovid].[dbo].[ThongTinHoTro] (ID, IDNoiDung, IDDoiTuong, IDCaNhan) VALUES ('6a1e7160-9415-4f28-ac54-5d7ea2b107a9', 1, NULL, '20fa0338-15ff-48ad-a208-efd0aa277e06');
INSERT INTO [HoTroCovid].[dbo].[HoSo] (ID, IDCaNhan, IDNoiDungHoTro, IDDoiTuong, SoThang, SoTien, ThanhTien, IDThongTinHoTro, DaChi, NguoiTao) VALUES ('2d77b931-d567-4ea3-bfb9-ce2785189b13', '20fa0338-15ff-48ad-a208-efd0aa277e06', 1, NULL, 3, 1800000, 5400000, '6a1e7160-9415-4f28-ac54-5d7ea2b107a9', 0, 'solaodong');
INSERT INTO [HoTroCovid].[dbo].[CaNhan] (ID, HoTen, GioiTinh, NgaySinh, CMND, SinhNam) VALUES ('2b84523d-2376-4bd3-b066-a40497b3fc2e', N'Lê Thị Hồng Tình', NULL, '1991-11-12', '215175909', 1991);
INSERT INTO [HoTroCovid].[dbo].[CaNhan_DoanhNghiep] (ID, IDDoanhNghiep, IDCaNhan, IDDoiTuong, NgheNghiep, DaTra50) VALUES ('49564150-d582-486e-afa7-6bbdf4ec7d61', 'e49841c9-785e-405e-9bf6-c9e9638c10e4', '2b84523d-2376-4bd3-b066-a40497b3fc2e', NULL, N'CNCBHSĐL', null);
INSERT INTO [HoTroCovid].[dbo].[ThongTinHoTro] (ID, IDNoiDung, IDDoiTuong, IDCaNhan) VALUES ('c29e00f3-01db-4794-9cd9-fc938e2da2ab', 1, NULL, '2b84523d-2376-4bd3-b066-a40497b3fc2e');
INSERT INTO [HoTroCovid].[dbo].[HoSo] (ID, IDCaNhan, IDNoiDungHoTro, IDDoiTuong, SoThang, SoTien, ThanhTien, IDThongTinHoTro, DaChi, NguoiTao) VALUES ('f56dd385-60de-4971-bdba-db4a4b8e6369', '2b84523d-2376-4bd3-b066-a40497b3fc2e', 1, NULL, 3, 1800000, 5400000, 'c29e00f3-01db-4794-9cd9-fc938e2da2ab', 0, 'solaodong');
INSERT INTO [HoTroCovid].[dbo].[CaNhan] (ID, HoTen, GioiTinh, NgaySinh, CMND, SinhNam) VALUES ('6b0dbd1c-8bf8-4450-9f0b-d55af02f037e', N'Mạc Thị Kim Dung', NULL, '1969-08-01', '211140438', 1969);
INSERT INTO [HoTroCovid].[dbo].[CaNhan_DoanhNghiep] (ID, IDDoanhNghiep, IDCaNhan, IDDoiTuong, NgheNghiep, DaTra50) VALUES ('db6bd426-6b8e-420b-90bd-3170e9f19ef1', 'e49841c9-785e-405e-9bf6-c9e9638c10e4', '6b0dbd1c-8bf8-4450-9f0b-d55af02f037e', NULL, N'CNVS', null);
INSERT INTO [HoTroCovid].[dbo].[ThongTinHoTro] (ID, IDNoiDung, IDDoiTuong, IDCaNhan) VALUES ('a2886566-5369-40ac-9985-bbfa15216598', 1, NULL, '6b0dbd1c-8bf8-4450-9f0b-d55af02f037e');
INSERT INTO [HoTroCovid].[dbo].[HoSo] (ID, IDCaNhan, IDNoiDungHoTro, IDDoiTuong, SoThang, SoTien, ThanhTien, IDThongTinHoTro, DaChi, NguoiTao) VALUES ('41e0704e-0316-44d0-9173-5747f60054dd', '6b0dbd1c-8bf8-4450-9f0b-d55af02f037e', 1, NULL, 3, 1800000, 5400000, 'a2886566-5369-40ac-9985-bbfa15216598', 0, 'solaodong');
INSERT INTO [HoTroCovid].[dbo].[CaNhan] (ID, HoTen, GioiTinh, NgaySinh, CMND, SinhNam) VALUES ('e8885d4f-7055-467f-8406-185309115274', N'Nguyễn Thị Tứ', NULL, '1965-05-15', '211133278', 1965);
INSERT INTO [HoTroCovid].[dbo].[CaNhan_DoanhNghiep] (ID, IDDoanhNghiep, IDCaNhan, IDDoiTuong, NgheNghiep, DaTra50) VALUES ('dd2b70c7-79e5-4590-a684-1584567d0b6a', 'e49841c9-785e-405e-9bf6-c9e9638c10e4', 'e8885d4f-7055-467f-8406-185309115274', NULL, N'CNVS', null);
INSERT INTO [HoTroCovid].[dbo].[ThongTinHoTro] (ID, IDNoiDung, IDDoiTuong, IDCaNhan) VALUES ('8e028b9f-1ff0-43d0-aa2a-a153f8dfce27', 1, NULL, 'e8885d4f-7055-467f-8406-185309115274');
INSERT INTO [HoTroCovid].[dbo].[HoSo] (ID, IDCaNhan, IDNoiDungHoTro, IDDoiTuong, SoThang, SoTien, ThanhTien, IDThongTinHoTro, DaChi, NguoiTao) VALUES ('6b00a041-1b22-4641-9820-1e538c6c2e0c', 'e8885d4f-7055-467f-8406-185309115274', 1, NULL, 3, 1800000, 5400000, '8e028b9f-1ff0-43d0-aa2a-a153f8dfce27', 0, 'solaodong');
INSERT INTO [HoTroCovid].[dbo].[CaNhan] (ID, HoTen, GioiTinh, NgaySinh, CMND, SinhNam) VALUES ('7a8bbb15-6d3a-44ea-b6d2-1e5c9eb4b148', N'Nguyễn Thanh Vương', 1, '1995-10-06', '215374240', 1995);
INSERT INTO [HoTroCovid].[dbo].[CaNhan_DoanhNghiep] (ID, IDDoanhNghiep, IDCaNhan, IDDoiTuong, NgheNghiep, DaTra50) VALUES ('7ec90dd5-6fcb-4351-b630-a66e23ebf0d3', 'e49841c9-785e-405e-9bf6-c9e9638c10e4', '7a8bbb15-6d3a-44ea-b6d2-1e5c9eb4b148', NULL, N'CNCBHSĐL', null);
INSERT INTO [HoTroCovid].[dbo].[ThongTinHoTro] (ID, IDNoiDung, IDDoiTuong, IDCaNhan) VALUES ('13107022-0aca-4805-9ca5-326d0f203040', 1, NULL, '7a8bbb15-6d3a-44ea-b6d2-1e5c9eb4b148');
INSERT INTO [HoTroCovid].[dbo].[HoSo] (ID, IDCaNhan, IDNoiDungHoTro, IDDoiTuong, SoThang, SoTien, ThanhTien, IDThongTinHoTro, DaChi, NguoiTao) VALUES ('329159a0-b68c-4856-813a-a0553a166bd4', '7a8bbb15-6d3a-44ea-b6d2-1e5c9eb4b148', 1, NULL, 3, 1800000, 5400000, '13107022-0aca-4805-9ca5-326d0f203040', 0, 'solaodong');
INSERT INTO [HoTroCovid].[dbo].[CaNhan] (ID, HoTen, GioiTinh, NgaySinh, CMND, SinhNam) VALUES ('1147b52e-1903-490e-a162-75935f42e3ba', N'Ngô Thị Dung', NULL, '1987-09-11', '173438052', 1987);
INSERT INTO [HoTroCovid].[dbo].[CaNhan_DoanhNghiep] (ID, IDDoanhNghiep, IDCaNhan, IDDoiTuong, NgheNghiep, DaTra50) VALUES ('c987abce-aebf-46ea-be20-002b86d30164', 'e49841c9-785e-405e-9bf6-c9e9638c10e4', '1147b52e-1903-490e-a162-75935f42e3ba', NULL, N'N/viên HACCP', null);
INSERT INTO [HoTroCovid].[dbo].[ThongTinHoTro] (ID, IDNoiDung, IDDoiTuong, IDCaNhan) VALUES ('badad81e-70ef-49d6-ac0b-8216925cea37', 1, NULL, '1147b52e-1903-490e-a162-75935f42e3ba');
INSERT INTO [HoTroCovid].[dbo].[HoSo] (ID, IDCaNhan, IDNoiDungHoTro, IDDoiTuong, SoThang, SoTien, ThanhTien, IDThongTinHoTro, DaChi, NguoiTao) VALUES ('166652cc-16d1-415d-8460-5d2d422154fc', '1147b52e-1903-490e-a162-75935f42e3ba', 1, NULL, 3, 1800000, 5400000, 'badad81e-70ef-49d6-ac0b-8216925cea37', 0, 'solaodong');
INSERT INTO [HoTroCovid].[dbo].[CaNhan] (ID, HoTen, GioiTinh, NgaySinh, CMND, SinhNam) VALUES ('da8d4d65-c6d2-4001-ab87-fa70d3c8091e', N'Nguyễn Văn Vũ', 1, '1990-06-02', '215129566', 1990);
INSERT INTO [HoTroCovid].[dbo].[CaNhan_DoanhNghiep] (ID, IDDoanhNghiep, IDCaNhan, IDDoiTuong, NgheNghiep, DaTra50) VALUES ('10a33366-632f-4a22-bec4-d8b29a011131', 'e49841c9-785e-405e-9bf6-c9e9638c10e4', 'da8d4d65-c6d2-4001-ab87-fa70d3c8091e', NULL, N'Tổ trưởng KCS', null);
INSERT INTO [HoTroCovid].[dbo].[ThongTinHoTro] (ID, IDNoiDung, IDDoiTuong, IDCaNhan) VALUES ('38231e7f-b6c7-48fc-bce6-3eb80fd40939', 1, NULL, 'da8d4d65-c6d2-4001-ab87-fa70d3c8091e');
INSERT INTO [HoTroCovid].[dbo].[HoSo] (ID, IDCaNhan, IDNoiDungHoTro, IDDoiTuong, SoThang, SoTien, ThanhTien, IDThongTinHoTro, DaChi, NguoiTao) VALUES ('813acd34-4dcc-4557-95d0-9e7c8a9a2fe8', 'da8d4d65-c6d2-4001-ab87-fa70d3c8091e', 1, NULL, 3, 1800000, 5400000, '38231e7f-b6c7-48fc-bce6-3eb80fd40939', 0, 'solaodong');
INSERT INTO [HoTroCovid].[dbo].[CaNhan] (ID, HoTen, GioiTinh, NgaySinh, CMND, SinhNam) VALUES ('51d7d721-ac29-4918-ab53-faa7051f3ca1', N'Lê Thị Mai', NULL, '1972-04-14', '211331747', 1972);
INSERT INTO [HoTroCovid].[dbo].[CaNhan_DoanhNghiep] (ID, IDDoanhNghiep, IDCaNhan, IDDoiTuong, NgheNghiep, DaTra50) VALUES ('03545cfc-e942-4927-8c6a-a8cdbffe4474', 'e49841c9-785e-405e-9bf6-c9e9638c10e4', '51d7d721-ac29-4918-ab53-faa7051f3ca1', NULL, N'CNVS', null);
INSERT INTO [HoTroCovid].[dbo].[ThongTinHoTro] (ID, IDNoiDung, IDDoiTuong, IDCaNhan) VALUES ('612d7f4a-428b-407e-8863-34e0457c5865', 1, NULL, '51d7d721-ac29-4918-ab53-faa7051f3ca1');
INSERT INTO [HoTroCovid].[dbo].[HoSo] (ID, IDCaNhan, IDNoiDungHoTro, IDDoiTuong, SoThang, SoTien, ThanhTien, IDThongTinHoTro, DaChi, NguoiTao) VALUES ('76067815-d2e0-499a-993d-5f95afe8b297', '51d7d721-ac29-4918-ab53-faa7051f3ca1', 1, NULL, 3, 1800000, 5400000, '612d7f4a-428b-407e-8863-34e0457c5865', 0, 'solaodong');
INSERT INTO [HoTroCovid].[dbo].[CaNhan] (ID, HoTen, GioiTinh, NgaySinh, CMND, SinhNam) VALUES ('c8180fcb-5e8f-47dc-a1f6-5c113438defa', N'Huỳnh Anh Duy', 1, '1998-08-24', '212384104', 1998);
INSERT INTO [HoTroCovid].[dbo].[CaNhan_DoanhNghiep] (ID, IDDoanhNghiep, IDCaNhan, IDDoiTuong, NgheNghiep, DaTra50) VALUES ('63261967-b44c-4626-b046-4cdc16981503', 'e49841c9-785e-405e-9bf6-c9e9638c10e4', 'c8180fcb-5e8f-47dc-a1f6-5c113438defa', NULL, N'CN cấp phát BBVT', null);
INSERT INTO [HoTroCovid].[dbo].[ThongTinHoTro] (ID, IDNoiDung, IDDoiTuong, IDCaNhan) VALUES ('95e876e4-2314-4547-9c65-e907b76ec047', 1, NULL, 'c8180fcb-5e8f-47dc-a1f6-5c113438defa');
INSERT INTO [HoTroCovid].[dbo].[HoSo] (ID, IDCaNhan, IDNoiDungHoTro, IDDoiTuong, SoThang, SoTien, ThanhTien, IDThongTinHoTro, DaChi, NguoiTao) VALUES ('fe392b4a-b933-4f5b-9b95-a922c91086b7', 'c8180fcb-5e8f-47dc-a1f6-5c113438defa', 1, NULL, 3, 1800000, 5400000, '95e876e4-2314-4547-9c65-e907b76ec047', 0, 'solaodong');
INSERT INTO [HoTroCovid].[dbo].[CaNhan] (ID, HoTen, GioiTinh, NgaySinh, CMND, SinhNam) VALUES ('361aaa4d-a9be-41cc-af44-6d9a8d5ea65c', N'Dương Thị Thu', NULL, '1973-03-12', '211425533', 1973);
INSERT INTO [HoTroCovid].[dbo].[CaNhan_DoanhNghiep] (ID, IDDoanhNghiep, IDCaNhan, IDDoiTuong, NgheNghiep, DaTra50) VALUES ('5f044abb-1ff5-4ed7-98ec-6ed75d8d74a2', 'e49841c9-785e-405e-9bf6-c9e9638c10e4', '361aaa4d-a9be-41cc-af44-6d9a8d5ea65c', NULL, N'CNVS', null);
INSERT INTO [HoTroCovid].[dbo].[ThongTinHoTro] (ID, IDNoiDung, IDDoiTuong, IDCaNhan) VALUES ('32ac57b4-d6a7-4271-a268-4fbe59a5f926', 1, NULL, '361aaa4d-a9be-41cc-af44-6d9a8d5ea65c');
INSERT INTO [HoTroCovid].[dbo].[HoSo] (ID, IDCaNhan, IDNoiDungHoTro, IDDoiTuong, SoThang, SoTien, ThanhTien, IDThongTinHoTro, DaChi, NguoiTao) VALUES ('007845cd-0886-41ec-833f-a72132e0c520', '361aaa4d-a9be-41cc-af44-6d9a8d5ea65c', 1, NULL, 3, 1800000, 5400000, '32ac57b4-d6a7-4271-a268-4fbe59a5f926', 0, 'solaodong');
INSERT INTO [HoTroCovid].[dbo].[CaNhan] (ID, HoTen, GioiTinh, NgaySinh, CMND, SinhNam) VALUES ('e6f2c960-c5d4-40e1-9ae0-04fd1e3b2270', N'Đoàn Công Viên', 1, '1981-09-01', '211785458', 1981);
INSERT INTO [HoTroCovid].[dbo].[CaNhan_DoanhNghiep] (ID, IDDoanhNghiep, IDCaNhan, IDDoiTuong, NgheNghiep, DaTra50) VALUES ('142f3afc-b150-4f36-aa4e-9f8a52b2c7b3', 'e49841c9-785e-405e-9bf6-c9e9638c10e4', 'e6f2c960-c5d4-40e1-9ae0-04fd1e3b2270', NULL, N'Tổ trưởng Cưa', null);
INSERT INTO [HoTroCovid].[dbo].[ThongTinHoTro] (ID, IDNoiDung, IDDoiTuong, IDCaNhan) VALUES ('8389526e-edd5-4ca8-904a-34453da9f752', 1, NULL, 'e6f2c960-c5d4-40e1-9ae0-04fd1e3b2270');
INSERT INTO [HoTroCovid].[dbo].[HoSo] (ID, IDCaNhan, IDNoiDungHoTro, IDDoiTuong, SoThang, SoTien, ThanhTien, IDThongTinHoTro, DaChi, NguoiTao) VALUES ('02c27850-9b51-4c49-8755-373e35420aa1', 'e6f2c960-c5d4-40e1-9ae0-04fd1e3b2270', 1, NULL, 3, 1800000, 5400000, '8389526e-edd5-4ca8-904a-34453da9f752', 0, 'solaodong');
INSERT INTO [HoTroCovid].[dbo].[CaNhan] (ID, HoTen, GioiTinh, NgaySinh, CMND, SinhNam) VALUES ('7be1e63b-1673-4ff8-a714-4623f3530107', N'Trần Thị Mỹ Duyên', NULL, '1995-03-15', '215377904', 1995);
INSERT INTO [HoTroCovid].[dbo].[CaNhan_DoanhNghiep] (ID, IDDoanhNghiep, IDCaNhan, IDDoiTuong, NgheNghiep, DaTra50) VALUES ('24765bfc-b9fd-43d9-b444-4536218d656a', 'e49841c9-785e-405e-9bf6-c9e9638c10e4', '7be1e63b-1673-4ff8-a714-4623f3530107', NULL, N'N/viên KCS', null);
INSERT INTO [HoTroCovid].[dbo].[ThongTinHoTro] (ID, IDNoiDung, IDDoiTuong, IDCaNhan) VALUES ('65ae014a-045d-4a5b-ad90-e4697b3b7be1', 1, NULL, '7be1e63b-1673-4ff8-a714-4623f3530107');
INSERT INTO [HoTroCovid].[dbo].[HoSo] (ID, IDCaNhan, IDNoiDungHoTro, IDDoiTuong, SoThang, SoTien, ThanhTien, IDThongTinHoTro, DaChi, NguoiTao) VALUES ('b066ad0a-5c4f-4cb5-841a-416db45b0d3b', '7be1e63b-1673-4ff8-a714-4623f3530107', 1, NULL, 3, 1800000, 5400000, '65ae014a-045d-4a5b-ad90-e4697b3b7be1', 0, 'solaodong');
INSERT INTO [HoTroCovid].[dbo].[CaNhan] (ID, HoTen, GioiTinh, NgaySinh, CMND, SinhNam) VALUES ('d4193c93-b3e5-4efd-8bc0-0a4bb723f46b', N'Lê Thị Lệ', NULL, '1987-11-28', '215025363', 1987);
INSERT INTO [HoTroCovid].[dbo].[CaNhan_DoanhNghiep] (ID, IDDoanhNghiep, IDCaNhan, IDDoiTuong, NgheNghiep, DaTra50) VALUES ('2692e473-7e5a-4e2f-bc97-2f3f8cbb82a9', 'e49841c9-785e-405e-9bf6-c9e9638c10e4', 'd4193c93-b3e5-4efd-8bc0-0a4bb723f46b', NULL, N'N/viên KCS', null);
INSERT INTO [HoTroCovid].[dbo].[ThongTinHoTro] (ID, IDNoiDung, IDDoiTuong, IDCaNhan) VALUES ('692172ec-e8f2-4e6a-8c79-d66e9861668a', 1, NULL, 'd4193c93-b3e5-4efd-8bc0-0a4bb723f46b');
INSERT INTO [HoTroCovid].[dbo].[HoSo] (ID, IDCaNhan, IDNoiDungHoTro, IDDoiTuong, SoThang, SoTien, ThanhTien, IDThongTinHoTro, DaChi, NguoiTao) VALUES ('7da482ec-9d50-49a0-b5a0-60968ac79438', 'd4193c93-b3e5-4efd-8bc0-0a4bb723f46b', 1, NULL, 3, 1800000, 5400000, '692172ec-e8f2-4e6a-8c79-d66e9861668a', 0, 'solaodong');
INSERT INTO [HoTroCovid].[dbo].[CaNhan] (ID, HoTen, GioiTinh, NgaySinh, CMND, SinhNam) VALUES ('b9b88c7d-87ad-4b23-ba07-3db0ea7352e2', N'Lương Thị Hồng Lĩnh', NULL, '1988-06-29', '215025642', 1988);
INSERT INTO [HoTroCovid].[dbo].[CaNhan_DoanhNghiep] (ID, IDDoanhNghiep, IDCaNhan, IDDoiTuong, NgheNghiep, DaTra50) VALUES ('29077a44-b90c-4c6f-88b9-2074934c846a', 'e49841c9-785e-405e-9bf6-c9e9638c10e4', 'b9b88c7d-87ad-4b23-ba07-3db0ea7352e2', NULL, N'N/viên KCS', null);
INSERT INTO [HoTroCovid].[dbo].[ThongTinHoTro] (ID, IDNoiDung, IDDoiTuong, IDCaNhan) VALUES ('8f7bd4a3-9c37-4242-ac36-93dc90fa4d23', 1, NULL, 'b9b88c7d-87ad-4b23-ba07-3db0ea7352e2');
INSERT INTO [HoTroCovid].[dbo].[HoSo] (ID, IDCaNhan, IDNoiDungHoTro, IDDoiTuong, SoThang, SoTien, ThanhTien, IDThongTinHoTro, DaChi, NguoiTao) VALUES ('7a40d7c6-aaf6-4753-9476-e6eea2d43f84', 'b9b88c7d-87ad-4b23-ba07-3db0ea7352e2', 1, NULL, 3, 1800000, 5400000, '8f7bd4a3-9c37-4242-ac36-93dc90fa4d23', 0, 'solaodong');
INSERT INTO [HoTroCovid].[dbo].[CaNhan] (ID, HoTen, GioiTinh, NgaySinh, CMND, SinhNam) VALUES ('f2fe3c7e-3cef-43df-8248-b1098e15df3e', N'Phan Thị Minh Hiếu', NULL, '1966-04-16', '211005161', 1966);
INSERT INTO [HoTroCovid].[dbo].[CaNhan_DoanhNghiep] (ID, IDDoanhNghiep, IDCaNhan, IDDoiTuong, NgheNghiep, DaTra50) VALUES ('f4614566-d033-4c29-89ea-fe77e9ab1937', 'e49841c9-785e-405e-9bf6-c9e9638c10e4', 'f2fe3c7e-3cef-43df-8248-b1098e15df3e', NULL, N'CNVS', null);
INSERT INTO [HoTroCovid].[dbo].[ThongTinHoTro] (ID, IDNoiDung, IDDoiTuong, IDCaNhan) VALUES ('696d979d-8c7a-49a2-82b2-842d0bc43874', 1, NULL, 'f2fe3c7e-3cef-43df-8248-b1098e15df3e');
INSERT INTO [HoTroCovid].[dbo].[HoSo] (ID, IDCaNhan, IDNoiDungHoTro, IDDoiTuong, SoThang, SoTien, ThanhTien, IDThongTinHoTro, DaChi, NguoiTao) VALUES ('74e7a03a-b0b0-4eb1-a7fc-ce73739f1612', 'f2fe3c7e-3cef-43df-8248-b1098e15df3e', 1, NULL, 3, 1800000, 5400000, '696d979d-8c7a-49a2-82b2-842d0bc43874', 0, 'solaodong');
INSERT INTO [HoTroCovid].[dbo].[CaNhan] (ID, HoTen, GioiTinh, NgaySinh, CMND, SinhNam) VALUES ('bc6f4d37-4fbf-4471-9509-8a1412246b26', N'Trần Đình Ngọc', 1, '1993-01-05', '215196947', 1993);
INSERT INTO [HoTroCovid].[dbo].[CaNhan_DoanhNghiep] (ID, IDDoanhNghiep, IDCaNhan, IDDoiTuong, NgheNghiep, DaTra50) VALUES ('98bb0899-af25-4f1c-ac8d-f080228451bb', 'e49841c9-785e-405e-9bf6-c9e9638c10e4', 'bc6f4d37-4fbf-4471-9509-8a1412246b26', NULL, N'CN cấp phát BBVT', null);
INSERT INTO [HoTroCovid].[dbo].[ThongTinHoTro] (ID, IDNoiDung, IDDoiTuong, IDCaNhan) VALUES ('8e3d73bc-721e-4d7a-85d1-fb778547835f', 1, NULL, 'bc6f4d37-4fbf-4471-9509-8a1412246b26');
INSERT INTO [HoTroCovid].[dbo].[HoSo] (ID, IDCaNhan, IDNoiDungHoTro, IDDoiTuong, SoThang, SoTien, ThanhTien, IDThongTinHoTro, DaChi, NguoiTao) VALUES ('24695bd7-196c-48c5-9193-e284dbdc2578', 'bc6f4d37-4fbf-4471-9509-8a1412246b26', 1, NULL, 3, 1800000, 5400000, '8e3d73bc-721e-4d7a-85d1-fb778547835f', 0, 'solaodong');
INSERT INTO [HoTroCovid].[dbo].[CaNhan] (ID, HoTen, GioiTinh, NgaySinh, CMND, SinhNam) VALUES ('cb525a87-4ee7-4c94-8e17-41ec35546679', N'Phạm Thị Tám', NULL, '1972-09-11', '211413582', 1972);
INSERT INTO [HoTroCovid].[dbo].[CaNhan_DoanhNghiep] (ID, IDDoanhNghiep, IDCaNhan, IDDoiTuong, NgheNghiep, DaTra50) VALUES ('ed4a14b5-d77b-4f71-a523-0fe9070f4a97', 'e49841c9-785e-405e-9bf6-c9e9638c10e4', 'cb525a87-4ee7-4c94-8e17-41ec35546679', NULL, N'CNVS', null);
INSERT INTO [HoTroCovid].[dbo].[ThongTinHoTro] (ID, IDNoiDung, IDDoiTuong, IDCaNhan) VALUES ('a5e6a718-ab57-4663-b45f-a4d41ec3c3ce', 1, NULL, 'cb525a87-4ee7-4c94-8e17-41ec35546679');
INSERT INTO [HoTroCovid].[dbo].[HoSo] (ID, IDCaNhan, IDNoiDungHoTro, IDDoiTuong, SoThang, SoTien, ThanhTien, IDThongTinHoTro, DaChi, NguoiTao) VALUES ('dceb5d62-be7f-4c12-b246-d3d4cb30b43e', 'cb525a87-4ee7-4c94-8e17-41ec35546679', 1, NULL, 3, 1800000, 5400000, 'a5e6a718-ab57-4663-b45f-a4d41ec3c3ce', 0, 'solaodong');
INSERT INTO [HoTroCovid].[dbo].[CaNhan] (ID, HoTen, GioiTinh, NgaySinh, CMND, SinhNam) VALUES ('f182554d-56ae-4f83-92c9-257c9e174205', N'Võ Thị Việt', NULL, '1971-05-02', '211328761', 1971);
INSERT INTO [HoTroCovid].[dbo].[CaNhan_DoanhNghiep] (ID, IDDoanhNghiep, IDCaNhan, IDDoiTuong, NgheNghiep, DaTra50) VALUES ('175ff6ed-5d37-4687-9ccf-4c2646131aab', 'e49841c9-785e-405e-9bf6-c9e9638c10e4', 'f182554d-56ae-4f83-92c9-257c9e174205', NULL, N'CNVS', null);
INSERT INTO [HoTroCovid].[dbo].[ThongTinHoTro] (ID, IDNoiDung, IDDoiTuong, IDCaNhan) VALUES ('865b6c86-d21e-458f-ac33-a55857debf12', 1, NULL, 'f182554d-56ae-4f83-92c9-257c9e174205');
INSERT INTO [HoTroCovid].[dbo].[HoSo] (ID, IDCaNhan, IDNoiDungHoTro, IDDoiTuong, SoThang, SoTien, ThanhTien, IDThongTinHoTro, DaChi, NguoiTao) VALUES ('f0e3d669-81f4-4dc5-96e4-e9c461d83acf', 'f182554d-56ae-4f83-92c9-257c9e174205', 1, NULL, 3, 1800000, 5400000, '865b6c86-d21e-458f-ac33-a55857debf12', 0, 'solaodong');
INSERT INTO [HoTroCovid].[dbo].[CaNhan] (ID, HoTen, GioiTinh, NgaySinh, CMND, SinhNam) VALUES ('8618cd47-9854-47c6-924a-1e9bf153dda7', N'Hà Quốc Tuấn', 1, '1997-04-22', '215405675', 1997);
INSERT INTO [HoTroCovid].[dbo].[CaNhan_DoanhNghiep] (ID, IDDoanhNghiep, IDCaNhan, IDDoiTuong, NgheNghiep, DaTra50) VALUES ('3698136c-7af4-4884-8a99-b923163ec71d', 'e49841c9-785e-405e-9bf6-c9e9638c10e4', '8618cd47-9854-47c6-924a-1e9bf153dda7', NULL, N'N/viên KCS', null);
INSERT INTO [HoTroCovid].[dbo].[ThongTinHoTro] (ID, IDNoiDung, IDDoiTuong, IDCaNhan) VALUES ('785decf3-fafe-40f8-bc6a-d3cdd2fae0a6', 1, NULL, '8618cd47-9854-47c6-924a-1e9bf153dda7');
INSERT INTO [HoTroCovid].[dbo].[HoSo] (ID, IDCaNhan, IDNoiDungHoTro, IDDoiTuong, SoThang, SoTien, ThanhTien, IDThongTinHoTro, DaChi, NguoiTao) VALUES ('f5fdb238-14ff-418b-bcf6-f027d35a1e8d', '8618cd47-9854-47c6-924a-1e9bf153dda7', 1, NULL, 3, 1800000, 5400000, '785decf3-fafe-40f8-bc6a-d3cdd2fae0a6', 0, 'solaodong');
INSERT INTO [HoTroCovid].[dbo].[CaNhan] (ID, HoTen, GioiTinh, NgaySinh, CMND, SinhNam) VALUES ('607eeeb6-d678-4d8d-bfd5-0149fbd08989', N'Đoàn Thị Thu Nguyệt', NULL, '1989-02-21', '215055351', 1989);
INSERT INTO [HoTroCovid].[dbo].[CaNhan_DoanhNghiep] (ID, IDDoanhNghiep, IDCaNhan, IDDoiTuong, NgheNghiep, DaTra50) VALUES ('63374222-cab7-4d8d-b6ff-1225abe359f0', 'e49841c9-785e-405e-9bf6-c9e9638c10e4', '607eeeb6-d678-4d8d-bfd5-0149fbd08989', NULL, N'N/viên Thống kê', null);
INSERT INTO [HoTroCovid].[dbo].[ThongTinHoTro] (ID, IDNoiDung, IDDoiTuong, IDCaNhan) VALUES ('5f6d146e-7a1e-4a16-8f82-d1a8416804d7', 1, NULL, '607eeeb6-d678-4d8d-bfd5-0149fbd08989');
INSERT INTO [HoTroCovid].[dbo].[HoSo] (ID, IDCaNhan, IDNoiDungHoTro, IDDoiTuong, SoThang, SoTien, ThanhTien, IDThongTinHoTro, DaChi, NguoiTao) VALUES ('3b49e274-e1dc-4a8c-93ff-4561b0ba2261', '607eeeb6-d678-4d8d-bfd5-0149fbd08989', 1, NULL, 3, 1800000, 5400000, '5f6d146e-7a1e-4a16-8f82-d1a8416804d7', 0, 'solaodong');
INSERT INTO [HoTroCovid].[dbo].[CaNhan] (ID, HoTen, GioiTinh, NgaySinh, CMND, SinhNam) VALUES ('c50016e8-30dd-477d-92e9-0715d5070f59', N'Nguyễn Thị Búp', NULL, '1974-02-10', '211462889', 1974);
INSERT INTO [HoTroCovid].[dbo].[CaNhan_DoanhNghiep] (ID, IDDoanhNghiep, IDCaNhan, IDDoiTuong, NgheNghiep, DaTra50) VALUES ('48525e51-8009-4749-9169-d39e0d65925f', 'e49841c9-785e-405e-9bf6-c9e9638c10e4', 'c50016e8-30dd-477d-92e9-0715d5070f59', NULL, N'N/viên cấp dưỡng', null);
INSERT INTO [HoTroCovid].[dbo].[ThongTinHoTro] (ID, IDNoiDung, IDDoiTuong, IDCaNhan) VALUES ('5789b6c4-b543-402a-9de0-01c37f5c17d5', 1, NULL, 'c50016e8-30dd-477d-92e9-0715d5070f59');
INSERT INTO [HoTroCovid].[dbo].[HoSo] (ID, IDCaNhan, IDNoiDungHoTro, IDDoiTuong, SoThang, SoTien, ThanhTien, IDThongTinHoTro, DaChi, NguoiTao) VALUES ('e08db674-b693-4f9c-8808-083b5d4b5aa2', 'c50016e8-30dd-477d-92e9-0715d5070f59', 1, NULL, 3, 1800000, 5400000, '5789b6c4-b543-402a-9de0-01c37f5c17d5', 0, 'solaodong');
INSERT INTO [HoTroCovid].[dbo].[CaNhan] (ID, HoTen, GioiTinh, NgaySinh, CMND, SinhNam) VALUES ('1293a783-1437-4ab3-a886-c2c88c5efd35', N'Phạm Thị Mỹ Hiệp', NULL, '1993-02-18', '215257014', 1993);
INSERT INTO [HoTroCovid].[dbo].[CaNhan_DoanhNghiep] (ID, IDDoanhNghiep, IDCaNhan, IDDoiTuong, NgheNghiep, DaTra50) VALUES ('0f797847-08c5-451d-bcdd-580883ba4eb2', 'e49841c9-785e-405e-9bf6-c9e9638c10e4', '1293a783-1437-4ab3-a886-c2c88c5efd35', NULL, N'N/viên Thống kê', null);
INSERT INTO [HoTroCovid].[dbo].[ThongTinHoTro] (ID, IDNoiDung, IDDoiTuong, IDCaNhan) VALUES ('24f6abb1-94ee-46d0-821c-5bdb6692a40b', 1, NULL, '1293a783-1437-4ab3-a886-c2c88c5efd35');
INSERT INTO [HoTroCovid].[dbo].[HoSo] (ID, IDCaNhan, IDNoiDungHoTro, IDDoiTuong, SoThang, SoTien, ThanhTien, IDThongTinHoTro, DaChi, NguoiTao) VALUES ('71d0e0d4-96ed-4b59-8f04-ecf0e11c2a69', '1293a783-1437-4ab3-a886-c2c88c5efd35', 1, NULL, 3, 1800000, 5400000, '24f6abb1-94ee-46d0-821c-5bdb6692a40b', 0, 'solaodong');
INSERT INTO [HoTroCovid].[dbo].[CaNhan] (ID, HoTen, GioiTinh, NgaySinh, CMND, SinhNam) VALUES ('2d7faa12-c6e5-4796-9e42-40e0502f5097', N'Lưu Đức Hòa', 1, '1978-06-01', '211626262', 1978);
INSERT INTO [HoTroCovid].[dbo].[CaNhan_DoanhNghiep] (ID, IDDoanhNghiep, IDCaNhan, IDDoiTuong, NgheNghiep, DaTra50) VALUES ('24ecc0c2-a240-4c94-a6d2-255f0f04120f', 'e49841c9-785e-405e-9bf6-c9e9638c10e4', '2d7faa12-c6e5-4796-9e42-40e0502f5097', NULL, N'Ca phó ĐH', null);
INSERT INTO [HoTroCovid].[dbo].[ThongTinHoTro] (ID, IDNoiDung, IDDoiTuong, IDCaNhan) VALUES ('a088059d-30ac-496f-8b49-f86cc154ac47', 1, NULL, '2d7faa12-c6e5-4796-9e42-40e0502f5097');
INSERT INTO [HoTroCovid].[dbo].[HoSo] (ID, IDCaNhan, IDNoiDungHoTro, IDDoiTuong, SoThang, SoTien, ThanhTien, IDThongTinHoTro, DaChi, NguoiTao) VALUES ('528cd870-a5cb-4295-9a98-9cf35cb8eef3', '2d7faa12-c6e5-4796-9e42-40e0502f5097', 1, NULL, 3, 1800000, 5400000, 'a088059d-30ac-496f-8b49-f86cc154ac47', 0, 'solaodong');
INSERT INTO [HoTroCovid].[dbo].[CaNhan] (ID, HoTen, GioiTinh, NgaySinh, CMND, SinhNam) VALUES ('37acfdb1-005c-45db-9177-e16b8d3808e2', N'Nguyễn Thị Bích Thúy', NULL, '1979-03-04', '211655365', 1979);
INSERT INTO [HoTroCovid].[dbo].[CaNhan_DoanhNghiep] (ID, IDDoanhNghiep, IDCaNhan, IDDoiTuong, NgheNghiep, DaTra50) VALUES ('ebadd3a4-aa66-4d04-8ecc-ea47f99d54ce', 'e49841c9-785e-405e-9bf6-c9e9638c10e4', '37acfdb1-005c-45db-9177-e16b8d3808e2', NULL, N'N/viên KCS', null);
INSERT INTO [HoTroCovid].[dbo].[ThongTinHoTro] (ID, IDNoiDung, IDDoiTuong, IDCaNhan) VALUES ('f240279f-ff21-46b5-a8e6-0764eec7d6cb', 1, NULL, '37acfdb1-005c-45db-9177-e16b8d3808e2');
INSERT INTO [HoTroCovid].[dbo].[HoSo] (ID, IDCaNhan, IDNoiDungHoTro, IDDoiTuong, SoThang, SoTien, ThanhTien, IDThongTinHoTro, DaChi, NguoiTao) VALUES ('c73b2236-c33e-4c22-8eeb-f62a8218f5a6', '37acfdb1-005c-45db-9177-e16b8d3808e2', 1, NULL, 3, 1800000, 5400000, 'f240279f-ff21-46b5-a8e6-0764eec7d6cb', 0, 'solaodong');
INSERT INTO [HoTroCovid].[dbo].[CaNhan] (ID, HoTen, GioiTinh, NgaySinh, CMND, SinhNam) VALUES ('7a531efb-4e3b-452b-8d66-9a8cf8bbb225', N'Đặng Thị Thành Hiếu', NULL, '1978-01-10', '215017398', 1978);
INSERT INTO [HoTroCovid].[dbo].[CaNhan_DoanhNghiep] (ID, IDDoanhNghiep, IDCaNhan, IDDoiTuong, NgheNghiep, DaTra50) VALUES ('b5df09d6-cb0c-404e-bb61-9f05cf956995', 'e49841c9-785e-405e-9bf6-c9e9638c10e4', '7a531efb-4e3b-452b-8d66-9a8cf8bbb225', NULL, N'N/viên cấp dưỡng', null);
INSERT INTO [HoTroCovid].[dbo].[ThongTinHoTro] (ID, IDNoiDung, IDDoiTuong, IDCaNhan) VALUES ('254e4aa2-f449-466e-9828-8cc7b04784c0', 1, NULL, '7a531efb-4e3b-452b-8d66-9a8cf8bbb225');
INSERT INTO [HoTroCovid].[dbo].[HoSo] (ID, IDCaNhan, IDNoiDungHoTro, IDDoiTuong, SoThang, SoTien, ThanhTien, IDThongTinHoTro, DaChi, NguoiTao) VALUES ('ef0c0de9-532a-43a8-9a1f-0d29f0d5154f', '7a531efb-4e3b-452b-8d66-9a8cf8bbb225', 1, NULL, 3, 1800000, 5400000, '254e4aa2-f449-466e-9828-8cc7b04784c0', 0, 'solaodong');
INSERT INTO [HoTroCovid].[dbo].[CaNhan] (ID, HoTen, GioiTinh, NgaySinh, CMND, SinhNam) VALUES ('d76f2410-b9a9-439b-8984-3665e56618b1', N'Trần Đình Thông', 1, '1992-03-20', '215160986', 1992);
INSERT INTO [HoTroCovid].[dbo].[CaNhan_DoanhNghiep] (ID, IDDoanhNghiep, IDCaNhan, IDDoiTuong, NgheNghiep, DaTra50) VALUES ('1626e43b-67e3-41e3-b104-80cc5f7d70c0', 'e49841c9-785e-405e-9bf6-c9e9638c10e4', 'd76f2410-b9a9-439b-8984-3665e56618b1', NULL, N'CNCBHSĐL', null);
INSERT INTO [HoTroCovid].[dbo].[ThongTinHoTro] (ID, IDNoiDung, IDDoiTuong, IDCaNhan) VALUES ('63594483-cc04-46ee-b240-09e819554003', 1, NULL, 'd76f2410-b9a9-439b-8984-3665e56618b1');
INSERT INTO [HoTroCovid].[dbo].[HoSo] (ID, IDCaNhan, IDNoiDungHoTro, IDDoiTuong, SoThang, SoTien, ThanhTien, IDThongTinHoTro, DaChi, NguoiTao) VALUES ('48ba4ce7-b2d8-443e-856a-b1b226676d03', 'd76f2410-b9a9-439b-8984-3665e56618b1', 1, NULL, 3, 1800000, 5400000, '63594483-cc04-46ee-b240-09e819554003', 0, 'solaodong');
INSERT INTO [HoTroCovid].[dbo].[CaNhan] (ID, HoTen, GioiTinh, NgaySinh, CMND, SinhNam) VALUES ('902e2679-2924-4b6f-99c9-e13ab13dfe84', N'Ngô Bùi Tấn Việt', 1, '1992-02-16', '215169783', 1992);
INSERT INTO [HoTroCovid].[dbo].[CaNhan_DoanhNghiep] (ID, IDDoanhNghiep, IDCaNhan, IDDoiTuong, NgheNghiep, DaTra50) VALUES ('383c77d5-0799-45a3-8a1a-0ca2bca92607', 'e49841c9-785e-405e-9bf6-c9e9638c10e4', '902e2679-2924-4b6f-99c9-e13ab13dfe84', NULL, N'N/viên Thống kê', null);
INSERT INTO [HoTroCovid].[dbo].[ThongTinHoTro] (ID, IDNoiDung, IDDoiTuong, IDCaNhan) VALUES ('0d632ed9-24b4-4ec5-83c1-0fa0d746cb77', 1, NULL, '902e2679-2924-4b6f-99c9-e13ab13dfe84');
INSERT INTO [HoTroCovid].[dbo].[HoSo] (ID, IDCaNhan, IDNoiDungHoTro, IDDoiTuong, SoThang, SoTien, ThanhTien, IDThongTinHoTro, DaChi, NguoiTao) VALUES ('12ccf8ab-87b9-48c6-83b0-217d31fe3ca8', '902e2679-2924-4b6f-99c9-e13ab13dfe84', 1, NULL, 3, 1800000, 5400000, '0d632ed9-24b4-4ec5-83c1-0fa0d746cb77', 0, 'solaodong');
INSERT INTO [HoTroCovid].[dbo].[CaNhan] (ID, HoTen, GioiTinh, NgaySinh, CMND, SinhNam) VALUES ('51654971-984f-406b-a4f4-f0f07c56c1e9', N'Trương Công Dũng', 1, '1992-11-16', '215301744', 1992);
INSERT INTO [HoTroCovid].[dbo].[CaNhan_DoanhNghiep] (ID, IDDoanhNghiep, IDCaNhan, IDDoiTuong, NgheNghiep, DaTra50) VALUES ('7c062a54-4b39-4b16-a277-aa99c5e11880', 'e49841c9-785e-405e-9bf6-c9e9638c10e4', '51654971-984f-406b-a4f4-f0f07c56c1e9', NULL, N'CNCBHSĐL', null);
INSERT INTO [HoTroCovid].[dbo].[ThongTinHoTro] (ID, IDNoiDung, IDDoiTuong, IDCaNhan) VALUES ('76a89977-6bc9-42f6-96a6-ee64c951f3e1', 1, NULL, '51654971-984f-406b-a4f4-f0f07c56c1e9');
INSERT INTO [HoTroCovid].[dbo].[HoSo] (ID, IDCaNhan, IDNoiDungHoTro, IDDoiTuong, SoThang, SoTien, ThanhTien, IDThongTinHoTro, DaChi, NguoiTao) VALUES ('9985cda8-04ef-43b5-ad63-418bf1f63666', '51654971-984f-406b-a4f4-f0f07c56c1e9', 1, NULL, 3, 1800000, 5400000, '76a89977-6bc9-42f6-96a6-ee64c951f3e1', 0, 'solaodong');
INSERT INTO [HoTroCovid].[dbo].[CaNhan] (ID, HoTen, GioiTinh, NgaySinh, CMND, SinhNam) VALUES ('4c38dbdb-5a8c-41e7-9e70-39bbbf333e76', N'Nguyễn Văn Toàn', NULL, '1973-06-05', '211469509', 1973);
INSERT INTO [HoTroCovid].[dbo].[CaNhan_DoanhNghiep] (ID, IDDoanhNghiep, IDCaNhan, IDDoiTuong, NgheNghiep, DaTra50) VALUES ('0b57366a-d9b3-4d91-b486-54b555da741a', 'e49841c9-785e-405e-9bf6-c9e9638c10e4', '4c38dbdb-5a8c-41e7-9e70-39bbbf333e76', NULL, N'Tổ trưởng CĐL', null);
INSERT INTO [HoTroCovid].[dbo].[ThongTinHoTro] (ID, IDNoiDung, IDDoiTuong, IDCaNhan) VALUES ('15764a96-360f-4b15-be00-067eec5b512a', 1, NULL, '4c38dbdb-5a8c-41e7-9e70-39bbbf333e76');
INSERT INTO [HoTroCovid].[dbo].[HoSo] (ID, IDCaNhan, IDNoiDungHoTro, IDDoiTuong, SoThang, SoTien, ThanhTien, IDThongTinHoTro, DaChi, NguoiTao) VALUES ('1a2ad898-7db8-4a38-8763-eb6d8934a98c', '4c38dbdb-5a8c-41e7-9e70-39bbbf333e76', 1, NULL, 3, 1800000, 5400000, '15764a96-360f-4b15-be00-067eec5b512a', 0, 'solaodong');
INSERT INTO [HoTroCovid].[dbo].[CaNhan] (ID, HoTen, GioiTinh, NgaySinh, CMND, SinhNam) VALUES ('2c0f064b-4a30-4395-9e6d-298aa873429e', N'Trần Thị Thể', NULL, '1988-10-08', '215123297', 1988);
INSERT INTO [HoTroCovid].[dbo].[CaNhan_DoanhNghiep] (ID, IDDoanhNghiep, IDCaNhan, IDDoiTuong, NgheNghiep, DaTra50) VALUES ('aa895bc2-9120-4250-a58f-5b3e5ab30b14', 'e49841c9-785e-405e-9bf6-c9e9638c10e4', '2c0f064b-4a30-4395-9e6d-298aa873429e', NULL, N'N/viên Thống kê', null);
INSERT INTO [HoTroCovid].[dbo].[ThongTinHoTro] (ID, IDNoiDung, IDDoiTuong, IDCaNhan) VALUES ('8382f65e-6f44-4bf8-942f-128fef355381', 1, NULL, '2c0f064b-4a30-4395-9e6d-298aa873429e');
INSERT INTO [HoTroCovid].[dbo].[HoSo] (ID, IDCaNhan, IDNoiDungHoTro, IDDoiTuong, SoThang, SoTien, ThanhTien, IDThongTinHoTro, DaChi, NguoiTao) VALUES ('b2275358-c52b-44f2-a0e6-317d7f0f03a3', '2c0f064b-4a30-4395-9e6d-298aa873429e', 1, NULL, 3, 1800000, 5400000, '8382f65e-6f44-4bf8-942f-128fef355381', 0, 'solaodong');
INSERT INTO [HoTroCovid].[dbo].[CaNhan] (ID, HoTen, GioiTinh, NgaySinh, CMND, SinhNam) VALUES ('e6e62f95-3159-4dc0-a865-a95e1793b1c1', N'Đăng Thị Thanh Thuận', NULL, '1981-09-27', '211809006', 1981);
INSERT INTO [HoTroCovid].[dbo].[CaNhan_DoanhNghiep] (ID, IDDoanhNghiep, IDCaNhan, IDDoiTuong, NgheNghiep, DaTra50) VALUES ('8ff14295-5985-41ad-bdc6-660356b76cff', 'e49841c9-785e-405e-9bf6-c9e9638c10e4', 'e6e62f95-3159-4dc0-a865-a95e1793b1c1', NULL, N'N/viên QL', null);
INSERT INTO [HoTroCovid].[dbo].[ThongTinHoTro] (ID, IDNoiDung, IDDoiTuong, IDCaNhan) VALUES ('bdd70e2b-a3b0-45c3-ae16-0fb765562030', 1, NULL, 'e6e62f95-3159-4dc0-a865-a95e1793b1c1');
INSERT INTO [HoTroCovid].[dbo].[HoSo] (ID, IDCaNhan, IDNoiDungHoTro, IDDoiTuong, SoThang, SoTien, ThanhTien, IDThongTinHoTro, DaChi, NguoiTao) VALUES ('5df815d9-8a34-406e-9a75-ccf58f417b2d', 'e6e62f95-3159-4dc0-a865-a95e1793b1c1', 1, NULL, 3, 1800000, 5400000, 'bdd70e2b-a3b0-45c3-ae16-0fb765562030', 0, 'solaodong');
INSERT INTO [HoTroCovid].[dbo].[CaNhan] (ID, HoTen, GioiTinh, NgaySinh, CMND, SinhNam) VALUES ('97e70c48-14d4-4814-bee1-17c004fb319a', N'Phạm Văn Chí', 1, '1990-01-06', '215129262', 1990);
INSERT INTO [HoTroCovid].[dbo].[CaNhan_DoanhNghiep] (ID, IDDoanhNghiep, IDCaNhan, IDDoiTuong, NgheNghiep, DaTra50) VALUES ('954f2ba7-2479-4737-97c4-375a22da7eaf', 'e49841c9-785e-405e-9bf6-c9e9638c10e4', '97e70c48-14d4-4814-bee1-17c004fb319a', NULL, N'N/viên HACCP', null);
INSERT INTO [HoTroCovid].[dbo].[ThongTinHoTro] (ID, IDNoiDung, IDDoiTuong, IDCaNhan) VALUES ('60e1d028-fc8f-438c-a5dd-70a3a238551c', 1, NULL, '97e70c48-14d4-4814-bee1-17c004fb319a');
INSERT INTO [HoTroCovid].[dbo].[HoSo] (ID, IDCaNhan, IDNoiDungHoTro, IDDoiTuong, SoThang, SoTien, ThanhTien, IDThongTinHoTro, DaChi, NguoiTao) VALUES ('1381a910-4e4d-4354-abe6-db5fa5856c23', '97e70c48-14d4-4814-bee1-17c004fb319a', 1, NULL, 3, 1800000, 5400000, '60e1d028-fc8f-438c-a5dd-70a3a238551c', 0, 'solaodong');
INSERT INTO [HoTroCovid].[dbo].[CaNhan] (ID, HoTen, GioiTinh, NgaySinh, CMND, SinhNam) VALUES ('d93b25ce-688c-4263-8833-8ccd6bd8af64', N'Nguyễn Sỹ Thương', 1, '1983-12-12', '211754624', 1983);
INSERT INTO [HoTroCovid].[dbo].[CaNhan_DoanhNghiep] (ID, IDDoanhNghiep, IDCaNhan, IDDoiTuong, NgheNghiep, DaTra50) VALUES ('5577985d-35bc-4061-8bdd-dc05527b94f3', 'e49841c9-785e-405e-9bf6-c9e9638c10e4', 'd93b25ce-688c-4263-8833-8ccd6bd8af64', NULL, N'Đội phó HACCP', null);
INSERT INTO [HoTroCovid].[dbo].[ThongTinHoTro] (ID, IDNoiDung, IDDoiTuong, IDCaNhan) VALUES ('21a5266a-3995-4a2a-8b7a-db7ae3c1e215', 1, NULL, 'd93b25ce-688c-4263-8833-8ccd6bd8af64');
INSERT INTO [HoTroCovid].[dbo].[HoSo] (ID, IDCaNhan, IDNoiDungHoTro, IDDoiTuong, SoThang, SoTien, ThanhTien, IDThongTinHoTro, DaChi, NguoiTao) VALUES ('bf09890d-f92d-49fb-943c-c97685019c71', 'd93b25ce-688c-4263-8833-8ccd6bd8af64', 1, NULL, 3, 1800000, 5400000, '21a5266a-3995-4a2a-8b7a-db7ae3c1e215', 0, 'solaodong');
INSERT INTO [HoTroCovid].[dbo].[CaNhan] (ID, HoTen, GioiTinh, NgaySinh, CMND, SinhNam) VALUES ('5361078a-023d-45da-a906-ba05a17c107f', N'Trương Thị Thùy Duyên', NULL, '1998-10-12', '215457792', 1998);
INSERT INTO [HoTroCovid].[dbo].[CaNhan_DoanhNghiep] (ID, IDDoanhNghiep, IDCaNhan, IDDoiTuong, NgheNghiep, DaTra50) VALUES ('cf9337e6-fa3d-432b-9be0-10807bc3b121', 'e49841c9-785e-405e-9bf6-c9e9638c10e4', '5361078a-023d-45da-a906-ba05a17c107f', NULL, N'N/viên HACCP', null);
INSERT INTO [HoTroCovid].[dbo].[ThongTinHoTro] (ID, IDNoiDung, IDDoiTuong, IDCaNhan) VALUES ('518b4c10-5523-43a4-861a-5ef2ee69bbb2', 1, NULL, '5361078a-023d-45da-a906-ba05a17c107f');
INSERT INTO [HoTroCovid].[dbo].[HoSo] (ID, IDCaNhan, IDNoiDungHoTro, IDDoiTuong, SoThang, SoTien, ThanhTien, IDThongTinHoTro, DaChi, NguoiTao) VALUES ('5c718ef3-7c58-4d32-a574-ac97d458fcc3', '5361078a-023d-45da-a906-ba05a17c107f', 1, NULL, 3, 1800000, 5400000, '518b4c10-5523-43a4-861a-5ef2ee69bbb2', 0, 'solaodong');
INSERT INTO [HoTroCovid].[dbo].[CaNhan] (ID, HoTen, GioiTinh, NgaySinh, CMND, SinhNam) VALUES ('1b47fbce-54f8-4820-9333-6679f8de8ca4', N'Trần Nạo Hận', 1, '1993-11-20', '215219622', 1993);
INSERT INTO [HoTroCovid].[dbo].[CaNhan_DoanhNghiep] (ID, IDDoanhNghiep, IDCaNhan, IDDoiTuong, NgheNghiep, DaTra50) VALUES ('68429a3b-70e4-41ee-8a34-c066c0d19adb', 'e49841c9-785e-405e-9bf6-c9e9638c10e4', '1b47fbce-54f8-4820-9333-6679f8de8ca4', NULL, N'CNCBHSĐL', null);
INSERT INTO [HoTroCovid].[dbo].[ThongTinHoTro] (ID, IDNoiDung, IDDoiTuong, IDCaNhan) VALUES ('644ef370-2ed1-417a-8a56-514a5f8ea4b8', 1, NULL, '1b47fbce-54f8-4820-9333-6679f8de8ca4');
INSERT INTO [HoTroCovid].[dbo].[HoSo] (ID, IDCaNhan, IDNoiDungHoTro, IDDoiTuong, SoThang, SoTien, ThanhTien, IDThongTinHoTro, DaChi, NguoiTao) VALUES ('674889c4-6a5f-4244-86d5-21c9f9e8de2f', '1b47fbce-54f8-4820-9333-6679f8de8ca4', 1, NULL, 3, 1800000, 5400000, '644ef370-2ed1-417a-8a56-514a5f8ea4b8', 0, 'solaodong');
INSERT INTO [HoTroCovid].[dbo].[CaNhan] (ID, HoTen, GioiTinh, NgaySinh, CMND, SinhNam) VALUES ('81ef0dc6-769b-42ea-b74f-c3353673342e', N'Cao Thanh Tú', 1, '1989-12-17', '215072619', 1989);
INSERT INTO [HoTroCovid].[dbo].[CaNhan_DoanhNghiep] (ID, IDDoanhNghiep, IDCaNhan, IDDoiTuong, NgheNghiep, DaTra50) VALUES ('e13ae6c7-6be8-4e30-b0f5-7fdcaf202fc4', 'e49841c9-785e-405e-9bf6-c9e9638c10e4', '81ef0dc6-769b-42ea-b74f-c3353673342e', NULL, N'Tổ phó Kho', null);
INSERT INTO [HoTroCovid].[dbo].[ThongTinHoTro] (ID, IDNoiDung, IDDoiTuong, IDCaNhan) VALUES ('807310f4-3a3a-452e-bb9b-250e263a6657', 1, NULL, '81ef0dc6-769b-42ea-b74f-c3353673342e');
INSERT INTO [HoTroCovid].[dbo].[HoSo] (ID, IDCaNhan, IDNoiDungHoTro, IDDoiTuong, SoThang, SoTien, ThanhTien, IDThongTinHoTro, DaChi, NguoiTao) VALUES ('f268e364-b73c-4944-b6dc-22d820cd873d', '81ef0dc6-769b-42ea-b74f-c3353673342e', 1, NULL, 3, 1800000, 5400000, '807310f4-3a3a-452e-bb9b-250e263a6657', 0, 'solaodong');
INSERT INTO [HoTroCovid].[dbo].[CaNhan] (ID, HoTen, GioiTinh, NgaySinh, CMND, SinhNam) VALUES ('8603d5ef-a863-46a4-9aff-0e20b627e90b', N'Trần Hữu Nghiệp', 1, '1989-08-02', '241113417', 1989);
INSERT INTO [HoTroCovid].[dbo].[CaNhan_DoanhNghiep] (ID, IDDoanhNghiep, IDCaNhan, IDDoiTuong, NgheNghiep, DaTra50) VALUES ('9041cbab-cbff-4278-9dc4-47d91b7dd753', 'e49841c9-785e-405e-9bf6-c9e9638c10e4', '8603d5ef-a863-46a4-9aff-0e20b627e90b', NULL, N'N/viên Thống kê', null);
INSERT INTO [HoTroCovid].[dbo].[ThongTinHoTro] (ID, IDNoiDung, IDDoiTuong, IDCaNhan) VALUES ('6836f622-9219-47a0-8b12-401c522a64ff', 1, NULL, '8603d5ef-a863-46a4-9aff-0e20b627e90b');
INSERT INTO [HoTroCovid].[dbo].[HoSo] (ID, IDCaNhan, IDNoiDungHoTro, IDDoiTuong, SoThang, SoTien, ThanhTien, IDThongTinHoTro, DaChi, NguoiTao) VALUES ('6d981c81-8049-4ce8-afe2-93c111d177c2', '8603d5ef-a863-46a4-9aff-0e20b627e90b', 1, NULL, 3, 1800000, 5400000, '6836f622-9219-47a0-8b12-401c522a64ff', 0, 'solaodong');
INSERT INTO [HoTroCovid].[dbo].[CaNhan] (ID, HoTen, GioiTinh, NgaySinh, CMND, SinhNam) VALUES ('d2904d6e-4061-4d12-9888-40882bc89d19', N'Trần Huệ Nhi', NULL, '1993-08-28', '215256952', 1993);
INSERT INTO [HoTroCovid].[dbo].[CaNhan_DoanhNghiep] (ID, IDDoanhNghiep, IDCaNhan, IDDoiTuong, NgheNghiep, DaTra50) VALUES ('4338f1ab-c350-4db6-8492-500415aaf845', 'e49841c9-785e-405e-9bf6-c9e9638c10e4', 'd2904d6e-4061-4d12-9888-40882bc89d19', NULL, N'N/viên Thống kê', null);
INSERT INTO [HoTroCovid].[dbo].[ThongTinHoTro] (ID, IDNoiDung, IDDoiTuong, IDCaNhan) VALUES ('18e399d8-aa26-42dc-b920-c5ee8cee4644', 1, NULL, 'd2904d6e-4061-4d12-9888-40882bc89d19');
INSERT INTO [HoTroCovid].[dbo].[HoSo] (ID, IDCaNhan, IDNoiDungHoTro, IDDoiTuong, SoThang, SoTien, ThanhTien, IDThongTinHoTro, DaChi, NguoiTao) VALUES ('47eb19eb-1d9a-453d-8ba5-3119c4500efe', 'd2904d6e-4061-4d12-9888-40882bc89d19', 1, NULL, 3, 1800000, 5400000, '18e399d8-aa26-42dc-b920-c5ee8cee4644', 0, 'solaodong');
INSERT INTO [HoTroCovid].[dbo].[CaNhan] (ID, HoTen, GioiTinh, NgaySinh, CMND, SinhNam) VALUES ('2ee6d3c6-1411-4be4-a294-58938642d78d', N'Nguyễn Thị Túc', NULL, '1965-04-17', '211077231', 1965);
INSERT INTO [HoTroCovid].[dbo].[CaNhan_DoanhNghiep] (ID, IDDoanhNghiep, IDCaNhan, IDDoiTuong, NgheNghiep, DaTra50) VALUES ('9886f2be-902e-4c98-8910-6aba7c65e8c5', 'e49841c9-785e-405e-9bf6-c9e9638c10e4', '2ee6d3c6-1411-4be4-a294-58938642d78d', NULL, N'CN giặt BHLĐ', null);
INSERT INTO [HoTroCovid].[dbo].[ThongTinHoTro] (ID, IDNoiDung, IDDoiTuong, IDCaNhan) VALUES ('2838c63a-22f9-47fb-8d3a-3f509d2b5b45', 1, NULL, '2ee6d3c6-1411-4be4-a294-58938642d78d');
INSERT INTO [HoTroCovid].[dbo].[HoSo] (ID, IDCaNhan, IDNoiDungHoTro, IDDoiTuong, SoThang, SoTien, ThanhTien, IDThongTinHoTro, DaChi, NguoiTao) VALUES ('ced5f06c-6ddc-4b7c-8b4b-51823bc6c154', '2ee6d3c6-1411-4be4-a294-58938642d78d', 1, NULL, 3, 1800000, 5400000, '2838c63a-22f9-47fb-8d3a-3f509d2b5b45', 0, 'solaodong');
INSERT INTO [HoTroCovid].[dbo].[CaNhan] (ID, HoTen, GioiTinh, NgaySinh, CMND, SinhNam) VALUES ('e8c90b7d-d96b-4849-8e76-6d00bd54538f', N'Võ Ngọc Sang', NULL, '1981-03-07', '211687760', 1981);
INSERT INTO [HoTroCovid].[dbo].[CaNhan_DoanhNghiep] (ID, IDDoanhNghiep, IDCaNhan, IDDoiTuong, NgheNghiep, DaTra50) VALUES ('9f1be10e-68eb-4474-b4c1-a989a1c685bb', 'e49841c9-785e-405e-9bf6-c9e9638c10e4', 'e8c90b7d-d96b-4849-8e76-6d00bd54538f', NULL, N'Tổ phó CĐL', null);
INSERT INTO [HoTroCovid].[dbo].[ThongTinHoTro] (ID, IDNoiDung, IDDoiTuong, IDCaNhan) VALUES ('d7764928-dbb5-4157-8ca7-a42cdbb85986', 1, NULL, 'e8c90b7d-d96b-4849-8e76-6d00bd54538f');
INSERT INTO [HoTroCovid].[dbo].[HoSo] (ID, IDCaNhan, IDNoiDungHoTro, IDDoiTuong, SoThang, SoTien, ThanhTien, IDThongTinHoTro, DaChi, NguoiTao) VALUES ('a6f79cba-ab6a-40a3-a718-262e2dc0fead', 'e8c90b7d-d96b-4849-8e76-6d00bd54538f', 1, NULL, 3, 1800000, 5400000, 'd7764928-dbb5-4157-8ca7-a42cdbb85986', 0, 'solaodong');
INSERT INTO [HoTroCovid].[dbo].[CaNhan] (ID, HoTen, GioiTinh, NgaySinh, CMND, SinhNam) VALUES ('f416eccb-8f65-4d2c-9fdb-161e823b35d4', N'Trần Duy Nhất', 1, '1976-11-30', '211620046', 1976);
INSERT INTO [HoTroCovid].[dbo].[CaNhan_DoanhNghiep] (ID, IDDoanhNghiep, IDCaNhan, IDDoiTuong, NgheNghiep, DaTra50) VALUES ('e5255124-344f-4316-bab9-1a159c655a18', 'e49841c9-785e-405e-9bf6-c9e9638c10e4', 'f416eccb-8f65-4d2c-9fdb-161e823b35d4', NULL, N'Thủ kho', null);
INSERT INTO [HoTroCovid].[dbo].[ThongTinHoTro] (ID, IDNoiDung, IDDoiTuong, IDCaNhan) VALUES ('726f7d88-c7d8-4bba-a3cb-3abd9c8354ee', 1, NULL, 'f416eccb-8f65-4d2c-9fdb-161e823b35d4');
INSERT INTO [HoTroCovid].[dbo].[HoSo] (ID, IDCaNhan, IDNoiDungHoTro, IDDoiTuong, SoThang, SoTien, ThanhTien, IDThongTinHoTro, DaChi, NguoiTao) VALUES ('8144921a-34a3-48f1-8b2f-96ed45ed4f92', 'f416eccb-8f65-4d2c-9fdb-161e823b35d4', 1, NULL, 3, 1800000, 5400000, '726f7d88-c7d8-4bba-a3cb-3abd9c8354ee', 0, 'solaodong');
INSERT INTO [HoTroCovid].[dbo].[CaNhan] (ID, HoTen, GioiTinh, NgaySinh, CMND, SinhNam) VALUES ('a0500370-d9da-4fe0-9d0c-f7c513afa01b', N'Nguyễn Huệ', 1, '1987-04-22', '215182581', 1987);
INSERT INTO [HoTroCovid].[dbo].[CaNhan_DoanhNghiep] (ID, IDDoanhNghiep, IDCaNhan, IDDoiTuong, NgheNghiep, DaTra50) VALUES ('30060755-df2d-4425-9b2c-7f79182a2168', 'e49841c9-785e-405e-9bf6-c9e9638c10e4', 'a0500370-d9da-4fe0-9d0c-f7c513afa01b', NULL, N'Tổ phó Kho', null);
INSERT INTO [HoTroCovid].[dbo].[ThongTinHoTro] (ID, IDNoiDung, IDDoiTuong, IDCaNhan) VALUES ('aa5b3148-5f2d-4b22-b8a3-1a870e1b91de', 1, NULL, 'a0500370-d9da-4fe0-9d0c-f7c513afa01b');
INSERT INTO [HoTroCovid].[dbo].[HoSo] (ID, IDCaNhan, IDNoiDungHoTro, IDDoiTuong, SoThang, SoTien, ThanhTien, IDThongTinHoTro, DaChi, NguoiTao) VALUES ('33aa6bfd-9cd1-49a3-8565-621731327f0b', 'a0500370-d9da-4fe0-9d0c-f7c513afa01b', 1, NULL, 3, 1800000, 5400000, 'aa5b3148-5f2d-4b22-b8a3-1a870e1b91de', 0, 'solaodong');
INSERT INTO [HoTroCovid].[dbo].[CaNhan] (ID, HoTen, GioiTinh, NgaySinh, CMND, SinhNam) VALUES ('c1357943-c34c-44aa-8943-8b67fe3222ab', N'Thái Văn Hoàng', 1, '1968-03-06', '211144899', 1968);
INSERT INTO [HoTroCovid].[dbo].[CaNhan_DoanhNghiep] (ID, IDDoanhNghiep, IDCaNhan, IDDoiTuong, NgheNghiep, DaTra50) VALUES ('98a31b67-cfab-49c0-8a5b-b18171f6a8cd', 'e49841c9-785e-405e-9bf6-c9e9638c10e4', 'c1357943-c34c-44aa-8943-8b67fe3222ab', NULL, N'Quản đốc NM', null);
INSERT INTO [HoTroCovid].[dbo].[ThongTinHoTro] (ID, IDNoiDung, IDDoiTuong, IDCaNhan) VALUES ('56960dff-ff2e-47ff-b4d5-e089bc15c4e6', 1, NULL, 'c1357943-c34c-44aa-8943-8b67fe3222ab');
INSERT INTO [HoTroCovid].[dbo].[HoSo] (ID, IDCaNhan, IDNoiDungHoTro, IDDoiTuong, SoThang, SoTien, ThanhTien, IDThongTinHoTro, DaChi, NguoiTao) VALUES ('bcd32b82-b5ac-4739-9adc-b284e134f5bc', 'c1357943-c34c-44aa-8943-8b67fe3222ab', 1, NULL, 3, 1800000, 5400000, '56960dff-ff2e-47ff-b4d5-e089bc15c4e6', 0, 'solaodong');
INSERT INTO [HoTroCovid].[dbo].[CaNhan] (ID, HoTen, GioiTinh, NgaySinh, CMND, SinhNam) VALUES ('73bdc732-6c7b-402f-8ecd-57c6299fbf43', N'Trần Văn Nguyên', 1, '1989-05-20', '215067540', 1989);
INSERT INTO [HoTroCovid].[dbo].[CaNhan_DoanhNghiep] (ID, IDDoanhNghiep, IDCaNhan, IDDoiTuong, NgheNghiep, DaTra50) VALUES ('30c2e96a-fd5f-4846-a7ff-f3f831fe2033', 'e49841c9-785e-405e-9bf6-c9e9638c10e4', '73bdc732-6c7b-402f-8ecd-57c6299fbf43', NULL, N'Tổ phó Kho', null);
INSERT INTO [HoTroCovid].[dbo].[ThongTinHoTro] (ID, IDNoiDung, IDDoiTuong, IDCaNhan) VALUES ('cbfe8451-24cf-41d7-9e07-2ffba6d964fb', 1, NULL, '73bdc732-6c7b-402f-8ecd-57c6299fbf43');
INSERT INTO [HoTroCovid].[dbo].[HoSo] (ID, IDCaNhan, IDNoiDungHoTro, IDDoiTuong, SoThang, SoTien, ThanhTien, IDThongTinHoTro, DaChi, NguoiTao) VALUES ('a8a0aa55-ba25-4ad9-b287-2407bd319024', '73bdc732-6c7b-402f-8ecd-57c6299fbf43', 1, NULL, 3, 1800000, 5400000, 'cbfe8451-24cf-41d7-9e07-2ffba6d964fb', 0, 'solaodong');
INSERT INTO [HoTroCovid].[dbo].[CaNhan] (ID, HoTen, GioiTinh, NgaySinh, CMND, SinhNam) VALUES ('5b23b214-e32a-4b5d-9f46-d90c96368ef4', N'Trần Minh Châu', 1, '1987-09-16', '211876704', 1987);
INSERT INTO [HoTroCovid].[dbo].[CaNhan_DoanhNghiep] (ID, IDDoanhNghiep, IDCaNhan, IDDoiTuong, NgheNghiep, DaTra50) VALUES ('c48192fc-e3a9-4c11-b3b2-20a4b25198eb', 'e49841c9-785e-405e-9bf6-c9e9638c10e4', '5b23b214-e32a-4b5d-9f46-d90c96368ef4', NULL, N'CNCBHSĐL', null);
INSERT INTO [HoTroCovid].[dbo].[ThongTinHoTro] (ID, IDNoiDung, IDDoiTuong, IDCaNhan) VALUES ('0f8d0003-0bb9-4874-8d73-62e146ddb3b3', 1, NULL, '5b23b214-e32a-4b5d-9f46-d90c96368ef4');
INSERT INTO [HoTroCovid].[dbo].[HoSo] (ID, IDCaNhan, IDNoiDungHoTro, IDDoiTuong, SoThang, SoTien, ThanhTien, IDThongTinHoTro, DaChi, NguoiTao) VALUES ('ca9f24e7-a404-4348-8b74-fac097b45840', '5b23b214-e32a-4b5d-9f46-d90c96368ef4', 1, NULL, 3, 1800000, 5400000, '0f8d0003-0bb9-4874-8d73-62e146ddb3b3', 0, 'solaodong');
INSERT INTO [HoTroCovid].[dbo].[CaNhan] (ID, HoTen, GioiTinh, NgaySinh, CMND, SinhNam) VALUES ('fb3039e2-9319-4443-a001-e26cdd618996', N'Lê Thị Quyết', NULL, '1982-03-09', '215276813', 1982);
INSERT INTO [HoTroCovid].[dbo].[CaNhan_DoanhNghiep] (ID, IDDoanhNghiep, IDCaNhan, IDDoiTuong, NgheNghiep, DaTra50) VALUES ('bb3d6f75-19d8-47cb-8d34-def90193cdf2', 'e49841c9-785e-405e-9bf6-c9e9638c10e4', 'fb3039e2-9319-4443-a001-e26cdd618996', NULL, N'N/viên KCS', null);
INSERT INTO [HoTroCovid].[dbo].[ThongTinHoTro] (ID, IDNoiDung, IDDoiTuong, IDCaNhan) VALUES ('33e377b8-184f-40a9-ad26-61670d93bdfe', 1, NULL, 'fb3039e2-9319-4443-a001-e26cdd618996');
INSERT INTO [HoTroCovid].[dbo].[HoSo] (ID, IDCaNhan, IDNoiDungHoTro, IDDoiTuong, SoThang, SoTien, ThanhTien, IDThongTinHoTro, DaChi, NguoiTao) VALUES ('a3e76ea4-8fb7-4559-8396-c1b0e303c748', 'fb3039e2-9319-4443-a001-e26cdd618996', 1, NULL, 3, 1800000, 5400000, '33e377b8-184f-40a9-ad26-61670d93bdfe', 0, 'solaodong');
INSERT INTO [HoTroCovid].[dbo].[CaNhan] (ID, HoTen, GioiTinh, NgaySinh, CMND, SinhNam) VALUES ('6e0519cf-6786-4217-8ab1-535e10d0bdfb', N'Trần Phụng', 1, '1986-01-10', '211892311', 1986);
INSERT INTO [HoTroCovid].[dbo].[CaNhan_DoanhNghiep] (ID, IDDoanhNghiep, IDCaNhan, IDDoiTuong, NgheNghiep, DaTra50) VALUES ('ca0a8e80-3ceb-4f73-b421-32b722909efa', 'e49841c9-785e-405e-9bf6-c9e9638c10e4', '6e0519cf-6786-4217-8ab1-535e10d0bdfb', NULL, N'CNCBHSĐL', null);
INSERT INTO [HoTroCovid].[dbo].[ThongTinHoTro] (ID, IDNoiDung, IDDoiTuong, IDCaNhan) VALUES ('9cc95cb4-469c-4112-9ecb-eca4f35ea853', 1, NULL, '6e0519cf-6786-4217-8ab1-535e10d0bdfb');
INSERT INTO [HoTroCovid].[dbo].[HoSo] (ID, IDCaNhan, IDNoiDungHoTro, IDDoiTuong, SoThang, SoTien, ThanhTien, IDThongTinHoTro, DaChi, NguoiTao) VALUES ('b2e013e7-41ab-4603-ba20-32a6d9744c07', '6e0519cf-6786-4217-8ab1-535e10d0bdfb', 1, NULL, 3, 1800000, 5400000, '9cc95cb4-469c-4112-9ecb-eca4f35ea853', 0, 'solaodong');
INSERT INTO [HoTroCovid].[dbo].[CaNhan] (ID, HoTen, GioiTinh, NgaySinh, CMND, SinhNam) VALUES ('2aa74d5a-8612-4306-952a-72f1d64229ad', N'Đặng Lê Thái', 1, '1990-03-29', '215101145', 1990);
INSERT INTO [HoTroCovid].[dbo].[CaNhan_DoanhNghiep] (ID, IDDoanhNghiep, IDCaNhan, IDDoiTuong, NgheNghiep, DaTra50) VALUES ('c1b5ddb9-bb01-498e-a888-7df6bd1bd307', 'e49841c9-785e-405e-9bf6-c9e9638c10e4', '2aa74d5a-8612-4306-952a-72f1d64229ad', NULL, N'CNCBHSĐL', null);
INSERT INTO [HoTroCovid].[dbo].[ThongTinHoTro] (ID, IDNoiDung, IDDoiTuong, IDCaNhan) VALUES ('8fc3bdff-1a7b-4ac7-8243-adcd39297fb3', 1, NULL, '2aa74d5a-8612-4306-952a-72f1d64229ad');
INSERT INTO [HoTroCovid].[dbo].[HoSo] (ID, IDCaNhan, IDNoiDungHoTro, IDDoiTuong, SoThang, SoTien, ThanhTien, IDThongTinHoTro, DaChi, NguoiTao) VALUES ('52176f0d-dd23-4516-af9d-7d3e796b9fce', '2aa74d5a-8612-4306-952a-72f1d64229ad', 1, NULL, 3, 1800000, 5400000, '8fc3bdff-1a7b-4ac7-8243-adcd39297fb3', 0, 'solaodong');
INSERT INTO [HoTroCovid].[dbo].[CaNhan] (ID, HoTen, GioiTinh, NgaySinh, CMND, SinhNam) VALUES ('38824d5a-a449-4bba-9677-9ae805e49547', N'Phan Nguyên Tín', 1, '1992-06-27', '215301065', 1992);
INSERT INTO [HoTroCovid].[dbo].[CaNhan_DoanhNghiep] (ID, IDDoanhNghiep, IDCaNhan, IDDoiTuong, NgheNghiep, DaTra50) VALUES ('ec6aa828-bfb3-48fe-815e-f975e6b80307', 'e49841c9-785e-405e-9bf6-c9e9638c10e4', '38824d5a-a449-4bba-9677-9ae805e49547', NULL, N'N/viên Thống kê', null);
INSERT INTO [HoTroCovid].[dbo].[ThongTinHoTro] (ID, IDNoiDung, IDDoiTuong, IDCaNhan) VALUES ('a9fa1367-2111-4900-949d-293fdc1fbd3a', 1, NULL, '38824d5a-a449-4bba-9677-9ae805e49547');
INSERT INTO [HoTroCovid].[dbo].[HoSo] (ID, IDCaNhan, IDNoiDungHoTro, IDDoiTuong, SoThang, SoTien, ThanhTien, IDThongTinHoTro, DaChi, NguoiTao) VALUES ('5f947925-221b-4db9-8d04-5288a9e81ca5', '38824d5a-a449-4bba-9677-9ae805e49547', 1, NULL, 3, 1800000, 5400000, 'a9fa1367-2111-4900-949d-293fdc1fbd3a', 0, 'solaodong');
INSERT INTO [HoTroCovid].[dbo].[CaNhan] (ID, HoTen, GioiTinh, NgaySinh, CMND, SinhNam) VALUES ('82f8b44b-56bf-4182-b418-2ebd1d23baec', N'Ngô Thị Thu Hà', NULL, '1973-11-04', '211702455', 1973);
INSERT INTO [HoTroCovid].[dbo].[CaNhan_DoanhNghiep] (ID, IDDoanhNghiep, IDCaNhan, IDDoiTuong, NgheNghiep, DaTra50) VALUES ('9d55c750-031d-4a6b-a300-de2d5db08ad3', 'e49841c9-785e-405e-9bf6-c9e9638c10e4', '82f8b44b-56bf-4182-b418-2ebd1d23baec', NULL, N'CN vệ sinh CN', null);
INSERT INTO [HoTroCovid].[dbo].[ThongTinHoTro] (ID, IDNoiDung, IDDoiTuong, IDCaNhan) VALUES ('4c8ce1fc-2b9f-4757-8d2f-ffc9df9cb166', 1, NULL, '82f8b44b-56bf-4182-b418-2ebd1d23baec');
INSERT INTO [HoTroCovid].[dbo].[HoSo] (ID, IDCaNhan, IDNoiDungHoTro, IDDoiTuong, SoThang, SoTien, ThanhTien, IDThongTinHoTro, DaChi, NguoiTao) VALUES ('252c894a-ce86-40cf-a136-c399591ab2c5', '82f8b44b-56bf-4182-b418-2ebd1d23baec', 1, NULL, 3, 1800000, 5400000, '4c8ce1fc-2b9f-4757-8d2f-ffc9df9cb166', 0, 'solaodong');
INSERT INTO [HoTroCovid].[dbo].[CaNhan] (ID, HoTen, GioiTinh, NgaySinh, CMND, SinhNam) VALUES ('4620448e-0562-4a7c-8967-e93164439c7c', N'Trần Thị Gái', NULL, '1971-07-06', '211304498', 1971);
INSERT INTO [HoTroCovid].[dbo].[CaNhan_DoanhNghiep] (ID, IDDoanhNghiep, IDCaNhan, IDDoiTuong, NgheNghiep, DaTra50) VALUES ('553206b3-b587-42be-991b-9ef25051311a', 'e49841c9-785e-405e-9bf6-c9e9638c10e4', '4620448e-0562-4a7c-8967-e93164439c7c', NULL, N'CN giặt BHLĐ', null);
INSERT INTO [HoTroCovid].[dbo].[ThongTinHoTro] (ID, IDNoiDung, IDDoiTuong, IDCaNhan) VALUES ('5222f506-88a3-4854-85c6-f3229489a8ea', 1, NULL, '4620448e-0562-4a7c-8967-e93164439c7c');
INSERT INTO [HoTroCovid].[dbo].[HoSo] (ID, IDCaNhan, IDNoiDungHoTro, IDDoiTuong, SoThang, SoTien, ThanhTien, IDThongTinHoTro, DaChi, NguoiTao) VALUES ('d0d44a70-1c99-442e-82d5-d00f261ed15f', '4620448e-0562-4a7c-8967-e93164439c7c', 1, NULL, 3, 1800000, 5400000, '5222f506-88a3-4854-85c6-f3229489a8ea', 0, 'solaodong');
INSERT INTO [HoTroCovid].[dbo].[CaNhan] (ID, HoTen, GioiTinh, NgaySinh, CMND, SinhNam) VALUES ('c10f46b4-313e-4798-b706-e68818d0c4ab', N'Nguyễn Thị Điểm', NULL, '1992-04-05', '215251326', 1992);
INSERT INTO [HoTroCovid].[dbo].[CaNhan_DoanhNghiep] (ID, IDDoanhNghiep, IDCaNhan, IDDoiTuong, NgheNghiep, DaTra50) VALUES ('6adf3496-572d-48e2-b5dc-4d208207afcc', 'e49841c9-785e-405e-9bf6-c9e9638c10e4', 'c10f46b4-313e-4798-b706-e68818d0c4ab', NULL, N'N/viên HACCP', null);
INSERT INTO [HoTroCovid].[dbo].[ThongTinHoTro] (ID, IDNoiDung, IDDoiTuong, IDCaNhan) VALUES ('0adfb91c-cd26-4e03-86d6-b866728035b7', 1, NULL, 'c10f46b4-313e-4798-b706-e68818d0c4ab');
INSERT INTO [HoTroCovid].[dbo].[HoSo] (ID, IDCaNhan, IDNoiDungHoTro, IDDoiTuong, SoThang, SoTien, ThanhTien, IDThongTinHoTro, DaChi, NguoiTao) VALUES ('167f54cb-63f3-40c1-8c41-443ba0d87073', 'c10f46b4-313e-4798-b706-e68818d0c4ab', 1, NULL, 3, 1800000, 5400000, '0adfb91c-cd26-4e03-86d6-b866728035b7', 0, 'solaodong');
INSERT INTO [HoTroCovid].[dbo].[CaNhan] (ID, HoTen, GioiTinh, NgaySinh, CMND, SinhNam) VALUES ('a2f56b1c-0b50-47c5-9e9c-a653608d3c01', N'Nguyễn Xuân Lộc', 1, '1991-11-03', '215231706', 1991);
INSERT INTO [HoTroCovid].[dbo].[CaNhan_DoanhNghiep] (ID, IDDoanhNghiep, IDCaNhan, IDDoiTuong, NgheNghiep, DaTra50) VALUES ('d66351fb-5ec2-4b77-8497-c419129c14bf', 'e49841c9-785e-405e-9bf6-c9e9638c10e4', 'a2f56b1c-0b50-47c5-9e9c-a653608d3c01', NULL, N'N/viên HACCP', null);
INSERT INTO [HoTroCovid].[dbo].[ThongTinHoTro] (ID, IDNoiDung, IDDoiTuong, IDCaNhan) VALUES ('a01d6538-7a2b-44ad-846b-1224630204d9', 1, NULL, 'a2f56b1c-0b50-47c5-9e9c-a653608d3c01');
INSERT INTO [HoTroCovid].[dbo].[HoSo] (ID, IDCaNhan, IDNoiDungHoTro, IDDoiTuong, SoThang, SoTien, ThanhTien, IDThongTinHoTro, DaChi, NguoiTao) VALUES ('6ec307d5-5086-4f48-9bb4-0867bdb29cb8', 'a2f56b1c-0b50-47c5-9e9c-a653608d3c01', 1, NULL, 3, 1800000, 5400000, 'a01d6538-7a2b-44ad-846b-1224630204d9', 0, 'solaodong');
INSERT INTO [HoTroCovid].[dbo].[CaNhan] (ID, HoTen, GioiTinh, NgaySinh, CMND, SinhNam) VALUES ('27ca6efa-c4b0-4771-b296-0df7c2ecfadf', N'Lê Thị Tranh', NULL, '1971-05-03', '211413102', 1971);
INSERT INTO [HoTroCovid].[dbo].[CaNhan_DoanhNghiep] (ID, IDDoanhNghiep, IDCaNhan, IDDoiTuong, NgheNghiep, DaTra50) VALUES ('9651cf7c-24bc-44d1-8dd4-b6d6f910c6ae', 'e49841c9-785e-405e-9bf6-c9e9638c10e4', '27ca6efa-c4b0-4771-b296-0df7c2ecfadf', NULL, N'CN vệ sinh CN', null);
INSERT INTO [HoTroCovid].[dbo].[ThongTinHoTro] (ID, IDNoiDung, IDDoiTuong, IDCaNhan) VALUES ('c45d1057-6a1c-4dc8-8d9c-7c8884ff3d06', 1, NULL, '27ca6efa-c4b0-4771-b296-0df7c2ecfadf');
INSERT INTO [HoTroCovid].[dbo].[HoSo] (ID, IDCaNhan, IDNoiDungHoTro, IDDoiTuong, SoThang, SoTien, ThanhTien, IDThongTinHoTro, DaChi, NguoiTao) VALUES ('53a7f868-c3df-430f-943f-bad360799b5a', '27ca6efa-c4b0-4771-b296-0df7c2ecfadf', 1, NULL, 3, 1800000, 5400000, 'c45d1057-6a1c-4dc8-8d9c-7c8884ff3d06', 0, 'solaodong');
INSERT INTO [HoTroCovid].[dbo].[CaNhan] (ID, HoTen, GioiTinh, NgaySinh, CMND, SinhNam) VALUES ('dd8a3b67-551d-49a0-a174-751b91cf5e6a', N'Đặng Hoàng Vũ', 1, '1995-07-15', '215351188', 1995);
INSERT INTO [HoTroCovid].[dbo].[CaNhan_DoanhNghiep] (ID, IDDoanhNghiep, IDCaNhan, IDDoiTuong, NgheNghiep, DaTra50) VALUES ('595a658e-bb57-4a6f-88ce-f1635b3707d7', 'e49841c9-785e-405e-9bf6-c9e9638c10e4', 'dd8a3b67-551d-49a0-a174-751b91cf5e6a', NULL, N'CNCBHSĐL', null);
INSERT INTO [HoTroCovid].[dbo].[ThongTinHoTro] (ID, IDNoiDung, IDDoiTuong, IDCaNhan) VALUES ('48f46ad6-0102-409a-a36d-7c5378898352', 1, NULL, 'dd8a3b67-551d-49a0-a174-751b91cf5e6a');
INSERT INTO [HoTroCovid].[dbo].[HoSo] (ID, IDCaNhan, IDNoiDungHoTro, IDDoiTuong, SoThang, SoTien, ThanhTien, IDThongTinHoTro, DaChi, NguoiTao) VALUES ('12a76481-6e99-4568-bb63-376f19468f3a', 'dd8a3b67-551d-49a0-a174-751b91cf5e6a', 1, NULL, 3, 1800000, 5400000, '48f46ad6-0102-409a-a36d-7c5378898352', 0, 'solaodong');
INSERT INTO [HoTroCovid].[dbo].[CaNhan] (ID, HoTen, GioiTinh, NgaySinh, CMND, SinhNam) VALUES ('a08d9536-ca6d-4af0-a9cb-2674c819c714', N'Mai Thị Thúy', NULL, '1977-01-24', '211520988', 1977);
INSERT INTO [HoTroCovid].[dbo].[CaNhan_DoanhNghiep] (ID, IDDoanhNghiep, IDCaNhan, IDDoiTuong, NgheNghiep, DaTra50) VALUES ('52861f4e-354c-4578-813c-4e0691e40b85', 'e49841c9-785e-405e-9bf6-c9e9638c10e4', 'a08d9536-ca6d-4af0-a9cb-2674c819c714', NULL, N'CNVS', null);
INSERT INTO [HoTroCovid].[dbo].[ThongTinHoTro] (ID, IDNoiDung, IDDoiTuong, IDCaNhan) VALUES ('df2a1178-449e-480e-a655-a3ba4b8af606', 1, NULL, 'a08d9536-ca6d-4af0-a9cb-2674c819c714');
INSERT INTO [HoTroCovid].[dbo].[HoSo] (ID, IDCaNhan, IDNoiDungHoTro, IDDoiTuong, SoThang, SoTien, ThanhTien, IDThongTinHoTro, DaChi, NguoiTao) VALUES ('fa5a5479-76c4-42af-b179-8abfaef100f8', 'a08d9536-ca6d-4af0-a9cb-2674c819c714', 1, NULL, 3, 1800000, 5400000, 'df2a1178-449e-480e-a655-a3ba4b8af606', 0, 'solaodong');
INSERT INTO [HoTroCovid].[dbo].[CaNhan] (ID, HoTen, GioiTinh, NgaySinh, CMND, SinhNam) VALUES ('a5f1580e-9fe3-4b86-b6b1-1004361a87de', N'Phạm Thị Ngọc Hân', NULL, '1984-02-02', '211894873', 1984);
INSERT INTO [HoTroCovid].[dbo].[CaNhan_DoanhNghiep] (ID, IDDoanhNghiep, IDCaNhan, IDDoiTuong, NgheNghiep, DaTra50) VALUES ('37bc3a82-d982-4636-987a-a88dfef46e50', 'e49841c9-785e-405e-9bf6-c9e9638c10e4', 'a5f1580e-9fe3-4b86-b6b1-1004361a87de', NULL, N'N/viên QL', null);
INSERT INTO [HoTroCovid].[dbo].[ThongTinHoTro] (ID, IDNoiDung, IDDoiTuong, IDCaNhan) VALUES ('83ddd487-4ad9-4c7b-8432-8f5711d5773f', 1, NULL, 'a5f1580e-9fe3-4b86-b6b1-1004361a87de');
INSERT INTO [HoTroCovid].[dbo].[HoSo] (ID, IDCaNhan, IDNoiDungHoTro, IDDoiTuong, SoThang, SoTien, ThanhTien, IDThongTinHoTro, DaChi, NguoiTao) VALUES ('97d0eb2f-1a16-4986-a48a-3f9958c25f64', 'a5f1580e-9fe3-4b86-b6b1-1004361a87de', 1, NULL, 3, 1800000, 5400000, '83ddd487-4ad9-4c7b-8432-8f5711d5773f', 0, 'solaodong');
INSERT INTO [HoTroCovid].[dbo].[CaNhan] (ID, HoTen, GioiTinh, NgaySinh, CMND, SinhNam) VALUES ('45783c57-0839-4144-9a4f-8563d2b2ec3e', N'Hồ Hiếu Nghĩa', 1, '1988-03-07', '215024373', 1988);
INSERT INTO [HoTroCovid].[dbo].[CaNhan_DoanhNghiep] (ID, IDDoanhNghiep, IDCaNhan, IDDoiTuong, NgheNghiep, DaTra50) VALUES ('4069431b-403f-4eac-9b4a-3692295cf920', 'e49841c9-785e-405e-9bf6-c9e9638c10e4', '45783c57-0839-4144-9a4f-8563d2b2ec3e', NULL, N'Ca phó ĐH', null);
INSERT INTO [HoTroCovid].[dbo].[ThongTinHoTro] (ID, IDNoiDung, IDDoiTuong, IDCaNhan) VALUES ('effddbf7-14b3-4eea-b3a3-49864cbb9bc0', 1, NULL, '45783c57-0839-4144-9a4f-8563d2b2ec3e');
INSERT INTO [HoTroCovid].[dbo].[HoSo] (ID, IDCaNhan, IDNoiDungHoTro, IDDoiTuong, SoThang, SoTien, ThanhTien, IDThongTinHoTro, DaChi, NguoiTao) VALUES ('2f96437b-6c14-422f-89c6-b963cc02b926', '45783c57-0839-4144-9a4f-8563d2b2ec3e', 1, NULL, 3, 1800000, 5400000, 'effddbf7-14b3-4eea-b3a3-49864cbb9bc0', 0, 'solaodong');
INSERT INTO [HoTroCovid].[dbo].[CaNhan] (ID, HoTen, GioiTinh, NgaySinh, CMND, SinhNam) VALUES ('dbe5bf80-fdf3-451d-a503-7223d7357884', N'Nguyễn Thị Thanh Nga', NULL, '1987-06-05', '215045117', 1987);
INSERT INTO [HoTroCovid].[dbo].[CaNhan_DoanhNghiep] (ID, IDDoanhNghiep, IDCaNhan, IDDoiTuong, NgheNghiep, DaTra50) VALUES ('6478d97f-12f5-462f-b4e1-0d8be2fc284f', 'e49841c9-785e-405e-9bf6-c9e9638c10e4', 'dbe5bf80-fdf3-451d-a503-7223d7357884', NULL, N'N/viên QL', null);
INSERT INTO [HoTroCovid].[dbo].[ThongTinHoTro] (ID, IDNoiDung, IDDoiTuong, IDCaNhan) VALUES ('ea0dc3bc-0440-4cf4-9f69-1e2185ca162f', 1, NULL, 'dbe5bf80-fdf3-451d-a503-7223d7357884');
INSERT INTO [HoTroCovid].[dbo].[HoSo] (ID, IDCaNhan, IDNoiDungHoTro, IDDoiTuong, SoThang, SoTien, ThanhTien, IDThongTinHoTro, DaChi, NguoiTao) VALUES ('dfa38281-8d44-4421-bce3-55b46609f23c', 'dbe5bf80-fdf3-451d-a503-7223d7357884', 1, NULL, 3, 1800000, 5400000, 'ea0dc3bc-0440-4cf4-9f69-1e2185ca162f', 0, 'solaodong');
INSERT INTO [HoTroCovid].[dbo].[CaNhan] (ID, HoTen, GioiTinh, NgaySinh, CMND, SinhNam) VALUES ('cdc46177-a786-4bfe-8fe4-196c647c1800', N'Phan Tấn Tài', NULL, '1995-09-04', '215357949', 1995);
INSERT INTO [HoTroCovid].[dbo].[CaNhan_DoanhNghiep] (ID, IDDoanhNghiep, IDCaNhan, IDDoiTuong, NgheNghiep, DaTra50) VALUES ('647a3353-0ce2-4357-a758-e9be12f6a848', 'e49841c9-785e-405e-9bf6-c9e9638c10e4', 'cdc46177-a786-4bfe-8fe4-196c647c1800', NULL, N'C/nhân CĐL', null);
INSERT INTO [HoTroCovid].[dbo].[ThongTinHoTro] (ID, IDNoiDung, IDDoiTuong, IDCaNhan) VALUES ('15ef7482-a54d-4eda-a4d4-c708fb5e0596', 1, NULL, 'cdc46177-a786-4bfe-8fe4-196c647c1800');
INSERT INTO [HoTroCovid].[dbo].[HoSo] (ID, IDCaNhan, IDNoiDungHoTro, IDDoiTuong, SoThang, SoTien, ThanhTien, IDThongTinHoTro, DaChi, NguoiTao) VALUES ('0e186306-47d8-4f38-8bce-bf3024dd2782', 'cdc46177-a786-4bfe-8fe4-196c647c1800', 1, NULL, 3, 1800000, 5400000, '15ef7482-a54d-4eda-a4d4-c708fb5e0596', 0, 'solaodong');
INSERT INTO [HoTroCovid].[dbo].[CaNhan] (ID, HoTen, GioiTinh, NgaySinh, CMND, SinhNam) VALUES ('799f9219-6620-478e-b124-19cb500670b8', N'Nguyễn Thị Thu Oanh', NULL, '1991-10-04', '264365048', 1991);
INSERT INTO [HoTroCovid].[dbo].[CaNhan_DoanhNghiep] (ID, IDDoanhNghiep, IDCaNhan, IDDoiTuong, NgheNghiep, DaTra50) VALUES ('11f5d6c4-abdc-4d3c-ada8-54b53d26cfce', 'e49841c9-785e-405e-9bf6-c9e9638c10e4', '799f9219-6620-478e-b124-19cb500670b8', NULL, N'N/Viên QL quẹt thẻ', null);
INSERT INTO [HoTroCovid].[dbo].[ThongTinHoTro] (ID, IDNoiDung, IDDoiTuong, IDCaNhan) VALUES ('2cbe6912-3797-49f1-8367-1c9c97d04c3e', 1, NULL, '799f9219-6620-478e-b124-19cb500670b8');
INSERT INTO [HoTroCovid].[dbo].[HoSo] (ID, IDCaNhan, IDNoiDungHoTro, IDDoiTuong, SoThang, SoTien, ThanhTien, IDThongTinHoTro, DaChi, NguoiTao) VALUES ('7fb6bbdd-c8ab-43bd-ba7c-884df071f546', '799f9219-6620-478e-b124-19cb500670b8', 1, NULL, 3, 1800000, 5400000, '2cbe6912-3797-49f1-8367-1c9c97d04c3e', 0, 'solaodong');
INSERT INTO [HoTroCovid].[dbo].[CaNhan] (ID, HoTen, GioiTinh, NgaySinh, CMND, SinhNam) VALUES ('ed1e25a3-4266-4bf4-90a7-fed8984dbca2', N'Võ Trọng Hùng', 1, '1987-07-10', '215078451', 1987);
INSERT INTO [HoTroCovid].[dbo].[CaNhan_DoanhNghiep] (ID, IDDoanhNghiep, IDCaNhan, IDDoiTuong, NgheNghiep, DaTra50) VALUES ('03091321-6fd9-47d0-a992-983b75325ef7', 'e49841c9-785e-405e-9bf6-c9e9638c10e4', 'ed1e25a3-4266-4bf4-90a7-fed8984dbca2', NULL, N'Tổ phó Kho', null);
INSERT INTO [HoTroCovid].[dbo].[ThongTinHoTro] (ID, IDNoiDung, IDDoiTuong, IDCaNhan) VALUES ('33d74c94-c75e-4c4d-be90-8beee0142038', 1, NULL, 'ed1e25a3-4266-4bf4-90a7-fed8984dbca2');
INSERT INTO [HoTroCovid].[dbo].[HoSo] (ID, IDCaNhan, IDNoiDungHoTro, IDDoiTuong, SoThang, SoTien, ThanhTien, IDThongTinHoTro, DaChi, NguoiTao) VALUES ('9a77a83e-17db-4bf1-a449-d648cfc44ed3', 'ed1e25a3-4266-4bf4-90a7-fed8984dbca2', 1, NULL, 3, 1800000, 5400000, '33d74c94-c75e-4c4d-be90-8beee0142038', 0, 'solaodong');
INSERT INTO [HoTroCovid].[dbo].[CaNhan] (ID, HoTen, GioiTinh, NgaySinh, CMND, SinhNam) VALUES ('2b73ff78-8e78-4e1c-a6d5-7ba527efc2cf', N'Lê Văn Hùng', 1, '1982-02-02', '211881004', 1982);
INSERT INTO [HoTroCovid].[dbo].[CaNhan_DoanhNghiep] (ID, IDDoanhNghiep, IDCaNhan, IDDoiTuong, NgheNghiep, DaTra50) VALUES ('72d62823-c536-44bb-9691-4274fad7e60e', 'e49841c9-785e-405e-9bf6-c9e9638c10e4', '2b73ff78-8e78-4e1c-a6d5-7ba527efc2cf', NULL, N'Tổ phó Kho', null);
INSERT INTO [HoTroCovid].[dbo].[ThongTinHoTro] (ID, IDNoiDung, IDDoiTuong, IDCaNhan) VALUES ('05967e04-2f9d-42d4-a781-9dd1fab8eec8', 1, NULL, '2b73ff78-8e78-4e1c-a6d5-7ba527efc2cf');
INSERT INTO [HoTroCovid].[dbo].[HoSo] (ID, IDCaNhan, IDNoiDungHoTro, IDDoiTuong, SoThang, SoTien, ThanhTien, IDThongTinHoTro, DaChi, NguoiTao) VALUES ('55498371-fd8c-4eff-884f-9c332704bc0e', '2b73ff78-8e78-4e1c-a6d5-7ba527efc2cf', 1, NULL, 3, 1800000, 5400000, '05967e04-2f9d-42d4-a781-9dd1fab8eec8', 0, 'solaodong');
INSERT INTO [HoTroCovid].[dbo].[CaNhan] (ID, HoTen, GioiTinh, NgaySinh, CMND, SinhNam) VALUES ('adc3e97c-803d-499a-9d96-408a6f354ac1', N'Nguyễn Thị Tuyết', NULL, '1961-07-16', '210506861', 1961);
INSERT INTO [HoTroCovid].[dbo].[CaNhan_DoanhNghiep] (ID, IDDoanhNghiep, IDCaNhan, IDDoiTuong, NgheNghiep, DaTra50) VALUES ('7992eadf-7686-4df7-9eed-00cfa40efa28', 'e49841c9-785e-405e-9bf6-c9e9638c10e4', 'adc3e97c-803d-499a-9d96-408a6f354ac1', NULL, N'CNVS', null);
INSERT INTO [HoTroCovid].[dbo].[ThongTinHoTro] (ID, IDNoiDung, IDDoiTuong, IDCaNhan) VALUES ('ddd630ef-1bb9-4d98-80fb-8d07199949e2', 1, NULL, 'adc3e97c-803d-499a-9d96-408a6f354ac1');
INSERT INTO [HoTroCovid].[dbo].[HoSo] (ID, IDCaNhan, IDNoiDungHoTro, IDDoiTuong, SoThang, SoTien, ThanhTien, IDThongTinHoTro, DaChi, NguoiTao) VALUES ('ab3081a1-21ed-4fa5-88f0-044e61057861', 'adc3e97c-803d-499a-9d96-408a6f354ac1', 1, NULL, 3, 1800000, 5400000, 'ddd630ef-1bb9-4d98-80fb-8d07199949e2', 0, 'solaodong');
INSERT INTO [HoTroCovid].[dbo].[CaNhan] (ID, HoTen, GioiTinh, NgaySinh, CMND, SinhNam) VALUES ('ab24c92d-af69-4a69-8ba6-0d2c3e76a724', N'Trần Thị Thanh Bình', NULL, '1976-05-19', '211521889', 1976);
INSERT INTO [HoTroCovid].[dbo].[CaNhan_DoanhNghiep] (ID, IDDoanhNghiep, IDCaNhan, IDDoiTuong, NgheNghiep, DaTra50) VALUES ('a6c7adc3-54d3-4637-8696-03e9e3b59327', 'e49841c9-785e-405e-9bf6-c9e9638c10e4', 'ab24c92d-af69-4a69-8ba6-0d2c3e76a724', NULL, N'CN vệ sinh CN', null);
INSERT INTO [HoTroCovid].[dbo].[ThongTinHoTro] (ID, IDNoiDung, IDDoiTuong, IDCaNhan) VALUES ('e0786794-a839-4868-89a6-9ed21c964f50', 1, NULL, 'ab24c92d-af69-4a69-8ba6-0d2c3e76a724');
INSERT INTO [HoTroCovid].[dbo].[HoSo] (ID, IDCaNhan, IDNoiDungHoTro, IDDoiTuong, SoThang, SoTien, ThanhTien, IDThongTinHoTro, DaChi, NguoiTao) VALUES ('4899f77b-5653-4a7a-b170-a1c3bcaa310b', 'ab24c92d-af69-4a69-8ba6-0d2c3e76a724', 1, NULL, 3, 1800000, 5400000, 'e0786794-a839-4868-89a6-9ed21c964f50', 0, 'solaodong');
INSERT INTO [HoTroCovid].[dbo].[CaNhan] (ID, HoTen, GioiTinh, NgaySinh, CMND, SinhNam) VALUES ('c1ec3692-d1a1-430e-a308-a2f8e656080c', N'Trần Thị Tuyết Trinh', NULL, '2000-04-07', '215493762', 2000);
INSERT INTO [HoTroCovid].[dbo].[CaNhan_DoanhNghiep] (ID, IDDoanhNghiep, IDCaNhan, IDDoiTuong, NgheNghiep, DaTra50) VALUES ('a176a5ad-36c9-4e15-8d80-92bb9c619513', '41e324fa-2a96-4769-8abf-ee78a2b0774c', 'c1ec3692-d1a1-430e-a308-a2f8e656080c', '8540ba47-a84e-46f0-a108-b16507bc412e', N'NV phục vụ', null);
INSERT INTO [HoTroCovid].[dbo].[ThongTinHoTro] (ID, IDNoiDung, IDDoiTuong, IDCaNhan) VALUES ('45ae04db-95ca-489b-ab1f-ea892cfad61c', 4, '8540ba47-a84e-46f0-a108-b16507bc412e', 'c1ec3692-d1a1-430e-a308-a2f8e656080c');
INSERT INTO [HoTroCovid].[dbo].[HoSo] (ID, IDCaNhan, IDNoiDungHoTro, IDDoiTuong, SoThang, SoTien, ThanhTien, IDThongTinHoTro, DaChi, NguoiTao) VALUES ('782528c0-810e-4892-9520-f4bc464db107', 'c1ec3692-d1a1-430e-a308-a2f8e656080c', 4, '8540ba47-a84e-46f0-a108-b16507bc412e', 3, 1000000, 3000000, '45ae04db-95ca-489b-ab1f-ea892cfad61c', 0, 'solaodong');
INSERT INTO [HoTroCovid].[dbo].[CaNhan] (ID, HoTen, GioiTinh, NgaySinh, CMND, SinhNam) VALUES ('01eee975-a6c9-4e49-bbbf-e55640a6939f', N'Lê Nguyễn Biên Thùy', NULL, '1982-04-29', '211809046', 1982);
INSERT INTO [HoTroCovid].[dbo].[CaNhan_DoanhNghiep] (ID, IDDoanhNghiep, IDCaNhan, IDDoiTuong, NgheNghiep, DaTra50) VALUES ('9b0ef458-fc5a-4081-9990-c1876b6efe77', 'e49841c9-785e-405e-9bf6-c9e9638c10e4', '01eee975-a6c9-4e49-bbbf-e55640a6939f', NULL, N'CN giặt BHLĐ', null);
INSERT INTO [HoTroCovid].[dbo].[ThongTinHoTro] (ID, IDNoiDung, IDDoiTuong, IDCaNhan) VALUES ('3bf78c90-740e-4c8d-81ae-f52bc793a729', 1, NULL, '01eee975-a6c9-4e49-bbbf-e55640a6939f');
INSERT INTO [HoTroCovid].[dbo].[HoSo] (ID, IDCaNhan, IDNoiDungHoTro, IDDoiTuong, SoThang, SoTien, ThanhTien, IDThongTinHoTro, DaChi, NguoiTao) VALUES ('8822c80a-1e07-433d-9105-5bfee2af7ce8', '01eee975-a6c9-4e49-bbbf-e55640a6939f', 1, NULL, 3, 1800000, 5400000, '3bf78c90-740e-4c8d-81ae-f52bc793a729', 0, 'solaodong');
INSERT INTO [HoTroCovid].[dbo].[CaNhan] (ID, HoTen, GioiTinh, NgaySinh, CMND, SinhNam) VALUES ('0f8be898-777f-49c0-81bb-8fce06651ffb', N'Đặng Trọng Việt', NULL, '1993-12-18', '215263623', 1993);
INSERT INTO [HoTroCovid].[dbo].[CaNhan_DoanhNghiep] (ID, IDDoanhNghiep, IDCaNhan, IDDoiTuong, NgheNghiep, DaTra50) VALUES ('dfecd583-7ba2-4dbf-bd92-e0d6227dbb4d', 'e49841c9-785e-405e-9bf6-c9e9638c10e4', '0f8be898-777f-49c0-81bb-8fce06651ffb', NULL, N'C/nhân CĐL', null);
INSERT INTO [HoTroCovid].[dbo].[ThongTinHoTro] (ID, IDNoiDung, IDDoiTuong, IDCaNhan) VALUES ('507f0cc7-5066-4510-a3d1-4309224975d8', 1, NULL, '0f8be898-777f-49c0-81bb-8fce06651ffb');
INSERT INTO [HoTroCovid].[dbo].[HoSo] (ID, IDCaNhan, IDNoiDungHoTro, IDDoiTuong, SoThang, SoTien, ThanhTien, IDThongTinHoTro, DaChi, NguoiTao) VALUES ('aeed6a95-5dd1-4ac7-8e15-a75adf01b1db', '0f8be898-777f-49c0-81bb-8fce06651ffb', 1, NULL, 3, 1800000, 5400000, '507f0cc7-5066-4510-a3d1-4309224975d8', 0, 'solaodong');
INSERT INTO [HoTroCovid].[dbo].[CaNhan] (ID, HoTen, GioiTinh, NgaySinh, CMND, SinhNam) VALUES ('3184f17b-2fbf-42e5-a155-b3fe7454a630', N'Lê Thị Hảo', NULL, '1975-04-12', '211462790', 1975);
INSERT INTO [HoTroCovid].[dbo].[CaNhan_DoanhNghiep] (ID, IDDoanhNghiep, IDCaNhan, IDDoiTuong, NgheNghiep, DaTra50) VALUES ('677945b0-db27-4786-aaf7-3cb9127a5236', 'e49841c9-785e-405e-9bf6-c9e9638c10e4', '3184f17b-2fbf-42e5-a155-b3fe7454a630', NULL, N'N/viên cấp dưỡng', null);
INSERT INTO [HoTroCovid].[dbo].[ThongTinHoTro] (ID, IDNoiDung, IDDoiTuong, IDCaNhan) VALUES ('cd1fdcf7-50b5-4ed9-9db6-8b5fae30d8fd', 1, NULL, '3184f17b-2fbf-42e5-a155-b3fe7454a630');
INSERT INTO [HoTroCovid].[dbo].[HoSo] (ID, IDCaNhan, IDNoiDungHoTro, IDDoiTuong, SoThang, SoTien, ThanhTien, IDThongTinHoTro, DaChi, NguoiTao) VALUES ('c48e4e2d-bfce-4798-965d-bb9e9c6e97db', '3184f17b-2fbf-42e5-a155-b3fe7454a630', 1, NULL, 3, 1800000, 5400000, 'cd1fdcf7-50b5-4ed9-9db6-8b5fae30d8fd', 0, 'solaodong');
INSERT INTO [HoTroCovid].[dbo].[CaNhan] (ID, HoTen, GioiTinh, NgaySinh, CMND, SinhNam) VALUES ('5c1cb519-5f72-4e58-ad67-3cc0d9877086', N'Đỗ Thị Mỹ Hảo', NULL, '2000-06-04', '215492162', 2000);
INSERT INTO [HoTroCovid].[dbo].[CaNhan_DoanhNghiep] (ID, IDDoanhNghiep, IDCaNhan, IDDoiTuong, NgheNghiep, DaTra50) VALUES ('873e5384-d7ff-43db-ad57-ac1283a7a08c', 'e49841c9-785e-405e-9bf6-c9e9638c10e4', '5c1cb519-5f72-4e58-ad67-3cc0d9877086', NULL, N'CNCBHSĐL', null);
INSERT INTO [HoTroCovid].[dbo].[ThongTinHoTro] (ID, IDNoiDung, IDDoiTuong, IDCaNhan) VALUES ('13a3220e-29af-4bb9-9c2c-d0f4bcca0720', 1, NULL, '5c1cb519-5f72-4e58-ad67-3cc0d9877086');
INSERT INTO [HoTroCovid].[dbo].[HoSo] (ID, IDCaNhan, IDNoiDungHoTro, IDDoiTuong, SoThang, SoTien, ThanhTien, IDThongTinHoTro, DaChi, NguoiTao) VALUES ('6779d74d-315a-48ba-a31f-d1f9e55df9e3', '5c1cb519-5f72-4e58-ad67-3cc0d9877086', 1, NULL, 3, 1800000, 5400000, '13a3220e-29af-4bb9-9c2c-d0f4bcca0720', 0, 'solaodong');
INSERT INTO [HoTroCovid].[dbo].[CaNhan] (ID, HoTen, GioiTinh, NgaySinh, CMND, SinhNam) VALUES ('401949ef-6dd3-4cbc-b403-5722480759f9', N'Huỳnh Văn Bảo - TP', 1, '1990-05-09', '215191901', 1990);
INSERT INTO [HoTroCovid].[dbo].[CaNhan_DoanhNghiep] (ID, IDDoanhNghiep, IDCaNhan, IDDoiTuong, NgheNghiep, DaTra50) VALUES ('cb7818ec-4c2c-4f1b-9a16-e30b93994799', 'e49841c9-785e-405e-9bf6-c9e9638c10e4', '401949ef-6dd3-4cbc-b403-5722480759f9', NULL, N'Tổ phó CB1', null);
INSERT INTO [HoTroCovid].[dbo].[ThongTinHoTro] (ID, IDNoiDung, IDDoiTuong, IDCaNhan) VALUES ('0b333fef-d370-4645-8628-2eb6647c8939', 1, NULL, '401949ef-6dd3-4cbc-b403-5722480759f9');
INSERT INTO [HoTroCovid].[dbo].[HoSo] (ID, IDCaNhan, IDNoiDungHoTro, IDDoiTuong, SoThang, SoTien, ThanhTien, IDThongTinHoTro, DaChi, NguoiTao) VALUES ('4cd73d30-4686-4086-9bae-0c67aed4c1c5', '401949ef-6dd3-4cbc-b403-5722480759f9', 1, NULL, 3, 1800000, 5400000, '0b333fef-d370-4645-8628-2eb6647c8939', 0, 'solaodong');
INSERT INTO [HoTroCovid].[dbo].[CaNhan] (ID, HoTen, GioiTinh, NgaySinh, CMND, SinhNam) VALUES ('57597d87-a494-41c7-b7e3-71b8aa3f4865', N'Nguyễn Thị Dương Tâm', NULL, '1977-06-02', '212044901', 1977);
INSERT INTO [HoTroCovid].[dbo].[CaNhan_DoanhNghiep] (ID, IDDoanhNghiep, IDCaNhan, IDDoiTuong, NgheNghiep, DaTra50) VALUES ('1e4ce546-98ad-4b0b-b09a-2545720c34c8', 'e49841c9-785e-405e-9bf6-c9e9638c10e4', '57597d87-a494-41c7-b7e3-71b8aa3f4865', NULL, N'CN vệ sinh CN', null);
INSERT INTO [HoTroCovid].[dbo].[ThongTinHoTro] (ID, IDNoiDung, IDDoiTuong, IDCaNhan) VALUES ('ae70e89a-6471-4919-a39c-976e16660498', 1, NULL, '57597d87-a494-41c7-b7e3-71b8aa3f4865');
INSERT INTO [HoTroCovid].[dbo].[HoSo] (ID, IDCaNhan, IDNoiDungHoTro, IDDoiTuong, SoThang, SoTien, ThanhTien, IDThongTinHoTro, DaChi, NguoiTao) VALUES ('96ffab69-8673-46d9-abf5-88a48e732122', '57597d87-a494-41c7-b7e3-71b8aa3f4865', 1, NULL, 3, 1800000, 5400000, 'ae70e89a-6471-4919-a39c-976e16660498', 0, 'solaodong');
INSERT INTO [HoTroCovid].[dbo].[CaNhan] (ID, HoTen, GioiTinh, NgaySinh, CMND, SinhNam) VALUES ('5d5585ac-72da-46c1-8e99-2f71c91c4385', N'Nguyễn Thị Bích Loan', NULL, '1975-10-02', '211592410', 1975);
INSERT INTO [HoTroCovid].[dbo].[CaNhan_DoanhNghiep] (ID, IDDoanhNghiep, IDCaNhan, IDDoiTuong, NgheNghiep, DaTra50) VALUES ('ea6a1bce-be01-4f42-8f3c-63b77ec02085', '41e324fa-2a96-4769-8abf-ee78a2b0774c', '5d5585ac-72da-46c1-8e99-2f71c91c4385', '8540ba47-a84e-46f0-a108-b16507bc412e', N'Tạp vụ', null);
INSERT INTO [HoTroCovid].[dbo].[ThongTinHoTro] (ID, IDNoiDung, IDDoiTuong, IDCaNhan) VALUES ('6af7b259-f86b-4757-8b07-e0d3290f175c', 4, '8540ba47-a84e-46f0-a108-b16507bc412e', '5d5585ac-72da-46c1-8e99-2f71c91c4385');
INSERT INTO [HoTroCovid].[dbo].[HoSo] (ID, IDCaNhan, IDNoiDungHoTro, IDDoiTuong, SoThang, SoTien, ThanhTien, IDThongTinHoTro, DaChi, NguoiTao) VALUES ('5a452fa8-6942-41b1-ace0-ede900cd3031', '5d5585ac-72da-46c1-8e99-2f71c91c4385', 4, '8540ba47-a84e-46f0-a108-b16507bc412e', 3, 1000000, 3000000, '6af7b259-f86b-4757-8b07-e0d3290f175c', 0, 'solaodong');
INSERT INTO [HoTroCovid].[dbo].[CaNhan] (ID, HoTen, GioiTinh, NgaySinh, CMND, SinhNam) VALUES ('f090c4c5-fedd-4fa3-87c4-8e121f951952', N'Nguyễn Thị Gái', NULL, '1979-04-25', '215527585', 1979);
INSERT INTO [HoTroCovid].[dbo].[CaNhan_DoanhNghiep] (ID, IDDoanhNghiep, IDCaNhan, IDDoiTuong, NgheNghiep, DaTra50) VALUES ('06da3cee-a079-4302-a562-35abc0aa3d0b', 'e49841c9-785e-405e-9bf6-c9e9638c10e4', 'f090c4c5-fedd-4fa3-87c4-8e121f951952', NULL, N'CN vệ sinh CN', null);
INSERT INTO [HoTroCovid].[dbo].[ThongTinHoTro] (ID, IDNoiDung, IDDoiTuong, IDCaNhan) VALUES ('911b0785-fde9-49a5-9562-d037d4a67abe', 1, NULL, 'f090c4c5-fedd-4fa3-87c4-8e121f951952');
INSERT INTO [HoTroCovid].[dbo].[HoSo] (ID, IDCaNhan, IDNoiDungHoTro, IDDoiTuong, SoThang, SoTien, ThanhTien, IDThongTinHoTro, DaChi, NguoiTao) VALUES ('7c761a81-b13b-4efe-90e5-ac0ae1d73d7b', 'f090c4c5-fedd-4fa3-87c4-8e121f951952', 1, NULL, 3, 1800000, 5400000, '911b0785-fde9-49a5-9562-d037d4a67abe', 0, 'solaodong');
INSERT INTO [HoTroCovid].[dbo].[CaNhan] (ID, HoTen, GioiTinh, NgaySinh, CMND, SinhNam) VALUES ('330a1708-d87d-4c60-8fb8-1ab5db12d277', N'Phạm Thị Hồng Oanh', NULL, '1962-11-20', '210507544', 1962);
INSERT INTO [HoTroCovid].[dbo].[CaNhan_DoanhNghiep] (ID, IDDoanhNghiep, IDCaNhan, IDDoiTuong, NgheNghiep, DaTra50) VALUES ('5c3ee6ed-f236-4d2b-997a-8978bc6d9168', 'e49841c9-785e-405e-9bf6-c9e9638c10e4', '330a1708-d87d-4c60-8fb8-1ab5db12d277', NULL, N'CN vệ sinh CN', null);
INSERT INTO [HoTroCovid].[dbo].[ThongTinHoTro] (ID, IDNoiDung, IDDoiTuong, IDCaNhan) VALUES ('0499b233-8283-4714-9298-028d9bbcfb0d', 1, NULL, '330a1708-d87d-4c60-8fb8-1ab5db12d277');
INSERT INTO [HoTroCovid].[dbo].[HoSo] (ID, IDCaNhan, IDNoiDungHoTro, IDDoiTuong, SoThang, SoTien, ThanhTien, IDThongTinHoTro, DaChi, NguoiTao) VALUES ('070e2760-4f02-4c8c-957b-b6d8b366a70b', '330a1708-d87d-4c60-8fb8-1ab5db12d277', 1, NULL, 3, 1800000, 5400000, '0499b233-8283-4714-9298-028d9bbcfb0d', 0, 'solaodong');
INSERT INTO [HoTroCovid].[dbo].[CaNhan] (ID, HoTen, GioiTinh, NgaySinh, CMND, SinhNam) VALUES ('7a22338e-e086-427c-b449-b88d2d50be8b', N'Võ Văn Nơi', 1, '2013-05-16', '215462412', 2013);
INSERT INTO [HoTroCovid].[dbo].[CaNhan_DoanhNghiep] (ID, IDDoanhNghiep, IDCaNhan, IDDoiTuong, NgheNghiep, DaTra50) VALUES ('29635d6f-987a-4a61-8da7-4697d7e790d2', '41e324fa-2a96-4769-8abf-ee78a2b0774c', '7a22338e-e086-427c-b449-b88d2d50be8b', '8540ba47-a84e-46f0-a108-b16507bc412e', N'NV phục vụ', null);
INSERT INTO [HoTroCovid].[dbo].[ThongTinHoTro] (ID, IDNoiDung, IDDoiTuong, IDCaNhan) VALUES ('1c6d76f0-b20c-4029-87f6-36eb7671b18d', 4, '8540ba47-a84e-46f0-a108-b16507bc412e', '7a22338e-e086-427c-b449-b88d2d50be8b');
INSERT INTO [HoTroCovid].[dbo].[HoSo] (ID, IDCaNhan, IDNoiDungHoTro, IDDoiTuong, SoThang, SoTien, ThanhTien, IDThongTinHoTro, DaChi, NguoiTao) VALUES ('edc4176c-1d19-4ce5-a008-7e7c97b2710a', '7a22338e-e086-427c-b449-b88d2d50be8b', 4, '8540ba47-a84e-46f0-a108-b16507bc412e', 3, 1000000, 3000000, '1c6d76f0-b20c-4029-87f6-36eb7671b18d', 0, 'solaodong');
INSERT INTO [HoTroCovid].[dbo].[CaNhan] (ID, HoTen, GioiTinh, NgaySinh, CMND, SinhNam) VALUES ('986792d9-5961-41f0-9a96-a77b76d0edc2', N'Võ Phúc Hậu', NULL, '1997-10-22', '215419920', 1997);
INSERT INTO [HoTroCovid].[dbo].[CaNhan_DoanhNghiep] (ID, IDDoanhNghiep, IDCaNhan, IDDoiTuong, NgheNghiep, DaTra50) VALUES ('dc31fc63-a3d0-4317-a741-c76130394fea', '41e324fa-2a96-4769-8abf-ee78a2b0774c', '986792d9-5961-41f0-9a96-a77b76d0edc2', '8540ba47-a84e-46f0-a108-b16507bc412e', N'NV phục vụ', null);
INSERT INTO [HoTroCovid].[dbo].[ThongTinHoTro] (ID, IDNoiDung, IDDoiTuong, IDCaNhan) VALUES ('d2b9ee0b-c2aa-4813-8157-c9ddf9276639', 4, '8540ba47-a84e-46f0-a108-b16507bc412e', '986792d9-5961-41f0-9a96-a77b76d0edc2');
INSERT INTO [HoTroCovid].[dbo].[HoSo] (ID, IDCaNhan, IDNoiDungHoTro, IDDoiTuong, SoThang, SoTien, ThanhTien, IDThongTinHoTro, DaChi, NguoiTao) VALUES ('0403f384-4590-4017-96ff-681233ae8c00', '986792d9-5961-41f0-9a96-a77b76d0edc2', 4, '8540ba47-a84e-46f0-a108-b16507bc412e', 3, 1000000, 3000000, 'd2b9ee0b-c2aa-4813-8157-c9ddf9276639', 0, 'solaodong');
INSERT INTO [HoTroCovid].[dbo].[CaNhan] (ID, HoTen, GioiTinh, NgaySinh, CMND, SinhNam) VALUES ('efb5ef1b-0f55-4c9f-bab2-6abe85638171', N'Võ Thành Hưng', 1, '1994-04-17', '215387877', 1994);
INSERT INTO [HoTroCovid].[dbo].[CaNhan_DoanhNghiep] (ID, IDDoanhNghiep, IDCaNhan, IDDoiTuong, NgheNghiep, DaTra50) VALUES ('7311915c-dfca-4fd5-98f5-1f82d9363ea1', '41e324fa-2a96-4769-8abf-ee78a2b0774c', 'efb5ef1b-0f55-4c9f-bab2-6abe85638171', '8540ba47-a84e-46f0-a108-b16507bc412e', N'NV bếp', null);
INSERT INTO [HoTroCovid].[dbo].[ThongTinHoTro] (ID, IDNoiDung, IDDoiTuong, IDCaNhan) VALUES ('900202dd-4330-4771-b34d-c180b7f7c48c', 4, '8540ba47-a84e-46f0-a108-b16507bc412e', 'efb5ef1b-0f55-4c9f-bab2-6abe85638171');
INSERT INTO [HoTroCovid].[dbo].[HoSo] (ID, IDCaNhan, IDNoiDungHoTro, IDDoiTuong, SoThang, SoTien, ThanhTien, IDThongTinHoTro, DaChi, NguoiTao) VALUES ('1ef334e5-1e2f-4d6b-835d-3dfb8db609c1', 'efb5ef1b-0f55-4c9f-bab2-6abe85638171', 4, '8540ba47-a84e-46f0-a108-b16507bc412e', 3, 1000000, 3000000, '900202dd-4330-4771-b34d-c180b7f7c48c', 0, 'solaodong');
INSERT INTO [HoTroCovid].[dbo].[CaNhan] (ID, HoTen, GioiTinh, NgaySinh, CMND, SinhNam) VALUES ('75cf1451-9e2e-49f4-be58-a502a321bc06', N'Nguyễn Thị Vi', NULL, '1998-09-07', '215487155', 1998);
INSERT INTO [HoTroCovid].[dbo].[CaNhan_DoanhNghiep] (ID, IDDoanhNghiep, IDCaNhan, IDDoiTuong, NgheNghiep, DaTra50) VALUES ('5de7a2df-a98d-4ff4-aaeb-91ee2d214f02', '41e324fa-2a96-4769-8abf-ee78a2b0774c', '75cf1451-9e2e-49f4-be58-a502a321bc06', '8540ba47-a84e-46f0-a108-b16507bc412e', N'NV phục vụ', null);
INSERT INTO [HoTroCovid].[dbo].[ThongTinHoTro] (ID, IDNoiDung, IDDoiTuong, IDCaNhan) VALUES ('7c7b6a9a-4004-498a-9c64-d64f29cd0d8a', 4, '8540ba47-a84e-46f0-a108-b16507bc412e', '75cf1451-9e2e-49f4-be58-a502a321bc06');
INSERT INTO [HoTroCovid].[dbo].[HoSo] (ID, IDCaNhan, IDNoiDungHoTro, IDDoiTuong, SoThang, SoTien, ThanhTien, IDThongTinHoTro, DaChi, NguoiTao) VALUES ('fe5ffec1-7802-4459-8839-15946814d6ab', '75cf1451-9e2e-49f4-be58-a502a321bc06', 4, '8540ba47-a84e-46f0-a108-b16507bc412e', 3, 1000000, 3000000, '7c7b6a9a-4004-498a-9c64-d64f29cd0d8a', 0, 'solaodong');
INSERT INTO [HoTroCovid].[dbo].[CaNhan] (ID, HoTen, GioiTinh, NgaySinh, CMND, SinhNam) VALUES ('08e02a5e-0810-4f90-89b9-c8da081f12c8', N'Nguyễn Trọng Hiếu', 1, '1995-12-09', '215303006', 1995);
INSERT INTO [HoTroCovid].[dbo].[CaNhan_DoanhNghiep] (ID, IDDoanhNghiep, IDCaNhan, IDDoiTuong, NgheNghiep, DaTra50) VALUES ('207585f7-ee1b-415d-9758-b9f9a3110e73', '8f68b99e-5018-4e4c-9fdb-8acedd7189fa', '08e02a5e-0810-4f90-89b9-c8da081f12c8', NULL, N'Nhân viên Hành lý', false);
INSERT INTO [HoTroCovid].[dbo].[ThongTinHoTro] (ID, IDNoiDung, IDDoiTuong, IDCaNhan) VALUES ('9aa4e0ed-47f0-494f-8512-223016522250', 1, NULL, '08e02a5e-0810-4f90-89b9-c8da081f12c8');
INSERT INTO [HoTroCovid].[dbo].[HoSo] (ID, IDCaNhan, IDNoiDungHoTro, IDDoiTuong, SoThang, SoTien, ThanhTien, IDThongTinHoTro, DaChi, NguoiTao) VALUES ('d787d5f5-b16b-4850-b973-5ae1e69d9665', '08e02a5e-0810-4f90-89b9-c8da081f12c8', 1, NULL, 3, 1800000, 5400000, '9aa4e0ed-47f0-494f-8512-223016522250', 0, 'solaodong');
INSERT INTO [HoTroCovid].[dbo].[CaNhan] (ID, HoTen, GioiTinh, NgaySinh, CMND, SinhNam) VALUES ('b6b149ad-8d61-4606-a876-2ae7e5b07660', N'Đỗ Sỹ Phong', 1, '2001-04-20', '215556536', 2001);
INSERT INTO [HoTroCovid].[dbo].[CaNhan_DoanhNghiep] (ID, IDDoanhNghiep, IDCaNhan, IDDoiTuong, NgheNghiep, DaTra50) VALUES ('f2f58c1a-80dd-49b5-8a30-f7be3f6ddb92', '41e324fa-2a96-4769-8abf-ee78a2b0774c', 'b6b149ad-8d61-4606-a876-2ae7e5b07660', '8540ba47-a84e-46f0-a108-b16507bc412e', N'NV phục vụ', null);
INSERT INTO [HoTroCovid].[dbo].[ThongTinHoTro] (ID, IDNoiDung, IDDoiTuong, IDCaNhan) VALUES ('3416ea14-cf39-43e7-8d3e-c536ab8f08dd', 4, '8540ba47-a84e-46f0-a108-b16507bc412e', 'b6b149ad-8d61-4606-a876-2ae7e5b07660');
INSERT INTO [HoTroCovid].[dbo].[HoSo] (ID, IDCaNhan, IDNoiDungHoTro, IDDoiTuong, SoThang, SoTien, ThanhTien, IDThongTinHoTro, DaChi, NguoiTao) VALUES ('b45bbe49-daf2-4aed-b160-51e0f6089ab2', 'b6b149ad-8d61-4606-a876-2ae7e5b07660', 4, '8540ba47-a84e-46f0-a108-b16507bc412e', 3, 1000000, 3000000, '3416ea14-cf39-43e7-8d3e-c536ab8f08dd', 0, 'solaodong');
INSERT INTO [HoTroCovid].[dbo].[CaNhan] (ID, HoTen, GioiTinh, NgaySinh, CMND, SinhNam) VALUES ('52b81529-1a3b-43cd-b5ba-fa9ba767b722', N'Nguyễn Thị Kim Hạnh', NULL, '1970-07-06', '211340626', 1970);
INSERT INTO [HoTroCovid].[dbo].[CaNhan_DoanhNghiep] (ID, IDDoanhNghiep, IDCaNhan, IDDoiTuong, NgheNghiep, DaTra50) VALUES ('fa917b3f-8446-43c2-a379-7d7c180f9c3f', '41e324fa-2a96-4769-8abf-ee78a2b0774c', '52b81529-1a3b-43cd-b5ba-fa9ba767b722', '8540ba47-a84e-46f0-a108-b16507bc412e', N'Tạp vụ', null);
INSERT INTO [HoTroCovid].[dbo].[ThongTinHoTro] (ID, IDNoiDung, IDDoiTuong, IDCaNhan) VALUES ('90805802-8949-45c8-9fa3-e95865c5a52c', 4, '8540ba47-a84e-46f0-a108-b16507bc412e', '52b81529-1a3b-43cd-b5ba-fa9ba767b722');
INSERT INTO [HoTroCovid].[dbo].[HoSo] (ID, IDCaNhan, IDNoiDungHoTro, IDDoiTuong, SoThang, SoTien, ThanhTien, IDThongTinHoTro, DaChi, NguoiTao) VALUES ('479e5cce-2284-4319-afcf-0b8698fdf278', '52b81529-1a3b-43cd-b5ba-fa9ba767b722', 4, '8540ba47-a84e-46f0-a108-b16507bc412e', 3, 1000000, 3000000, '90805802-8949-45c8-9fa3-e95865c5a52c', 0, 'solaodong');
INSERT INTO [HoTroCovid].[dbo].[CaNhan] (ID, HoTen, GioiTinh, NgaySinh, CMND, SinhNam) VALUES ('791c5a2e-df56-4044-806a-ed7593a7b929', N'Nguyễn Thanh Điểm', 1, '1993-06-20', '215250295', 1993);
INSERT INTO [HoTroCovid].[dbo].[CaNhan_DoanhNghiep] (ID, IDDoanhNghiep, IDCaNhan, IDDoiTuong, NgheNghiep, DaTra50) VALUES ('fca39cc7-3084-465d-aaf8-b6e9756554c2', 'e49841c9-785e-405e-9bf6-c9e9638c10e4', '791c5a2e-df56-4044-806a-ed7593a7b929', NULL, N'CNCBHSĐL', null);
INSERT INTO [HoTroCovid].[dbo].[ThongTinHoTro] (ID, IDNoiDung, IDDoiTuong, IDCaNhan) VALUES ('b0b9841d-4d3d-4af0-9b8b-0bfbde758018', 1, NULL, '791c5a2e-df56-4044-806a-ed7593a7b929');
INSERT INTO [HoTroCovid].[dbo].[HoSo] (ID, IDCaNhan, IDNoiDungHoTro, IDDoiTuong, SoThang, SoTien, ThanhTien, IDThongTinHoTro, DaChi, NguoiTao) VALUES ('51b48adb-cea3-4841-b1b4-c5a8d59982d9', '791c5a2e-df56-4044-806a-ed7593a7b929', 1, NULL, 3, 1800000, 5400000, 'b0b9841d-4d3d-4af0-9b8b-0bfbde758018', 0, 'solaodong');
INSERT INTO [HoTroCovid].[dbo].[CaNhan] (ID, HoTen, GioiTinh, NgaySinh, CMND, SinhNam) VALUES ('6bd672a1-381a-4dbe-ba30-817d7b873ace', N'Phạm Thị Xin', NULL, '1973-11-06', '211612039', 1973);
INSERT INTO [HoTroCovid].[dbo].[CaNhan_DoanhNghiep] (ID, IDDoanhNghiep, IDCaNhan, IDDoiTuong, NgheNghiep, DaTra50) VALUES ('31107065-2278-4101-a1f6-5677bde2731c', 'e49841c9-785e-405e-9bf6-c9e9638c10e4', '6bd672a1-381a-4dbe-ba30-817d7b873ace', NULL, N'CN vệ sinh CN', null);
INSERT INTO [HoTroCovid].[dbo].[ThongTinHoTro] (ID, IDNoiDung, IDDoiTuong, IDCaNhan) VALUES ('f615dcf5-674b-4bcd-8eb1-39f652e38cab', 1, NULL, '6bd672a1-381a-4dbe-ba30-817d7b873ace');
INSERT INTO [HoTroCovid].[dbo].[HoSo] (ID, IDCaNhan, IDNoiDungHoTro, IDDoiTuong, SoThang, SoTien, ThanhTien, IDThongTinHoTro, DaChi, NguoiTao) VALUES ('7d2fe4b2-e98e-470b-9380-a740c6b8dc19', '6bd672a1-381a-4dbe-ba30-817d7b873ace', 1, NULL, 3, 1800000, 5400000, 'f615dcf5-674b-4bcd-8eb1-39f652e38cab', 0, 'solaodong');
INSERT INTO [HoTroCovid].[dbo].[CaNhan] (ID, HoTen, GioiTinh, NgaySinh, CMND, SinhNam) VALUES ('80700545-415e-4a85-8e72-9edea5c77417', N'Ngô Thanh Hoàng', 1, '1987-08-04', '211888885', 1987);
INSERT INTO [HoTroCovid].[dbo].[CaNhan_DoanhNghiep] (ID, IDDoanhNghiep, IDCaNhan, IDDoiTuong, NgheNghiep, DaTra50) VALUES ('d92daa7d-bb4a-4329-8813-9e28df07bc0b', '8f68b99e-5018-4e4c-9fdb-8acedd7189fa', '80700545-415e-4a85-8e72-9edea5c77417', NULL, N'undefined', false);
INSERT INTO [HoTroCovid].[dbo].[ThongTinHoTro] (ID, IDNoiDung, IDDoiTuong, IDCaNhan) VALUES ('c1c4e518-3a85-449a-a807-fc3f4511b6d6', 1, NULL, '80700545-415e-4a85-8e72-9edea5c77417');
INSERT INTO [HoTroCovid].[dbo].[HoSo] (ID, IDCaNhan, IDNoiDungHoTro, IDDoiTuong, SoThang, SoTien, ThanhTien, IDThongTinHoTro, DaChi, NguoiTao) VALUES ('4c437929-2414-429a-bac9-0e1810609737', '80700545-415e-4a85-8e72-9edea5c77417', 1, NULL, 3, 1800000, 5400000, 'c1c4e518-3a85-449a-a807-fc3f4511b6d6', 0, 'solaodong');
INSERT INTO [HoTroCovid].[dbo].[CaNhan] (ID, HoTen, GioiTinh, NgaySinh, CMND, SinhNam) VALUES ('38faedb1-ab8a-4412-8ed2-ebca0d4c39be', N'Nguyễn Thanh Hằng', NULL, '1995-01-11', '215354367', 1995);
INSERT INTO [HoTroCovid].[dbo].[CaNhan_DoanhNghiep] (ID, IDDoanhNghiep, IDCaNhan, IDDoiTuong, NgheNghiep, DaTra50) VALUES ('788588dd-fb11-4445-ab6b-4bd09e0a005f', 'e49841c9-785e-405e-9bf6-c9e9638c10e4', '38faedb1-ab8a-4412-8ed2-ebca0d4c39be', NULL, N'CNCBHSĐL', null);
INSERT INTO [HoTroCovid].[dbo].[ThongTinHoTro] (ID, IDNoiDung, IDDoiTuong, IDCaNhan) VALUES ('0dc89b5a-95be-4a38-b17b-ed48415e1b6f', 1, NULL, '38faedb1-ab8a-4412-8ed2-ebca0d4c39be');
INSERT INTO [HoTroCovid].[dbo].[HoSo] (ID, IDCaNhan, IDNoiDungHoTro, IDDoiTuong, SoThang, SoTien, ThanhTien, IDThongTinHoTro, DaChi, NguoiTao) VALUES ('5096fb2c-d51e-456d-914f-56ae2fe47365', '38faedb1-ab8a-4412-8ed2-ebca0d4c39be', 1, NULL, 3, 1800000, 5400000, '0dc89b5a-95be-4a38-b17b-ed48415e1b6f', 0, 'solaodong');
INSERT INTO [HoTroCovid].[dbo].[CaNhan] (ID, HoTen, GioiTinh, NgaySinh, CMND, SinhNam) VALUES ('9cb79eb9-cd5b-4510-822a-f56cd85be27c', N'Trần Văn Đỏ', 1, '1995-02-10', '221359533', 1995);
INSERT INTO [HoTroCovid].[dbo].[CaNhan_DoanhNghiep] (ID, IDDoanhNghiep, IDCaNhan, IDDoiTuong, NgheNghiep, DaTra50) VALUES ('1824fe42-d8fd-424e-822c-a574af398b40', 'e49841c9-785e-405e-9bf6-c9e9638c10e4', '9cb79eb9-cd5b-4510-822a-f56cd85be27c', NULL, N'N/viên lái xe', null);
INSERT INTO [HoTroCovid].[dbo].[ThongTinHoTro] (ID, IDNoiDung, IDDoiTuong, IDCaNhan) VALUES ('3e201fc8-4a23-46ff-bbd7-af1a300b1f26', 1, NULL, '9cb79eb9-cd5b-4510-822a-f56cd85be27c');
INSERT INTO [HoTroCovid].[dbo].[HoSo] (ID, IDCaNhan, IDNoiDungHoTro, IDDoiTuong, SoThang, SoTien, ThanhTien, IDThongTinHoTro, DaChi, NguoiTao) VALUES ('1f3e7d7a-5388-4fd0-bbcc-e61efa0d2a02', '9cb79eb9-cd5b-4510-822a-f56cd85be27c', 1, NULL, 3, 1800000, 5400000, '3e201fc8-4a23-46ff-bbd7-af1a300b1f26', 0, 'solaodong');
INSERT INTO [HoTroCovid].[dbo].[CaNhan] (ID, HoTen, GioiTinh, NgaySinh, CMND, SinhNam) VALUES ('3ae590e0-b39d-4426-827e-a9de24a5c3f5', N'Phan Thị Thùy Duyên', NULL, '1999-05-15', '215452735', 1999);
INSERT INTO [HoTroCovid].[dbo].[CaNhan_DoanhNghiep] (ID, IDDoanhNghiep, IDCaNhan, IDDoiTuong, NgheNghiep, DaTra50) VALUES ('0e6cef3c-4873-4f84-8eaf-cf8c4134827b', 'e49841c9-785e-405e-9bf6-c9e9638c10e4', '3ae590e0-b39d-4426-827e-a9de24a5c3f5', NULL, N'CNCBHSĐL', null);
INSERT INTO [HoTroCovid].[dbo].[ThongTinHoTro] (ID, IDNoiDung, IDDoiTuong, IDCaNhan) VALUES ('4d759dc6-07b5-4482-bf40-822e631a19eb', 1, NULL, '3ae590e0-b39d-4426-827e-a9de24a5c3f5');
INSERT INTO [HoTroCovid].[dbo].[HoSo] (ID, IDCaNhan, IDNoiDungHoTro, IDDoiTuong, SoThang, SoTien, ThanhTien, IDThongTinHoTro, DaChi, NguoiTao) VALUES ('8a336108-44bd-4307-99c8-ac158554cfb8', '3ae590e0-b39d-4426-827e-a9de24a5c3f5', 1, NULL, 3, 1800000, 5400000, '4d759dc6-07b5-4482-bf40-822e631a19eb', 0, 'solaodong');
INSERT INTO [HoTroCovid].[dbo].[CaNhan] (ID, HoTen, GioiTinh, NgaySinh, CMND, SinhNam) VALUES ('8add79bf-844f-43b3-93a8-2de58f708d64', N'Nguyễn Thị Kim Loan', NULL, '1963-10-15', '210506027', 1963);
INSERT INTO [HoTroCovid].[dbo].[CaNhan_DoanhNghiep] (ID, IDDoanhNghiep, IDCaNhan, IDDoiTuong, NgheNghiep, DaTra50) VALUES ('60186891-8498-403f-ba44-c8966f22ecf3', 'e49841c9-785e-405e-9bf6-c9e9638c10e4', '8add79bf-844f-43b3-93a8-2de58f708d64', NULL, N'CN vệ sinh CN', null);
INSERT INTO [HoTroCovid].[dbo].[ThongTinHoTro] (ID, IDNoiDung, IDDoiTuong, IDCaNhan) VALUES ('84adb237-564f-4944-bdb0-623d7a207560', 1, NULL, '8add79bf-844f-43b3-93a8-2de58f708d64');
INSERT INTO [HoTroCovid].[dbo].[HoSo] (ID, IDCaNhan, IDNoiDungHoTro, IDDoiTuong, SoThang, SoTien, ThanhTien, IDThongTinHoTro, DaChi, NguoiTao) VALUES ('c61d40e3-4857-403f-9f4a-263baf8e71b9', '8add79bf-844f-43b3-93a8-2de58f708d64', 1, NULL, 3, 1800000, 5400000, '84adb237-564f-4944-bdb0-623d7a207560', 0, 'solaodong');
INSERT INTO [HoTroCovid].[dbo].[CaNhan] (ID, HoTen, GioiTinh, NgaySinh, CMND, SinhNam) VALUES ('c47091fd-15da-4daf-b74e-a7c9bb1f1ba4', N'Dương Tấn Đạt', 1, '1989-05-26', '215129743', 1989);
INSERT INTO [HoTroCovid].[dbo].[CaNhan_DoanhNghiep] (ID, IDDoanhNghiep, IDCaNhan, IDDoiTuong, NgheNghiep, DaTra50) VALUES ('f8edb93b-8ff4-4751-bd01-ea5c9510f070', 'e49841c9-785e-405e-9bf6-c9e9638c10e4', 'c47091fd-15da-4daf-b74e-a7c9bb1f1ba4', NULL, N'N/viên lái xe', null);
INSERT INTO [HoTroCovid].[dbo].[ThongTinHoTro] (ID, IDNoiDung, IDDoiTuong, IDCaNhan) VALUES ('1f40ee9c-90c0-4826-89b1-8d8633991b53', 1, NULL, 'c47091fd-15da-4daf-b74e-a7c9bb1f1ba4');
INSERT INTO [HoTroCovid].[dbo].[HoSo] (ID, IDCaNhan, IDNoiDungHoTro, IDDoiTuong, SoThang, SoTien, ThanhTien, IDThongTinHoTro, DaChi, NguoiTao) VALUES ('ef4f9a4f-a4dd-4a16-8b22-d426c7bf3b98', 'c47091fd-15da-4daf-b74e-a7c9bb1f1ba4', 1, NULL, 3, 1800000, 5400000, '1f40ee9c-90c0-4826-89b1-8d8633991b53', 0, 'solaodong');
INSERT INTO [HoTroCovid].[dbo].[CaNhan] (ID, HoTen, GioiTinh, NgaySinh, CMND, SinhNam) VALUES ('6121bc8f-e5c1-4226-bc4a-2aa24039eb6d', N'Phạm Thị Lên', NULL, '1984-10-06', '211896908', 1984);
INSERT INTO [HoTroCovid].[dbo].[CaNhan_DoanhNghiep] (ID, IDDoanhNghiep, IDCaNhan, IDDoiTuong, NgheNghiep, DaTra50) VALUES ('bee685de-cb3e-448a-9362-7dae57bf0b65', 'e49841c9-785e-405e-9bf6-c9e9638c10e4', '6121bc8f-e5c1-4226-bc4a-2aa24039eb6d', NULL, N'CNCBHSĐL', null);
INSERT INTO [HoTroCovid].[dbo].[ThongTinHoTro] (ID, IDNoiDung, IDDoiTuong, IDCaNhan) VALUES ('0fe1b53f-641c-4389-aa38-4dcaa8f0fee9', 1, NULL, '6121bc8f-e5c1-4226-bc4a-2aa24039eb6d');
INSERT INTO [HoTroCovid].[dbo].[HoSo] (ID, IDCaNhan, IDNoiDungHoTro, IDDoiTuong, SoThang, SoTien, ThanhTien, IDThongTinHoTro, DaChi, NguoiTao) VALUES ('7b059cbd-f81c-46b4-8764-531625eb698d', '6121bc8f-e5c1-4226-bc4a-2aa24039eb6d', 1, NULL, 3, 1800000, 5400000, '0fe1b53f-641c-4389-aa38-4dcaa8f0fee9', 0, 'solaodong');
INSERT INTO [HoTroCovid].[dbo].[CaNhan] (ID, HoTen, GioiTinh, NgaySinh, CMND, SinhNam) VALUES ('3bf74134-a19a-4165-b58f-625e07eac6ae', N'Trần Thị Tuyết Diễm', NULL, '1999-12-10', '215452749', 1999);
INSERT INTO [HoTroCovid].[dbo].[CaNhan_DoanhNghiep] (ID, IDDoanhNghiep, IDCaNhan, IDDoiTuong, NgheNghiep, DaTra50) VALUES ('183a0d20-e68e-4827-aa69-571cbf768cbe', 'e49841c9-785e-405e-9bf6-c9e9638c10e4', '3bf74134-a19a-4165-b58f-625e07eac6ae', NULL, N'CNCBHSĐL', null);
INSERT INTO [HoTroCovid].[dbo].[ThongTinHoTro] (ID, IDNoiDung, IDDoiTuong, IDCaNhan) VALUES ('7cc77e9e-8fd4-4f6b-91d3-69e97663099a', 1, NULL, '3bf74134-a19a-4165-b58f-625e07eac6ae');
INSERT INTO [HoTroCovid].[dbo].[HoSo] (ID, IDCaNhan, IDNoiDungHoTro, IDDoiTuong, SoThang, SoTien, ThanhTien, IDThongTinHoTro, DaChi, NguoiTao) VALUES ('444654e2-9974-4ae9-8106-ccab82a5a3f5', '3bf74134-a19a-4165-b58f-625e07eac6ae', 1, NULL, 3, 1800000, 5400000, '7cc77e9e-8fd4-4f6b-91d3-69e97663099a', 0, 'solaodong');
INSERT INTO [HoTroCovid].[dbo].[CaNhan] (ID, HoTen, GioiTinh, NgaySinh, CMND, SinhNam) VALUES ('b797c2f5-8bc9-4ca3-9276-cdc695704348', N'Huỳnh Văn Sĩ', 1, '1984-02-12', '211856493', 1984);
INSERT INTO [HoTroCovid].[dbo].[CaNhan_DoanhNghiep] (ID, IDDoanhNghiep, IDCaNhan, IDDoiTuong, NgheNghiep, DaTra50) VALUES ('aafa2382-12e5-4482-add0-037e7c1afb65', 'e49841c9-785e-405e-9bf6-c9e9638c10e4', 'b797c2f5-8bc9-4ca3-9276-cdc695704348', NULL, N'CNCBHSĐL', null);
INSERT INTO [HoTroCovid].[dbo].[ThongTinHoTro] (ID, IDNoiDung, IDDoiTuong, IDCaNhan) VALUES ('eb8841ca-21ae-48f0-977a-59ff233a5354', 1, NULL, 'b797c2f5-8bc9-4ca3-9276-cdc695704348');
INSERT INTO [HoTroCovid].[dbo].[HoSo] (ID, IDCaNhan, IDNoiDungHoTro, IDDoiTuong, SoThang, SoTien, ThanhTien, IDThongTinHoTro, DaChi, NguoiTao) VALUES ('abd5e8bd-298e-4fcb-bd8a-e4060ec4da9e', 'b797c2f5-8bc9-4ca3-9276-cdc695704348', 1, NULL, 3, 1800000, 5400000, 'eb8841ca-21ae-48f0-977a-59ff233a5354', 0, 'solaodong');
INSERT INTO [HoTroCovid].[dbo].[CaNhan] (ID, HoTen, GioiTinh, NgaySinh, CMND, SinhNam) VALUES ('25ccc9cf-3df2-4a2b-a448-13472bae7e85', N'Lưu Thị Mỹ Phượng', NULL, '1993-05-10', '215221280', 1993);
INSERT INTO [HoTroCovid].[dbo].[CaNhan_DoanhNghiep] (ID, IDDoanhNghiep, IDCaNhan, IDDoiTuong, NgheNghiep, DaTra50) VALUES ('c01a4269-6987-485a-86c3-9a32dff44da7', 'e49841c9-785e-405e-9bf6-c9e9638c10e4', '25ccc9cf-3df2-4a2b-a448-13472bae7e85', NULL, N'CNCBHSĐL', null);
INSERT INTO [HoTroCovid].[dbo].[ThongTinHoTro] (ID, IDNoiDung, IDDoiTuong, IDCaNhan) VALUES ('ba4508b9-55b5-4ab5-a036-edfecebe4f34', 1, NULL, '25ccc9cf-3df2-4a2b-a448-13472bae7e85');
INSERT INTO [HoTroCovid].[dbo].[HoSo] (ID, IDCaNhan, IDNoiDungHoTro, IDDoiTuong, SoThang, SoTien, ThanhTien, IDThongTinHoTro, DaChi, NguoiTao) VALUES ('558d7fa3-c10e-458d-a586-7b22fb17856e', '25ccc9cf-3df2-4a2b-a448-13472bae7e85', 1, NULL, 3, 1800000, 5400000, 'ba4508b9-55b5-4ab5-a036-edfecebe4f34', 0, 'solaodong');
INSERT INTO [HoTroCovid].[dbo].[CaNhan] (ID, HoTen, GioiTinh, NgaySinh, CMND, SinhNam) VALUES ('cd05e762-4297-4e2b-bac3-f39b86307464', N'Phạm Thị Tuyết Nga', NULL, '1986-03-07', '215477164', 1986);
INSERT INTO [HoTroCovid].[dbo].[CaNhan_DoanhNghiep] (ID, IDDoanhNghiep, IDCaNhan, IDDoiTuong, NgheNghiep, DaTra50) VALUES ('666df6ba-823b-4a69-8c14-8f266af37c26', 'e49841c9-785e-405e-9bf6-c9e9638c10e4', 'cd05e762-4297-4e2b-bac3-f39b86307464', NULL, N'Tổ phó HCK', null);
INSERT INTO [HoTroCovid].[dbo].[ThongTinHoTro] (ID, IDNoiDung, IDDoiTuong, IDCaNhan) VALUES ('cf4d0265-fffb-4ac5-b810-a9a7807a62e3', 1, NULL, 'cd05e762-4297-4e2b-bac3-f39b86307464');
INSERT INTO [HoTroCovid].[dbo].[HoSo] (ID, IDCaNhan, IDNoiDungHoTro, IDDoiTuong, SoThang, SoTien, ThanhTien, IDThongTinHoTro, DaChi, NguoiTao) VALUES ('68576d56-c900-4aef-9340-1ae33d45acb3', 'cd05e762-4297-4e2b-bac3-f39b86307464', 1, NULL, 3, 1800000, 5400000, 'cf4d0265-fffb-4ac5-b810-a9a7807a62e3', 0, 'solaodong');
INSERT INTO [HoTroCovid].[dbo].[CaNhan] (ID, HoTen, GioiTinh, NgaySinh, CMND, SinhNam) VALUES ('7ecfc914-9068-439f-abf8-18aac6ec0241', N'Phạm Thị Yến', NULL, '1998-10-16', '215410904', 1998);
INSERT INTO [HoTroCovid].[dbo].[CaNhan_DoanhNghiep] (ID, IDDoanhNghiep, IDCaNhan, IDDoiTuong, NgheNghiep, DaTra50) VALUES ('8023c0f0-a80d-4363-ad70-13011575ed0f', 'e49841c9-785e-405e-9bf6-c9e9638c10e4', '7ecfc914-9068-439f-abf8-18aac6ec0241', NULL, N'CNCBHSĐL', null);
INSERT INTO [HoTroCovid].[dbo].[ThongTinHoTro] (ID, IDNoiDung, IDDoiTuong, IDCaNhan) VALUES ('c946967c-596b-47a2-b198-99fa6d50e28f', 1, NULL, '7ecfc914-9068-439f-abf8-18aac6ec0241');
INSERT INTO [HoTroCovid].[dbo].[HoSo] (ID, IDCaNhan, IDNoiDungHoTro, IDDoiTuong, SoThang, SoTien, ThanhTien, IDThongTinHoTro, DaChi, NguoiTao) VALUES ('fa01e733-2bb1-48f1-a91c-dcdd6b320775', '7ecfc914-9068-439f-abf8-18aac6ec0241', 1, NULL, 3, 1800000, 5400000, 'c946967c-596b-47a2-b198-99fa6d50e28f', 0, 'solaodong');
INSERT INTO [HoTroCovid].[dbo].[CaNhan] (ID, HoTen, GioiTinh, NgaySinh, CMND, SinhNam) VALUES ('91cda982-ef67-4c4f-9b19-6e29dea3bdcb', N'Trương Địch Long', 1, '1993-09-08', '215197733', 1993);
INSERT INTO [HoTroCovid].[dbo].[CaNhan_DoanhNghiep] (ID, IDDoanhNghiep, IDCaNhan, IDDoiTuong, NgheNghiep, DaTra50) VALUES ('8620f685-8c66-43d0-9401-57a2cea4bfd9', 'e49841c9-785e-405e-9bf6-c9e9638c10e4', '91cda982-ef67-4c4f-9b19-6e29dea3bdcb', NULL, N'CNCBHSĐL', null);
INSERT INTO [HoTroCovid].[dbo].[ThongTinHoTro] (ID, IDNoiDung, IDDoiTuong, IDCaNhan) VALUES ('2539193c-14f1-41a9-a9d5-9c40408995e7', 1, NULL, '91cda982-ef67-4c4f-9b19-6e29dea3bdcb');
INSERT INTO [HoTroCovid].[dbo].[HoSo] (ID, IDCaNhan, IDNoiDungHoTro, IDDoiTuong, SoThang, SoTien, ThanhTien, IDThongTinHoTro, DaChi, NguoiTao) VALUES ('715d6ae9-2cf7-4b48-8625-b6c488c678ef', '91cda982-ef67-4c4f-9b19-6e29dea3bdcb', 1, NULL, 3, 1800000, 5400000, '2539193c-14f1-41a9-a9d5-9c40408995e7', 0, 'solaodong');
INSERT INTO [HoTroCovid].[dbo].[CaNhan] (ID, HoTen, GioiTinh, NgaySinh, CMND, SinhNam) VALUES ('56facff5-b460-4758-831d-9dad2a0c4e51', N'Huỳnh Văn Trọn', 1, '1984-04-11', '211856541', 1984);
INSERT INTO [HoTroCovid].[dbo].[CaNhan_DoanhNghiep] (ID, IDDoanhNghiep, IDCaNhan, IDDoiTuong, NgheNghiep, DaTra50) VALUES ('d388e518-73ed-40fc-8aaa-927b1290b431', 'e49841c9-785e-405e-9bf6-c9e9638c10e4', '56facff5-b460-4758-831d-9dad2a0c4e51', NULL, N'Nhóm trưởng vận hành', null);
INSERT INTO [HoTroCovid].[dbo].[ThongTinHoTro] (ID, IDNoiDung, IDDoiTuong, IDCaNhan) VALUES ('2c40533e-f216-44a4-8be6-c5d3f17ec46b', 1, NULL, '56facff5-b460-4758-831d-9dad2a0c4e51');
INSERT INTO [HoTroCovid].[dbo].[HoSo] (ID, IDCaNhan, IDNoiDungHoTro, IDDoiTuong, SoThang, SoTien, ThanhTien, IDThongTinHoTro, DaChi, NguoiTao) VALUES ('e13833d0-7d0e-4a9f-939b-ad15c471df7b', '56facff5-b460-4758-831d-9dad2a0c4e51', 1, NULL, 3, 1800000, 5400000, '2c40533e-f216-44a4-8be6-c5d3f17ec46b', 0, 'solaodong');
INSERT INTO [HoTroCovid].[dbo].[CaNhan] (ID, HoTen, GioiTinh, NgaySinh, CMND, SinhNam) VALUES ('f3659759-7f4e-42e6-8b6f-bd4710e0c73b', N'Phạm Thị Dự - TT', NULL, '1969-10-08', '211193290', 1969);
INSERT INTO [HoTroCovid].[dbo].[CaNhan_DoanhNghiep] (ID, IDDoanhNghiep, IDCaNhan, IDDoiTuong, NgheNghiep, DaTra50) VALUES ('200d4d9e-c8f4-4d4e-aba8-dfa85d7d5fc8', 'e49841c9-785e-405e-9bf6-c9e9638c10e4', 'f3659759-7f4e-42e6-8b6f-bd4710e0c73b', NULL, N'Tổ trưởng Cấp dưỡng', null);
INSERT INTO [HoTroCovid].[dbo].[ThongTinHoTro] (ID, IDNoiDung, IDDoiTuong, IDCaNhan) VALUES ('867652c4-3d1e-430b-82c6-8c9f256efb52', 1, NULL, 'f3659759-7f4e-42e6-8b6f-bd4710e0c73b');
INSERT INTO [HoTroCovid].[dbo].[HoSo] (ID, IDCaNhan, IDNoiDungHoTro, IDDoiTuong, SoThang, SoTien, ThanhTien, IDThongTinHoTro, DaChi, NguoiTao) VALUES ('495455a1-240d-404c-9327-7cb4f3f630ec', 'f3659759-7f4e-42e6-8b6f-bd4710e0c73b', 1, NULL, 3, 1800000, 5400000, '867652c4-3d1e-430b-82c6-8c9f256efb52', 0, 'solaodong');
INSERT INTO [HoTroCovid].[dbo].[CaNhan] (ID, HoTen, GioiTinh, NgaySinh, CMND, SinhNam) VALUES ('938c072e-78ac-4360-890b-6a6e73ea44ef', N'Lê Thị Hạ', NULL, '1998-10-01', '215457802', 1998);
INSERT INTO [HoTroCovid].[dbo].[CaNhan_DoanhNghiep] (ID, IDDoanhNghiep, IDCaNhan, IDDoiTuong, NgheNghiep, DaTra50) VALUES ('3e934e8a-267a-4be0-bc43-ad3f69e6900e', 'e49841c9-785e-405e-9bf6-c9e9638c10e4', '938c072e-78ac-4360-890b-6a6e73ea44ef', NULL, N'N/viên Thống kê', null);
INSERT INTO [HoTroCovid].[dbo].[ThongTinHoTro] (ID, IDNoiDung, IDDoiTuong, IDCaNhan) VALUES ('a05c25e8-4aea-45c4-81e3-13882272a1ef', 1, NULL, '938c072e-78ac-4360-890b-6a6e73ea44ef');
INSERT INTO [HoTroCovid].[dbo].[HoSo] (ID, IDCaNhan, IDNoiDungHoTro, IDDoiTuong, SoThang, SoTien, ThanhTien, IDThongTinHoTro, DaChi, NguoiTao) VALUES ('e709e868-a0be-4acc-a29e-b73362a99dee', '938c072e-78ac-4360-890b-6a6e73ea44ef', 1, NULL, 3, 1800000, 5400000, 'a05c25e8-4aea-45c4-81e3-13882272a1ef', 0, 'solaodong');
INSERT INTO [HoTroCovid].[dbo].[CaNhan] (ID, HoTen, GioiTinh, NgaySinh, CMND, SinhNam) VALUES ('75c21983-bb01-4351-9dbc-643827b3195f', N'Đinh Thị Tuyết Liên', NULL, '1987-03-04', '215409678', 1987);
INSERT INTO [HoTroCovid].[dbo].[CaNhan_DoanhNghiep] (ID, IDDoanhNghiep, IDCaNhan, IDDoiTuong, NgheNghiep, DaTra50) VALUES ('71155627-af82-41f8-b12a-fc520d0a80f5', 'e49841c9-785e-405e-9bf6-c9e9638c10e4', '75c21983-bb01-4351-9dbc-643827b3195f', NULL, N'CNCBHSĐL', null);
INSERT INTO [HoTroCovid].[dbo].[ThongTinHoTro] (ID, IDNoiDung, IDDoiTuong, IDCaNhan) VALUES ('8196b93c-129f-4a17-8e69-76e956682aaf', 1, NULL, '75c21983-bb01-4351-9dbc-643827b3195f');
INSERT INTO [HoTroCovid].[dbo].[HoSo] (ID, IDCaNhan, IDNoiDungHoTro, IDDoiTuong, SoThang, SoTien, ThanhTien, IDThongTinHoTro, DaChi, NguoiTao) VALUES ('4107c254-90c1-4eec-a30c-633feb8a3e35', '75c21983-bb01-4351-9dbc-643827b3195f', 1, NULL, 3, 1800000, 5400000, '8196b93c-129f-4a17-8e69-76e956682aaf', 0, 'solaodong');
INSERT INTO [HoTroCovid].[dbo].[CaNhan] (ID, HoTen, GioiTinh, NgaySinh, CMND, SinhNam) VALUES ('9159882f-3498-40a1-80a1-b00ce324c986', N'Phan Thanh Xuyên', 1, '1990-09-19', '215187085', 1990);
INSERT INTO [HoTroCovid].[dbo].[CaNhan_DoanhNghiep] (ID, IDDoanhNghiep, IDCaNhan, IDDoiTuong, NgheNghiep, DaTra50) VALUES ('f8bf19aa-22ed-4ae4-a2c3-defbbf96fd4e', 'e49841c9-785e-405e-9bf6-c9e9638c10e4', '9159882f-3498-40a1-80a1-b00ce324c986', NULL, N'N/viên HACCP', null);
INSERT INTO [HoTroCovid].[dbo].[ThongTinHoTro] (ID, IDNoiDung, IDDoiTuong, IDCaNhan) VALUES ('6a58ff0d-ec5d-4d36-bf8c-1d3044a5861e', 1, NULL, '9159882f-3498-40a1-80a1-b00ce324c986');
INSERT INTO [HoTroCovid].[dbo].[HoSo] (ID, IDCaNhan, IDNoiDungHoTro, IDDoiTuong, SoThang, SoTien, ThanhTien, IDThongTinHoTro, DaChi, NguoiTao) VALUES ('94c9b65f-cb5b-420a-bf50-e3d0cb2a3a84', '9159882f-3498-40a1-80a1-b00ce324c986', 1, NULL, 3, 1800000, 5400000, '6a58ff0d-ec5d-4d36-bf8c-1d3044a5861e', 0, 'solaodong');
INSERT INTO [HoTroCovid].[dbo].[CaNhan] (ID, HoTen, GioiTinh, NgaySinh, CMND, SinhNam) VALUES ('280ab4c4-e00a-47fb-a598-429263dcf82c', N'Trần Thanh Thông', 1, '1987-11-07', '215036512', 1987);
INSERT INTO [HoTroCovid].[dbo].[CaNhan_DoanhNghiep] (ID, IDDoanhNghiep, IDCaNhan, IDDoiTuong, NgheNghiep, DaTra50) VALUES ('23caee57-e5f1-43a5-9868-498ce0822c42', 'e49841c9-785e-405e-9bf6-c9e9638c10e4', '280ab4c4-e00a-47fb-a598-429263dcf82c', NULL, N'C/nhân CĐL', null);
INSERT INTO [HoTroCovid].[dbo].[ThongTinHoTro] (ID, IDNoiDung, IDDoiTuong, IDCaNhan) VALUES ('f822b021-d1b3-4d51-9354-e4f7c7932145', 1, NULL, '280ab4c4-e00a-47fb-a598-429263dcf82c');
INSERT INTO [HoTroCovid].[dbo].[HoSo] (ID, IDCaNhan, IDNoiDungHoTro, IDDoiTuong, SoThang, SoTien, ThanhTien, IDThongTinHoTro, DaChi, NguoiTao) VALUES ('0746a315-bfd7-4d77-be06-eaf6e18c8be0', '280ab4c4-e00a-47fb-a598-429263dcf82c', 1, NULL, 3, 1800000, 5400000, 'f822b021-d1b3-4d51-9354-e4f7c7932145', 0, 'solaodong');
INSERT INTO [HoTroCovid].[dbo].[CaNhan] (ID, HoTen, GioiTinh, NgaySinh, CMND, SinhNam) VALUES ('01b9699c-50e7-4bae-8f42-d28579374041', N'Nguyễn Thị Bông Hồng', NULL, '1993-01-22', '215270433', 1993);
INSERT INTO [HoTroCovid].[dbo].[CaNhan_DoanhNghiep] (ID, IDDoanhNghiep, IDCaNhan, IDDoiTuong, NgheNghiep, DaTra50) VALUES ('a7c2adfc-e288-4963-9c02-de09bf06bca8', 'e49841c9-785e-405e-9bf6-c9e9638c10e4', '01b9699c-50e7-4bae-8f42-d28579374041', NULL, N'N/viên Thống kê', null);
INSERT INTO [HoTroCovid].[dbo].[ThongTinHoTro] (ID, IDNoiDung, IDDoiTuong, IDCaNhan) VALUES ('cebfa5d0-8aa6-4b87-be42-a8dfe8eb9aff', 1, NULL, '01b9699c-50e7-4bae-8f42-d28579374041');
INSERT INTO [HoTroCovid].[dbo].[HoSo] (ID, IDCaNhan, IDNoiDungHoTro, IDDoiTuong, SoThang, SoTien, ThanhTien, IDThongTinHoTro, DaChi, NguoiTao) VALUES ('f79c4618-81ea-46d1-a164-628e180af8a0', '01b9699c-50e7-4bae-8f42-d28579374041', 1, NULL, 3, 1800000, 5400000, 'cebfa5d0-8aa6-4b87-be42-a8dfe8eb9aff', 0, 'solaodong');
INSERT INTO [HoTroCovid].[dbo].[CaNhan] (ID, HoTen, GioiTinh, NgaySinh, CMND, SinhNam) VALUES ('7a12149e-87b9-4103-b2e3-39b07b6e69df', N'Trần Thị Thúy Vân', NULL, '1992-02-02', '215215762', 1992);
INSERT INTO [HoTroCovid].[dbo].[CaNhan_DoanhNghiep] (ID, IDDoanhNghiep, IDCaNhan, IDDoiTuong, NgheNghiep, DaTra50) VALUES ('df83ff86-1765-45e2-9c30-dc18d715f55e', 'e49841c9-785e-405e-9bf6-c9e9638c10e4', '7a12149e-87b9-4103-b2e3-39b07b6e69df', NULL, N'CNCBHSĐL', null);
INSERT INTO [HoTroCovid].[dbo].[ThongTinHoTro] (ID, IDNoiDung, IDDoiTuong, IDCaNhan) VALUES ('ca73546a-c91f-4260-b816-320784281e55', 1, NULL, '7a12149e-87b9-4103-b2e3-39b07b6e69df');
INSERT INTO [HoTroCovid].[dbo].[HoSo] (ID, IDCaNhan, IDNoiDungHoTro, IDDoiTuong, SoThang, SoTien, ThanhTien, IDThongTinHoTro, DaChi, NguoiTao) VALUES ('349001b4-0361-4c53-831d-b882693a0819', '7a12149e-87b9-4103-b2e3-39b07b6e69df', 1, NULL, 3, 1800000, 5400000, 'ca73546a-c91f-4260-b816-320784281e55', 0, 'solaodong');
INSERT INTO [HoTroCovid].[dbo].[CaNhan] (ID, HoTen, GioiTinh, NgaySinh, CMND, SinhNam) VALUES ('1b9355ed-1425-43f4-9765-2e9859387955', N'Nguyễn Anh Quốc', 1, '1997-04-08', '215407109', 1997);
INSERT INTO [HoTroCovid].[dbo].[CaNhan_DoanhNghiep] (ID, IDDoanhNghiep, IDCaNhan, IDDoiTuong, NgheNghiep, DaTra50) VALUES ('0a0f5406-2814-4d77-9d95-afe839d861b1', 'e49841c9-785e-405e-9bf6-c9e9638c10e4', '1b9355ed-1425-43f4-9765-2e9859387955', NULL, N'N/viên HACCP', null);
INSERT INTO [HoTroCovid].[dbo].[ThongTinHoTro] (ID, IDNoiDung, IDDoiTuong, IDCaNhan) VALUES ('eb9500c0-f08e-47f5-8193-1c79b719c946', 1, NULL, '1b9355ed-1425-43f4-9765-2e9859387955');
INSERT INTO [HoTroCovid].[dbo].[HoSo] (ID, IDCaNhan, IDNoiDungHoTro, IDDoiTuong, SoThang, SoTien, ThanhTien, IDThongTinHoTro, DaChi, NguoiTao) VALUES ('7cde91f6-dc1f-4ae7-8a04-7d18cf08de69', '1b9355ed-1425-43f4-9765-2e9859387955', 1, NULL, 3, 1800000, 5400000, 'eb9500c0-f08e-47f5-8193-1c79b719c946', 0, 'solaodong');
INSERT INTO [HoTroCovid].[dbo].[CaNhan] (ID, HoTen, GioiTinh, NgaySinh, CMND, SinhNam) VALUES ('92160a1b-3f11-4c01-a49c-bdc8c3208e1b', N'La Quang Hoài Vũ', 1, '1989-04-01', '215182660', 1989);
INSERT INTO [HoTroCovid].[dbo].[CaNhan_DoanhNghiep] (ID, IDDoanhNghiep, IDCaNhan, IDDoiTuong, NgheNghiep, DaTra50) VALUES ('648e4587-beb1-497a-a009-538c30eb75a1', 'e49841c9-785e-405e-9bf6-c9e9638c10e4', '92160a1b-3f11-4c01-a49c-bdc8c3208e1b', NULL, N'N/viên HACCP', null);
INSERT INTO [HoTroCovid].[dbo].[ThongTinHoTro] (ID, IDNoiDung, IDDoiTuong, IDCaNhan) VALUES ('6ff87a58-f26a-429f-a418-5be76dbdb6ba', 1, NULL, '92160a1b-3f11-4c01-a49c-bdc8c3208e1b');
INSERT INTO [HoTroCovid].[dbo].[HoSo] (ID, IDCaNhan, IDNoiDungHoTro, IDDoiTuong, SoThang, SoTien, ThanhTien, IDThongTinHoTro, DaChi, NguoiTao) VALUES ('78c6ecf6-3f4d-429a-bf78-10b2b48b9519', '92160a1b-3f11-4c01-a49c-bdc8c3208e1b', 1, NULL, 3, 1800000, 5400000, '6ff87a58-f26a-429f-a418-5be76dbdb6ba', 0, 'solaodong');
INSERT INTO [HoTroCovid].[dbo].[CaNhan] (ID, HoTen, GioiTinh, NgaySinh, CMND, SinhNam) VALUES ('5f835883-94f0-45c7-a2eb-e280e7796bd3', N'Trần Mai Trang', NULL, '1980-11-11', '211637335', 1980);
INSERT INTO [HoTroCovid].[dbo].[CaNhan_DoanhNghiep] (ID, IDDoanhNghiep, IDCaNhan, IDDoiTuong, NgheNghiep, DaTra50) VALUES ('51a4cbba-31dd-4032-8403-d3182d93c1b2', 'e49841c9-785e-405e-9bf6-c9e9638c10e4', '5f835883-94f0-45c7-a2eb-e280e7796bd3', NULL, N'Phó Phòng TCHC', null);
INSERT INTO [HoTroCovid].[dbo].[ThongTinHoTro] (ID, IDNoiDung, IDDoiTuong, IDCaNhan) VALUES ('f03e86eb-eeea-4033-bb09-79eb0bb28a29', 1, NULL, '5f835883-94f0-45c7-a2eb-e280e7796bd3');
INSERT INTO [HoTroCovid].[dbo].[HoSo] (ID, IDCaNhan, IDNoiDungHoTro, IDDoiTuong, SoThang, SoTien, ThanhTien, IDThongTinHoTro, DaChi, NguoiTao) VALUES ('87a6d7d5-a334-4aac-b0ac-a46dc3afcfac', '5f835883-94f0-45c7-a2eb-e280e7796bd3', 1, NULL, 3, 1800000, 5400000, 'f03e86eb-eeea-4033-bb09-79eb0bb28a29', 0, 'solaodong');
INSERT INTO [HoTroCovid].[dbo].[CaNhan] (ID, HoTen, GioiTinh, NgaySinh, CMND, SinhNam) VALUES ('4f7b8541-cc30-4c6a-a41d-5666f768e329', N'Phạm Lý Gia Hân', NULL, '1996-12-01', '215261055', 1996);
INSERT INTO [HoTroCovid].[dbo].[CaNhan_DoanhNghiep] (ID, IDDoanhNghiep, IDCaNhan, IDDoiTuong, NgheNghiep, DaTra50) VALUES ('a3fce8ea-75b0-47f7-bec3-58bccadd5416', '41e324fa-2a96-4769-8abf-ee78a2b0774c', '4f7b8541-cc30-4c6a-a41d-5666f768e329', '8540ba47-a84e-46f0-a108-b16507bc412e', N'NV phục vụ', null);
INSERT INTO [HoTroCovid].[dbo].[ThongTinHoTro] (ID, IDNoiDung, IDDoiTuong, IDCaNhan) VALUES ('a89a9852-9b82-43f0-8c50-e72699ac3090', 4, '8540ba47-a84e-46f0-a108-b16507bc412e', '4f7b8541-cc30-4c6a-a41d-5666f768e329');
INSERT INTO [HoTroCovid].[dbo].[HoSo] (ID, IDCaNhan, IDNoiDungHoTro, IDDoiTuong, SoThang, SoTien, ThanhTien, IDThongTinHoTro, DaChi, NguoiTao) VALUES ('b819ff2d-d375-4d04-8a84-b01ab25710ce', '4f7b8541-cc30-4c6a-a41d-5666f768e329', 4, '8540ba47-a84e-46f0-a108-b16507bc412e', 3, 1000000, 3000000, 'a89a9852-9b82-43f0-8c50-e72699ac3090', 0, 'solaodong');
INSERT INTO [HoTroCovid].[dbo].[CaNhan] (ID, HoTen, GioiTinh, NgaySinh, CMND, SinhNam) VALUES ('a19e853f-24e3-4208-85ff-ea0fc8706a31', N'Phạm Quang Nhơn', 1, '1998-02-18', '215404809', 1998);
INSERT INTO [HoTroCovid].[dbo].[CaNhan_DoanhNghiep] (ID, IDDoanhNghiep, IDCaNhan, IDDoiTuong, NgheNghiep, DaTra50) VALUES ('bc9cda3a-d2c1-41f2-933b-c57bebf2454a', 'e49841c9-785e-405e-9bf6-c9e9638c10e4', 'a19e853f-24e3-4208-85ff-ea0fc8706a31', NULL, N'CNCBHSĐL', null);
INSERT INTO [HoTroCovid].[dbo].[ThongTinHoTro] (ID, IDNoiDung, IDDoiTuong, IDCaNhan) VALUES ('3db288cd-6fb9-4e22-8d05-b4a13519e213', 1, NULL, 'a19e853f-24e3-4208-85ff-ea0fc8706a31');
INSERT INTO [HoTroCovid].[dbo].[HoSo] (ID, IDCaNhan, IDNoiDungHoTro, IDDoiTuong, SoThang, SoTien, ThanhTien, IDThongTinHoTro, DaChi, NguoiTao) VALUES ('0e16ea9b-777c-4893-a8cf-6e7660e0955f', 'a19e853f-24e3-4208-85ff-ea0fc8706a31', 1, NULL, 3, 1800000, 5400000, '3db288cd-6fb9-4e22-8d05-b4a13519e213', 0, 'solaodong');
INSERT INTO [HoTroCovid].[dbo].[CaNhan] (ID, HoTen, GioiTinh, NgaySinh, CMND, SinhNam) VALUES ('4676ee01-ac06-4716-9697-e730d65f16a1', N'Võ Văn Mẫn', 1, '1987-10-15', '215060006', 1987);
INSERT INTO [HoTroCovid].[dbo].[CaNhan_DoanhNghiep] (ID, IDDoanhNghiep, IDCaNhan, IDDoiTuong, NgheNghiep, DaTra50) VALUES ('485b9d8a-b120-4be5-9a04-7341eaf1ecf6', 'e49841c9-785e-405e-9bf6-c9e9638c10e4', '4676ee01-ac06-4716-9697-e730d65f16a1', NULL, N'N/viên Thống kê', null);
INSERT INTO [HoTroCovid].[dbo].[ThongTinHoTro] (ID, IDNoiDung, IDDoiTuong, IDCaNhan) VALUES ('d1118a79-36d4-4802-ad4c-32c5427eec0b', 1, NULL, '4676ee01-ac06-4716-9697-e730d65f16a1');
INSERT INTO [HoTroCovid].[dbo].[HoSo] (ID, IDCaNhan, IDNoiDungHoTro, IDDoiTuong, SoThang, SoTien, ThanhTien, IDThongTinHoTro, DaChi, NguoiTao) VALUES ('a853ef24-a328-4fbf-b994-ea433b5cdc95', '4676ee01-ac06-4716-9697-e730d65f16a1', 1, NULL, 3, 1800000, 5400000, 'd1118a79-36d4-4802-ad4c-32c5427eec0b', 0, 'solaodong');
INSERT INTO [HoTroCovid].[dbo].[CaNhan] (ID, HoTen, GioiTinh, NgaySinh, CMND, SinhNam) VALUES ('a508951b-0974-4fc4-bfb0-4a9569c97dbb', N'Trịnh Quốc Toản', 1, '1975-04-13', '151339820', 1975);
INSERT INTO [HoTroCovid].[dbo].[CaNhan_DoanhNghiep] (ID, IDDoanhNghiep, IDCaNhan, IDDoiTuong, NgheNghiep, DaTra50) VALUES ('672b4153-3c34-4006-b49c-f5e4b0f98b1d', 'e49841c9-785e-405e-9bf6-c9e9638c10e4', 'a508951b-0974-4fc4-bfb0-4a9569c97dbb', NULL, N'Tổ trưởng lái xe', null);
INSERT INTO [HoTroCovid].[dbo].[ThongTinHoTro] (ID, IDNoiDung, IDDoiTuong, IDCaNhan) VALUES ('84fc688b-3bbd-413a-a66d-b16f8b40f382', 1, NULL, 'a508951b-0974-4fc4-bfb0-4a9569c97dbb');
INSERT INTO [HoTroCovid].[dbo].[HoSo] (ID, IDCaNhan, IDNoiDungHoTro, IDDoiTuong, SoThang, SoTien, ThanhTien, IDThongTinHoTro, DaChi, NguoiTao) VALUES ('aaf12f63-e9a9-499b-a1d1-8fe8fdfa5c06', 'a508951b-0974-4fc4-bfb0-4a9569c97dbb', 1, NULL, 3, 1800000, 5400000, '84fc688b-3bbd-413a-a66d-b16f8b40f382', 0, 'solaodong');
INSERT INTO [HoTroCovid].[dbo].[CaNhan] (ID, HoTen, GioiTinh, NgaySinh, CMND, SinhNam) VALUES ('4ba0d553-6f64-4350-8334-793a83af306a', N'Đỗ Công Thức', 1, '1988-02-10', '215187337', 1988);
INSERT INTO [HoTroCovid].[dbo].[CaNhan_DoanhNghiep] (ID, IDDoanhNghiep, IDCaNhan, IDDoiTuong, NgheNghiep, DaTra50) VALUES ('52afa2d1-284c-499a-9c86-d501d9b25077', 'e49841c9-785e-405e-9bf6-c9e9638c10e4', '4ba0d553-6f64-4350-8334-793a83af306a', NULL, N'CNCBHSĐL', null);
INSERT INTO [HoTroCovid].[dbo].[ThongTinHoTro] (ID, IDNoiDung, IDDoiTuong, IDCaNhan) VALUES ('2ce09a3c-1eab-43d2-819b-70d7c08ce538', 1, NULL, '4ba0d553-6f64-4350-8334-793a83af306a');
INSERT INTO [HoTroCovid].[dbo].[HoSo] (ID, IDCaNhan, IDNoiDungHoTro, IDDoiTuong, SoThang, SoTien, ThanhTien, IDThongTinHoTro, DaChi, NguoiTao) VALUES ('5272053d-5d82-4021-80d1-d4d9815bd2d8', '4ba0d553-6f64-4350-8334-793a83af306a', 1, NULL, 3, 1800000, 5400000, '2ce09a3c-1eab-43d2-819b-70d7c08ce538', 0, 'solaodong');
INSERT INTO [HoTroCovid].[dbo].[CaNhan] (ID, HoTen, GioiTinh, NgaySinh, CMND, SinhNam) VALUES ('5804ce29-2f98-4eab-9d4a-8bbef1cf9343', N'Tô Thị Ngọc Nhi', NULL, '1984-04-26', '211840919', 1984);
INSERT INTO [HoTroCovid].[dbo].[CaNhan_DoanhNghiep] (ID, IDDoanhNghiep, IDCaNhan, IDDoiTuong, NgheNghiep, DaTra50) VALUES ('cd188904-d80c-4704-888f-f33f29101a92', 'e49841c9-785e-405e-9bf6-c9e9638c10e4', '5804ce29-2f98-4eab-9d4a-8bbef1cf9343', NULL, N'N/viên HACCP', null);
INSERT INTO [HoTroCovid].[dbo].[ThongTinHoTro] (ID, IDNoiDung, IDDoiTuong, IDCaNhan) VALUES ('a846be3d-2e12-4e23-8fe5-779c0d95bf04', 1, NULL, '5804ce29-2f98-4eab-9d4a-8bbef1cf9343');
INSERT INTO [HoTroCovid].[dbo].[HoSo] (ID, IDCaNhan, IDNoiDungHoTro, IDDoiTuong, SoThang, SoTien, ThanhTien, IDThongTinHoTro, DaChi, NguoiTao) VALUES ('25876ad8-ff50-4e18-bcd7-7d33caef7d1a', '5804ce29-2f98-4eab-9d4a-8bbef1cf9343', 1, NULL, 3, 1800000, 5400000, 'a846be3d-2e12-4e23-8fe5-779c0d95bf04', 0, 'solaodong');
INSERT INTO [HoTroCovid].[dbo].[CaNhan] (ID, HoTen, GioiTinh, NgaySinh, CMND, SinhNam) VALUES ('eac24298-4581-457f-9c38-ee005790ed53', N'Võ Sĩ Hải', 1, '1996-10-02', '215465972', 1996);
INSERT INTO [HoTroCovid].[dbo].[CaNhan_DoanhNghiep] (ID, IDDoanhNghiep, IDCaNhan, IDDoiTuong, NgheNghiep, DaTra50) VALUES ('d6ee1d9c-06ed-4501-bc0a-98976d948d2e', 'e49841c9-785e-405e-9bf6-c9e9638c10e4', 'eac24298-4581-457f-9c38-ee005790ed53', NULL, N'CNCBHSĐL', null);
INSERT INTO [HoTroCovid].[dbo].[ThongTinHoTro] (ID, IDNoiDung, IDDoiTuong, IDCaNhan) VALUES ('b2901cce-32ea-4e1e-a5fb-02919eb96322', 1, NULL, 'eac24298-4581-457f-9c38-ee005790ed53');
INSERT INTO [HoTroCovid].[dbo].[HoSo] (ID, IDCaNhan, IDNoiDungHoTro, IDDoiTuong, SoThang, SoTien, ThanhTien, IDThongTinHoTro, DaChi, NguoiTao) VALUES ('2c06ba6f-a79c-48f5-a748-fa6ad8067ce7', 'eac24298-4581-457f-9c38-ee005790ed53', 1, NULL, 3, 1800000, 5400000, 'b2901cce-32ea-4e1e-a5fb-02919eb96322', 0, 'solaodong');
INSERT INTO [HoTroCovid].[dbo].[CaNhan] (ID, HoTen, GioiTinh, NgaySinh, CMND, SinhNam) VALUES ('73d73f97-7602-431b-a983-fbe7607fd97c', N'Trần Quang Sơn', 1, '1994-03-14', '215317398', 1994);
INSERT INTO [HoTroCovid].[dbo].[CaNhan_DoanhNghiep] (ID, IDDoanhNghiep, IDCaNhan, IDDoiTuong, NgheNghiep, DaTra50) VALUES ('f1662e4f-994f-4018-a3be-c477d5051bda', 'e49841c9-785e-405e-9bf6-c9e9638c10e4', '73d73f97-7602-431b-a983-fbe7607fd97c', NULL, N'C/nhân CĐL', null);
INSERT INTO [HoTroCovid].[dbo].[ThongTinHoTro] (ID, IDNoiDung, IDDoiTuong, IDCaNhan) VALUES ('0338da56-573d-4002-ada2-bc7fa48fe323', 1, NULL, '73d73f97-7602-431b-a983-fbe7607fd97c');
INSERT INTO [HoTroCovid].[dbo].[HoSo] (ID, IDCaNhan, IDNoiDungHoTro, IDDoiTuong, SoThang, SoTien, ThanhTien, IDThongTinHoTro, DaChi, NguoiTao) VALUES ('d7d8ffa2-51f2-4336-ae5d-dcf9676be9d2', '73d73f97-7602-431b-a983-fbe7607fd97c', 1, NULL, 3, 1800000, 5400000, '0338da56-573d-4002-ada2-bc7fa48fe323', 0, 'solaodong');
INSERT INTO [HoTroCovid].[dbo].[CaNhan] (ID, HoTen, GioiTinh, NgaySinh, CMND, SinhNam) VALUES ('581c8d20-86f5-4850-844d-9f2cd2069437', N'Nguyễn Thị Nguyệt', NULL, '1976-04-10', '211517666', 1976);
INSERT INTO [HoTroCovid].[dbo].[CaNhan_DoanhNghiep] (ID, IDDoanhNghiep, IDCaNhan, IDDoiTuong, NgheNghiep, DaTra50) VALUES ('4ce265d7-9334-4734-9244-21268867b6ba', 'e49841c9-785e-405e-9bf6-c9e9638c10e4', '581c8d20-86f5-4850-844d-9f2cd2069437', NULL, N'Tổ phó HCK', null);
INSERT INTO [HoTroCovid].[dbo].[ThongTinHoTro] (ID, IDNoiDung, IDDoiTuong, IDCaNhan) VALUES ('0883e7ed-5a12-4874-aa4c-f76935d0aaa2', 1, NULL, '581c8d20-86f5-4850-844d-9f2cd2069437');
INSERT INTO [HoTroCovid].[dbo].[HoSo] (ID, IDCaNhan, IDNoiDungHoTro, IDDoiTuong, SoThang, SoTien, ThanhTien, IDThongTinHoTro, DaChi, NguoiTao) VALUES ('63b87a72-acf7-44f4-bb49-b25da3201ab7', '581c8d20-86f5-4850-844d-9f2cd2069437', 1, NULL, 3, 1800000, 5400000, '0883e7ed-5a12-4874-aa4c-f76935d0aaa2', 0, 'solaodong');
INSERT INTO [HoTroCovid].[dbo].[CaNhan] (ID, HoTen, GioiTinh, NgaySinh, CMND, SinhNam) VALUES ('12a3a7e0-1936-44d2-828f-f4a1a71ce957', N'Nguyễn Thị Hồng Thắm', NULL, '1987-10-10', '215048225', 1987);
INSERT INTO [HoTroCovid].[dbo].[CaNhan_DoanhNghiep] (ID, IDDoanhNghiep, IDCaNhan, IDDoiTuong, NgheNghiep, DaTra50) VALUES ('c087d252-977f-4a17-ae58-7277df249308', 'e49841c9-785e-405e-9bf6-c9e9638c10e4', '12a3a7e0-1936-44d2-828f-f4a1a71ce957', NULL, N'Tổ phó Steak', null);
INSERT INTO [HoTroCovid].[dbo].[ThongTinHoTro] (ID, IDNoiDung, IDDoiTuong, IDCaNhan) VALUES ('a774eaa6-b1e2-4d69-a70a-0414fbbe0172', 1, NULL, '12a3a7e0-1936-44d2-828f-f4a1a71ce957');
INSERT INTO [HoTroCovid].[dbo].[HoSo] (ID, IDCaNhan, IDNoiDungHoTro, IDDoiTuong, SoThang, SoTien, ThanhTien, IDThongTinHoTro, DaChi, NguoiTao) VALUES ('bc87f694-7e9a-40df-bf1b-02c6e6173504', '12a3a7e0-1936-44d2-828f-f4a1a71ce957', 1, NULL, 3, 1800000, 5400000, 'a774eaa6-b1e2-4d69-a70a-0414fbbe0172', 0, 'solaodong');
INSERT INTO [HoTroCovid].[dbo].[CaNhan] (ID, HoTen, GioiTinh, NgaySinh, CMND, SinhNam) VALUES ('01dddaef-fe4e-40c2-ac84-04c0bb8b4e2f', N'Nguyễn Thành Quảng', 1, '2001-12-29', '215547210', 2001);
INSERT INTO [HoTroCovid].[dbo].[CaNhan_DoanhNghiep] (ID, IDDoanhNghiep, IDCaNhan, IDDoiTuong, NgheNghiep, DaTra50) VALUES ('b966d7e5-7736-46a9-ad1f-b19cb89c3c47', 'e49841c9-785e-405e-9bf6-c9e9638c10e4', '01dddaef-fe4e-40c2-ac84-04c0bb8b4e2f', NULL, N'CNCBHSĐL', null);
INSERT INTO [HoTroCovid].[dbo].[ThongTinHoTro] (ID, IDNoiDung, IDDoiTuong, IDCaNhan) VALUES ('b8890d3f-4068-4405-945a-53eff839dc32', 1, NULL, '01dddaef-fe4e-40c2-ac84-04c0bb8b4e2f');
INSERT INTO [HoTroCovid].[dbo].[HoSo] (ID, IDCaNhan, IDNoiDungHoTro, IDDoiTuong, SoThang, SoTien, ThanhTien, IDThongTinHoTro, DaChi, NguoiTao) VALUES ('f41b0250-90c3-42cd-a241-8de4230f54f8', '01dddaef-fe4e-40c2-ac84-04c0bb8b4e2f', 1, NULL, 3, 1800000, 5400000, 'b8890d3f-4068-4405-945a-53eff839dc32', 0, 'solaodong');
INSERT INTO [HoTroCovid].[dbo].[CaNhan] (ID, HoTen, GioiTinh, NgaySinh, CMND, SinhNam) VALUES ('d91d1aa7-b5f8-414d-8691-01275c64d40e', N'Đặng Thị Hồng Nguyệt', NULL, '1989-06-08', '215075765', 1989);
INSERT INTO [HoTroCovid].[dbo].[CaNhan_DoanhNghiep] (ID, IDDoanhNghiep, IDCaNhan, IDDoiTuong, NgheNghiep, DaTra50) VALUES ('d642a8f6-82a6-4469-bef3-b8f188ec412e', 'e49841c9-785e-405e-9bf6-c9e9638c10e4', 'd91d1aa7-b5f8-414d-8691-01275c64d40e', NULL, N'CNCBHSĐL', null);
INSERT INTO [HoTroCovid].[dbo].[ThongTinHoTro] (ID, IDNoiDung, IDDoiTuong, IDCaNhan) VALUES ('d480414d-79d4-43f2-a044-760443939dd3', 1, NULL, 'd91d1aa7-b5f8-414d-8691-01275c64d40e');
INSERT INTO [HoTroCovid].[dbo].[HoSo] (ID, IDCaNhan, IDNoiDungHoTro, IDDoiTuong, SoThang, SoTien, ThanhTien, IDThongTinHoTro, DaChi, NguoiTao) VALUES ('e191af57-8463-4f55-991b-8a3db25f18a2', 'd91d1aa7-b5f8-414d-8691-01275c64d40e', 1, NULL, 3, 1800000, 5400000, 'd480414d-79d4-43f2-a044-760443939dd3', 0, 'solaodong');
INSERT INTO [HoTroCovid].[dbo].[CaNhan] (ID, HoTen, GioiTinh, NgaySinh, CMND, SinhNam) VALUES ('5949e29c-531f-4507-8e83-022114a3e25b', N'Đặng Văn Anh', 1, '2000-05-26', '215513588', 2000);
INSERT INTO [HoTroCovid].[dbo].[CaNhan_DoanhNghiep] (ID, IDDoanhNghiep, IDCaNhan, IDDoiTuong, NgheNghiep, DaTra50) VALUES ('4e6fa47d-839c-4b75-aa8b-0f59bb3dedb2', 'e49841c9-785e-405e-9bf6-c9e9638c10e4', '5949e29c-531f-4507-8e83-022114a3e25b', NULL, N'CNCBHSĐL', null);
INSERT INTO [HoTroCovid].[dbo].[ThongTinHoTro] (ID, IDNoiDung, IDDoiTuong, IDCaNhan) VALUES ('0db1d649-5a26-474b-b0c9-fcd61bcc415d', 1, NULL, '5949e29c-531f-4507-8e83-022114a3e25b');
INSERT INTO [HoTroCovid].[dbo].[HoSo] (ID, IDCaNhan, IDNoiDungHoTro, IDDoiTuong, SoThang, SoTien, ThanhTien, IDThongTinHoTro, DaChi, NguoiTao) VALUES ('61f00a00-e056-44a3-8cef-fefb8a33630a', '5949e29c-531f-4507-8e83-022114a3e25b', 1, NULL, 3, 1800000, 5400000, '0db1d649-5a26-474b-b0c9-fcd61bcc415d', 0, 'solaodong');
INSERT INTO [HoTroCovid].[dbo].[CaNhan] (ID, HoTen, GioiTinh, NgaySinh, CMND, SinhNam) VALUES ('26c5ebbc-1b62-4a21-9b20-98dd54795d37', N'Huỳnh Thị Lai', NULL, '1984-06-08', '215505040', 1984);
INSERT INTO [HoTroCovid].[dbo].[CaNhan_DoanhNghiep] (ID, IDDoanhNghiep, IDCaNhan, IDDoiTuong, NgheNghiep, DaTra50) VALUES ('2c538b19-e521-466c-a9fe-f46bf6354811', '41e324fa-2a96-4769-8abf-ee78a2b0774c', '26c5ebbc-1b62-4a21-9b20-98dd54795d37', NULL, N'Kế toán', null);
INSERT INTO [HoTroCovid].[dbo].[ThongTinHoTro] (ID, IDNoiDung, IDDoiTuong, IDCaNhan) VALUES ('db0ac8d5-31ad-406e-aff0-db18ad71b36f', 1, NULL, '26c5ebbc-1b62-4a21-9b20-98dd54795d37');
INSERT INTO [HoTroCovid].[dbo].[HoSo] (ID, IDCaNhan, IDNoiDungHoTro, IDDoiTuong, SoThang, SoTien, ThanhTien, IDThongTinHoTro, DaChi, NguoiTao) VALUES ('7892f9ce-1e7f-4502-922d-1b137a0a07f8', '26c5ebbc-1b62-4a21-9b20-98dd54795d37', 1, NULL, 3, 1800000, 5400000, 'db0ac8d5-31ad-406e-aff0-db18ad71b36f', 0, 'solaodong');
INSERT INTO [HoTroCovid].[dbo].[CaNhan] (ID, HoTen, GioiTinh, NgaySinh, CMND, SinhNam) VALUES ('75c6a56f-48c9-481a-a29d-688176f84340', N'Tạ Thị Diệu Linh', NULL, '1990-03-06', '215116144', 1990);
INSERT INTO [HoTroCovid].[dbo].[CaNhan_DoanhNghiep] (ID, IDDoanhNghiep, IDCaNhan, IDDoiTuong, NgheNghiep, DaTra50) VALUES ('0575f589-84c5-4f14-af20-87ac52f7088c', '41e324fa-2a96-4769-8abf-ee78a2b0774c', '75c6a56f-48c9-481a-a29d-688176f84340', NULL, N'Kế toán', null);
INSERT INTO [HoTroCovid].[dbo].[ThongTinHoTro] (ID, IDNoiDung, IDDoiTuong, IDCaNhan) VALUES ('5ba2016d-3b4c-4f4f-acc1-2da45589003c', 1, NULL, '75c6a56f-48c9-481a-a29d-688176f84340');
INSERT INTO [HoTroCovid].[dbo].[HoSo] (ID, IDCaNhan, IDNoiDungHoTro, IDDoiTuong, SoThang, SoTien, ThanhTien, IDThongTinHoTro, DaChi, NguoiTao) VALUES ('83114a59-69da-4606-be00-029256f02881', '75c6a56f-48c9-481a-a29d-688176f84340', 1, NULL, 3, 1800000, 5400000, '5ba2016d-3b4c-4f4f-acc1-2da45589003c', 0, 'solaodong');
INSERT INTO [HoTroCovid].[dbo].[CaNhan] (ID, HoTen, GioiTinh, NgaySinh, CMND, SinhNam) VALUES ('cec64522-c221-4ef5-925c-0c26815e92b6', N'Võ Văn Tâm', 1, '1987-03-20', '215127682', 1987);
INSERT INTO [HoTroCovid].[dbo].[CaNhan_DoanhNghiep] (ID, IDDoanhNghiep, IDCaNhan, IDDoiTuong, NgheNghiep, DaTra50) VALUES ('c051a6fd-d781-4ed7-add3-f77962436f3e', 'e49841c9-785e-405e-9bf6-c9e9638c10e4', 'cec64522-c221-4ef5-925c-0c26815e92b6', NULL, N'CNCBHSĐL', null);
INSERT INTO [HoTroCovid].[dbo].[ThongTinHoTro] (ID, IDNoiDung, IDDoiTuong, IDCaNhan) VALUES ('571661ab-b239-4b0c-ba23-f844b0309652', 1, NULL, 'cec64522-c221-4ef5-925c-0c26815e92b6');
INSERT INTO [HoTroCovid].[dbo].[HoSo] (ID, IDCaNhan, IDNoiDungHoTro, IDDoiTuong, SoThang, SoTien, ThanhTien, IDThongTinHoTro, DaChi, NguoiTao) VALUES ('06c20f1e-57a9-458f-8fbe-4bb94200d6f5', 'cec64522-c221-4ef5-925c-0c26815e92b6', 1, NULL, 3, 1800000, 5400000, '571661ab-b239-4b0c-ba23-f844b0309652', 0, 'solaodong');
INSERT INTO [HoTroCovid].[dbo].[CaNhan] (ID, HoTen, GioiTinh, NgaySinh, CMND, SinhNam) VALUES ('579b016b-c0fe-49d1-b4af-04fccd137a63', N'Đinh Thị Lụa', NULL, '1990-09-08', '215214840', 1990);
INSERT INTO [HoTroCovid].[dbo].[CaNhan_DoanhNghiep] (ID, IDDoanhNghiep, IDCaNhan, IDDoiTuong, NgheNghiep, DaTra50) VALUES ('dc046281-b6bc-4dc2-9807-69d13abe60af', 'e49841c9-785e-405e-9bf6-c9e9638c10e4', '579b016b-c0fe-49d1-b4af-04fccd137a63', NULL, N'CNCBHSĐL', null);
INSERT INTO [HoTroCovid].[dbo].[ThongTinHoTro] (ID, IDNoiDung, IDDoiTuong, IDCaNhan) VALUES ('b46573b3-dd77-4ac5-86d0-1edbd864d597', 1, NULL, '579b016b-c0fe-49d1-b4af-04fccd137a63');
INSERT INTO [HoTroCovid].[dbo].[HoSo] (ID, IDCaNhan, IDNoiDungHoTro, IDDoiTuong, SoThang, SoTien, ThanhTien, IDThongTinHoTro, DaChi, NguoiTao) VALUES ('7e3e874a-ba71-44d5-bf68-c3fd39dd651a', '579b016b-c0fe-49d1-b4af-04fccd137a63', 1, NULL, 3, 1800000, 5400000, 'b46573b3-dd77-4ac5-86d0-1edbd864d597', 0, 'solaodong');
INSERT INTO [HoTroCovid].[dbo].[CaNhan] (ID, HoTen, GioiTinh, NgaySinh, CMND, SinhNam) VALUES ('0fedfe32-56b7-4db5-8f0d-7a431cefb42b', N'Nguyễn Hữu Nhâm', 1, '1987-10-10', '211881872', 1987);
INSERT INTO [HoTroCovid].[dbo].[CaNhan_DoanhNghiep] (ID, IDDoanhNghiep, IDCaNhan, IDDoiTuong, NgheNghiep, DaTra50) VALUES ('f023d295-ad9a-479e-94b7-cf5f73568b0a', 'e49841c9-785e-405e-9bf6-c9e9638c10e4', '0fedfe32-56b7-4db5-8f0d-7a431cefb42b', NULL, N'Tổ trưởng ĐG1', null);
INSERT INTO [HoTroCovid].[dbo].[ThongTinHoTro] (ID, IDNoiDung, IDDoiTuong, IDCaNhan) VALUES ('bc37e17b-48ed-4f40-9cd6-9fcc5c8197c4', 1, NULL, '0fedfe32-56b7-4db5-8f0d-7a431cefb42b');
INSERT INTO [HoTroCovid].[dbo].[HoSo] (ID, IDCaNhan, IDNoiDungHoTro, IDDoiTuong, SoThang, SoTien, ThanhTien, IDThongTinHoTro, DaChi, NguoiTao) VALUES ('43dca0ae-0a8c-48ba-900b-d351a0c7c5ae', '0fedfe32-56b7-4db5-8f0d-7a431cefb42b', 1, NULL, 3, 1800000, 5400000, 'bc37e17b-48ed-4f40-9cd6-9fcc5c8197c4', 0, 'solaodong');
INSERT INTO [HoTroCovid].[dbo].[CaNhan] (ID, HoTen, GioiTinh, NgaySinh, CMND, SinhNam) VALUES ('a1346c9c-1e23-45f5-9eb8-23d4b0e1274f', N'Trương Thị Thúy Nga', NULL, '1995-03-26', '215303534', 1995);
INSERT INTO [HoTroCovid].[dbo].[CaNhan_DoanhNghiep] (ID, IDDoanhNghiep, IDCaNhan, IDDoiTuong, NgheNghiep, DaTra50) VALUES ('514c21f1-6210-4e82-affe-7a74e48f1dbb', 'e49841c9-785e-405e-9bf6-c9e9638c10e4', 'a1346c9c-1e23-45f5-9eb8-23d4b0e1274f', NULL, N'CNCBHSĐL', null);
INSERT INTO [HoTroCovid].[dbo].[ThongTinHoTro] (ID, IDNoiDung, IDDoiTuong, IDCaNhan) VALUES ('ef7f27e4-6866-43aa-b21f-3f610f881a49', 1, NULL, 'a1346c9c-1e23-45f5-9eb8-23d4b0e1274f');
INSERT INTO [HoTroCovid].[dbo].[HoSo] (ID, IDCaNhan, IDNoiDungHoTro, IDDoiTuong, SoThang, SoTien, ThanhTien, IDThongTinHoTro, DaChi, NguoiTao) VALUES ('fd240e87-476c-43c4-a889-69bd9470f6c4', 'a1346c9c-1e23-45f5-9eb8-23d4b0e1274f', 1, NULL, 3, 1800000, 5400000, 'ef7f27e4-6866-43aa-b21f-3f610f881a49', 0, 'solaodong');
INSERT INTO [HoTroCovid].[dbo].[CaNhan] (ID, HoTen, GioiTinh, NgaySinh, CMND, SinhNam) VALUES ('53fd0cb8-44ef-4e93-9a3b-d434e427d5dc', N'Chế Hữu Tài', 1, '1990-11-20', '215121154', 1990);
INSERT INTO [HoTroCovid].[dbo].[CaNhan_DoanhNghiep] (ID, IDDoanhNghiep, IDCaNhan, IDDoiTuong, NgheNghiep, DaTra50) VALUES ('a07e89cc-9a59-4a02-a740-ee85354a102d', 'e49841c9-785e-405e-9bf6-c9e9638c10e4', '53fd0cb8-44ef-4e93-9a3b-d434e427d5dc', NULL, N'CNCBHSĐL', null);
INSERT INTO [HoTroCovid].[dbo].[ThongTinHoTro] (ID, IDNoiDung, IDDoiTuong, IDCaNhan) VALUES ('0ac9b0f0-78d8-4130-a243-8f8d7656d8d8', 1, NULL, '53fd0cb8-44ef-4e93-9a3b-d434e427d5dc');
INSERT INTO [HoTroCovid].[dbo].[HoSo] (ID, IDCaNhan, IDNoiDungHoTro, IDDoiTuong, SoThang, SoTien, ThanhTien, IDThongTinHoTro, DaChi, NguoiTao) VALUES ('0f98f93f-4ab7-408d-b36e-e625d202a92e', '53fd0cb8-44ef-4e93-9a3b-d434e427d5dc', 1, NULL, 3, 1800000, 5400000, '0ac9b0f0-78d8-4130-a243-8f8d7656d8d8', 0, 'solaodong');
INSERT INTO [HoTroCovid].[dbo].[CaNhan] (ID, HoTen, GioiTinh, NgaySinh, CMND, SinhNam) VALUES ('9da214cb-93a2-4916-833f-57cb477afb58', N'Nguyễn Thanh An', 1, '1972-03-22', '211328547', 1972);
INSERT INTO [HoTroCovid].[dbo].[CaNhan_DoanhNghiep] (ID, IDDoanhNghiep, IDCaNhan, IDDoiTuong, NgheNghiep, DaTra50) VALUES ('f28879b8-4b01-40f2-8119-02f5c5c8e29d', '41e324fa-2a96-4769-8abf-ee78a2b0774c', '9da214cb-93a2-4916-833f-57cb477afb58', '8540ba47-a84e-46f0-a108-b16507bc412e', N'NV bếp', null);
INSERT INTO [HoTroCovid].[dbo].[ThongTinHoTro] (ID, IDNoiDung, IDDoiTuong, IDCaNhan) VALUES ('0e31dfb7-2ef6-45e6-b80f-6cf5372b1c23', 4, '8540ba47-a84e-46f0-a108-b16507bc412e', '9da214cb-93a2-4916-833f-57cb477afb58');
INSERT INTO [HoTroCovid].[dbo].[HoSo] (ID, IDCaNhan, IDNoiDungHoTro, IDDoiTuong, SoThang, SoTien, ThanhTien, IDThongTinHoTro, DaChi, NguoiTao) VALUES ('61da2926-c473-4b5a-9f77-6f9083388d8c', '9da214cb-93a2-4916-833f-57cb477afb58', 4, '8540ba47-a84e-46f0-a108-b16507bc412e', 3, 1000000, 3000000, '0e31dfb7-2ef6-45e6-b80f-6cf5372b1c23', 0, 'solaodong');
INSERT INTO [HoTroCovid].[dbo].[CaNhan] (ID, HoTen, GioiTinh, NgaySinh, CMND, SinhNam) VALUES ('55372470-6c15-4819-ab09-f6283c402ca3', N'Phan Văn Hậu', 1, '1996-08-05', '215349618', 1996);
INSERT INTO [HoTroCovid].[dbo].[CaNhan_DoanhNghiep] (ID, IDDoanhNghiep, IDCaNhan, IDDoiTuong, NgheNghiep, DaTra50) VALUES ('83bbcae7-9266-4bb9-a7d1-67b9e3a968a3', 'e49841c9-785e-405e-9bf6-c9e9638c10e4', '55372470-6c15-4819-ab09-f6283c402ca3', NULL, N'CNCBHSĐL', null);
INSERT INTO [HoTroCovid].[dbo].[ThongTinHoTro] (ID, IDNoiDung, IDDoiTuong, IDCaNhan) VALUES ('976705d4-2d09-49d7-8011-859c73b96d3f', 1, NULL, '55372470-6c15-4819-ab09-f6283c402ca3');
INSERT INTO [HoTroCovid].[dbo].[HoSo] (ID, IDCaNhan, IDNoiDungHoTro, IDDoiTuong, SoThang, SoTien, ThanhTien, IDThongTinHoTro, DaChi, NguoiTao) VALUES ('dc35e6f5-a8dc-49d9-9488-cfba08943207', '55372470-6c15-4819-ab09-f6283c402ca3', 1, NULL, 3, 1800000, 5400000, '976705d4-2d09-49d7-8011-859c73b96d3f', 0, 'solaodong');
INSERT INTO [HoTroCovid].[dbo].[CaNhan] (ID, HoTen, GioiTinh, NgaySinh, CMND, SinhNam) VALUES ('49579de8-0930-4986-a2bb-cacee6bf53ae', N'Nguyễn Thị Kim Tiền', NULL, '1996-08-04', '215346591', 1996);
INSERT INTO [HoTroCovid].[dbo].[CaNhan_DoanhNghiep] (ID, IDDoanhNghiep, IDCaNhan, IDDoiTuong, NgheNghiep, DaTra50) VALUES ('3e1ee343-dc29-4139-8dd9-d5a89ed69c1d', 'e49841c9-785e-405e-9bf6-c9e9638c10e4', '49579de8-0930-4986-a2bb-cacee6bf53ae', NULL, N'N/viên KD', null);
INSERT INTO [HoTroCovid].[dbo].[ThongTinHoTro] (ID, IDNoiDung, IDDoiTuong, IDCaNhan) VALUES ('ef792a9c-457f-44e3-a471-df0b8f1f57c2', 1, NULL, '49579de8-0930-4986-a2bb-cacee6bf53ae');
INSERT INTO [HoTroCovid].[dbo].[HoSo] (ID, IDCaNhan, IDNoiDungHoTro, IDDoiTuong, SoThang, SoTien, ThanhTien, IDThongTinHoTro, DaChi, NguoiTao) VALUES ('1ba3754c-2ccb-4bb4-8cfa-479c7694196c', '49579de8-0930-4986-a2bb-cacee6bf53ae', 1, NULL, 3, 1800000, 5400000, 'ef792a9c-457f-44e3-a471-df0b8f1f57c2', 0, 'solaodong');
INSERT INTO [HoTroCovid].[dbo].[CaNhan] (ID, HoTen, GioiTinh, NgaySinh, CMND, SinhNam) VALUES ('291963b6-0d3f-4aa7-bd2c-044ba21a253e', N'Nguyễn Thị Thanh Hương', NULL, '1997-03-13', '215424230', 1997);
INSERT INTO [HoTroCovid].[dbo].[CaNhan_DoanhNghiep] (ID, IDDoanhNghiep, IDCaNhan, IDDoiTuong, NgheNghiep, DaTra50) VALUES ('489ff6bb-bd15-4710-a3db-abd83ae8b370', '41e324fa-2a96-4769-8abf-ee78a2b0774c', '291963b6-0d3f-4aa7-bd2c-044ba21a253e', NULL, N'Kế toán', null);
INSERT INTO [HoTroCovid].[dbo].[ThongTinHoTro] (ID, IDNoiDung, IDDoiTuong, IDCaNhan) VALUES ('35230584-8b39-425c-b6a5-9852ea805429', 1, NULL, '291963b6-0d3f-4aa7-bd2c-044ba21a253e');
INSERT INTO [HoTroCovid].[dbo].[HoSo] (ID, IDCaNhan, IDNoiDungHoTro, IDDoiTuong, SoThang, SoTien, ThanhTien, IDThongTinHoTro, DaChi, NguoiTao) VALUES ('5eb2d369-2b7f-496e-9918-5c7add47da76', '291963b6-0d3f-4aa7-bd2c-044ba21a253e', 1, NULL, 3, 1800000, 5400000, '35230584-8b39-425c-b6a5-9852ea805429', 0, 'solaodong');
INSERT INTO [HoTroCovid].[dbo].[CaNhan] (ID, HoTen, GioiTinh, NgaySinh, CMND, SinhNam) VALUES ('ee8044d7-86ef-4b08-b39a-05dbb164f0d0', N'Đào Hồng Khánh', 1, '1996-02-08', '231164123', 1996);
INSERT INTO [HoTroCovid].[dbo].[CaNhan_DoanhNghiep] (ID, IDDoanhNghiep, IDCaNhan, IDDoiTuong, NgheNghiep, DaTra50) VALUES ('24299908-9bb8-4b7c-9ecc-aca99e28c375', '41e324fa-2a96-4769-8abf-ee78a2b0774c', 'ee8044d7-86ef-4b08-b39a-05dbb164f0d0', NULL, N'Tổ phó nhà hàng', null);
INSERT INTO [HoTroCovid].[dbo].[ThongTinHoTro] (ID, IDNoiDung, IDDoiTuong, IDCaNhan) VALUES ('0a95fe48-3b81-4330-8cf8-480fc4194d0e', 1, NULL, 'ee8044d7-86ef-4b08-b39a-05dbb164f0d0');
INSERT INTO [HoTroCovid].[dbo].[HoSo] (ID, IDCaNhan, IDNoiDungHoTro, IDDoiTuong, SoThang, SoTien, ThanhTien, IDThongTinHoTro, DaChi, NguoiTao) VALUES ('d183ff07-1cb0-4798-9f00-58f8be51292a', 'ee8044d7-86ef-4b08-b39a-05dbb164f0d0', 1, NULL, 3, 1800000, 5400000, '0a95fe48-3b81-4330-8cf8-480fc4194d0e', 0, 'solaodong');
INSERT INTO [HoTroCovid].[dbo].[CaNhan] (ID, HoTen, GioiTinh, NgaySinh, CMND, SinhNam) VALUES ('8ea7b45b-f6b6-4c51-b871-6df9ae2e738b', N'Bùi Công Thành', 1, '1996-09-19', '215349336', 1996);
INSERT INTO [HoTroCovid].[dbo].[CaNhan_DoanhNghiep] (ID, IDDoanhNghiep, IDCaNhan, IDDoiTuong, NgheNghiep, DaTra50) VALUES ('01676cb8-9ab7-4fa3-b587-4201a48c56ee', '41e324fa-2a96-4769-8abf-ee78a2b0774c', '8ea7b45b-f6b6-4c51-b871-6df9ae2e738b', NULL, N'Kế toán', null);
INSERT INTO [HoTroCovid].[dbo].[ThongTinHoTro] (ID, IDNoiDung, IDDoiTuong, IDCaNhan) VALUES ('3a8c1493-11c9-420b-9d62-3ebacf85610f', 1, NULL, '8ea7b45b-f6b6-4c51-b871-6df9ae2e738b');
INSERT INTO [HoTroCovid].[dbo].[HoSo] (ID, IDCaNhan, IDNoiDungHoTro, IDDoiTuong, SoThang, SoTien, ThanhTien, IDThongTinHoTro, DaChi, NguoiTao) VALUES ('f79c4eba-3740-4021-bd5f-7f4044cc7be8', '8ea7b45b-f6b6-4c51-b871-6df9ae2e738b', 1, NULL, 3, 1800000, 5400000, '3a8c1493-11c9-420b-9d62-3ebacf85610f', 0, 'solaodong');
INSERT INTO [HoTroCovid].[dbo].[CaNhan] (ID, HoTen, GioiTinh, NgaySinh, CMND, SinhNam) VALUES ('95ad8a1f-f0f8-44c6-901d-3d4620799fb8', N'Lê Văn Nam', 1, '1994-01-06', '215296586', 1994);
INSERT INTO [HoTroCovid].[dbo].[CaNhan_DoanhNghiep] (ID, IDDoanhNghiep, IDCaNhan, IDDoiTuong, NgheNghiep, DaTra50) VALUES ('8dd44e00-0303-499b-b57c-2165e0a3833f', 'e49841c9-785e-405e-9bf6-c9e9638c10e4', '95ad8a1f-f0f8-44c6-901d-3d4620799fb8', NULL, N'CNCBHSĐL', null);
INSERT INTO [HoTroCovid].[dbo].[ThongTinHoTro] (ID, IDNoiDung, IDDoiTuong, IDCaNhan) VALUES ('e9efd04b-1ad4-4fb9-b6ef-3a23596ef69d', 1, NULL, '95ad8a1f-f0f8-44c6-901d-3d4620799fb8');
INSERT INTO [HoTroCovid].[dbo].[HoSo] (ID, IDCaNhan, IDNoiDungHoTro, IDDoiTuong, SoThang, SoTien, ThanhTien, IDThongTinHoTro, DaChi, NguoiTao) VALUES ('a576d45f-9ba8-46f9-8c2e-58c35ef9cc0e', '95ad8a1f-f0f8-44c6-901d-3d4620799fb8', 1, NULL, 3, 1800000, 5400000, 'e9efd04b-1ad4-4fb9-b6ef-3a23596ef69d', 0, 'solaodong');
INSERT INTO [HoTroCovid].[dbo].[CaNhan] (ID, HoTen, GioiTinh, NgaySinh, CMND, SinhNam) VALUES ('f52c4730-b6e3-4149-98ea-272a352984b3', N'Phạm Dâng Tiền', 1, '1993-12-31', '215273150', 1993);
INSERT INTO [HoTroCovid].[dbo].[CaNhan_DoanhNghiep] (ID, IDDoanhNghiep, IDCaNhan, IDDoiTuong, NgheNghiep, DaTra50) VALUES ('6c79d779-7325-4f63-83ef-0190755b81d2', '41e324fa-2a96-4769-8abf-ee78a2b0774c', 'f52c4730-b6e3-4149-98ea-272a352984b3', NULL, N'Quản lý nhà hàng', null);
INSERT INTO [HoTroCovid].[dbo].[ThongTinHoTro] (ID, IDNoiDung, IDDoiTuong, IDCaNhan) VALUES ('52c4a536-ea97-4b60-8fe7-fa6750d56eb7', 1, NULL, 'f52c4730-b6e3-4149-98ea-272a352984b3');
INSERT INTO [HoTroCovid].[dbo].[HoSo] (ID, IDCaNhan, IDNoiDungHoTro, IDDoiTuong, SoThang, SoTien, ThanhTien, IDThongTinHoTro, DaChi, NguoiTao) VALUES ('7e75f153-b37d-4fe9-88af-43273ee118cc', 'f52c4730-b6e3-4149-98ea-272a352984b3', 1, NULL, 3, 1800000, 5400000, '52c4a536-ea97-4b60-8fe7-fa6750d56eb7', 0, 'solaodong');
INSERT INTO [HoTroCovid].[dbo].[CaNhan] (ID, HoTen, GioiTinh, NgaySinh, CMND, SinhNam) VALUES ('48b00f02-d744-4e33-b1d1-5220f1fff277', N'Lê Minh Tuấn', 1, '1982-05-31', '211760264', 1982);
INSERT INTO [HoTroCovid].[dbo].[CaNhan_DoanhNghiep] (ID, IDDoanhNghiep, IDCaNhan, IDDoiTuong, NgheNghiep, DaTra50) VALUES ('1b3bd526-3714-4e3a-9e0d-90f43cf0e249', '41e324fa-2a96-4769-8abf-ee78a2b0774c', '48b00f02-d744-4e33-b1d1-5220f1fff277', NULL, N'Phó giám đốc', null);
INSERT INTO [HoTroCovid].[dbo].[ThongTinHoTro] (ID, IDNoiDung, IDDoiTuong, IDCaNhan) VALUES ('0af1abb6-91c4-482b-b718-59ae2b2a31d5', 1, NULL, '48b00f02-d744-4e33-b1d1-5220f1fff277');
INSERT INTO [HoTroCovid].[dbo].[HoSo] (ID, IDCaNhan, IDNoiDungHoTro, IDDoiTuong, SoThang, SoTien, ThanhTien, IDThongTinHoTro, DaChi, NguoiTao) VALUES ('5e1e5cb2-80cb-42e2-9821-60023cb2815c', '48b00f02-d744-4e33-b1d1-5220f1fff277', 1, NULL, 3, 1800000, 5400000, '0af1abb6-91c4-482b-b718-59ae2b2a31d5', 0, 'solaodong');
INSERT INTO [HoTroCovid].[dbo].[CaNhan] (ID, HoTen, GioiTinh, NgaySinh, CMND, SinhNam) VALUES ('1f6de6d0-eee7-4f64-95b8-0923f2a39d1d', N'Huỳnh Thị Dàng', NULL, '1986-10-08', '211865299', 1986);
INSERT INTO [HoTroCovid].[dbo].[CaNhan_DoanhNghiep] (ID, IDDoanhNghiep, IDCaNhan, IDDoiTuong, NgheNghiep, DaTra50) VALUES ('30ff1234-1c38-42bc-b40a-04cd7ab8286f', 'e49841c9-785e-405e-9bf6-c9e9638c10e4', '1f6de6d0-eee7-4f64-95b8-0923f2a39d1d', NULL, N'CNCBHSĐL', null);
INSERT INTO [HoTroCovid].[dbo].[ThongTinHoTro] (ID, IDNoiDung, IDDoiTuong, IDCaNhan) VALUES ('92f96f0c-0d82-4f0b-9e61-bcbe096feea2', 1, NULL, '1f6de6d0-eee7-4f64-95b8-0923f2a39d1d');
INSERT INTO [HoTroCovid].[dbo].[HoSo] (ID, IDCaNhan, IDNoiDungHoTro, IDDoiTuong, SoThang, SoTien, ThanhTien, IDThongTinHoTro, DaChi, NguoiTao) VALUES ('fc17eccd-7079-4671-9ab4-77c5a5eba535', '1f6de6d0-eee7-4f64-95b8-0923f2a39d1d', 1, NULL, 3, 1800000, 5400000, '92f96f0c-0d82-4f0b-9e61-bcbe096feea2', 0, 'solaodong');
INSERT INTO [HoTroCovid].[dbo].[CaNhan] (ID, HoTen, GioiTinh, NgaySinh, CMND, SinhNam) VALUES ('412a6fd5-fa01-43bc-9dcb-c30772a79521', N'Hồ Thị Mỹ Hằng', NULL, '1999-03-22', '231109635', 1999);
INSERT INTO [HoTroCovid].[dbo].[CaNhan_DoanhNghiep] (ID, IDDoanhNghiep, IDCaNhan, IDDoiTuong, NgheNghiep, DaTra50) VALUES ('0592effa-d63b-4c2e-b69a-ceaeaa5612b7', '41e324fa-2a96-4769-8abf-ee78a2b0774c', '412a6fd5-fa01-43bc-9dcb-c30772a79521', '8540ba47-a84e-46f0-a108-b16507bc412e', N'Thu ngân', null);
INSERT INTO [HoTroCovid].[dbo].[ThongTinHoTro] (ID, IDNoiDung, IDDoiTuong, IDCaNhan) VALUES ('5db9bb86-f72a-49b4-a315-794e754887eb', 4, '8540ba47-a84e-46f0-a108-b16507bc412e', '412a6fd5-fa01-43bc-9dcb-c30772a79521');
INSERT INTO [HoTroCovid].[dbo].[HoSo] (ID, IDCaNhan, IDNoiDungHoTro, IDDoiTuong, SoThang, SoTien, ThanhTien, IDThongTinHoTro, DaChi, NguoiTao) VALUES ('ac1b6974-8dba-450d-bf9b-21fbcf5b9979', '412a6fd5-fa01-43bc-9dcb-c30772a79521', 4, '8540ba47-a84e-46f0-a108-b16507bc412e', 3, 1000000, 3000000, '5db9bb86-f72a-49b4-a315-794e754887eb', 0, 'solaodong');
INSERT INTO [HoTroCovid].[dbo].[CaNhan] (ID, HoTen, GioiTinh, NgaySinh, CMND, SinhNam) VALUES ('3b56d4ed-b9d5-4aae-8fb0-292ac7d8fd96', N'Phan Thị Mỹ Nương', NULL, '1998-11-22', '215415589', 1998);
INSERT INTO [HoTroCovid].[dbo].[CaNhan_DoanhNghiep] (ID, IDDoanhNghiep, IDCaNhan, IDDoiTuong, NgheNghiep, DaTra50) VALUES ('ecaf1059-b284-4797-a97b-77265979c518', '41e324fa-2a96-4769-8abf-ee78a2b0774c', '3b56d4ed-b9d5-4aae-8fb0-292ac7d8fd96', '8540ba47-a84e-46f0-a108-b16507bc412e', N'NV phục vụ', null);
INSERT INTO [HoTroCovid].[dbo].[ThongTinHoTro] (ID, IDNoiDung, IDDoiTuong, IDCaNhan) VALUES ('2c2c9585-0602-47d4-b377-21129e36fbd9', 4, '8540ba47-a84e-46f0-a108-b16507bc412e', '3b56d4ed-b9d5-4aae-8fb0-292ac7d8fd96');
INSERT INTO [HoTroCovid].[dbo].[HoSo] (ID, IDCaNhan, IDNoiDungHoTro, IDDoiTuong, SoThang, SoTien, ThanhTien, IDThongTinHoTro, DaChi, NguoiTao) VALUES ('d45fefb7-240e-4e77-b043-729bbaace809', '3b56d4ed-b9d5-4aae-8fb0-292ac7d8fd96', 4, '8540ba47-a84e-46f0-a108-b16507bc412e', 3, 1000000, 3000000, '2c2c9585-0602-47d4-b377-21129e36fbd9', 0, 'solaodong');
INSERT INTO [HoTroCovid].[dbo].[CaNhan] (ID, HoTen, GioiTinh, NgaySinh, CMND, SinhNam) VALUES ('b55d6908-2688-4b30-8b99-8af516ba041a', N'Nguyễn Thị Quy', NULL, '1987-10-14', '215260228', 1987);
INSERT INTO [HoTroCovid].[dbo].[CaNhan_DoanhNghiep] (ID, IDDoanhNghiep, IDCaNhan, IDDoiTuong, NgheNghiep, DaTra50) VALUES ('11d15fc8-c8e9-4b25-8db7-537ad8ba3c17', 'e49841c9-785e-405e-9bf6-c9e9638c10e4', 'b55d6908-2688-4b30-8b99-8af516ba041a', NULL, N'CNCBHSĐL', null);
INSERT INTO [HoTroCovid].[dbo].[ThongTinHoTro] (ID, IDNoiDung, IDDoiTuong, IDCaNhan) VALUES ('2fa7ccae-b605-4c6f-b607-3748671df555', 1, NULL, 'b55d6908-2688-4b30-8b99-8af516ba041a');
INSERT INTO [HoTroCovid].[dbo].[HoSo] (ID, IDCaNhan, IDNoiDungHoTro, IDDoiTuong, SoThang, SoTien, ThanhTien, IDThongTinHoTro, DaChi, NguoiTao) VALUES ('54f04f61-ae24-4b30-9e21-c443ef2cac04', 'b55d6908-2688-4b30-8b99-8af516ba041a', 1, NULL, 3, 1800000, 5400000, '2fa7ccae-b605-4c6f-b607-3748671df555', 0, 'solaodong');
INSERT INTO [HoTroCovid].[dbo].[CaNhan] (ID, HoTen, GioiTinh, NgaySinh, CMND, SinhNam) VALUES ('616cd910-0b03-49e0-9377-9392c177f6c3', N'Nguyễn Hải', 1, '1967-10-03', '211040458', 1967);
INSERT INTO [HoTroCovid].[dbo].[CaNhan_DoanhNghiep] (ID, IDDoanhNghiep, IDCaNhan, IDDoiTuong, NgheNghiep, DaTra50) VALUES ('b0475c9d-511d-4171-ae83-184a971e28fc', '41e324fa-2a96-4769-8abf-ee78a2b0774c', '616cd910-0b03-49e0-9377-9392c177f6c3', '8540ba47-a84e-46f0-a108-b16507bc412e', N'Bảo vệ', null);
INSERT INTO [HoTroCovid].[dbo].[ThongTinHoTro] (ID, IDNoiDung, IDDoiTuong, IDCaNhan) VALUES ('c96f975d-c511-47d1-a845-2cb9f88b1b6a', 4, '8540ba47-a84e-46f0-a108-b16507bc412e', '616cd910-0b03-49e0-9377-9392c177f6c3');
INSERT INTO [HoTroCovid].[dbo].[HoSo] (ID, IDCaNhan, IDNoiDungHoTro, IDDoiTuong, SoThang, SoTien, ThanhTien, IDThongTinHoTro, DaChi, NguoiTao) VALUES ('1d39c13a-62c4-441c-9489-d4b48794df6c', '616cd910-0b03-49e0-9377-9392c177f6c3', 4, '8540ba47-a84e-46f0-a108-b16507bc412e', 3, 1000000, 3000000, 'c96f975d-c511-47d1-a845-2cb9f88b1b6a', 0, 'solaodong');
INSERT INTO [HoTroCovid].[dbo].[CaNhan] (ID, HoTen, GioiTinh, NgaySinh, CMND, SinhNam) VALUES ('530a6a3f-408b-4918-b696-cde5e55651c6', N'Phan Ngọc Cần', 1, '1989-10-15', '215137958', 1989);
INSERT INTO [HoTroCovid].[dbo].[CaNhan_DoanhNghiep] (ID, IDDoanhNghiep, IDCaNhan, IDDoiTuong, NgheNghiep, DaTra50) VALUES ('6509a66a-625a-44f4-89fa-6ede0c9a21e7', 'e49841c9-785e-405e-9bf6-c9e9638c10e4', '530a6a3f-408b-4918-b696-cde5e55651c6', NULL, N'CNCBHSĐL', null);
INSERT INTO [HoTroCovid].[dbo].[ThongTinHoTro] (ID, IDNoiDung, IDDoiTuong, IDCaNhan) VALUES ('3f03883b-9bcc-4c88-ab7a-08280edbe4d6', 1, NULL, '530a6a3f-408b-4918-b696-cde5e55651c6');
INSERT INTO [HoTroCovid].[dbo].[HoSo] (ID, IDCaNhan, IDNoiDungHoTro, IDDoiTuong, SoThang, SoTien, ThanhTien, IDThongTinHoTro, DaChi, NguoiTao) VALUES ('8fc36d9b-6b1a-457d-8da2-b8c736e9f5e1', '530a6a3f-408b-4918-b696-cde5e55651c6', 1, NULL, 3, 1800000, 5400000, '3f03883b-9bcc-4c88-ab7a-08280edbe4d6', 0, 'solaodong');
INSERT INTO [HoTroCovid].[dbo].[CaNhan] (ID, HoTen, GioiTinh, NgaySinh, CMND, SinhNam) VALUES ('a14d9fb1-8234-40bb-a598-5cc6df659bb2', N'Nguyễn Khắc Thông', 1, '1978-12-26', '121276411', 1978);
INSERT INTO [HoTroCovid].[dbo].[CaNhan_DoanhNghiep] (ID, IDDoanhNghiep, IDCaNhan, IDDoiTuong, NgheNghiep, DaTra50) VALUES ('3aad9394-43d1-48b3-98ea-03bd987ae818', '41e324fa-2a96-4769-8abf-ee78a2b0774c', 'a14d9fb1-8234-40bb-a598-5cc6df659bb2', '8540ba47-a84e-46f0-a108-b16507bc412e', N'Quản lý bếp', null);
INSERT INTO [HoTroCovid].[dbo].[ThongTinHoTro] (ID, IDNoiDung, IDDoiTuong, IDCaNhan) VALUES ('50f6b16d-11b6-425d-a28a-08dd8b9fdf81', 4, '8540ba47-a84e-46f0-a108-b16507bc412e', 'a14d9fb1-8234-40bb-a598-5cc6df659bb2');
INSERT INTO [HoTroCovid].[dbo].[HoSo] (ID, IDCaNhan, IDNoiDungHoTro, IDDoiTuong, SoThang, SoTien, ThanhTien, IDThongTinHoTro, DaChi, NguoiTao) VALUES ('9ce7fa48-0f44-4313-bdb1-d8a6c0ad975a', 'a14d9fb1-8234-40bb-a598-5cc6df659bb2', 4, '8540ba47-a84e-46f0-a108-b16507bc412e', 3, 1000000, 3000000, '50f6b16d-11b6-425d-a28a-08dd8b9fdf81', 0, 'solaodong');
INSERT INTO [HoTroCovid].[dbo].[CaNhan] (ID, HoTen, GioiTinh, NgaySinh, CMND, SinhNam) VALUES ('d79cf355-ca65-4d91-ae47-48def5f91847', N'Nguyễn Thị Bình', NULL, '1983-03-12', '211780482', 1983);
INSERT INTO [HoTroCovid].[dbo].[CaNhan_DoanhNghiep] (ID, IDDoanhNghiep, IDCaNhan, IDDoiTuong, NgheNghiep, DaTra50) VALUES ('c0fe3e9a-61c1-4d3a-afa1-951977e0a4fc', 'e49841c9-785e-405e-9bf6-c9e9638c10e4', 'd79cf355-ca65-4d91-ae47-48def5f91847', NULL, N'CNCBHSĐL', null);
INSERT INTO [HoTroCovid].[dbo].[ThongTinHoTro] (ID, IDNoiDung, IDDoiTuong, IDCaNhan) VALUES ('72562cab-b8e4-4060-844c-8dc6890da071', 1, NULL, 'd79cf355-ca65-4d91-ae47-48def5f91847');
INSERT INTO [HoTroCovid].[dbo].[HoSo] (ID, IDCaNhan, IDNoiDungHoTro, IDDoiTuong, SoThang, SoTien, ThanhTien, IDThongTinHoTro, DaChi, NguoiTao) VALUES ('88f69a66-e087-4f5b-9482-d274d6838f84', 'd79cf355-ca65-4d91-ae47-48def5f91847', 1, NULL, 3, 1800000, 5400000, '72562cab-b8e4-4060-844c-8dc6890da071', 0, 'solaodong');
INSERT INTO [HoTroCovid].[dbo].[CaNhan] (ID, HoTen, GioiTinh, NgaySinh, CMND, SinhNam) VALUES ('0b10f76e-97de-4649-aec3-495b04a546eb', N'Nguyễn Phạm Thúy Vy', NULL, '1996-03-10', '215333204', 1996);
INSERT INTO [HoTroCovid].[dbo].[CaNhan_DoanhNghiep] (ID, IDDoanhNghiep, IDCaNhan, IDDoiTuong, NgheNghiep, DaTra50) VALUES ('48752da1-b6c4-4c48-b1d8-8d0fc47340e4', 'e49841c9-785e-405e-9bf6-c9e9638c10e4', '0b10f76e-97de-4649-aec3-495b04a546eb', NULL, N'CNCBHSĐL', null);
INSERT INTO [HoTroCovid].[dbo].[ThongTinHoTro] (ID, IDNoiDung, IDDoiTuong, IDCaNhan) VALUES ('12b06334-c2fa-4ae4-81a4-ac56f01474de', 1, NULL, '0b10f76e-97de-4649-aec3-495b04a546eb');
INSERT INTO [HoTroCovid].[dbo].[HoSo] (ID, IDCaNhan, IDNoiDungHoTro, IDDoiTuong, SoThang, SoTien, ThanhTien, IDThongTinHoTro, DaChi, NguoiTao) VALUES ('363433d8-f9ec-4ffa-b1ba-eac3a17ab27f', '0b10f76e-97de-4649-aec3-495b04a546eb', 1, NULL, 3, 1800000, 5400000, '12b06334-c2fa-4ae4-81a4-ac56f01474de', 0, 'solaodong');
INSERT INTO [HoTroCovid].[dbo].[CaNhan] (ID, HoTen, GioiTinh, NgaySinh, CMND, SinhNam) VALUES ('070fb86e-5fd2-445e-ba68-50b22b6cc416', N'Nguyễn Ánh Sáng', 1, '1986-04-02', '215047832', 1986);
INSERT INTO [HoTroCovid].[dbo].[CaNhan_DoanhNghiep] (ID, IDDoanhNghiep, IDCaNhan, IDDoiTuong, NgheNghiep, DaTra50) VALUES ('7a42e182-392f-4b1b-a06e-af172a66fb8d', 'e49841c9-785e-405e-9bf6-c9e9638c10e4', '070fb86e-5fd2-445e-ba68-50b22b6cc416', NULL, N'CNCBHSĐL', null);
INSERT INTO [HoTroCovid].[dbo].[ThongTinHoTro] (ID, IDNoiDung, IDDoiTuong, IDCaNhan) VALUES ('d88fa9c5-49c9-4b5f-8f27-3effd0296142', 1, NULL, '070fb86e-5fd2-445e-ba68-50b22b6cc416');
INSERT INTO [HoTroCovid].[dbo].[HoSo] (ID, IDCaNhan, IDNoiDungHoTro, IDDoiTuong, SoThang, SoTien, ThanhTien, IDThongTinHoTro, DaChi, NguoiTao) VALUES ('b60d870a-d720-40d2-a5fb-17bcf6c39a73', '070fb86e-5fd2-445e-ba68-50b22b6cc416', 1, NULL, 3, 1800000, 5400000, 'd88fa9c5-49c9-4b5f-8f27-3effd0296142', 0, 'solaodong');
INSERT INTO [HoTroCovid].[dbo].[CaNhan] (ID, HoTen, GioiTinh, NgaySinh, CMND, SinhNam) VALUES ('f0d96316-f4ff-4bb7-bc98-87e7d67d4bed', N'Nguyễn Hữu Sang', 1, '1985-04-20', '215047804', 1985);
INSERT INTO [HoTroCovid].[dbo].[CaNhan_DoanhNghiep] (ID, IDDoanhNghiep, IDCaNhan, IDDoiTuong, NgheNghiep, DaTra50) VALUES ('631629a8-0a9f-40da-950d-e65aec4eacdb', 'e49841c9-785e-405e-9bf6-c9e9638c10e4', 'f0d96316-f4ff-4bb7-bc98-87e7d67d4bed', NULL, N'CNCBHSĐL', null);
INSERT INTO [HoTroCovid].[dbo].[ThongTinHoTro] (ID, IDNoiDung, IDDoiTuong, IDCaNhan) VALUES ('b4675f44-a1e2-484b-9225-1b9ca0e4f711', 1, NULL, 'f0d96316-f4ff-4bb7-bc98-87e7d67d4bed');
INSERT INTO [HoTroCovid].[dbo].[HoSo] (ID, IDCaNhan, IDNoiDungHoTro, IDDoiTuong, SoThang, SoTien, ThanhTien, IDThongTinHoTro, DaChi, NguoiTao) VALUES ('2cddc068-d358-4b0f-9fc8-7d220993d00c', 'f0d96316-f4ff-4bb7-bc98-87e7d67d4bed', 1, NULL, 3, 1800000, 5400000, 'b4675f44-a1e2-484b-9225-1b9ca0e4f711', 0, 'solaodong');
INSERT INTO [HoTroCovid].[dbo].[CaNhan] (ID, HoTen, GioiTinh, NgaySinh, CMND, SinhNam) VALUES ('5e3dd245-583b-441d-a45a-fd25092a9712', N'Lê Thanh Đồng', 1, '1989-07-29', '205550031', 1989);
INSERT INTO [HoTroCovid].[dbo].[CaNhan_DoanhNghiep] (ID, IDDoanhNghiep, IDCaNhan, IDDoiTuong, NgheNghiep, DaTra50) VALUES ('4dd5323b-6503-4770-96e1-8dfeeab33a86', 'e49841c9-785e-405e-9bf6-c9e9638c10e4', '5e3dd245-583b-441d-a45a-fd25092a9712', NULL, N'Tổ phó ĐG2', null);
INSERT INTO [HoTroCovid].[dbo].[ThongTinHoTro] (ID, IDNoiDung, IDDoiTuong, IDCaNhan) VALUES ('dab77e43-f74f-4110-8afa-d77b8d468a1e', 1, NULL, '5e3dd245-583b-441d-a45a-fd25092a9712');
INSERT INTO [HoTroCovid].[dbo].[HoSo] (ID, IDCaNhan, IDNoiDungHoTro, IDDoiTuong, SoThang, SoTien, ThanhTien, IDThongTinHoTro, DaChi, NguoiTao) VALUES ('2c2caeb4-0242-4d41-9660-64638618268d', '5e3dd245-583b-441d-a45a-fd25092a9712', 1, NULL, 3, 1800000, 5400000, 'dab77e43-f74f-4110-8afa-d77b8d468a1e', 0, 'solaodong');
INSERT INTO [HoTroCovid].[dbo].[CaNhan] (ID, HoTen, GioiTinh, NgaySinh, CMND, SinhNam) VALUES ('c53120f3-6223-437d-ba18-b68c53f7687d', N'Lý Ngọc Vũ', 1, '1995-08-08', '215302037', 1995);
INSERT INTO [HoTroCovid].[dbo].[CaNhan_DoanhNghiep] (ID, IDDoanhNghiep, IDCaNhan, IDDoiTuong, NgheNghiep, DaTra50) VALUES ('8ae07b91-b4fd-4b02-8869-0c668232087b', 'e49841c9-785e-405e-9bf6-c9e9638c10e4', 'c53120f3-6223-437d-ba18-b68c53f7687d', NULL, N'CNCBHSĐL', null);
INSERT INTO [HoTroCovid].[dbo].[ThongTinHoTro] (ID, IDNoiDung, IDDoiTuong, IDCaNhan) VALUES ('462c8480-f587-40a9-b53a-299c0dab1ff6', 1, NULL, 'c53120f3-6223-437d-ba18-b68c53f7687d');
INSERT INTO [HoTroCovid].[dbo].[HoSo] (ID, IDCaNhan, IDNoiDungHoTro, IDDoiTuong, SoThang, SoTien, ThanhTien, IDThongTinHoTro, DaChi, NguoiTao) VALUES ('406bc892-9032-4ccb-a82a-c9f896edd5a2', 'c53120f3-6223-437d-ba18-b68c53f7687d', 1, NULL, 3, 1800000, 5400000, '462c8480-f587-40a9-b53a-299c0dab1ff6', 0, 'solaodong');
INSERT INTO [HoTroCovid].[dbo].[CaNhan] (ID, HoTen, GioiTinh, NgaySinh, CMND, SinhNam) VALUES ('abe12922-017f-4587-9b49-ebe31dd21a92', N'Nguyễn Thị Thắm', NULL, '1985-01-01', '215011773', 1985);
INSERT INTO [HoTroCovid].[dbo].[CaNhan_DoanhNghiep] (ID, IDDoanhNghiep, IDCaNhan, IDDoiTuong, NgheNghiep, DaTra50) VALUES ('7d9df8a5-5c39-41ae-b344-69803503c56e', 'e49841c9-785e-405e-9bf6-c9e9638c10e4', 'abe12922-017f-4587-9b49-ebe31dd21a92', NULL, N'CNCBHSĐL', null);
INSERT INTO [HoTroCovid].[dbo].[ThongTinHoTro] (ID, IDNoiDung, IDDoiTuong, IDCaNhan) VALUES ('52740c67-52aa-408d-b250-74392273bfa1', 1, NULL, 'abe12922-017f-4587-9b49-ebe31dd21a92');
INSERT INTO [HoTroCovid].[dbo].[HoSo] (ID, IDCaNhan, IDNoiDungHoTro, IDDoiTuong, SoThang, SoTien, ThanhTien, IDThongTinHoTro, DaChi, NguoiTao) VALUES ('ef0ce6b9-b34f-4985-b7a9-48f8b8d58f16', 'abe12922-017f-4587-9b49-ebe31dd21a92', 1, NULL, 3, 1800000, 5400000, '52740c67-52aa-408d-b250-74392273bfa1', 0, 'solaodong');
INSERT INTO [HoTroCovid].[dbo].[CaNhan] (ID, HoTen, GioiTinh, NgaySinh, CMND, SinhNam) VALUES ('f11989bb-4779-491e-ba02-11cf4337206e', N'Đào Duy Thọ', 1, '2001-10-26', '212882667', 2001);
INSERT INTO [HoTroCovid].[dbo].[CaNhan_DoanhNghiep] (ID, IDDoanhNghiep, IDCaNhan, IDDoiTuong, NgheNghiep, DaTra50) VALUES ('713caa1c-cf6c-4692-b16a-3d413ad1844c', 'e49841c9-785e-405e-9bf6-c9e9638c10e4', 'f11989bb-4779-491e-ba02-11cf4337206e', NULL, N'CNCBHSĐL', null);
INSERT INTO [HoTroCovid].[dbo].[ThongTinHoTro] (ID, IDNoiDung, IDDoiTuong, IDCaNhan) VALUES ('0a9354ce-23da-4b4f-aba4-54173a27e2a6', 1, NULL, 'f11989bb-4779-491e-ba02-11cf4337206e');
INSERT INTO [HoTroCovid].[dbo].[HoSo] (ID, IDCaNhan, IDNoiDungHoTro, IDDoiTuong, SoThang, SoTien, ThanhTien, IDThongTinHoTro, DaChi, NguoiTao) VALUES ('d0dd8249-cf9c-44cb-8db4-b10270f8923c', 'f11989bb-4779-491e-ba02-11cf4337206e', 1, NULL, 3, 1800000, 5400000, '0a9354ce-23da-4b4f-aba4-54173a27e2a6', 0, 'solaodong');
INSERT INTO [HoTroCovid].[dbo].[CaNhan] (ID, HoTen, GioiTinh, NgaySinh, CMND, SinhNam) VALUES ('955980af-d33b-4fb1-9605-aed5c537a153', N'Đặng Thị Lương', NULL, '1990-06-12', '221281778', 1990);
INSERT INTO [HoTroCovid].[dbo].[CaNhan_DoanhNghiep] (ID, IDDoanhNghiep, IDCaNhan, IDDoiTuong, NgheNghiep, DaTra50) VALUES ('e6650a29-744e-4edc-8a7d-70b9abc711eb', 'e49841c9-785e-405e-9bf6-c9e9638c10e4', '955980af-d33b-4fb1-9605-aed5c537a153', NULL, N'CNCBHSĐL', null);
INSERT INTO [HoTroCovid].[dbo].[ThongTinHoTro] (ID, IDNoiDung, IDDoiTuong, IDCaNhan) VALUES ('c796638b-6803-42a8-8e2a-9ec3bb34d9d6', 1, NULL, '955980af-d33b-4fb1-9605-aed5c537a153');
INSERT INTO [HoTroCovid].[dbo].[HoSo] (ID, IDCaNhan, IDNoiDungHoTro, IDDoiTuong, SoThang, SoTien, ThanhTien, IDThongTinHoTro, DaChi, NguoiTao) VALUES ('ed18e47b-aaed-4fc1-811b-408bd9e4f923', '955980af-d33b-4fb1-9605-aed5c537a153', 1, NULL, 3, 1800000, 5400000, 'c796638b-6803-42a8-8e2a-9ec3bb34d9d6', 0, 'solaodong');
INSERT INTO [HoTroCovid].[dbo].[CaNhan] (ID, HoTen, GioiTinh, NgaySinh, CMND, SinhNam) VALUES ('2ab0275b-a7ea-4a13-9059-085a9b2062c3', N'Trần Quang Duy', 1, '1995-12-10', '215336355', 1995);
INSERT INTO [HoTroCovid].[dbo].[CaNhan_DoanhNghiep] (ID, IDDoanhNghiep, IDCaNhan, IDDoiTuong, NgheNghiep, DaTra50) VALUES ('f887039c-5dcf-4bda-93ed-1cf9e08b3773', 'e49841c9-785e-405e-9bf6-c9e9638c10e4', '2ab0275b-a7ea-4a13-9059-085a9b2062c3', NULL, N'CNCBHSĐL', null);
INSERT INTO [HoTroCovid].[dbo].[ThongTinHoTro] (ID, IDNoiDung, IDDoiTuong, IDCaNhan) VALUES ('b5309d23-2b2e-4f67-a778-e15c46352981', 1, NULL, '2ab0275b-a7ea-4a13-9059-085a9b2062c3');
INSERT INTO [HoTroCovid].[dbo].[HoSo] (ID, IDCaNhan, IDNoiDungHoTro, IDDoiTuong, SoThang, SoTien, ThanhTien, IDThongTinHoTro, DaChi, NguoiTao) VALUES ('53c0d2f0-0c63-415e-b0c0-e32fe4359608', '2ab0275b-a7ea-4a13-9059-085a9b2062c3', 1, NULL, 3, 1800000, 5400000, 'b5309d23-2b2e-4f67-a778-e15c46352981', 0, 'solaodong');
INSERT INTO [HoTroCovid].[dbo].[CaNhan] (ID, HoTen, GioiTinh, NgaySinh, CMND, SinhNam) VALUES ('0b1e8f3e-c4be-4c91-b95f-d0bb8d44833c', N'Phan Thành Sinh', 1, '1993-01-01', '215283661', 1993);
INSERT INTO [HoTroCovid].[dbo].[CaNhan_DoanhNghiep] (ID, IDDoanhNghiep, IDCaNhan, IDDoiTuong, NgheNghiep, DaTra50) VALUES ('34edfc36-6a14-4189-8292-74cdd4546ab3', 'e49841c9-785e-405e-9bf6-c9e9638c10e4', '0b1e8f3e-c4be-4c91-b95f-d0bb8d44833c', NULL, N'Tổ phó ĐG3', null);
INSERT INTO [HoTroCovid].[dbo].[ThongTinHoTro] (ID, IDNoiDung, IDDoiTuong, IDCaNhan) VALUES ('2bc43354-db02-49b4-ac9b-73e623fd2deb', 1, NULL, '0b1e8f3e-c4be-4c91-b95f-d0bb8d44833c');
INSERT INTO [HoTroCovid].[dbo].[HoSo] (ID, IDCaNhan, IDNoiDungHoTro, IDDoiTuong, SoThang, SoTien, ThanhTien, IDThongTinHoTro, DaChi, NguoiTao) VALUES ('f3450ed7-db13-4878-a63c-1a5bc4493a5a', '0b1e8f3e-c4be-4c91-b95f-d0bb8d44833c', 1, NULL, 3, 1800000, 5400000, '2bc43354-db02-49b4-ac9b-73e623fd2deb', 0, 'solaodong');
INSERT INTO [HoTroCovid].[dbo].[CaNhan] (ID, HoTen, GioiTinh, NgaySinh, CMND, SinhNam) VALUES ('660c6536-4cec-47fb-bb68-44ba148b47b7', N'Võ Hồng Thái', 1, '1980-09-06', '211618414', 1980);
INSERT INTO [HoTroCovid].[dbo].[CaNhan_DoanhNghiep] (ID, IDDoanhNghiep, IDCaNhan, IDDoiTuong, NgheNghiep, DaTra50) VALUES ('591aa2b9-80b0-414c-ad10-37007429ad6e', 'e49841c9-785e-405e-9bf6-c9e9638c10e4', '660c6536-4cec-47fb-bb68-44ba148b47b7', NULL, N'CNCBHSĐL', null);
INSERT INTO [HoTroCovid].[dbo].[ThongTinHoTro] (ID, IDNoiDung, IDDoiTuong, IDCaNhan) VALUES ('1e6054f8-badc-4064-b480-72cdafdb0844', 1, NULL, '660c6536-4cec-47fb-bb68-44ba148b47b7');
INSERT INTO [HoTroCovid].[dbo].[HoSo] (ID, IDCaNhan, IDNoiDungHoTro, IDDoiTuong, SoThang, SoTien, ThanhTien, IDThongTinHoTro, DaChi, NguoiTao) VALUES ('986f36f8-e55c-4d5c-a14d-400a920d1180', '660c6536-4cec-47fb-bb68-44ba148b47b7', 1, NULL, 3, 1800000, 5400000, '1e6054f8-badc-4064-b480-72cdafdb0844', 0, 'solaodong');
INSERT INTO [HoTroCovid].[dbo].[CaNhan] (ID, HoTen, GioiTinh, NgaySinh, CMND, SinhNam) VALUES ('e367fed9-61c2-4fec-83b1-86588b058b2c', N'Hồ Văn Thi', 1, '1994-02-13', '215286359', 1994);
INSERT INTO [HoTroCovid].[dbo].[CaNhan_DoanhNghiep] (ID, IDDoanhNghiep, IDCaNhan, IDDoiTuong, NgheNghiep, DaTra50) VALUES ('56ae1a5f-f371-40be-a293-f7513954b5c2', 'e49841c9-785e-405e-9bf6-c9e9638c10e4', 'e367fed9-61c2-4fec-83b1-86588b058b2c', NULL, N'CNCBHSĐL', null);
INSERT INTO [HoTroCovid].[dbo].[ThongTinHoTro] (ID, IDNoiDung, IDDoiTuong, IDCaNhan) VALUES ('9d965933-dc08-4e1b-b2de-aa425f0a6042', 1, NULL, 'e367fed9-61c2-4fec-83b1-86588b058b2c');
INSERT INTO [HoTroCovid].[dbo].[HoSo] (ID, IDCaNhan, IDNoiDungHoTro, IDDoiTuong, SoThang, SoTien, ThanhTien, IDThongTinHoTro, DaChi, NguoiTao) VALUES ('3f853db6-221d-434f-9470-b5777fa64f7e', 'e367fed9-61c2-4fec-83b1-86588b058b2c', 1, NULL, 3, 1800000, 5400000, '9d965933-dc08-4e1b-b2de-aa425f0a6042', 0, 'solaodong');
INSERT INTO [HoTroCovid].[dbo].[CaNhan] (ID, HoTen, GioiTinh, NgaySinh, CMND, SinhNam) VALUES ('7b91c98c-3e67-4fd3-b18f-bd3d29d4f854', N'Nguyễn Thị Thơm', NULL, '1997-04-26', '215407207', 1997);
INSERT INTO [HoTroCovid].[dbo].[CaNhan_DoanhNghiep] (ID, IDDoanhNghiep, IDCaNhan, IDDoiTuong, NgheNghiep, DaTra50) VALUES ('3c7f3892-90ab-456d-891c-3e638559795a', 'e49841c9-785e-405e-9bf6-c9e9638c10e4', '7b91c98c-3e67-4fd3-b18f-bd3d29d4f854', NULL, N'CNCBHSĐL', null);
INSERT INTO [HoTroCovid].[dbo].[ThongTinHoTro] (ID, IDNoiDung, IDDoiTuong, IDCaNhan) VALUES ('9b09fe2f-af35-4aa3-a6f5-9869846d6ef1', 1, NULL, '7b91c98c-3e67-4fd3-b18f-bd3d29d4f854');
INSERT INTO [HoTroCovid].[dbo].[HoSo] (ID, IDCaNhan, IDNoiDungHoTro, IDDoiTuong, SoThang, SoTien, ThanhTien, IDThongTinHoTro, DaChi, NguoiTao) VALUES ('4ba8f52c-e404-4693-aaaa-aed649963dc5', '7b91c98c-3e67-4fd3-b18f-bd3d29d4f854', 1, NULL, 3, 1800000, 5400000, '9b09fe2f-af35-4aa3-a6f5-9869846d6ef1', 0, 'solaodong');
INSERT INTO [HoTroCovid].[dbo].[CaNhan] (ID, HoTen, GioiTinh, NgaySinh, CMND, SinhNam) VALUES ('804efac2-90d9-4a5c-9d88-12fb3f0e6522', N'Huỳnh Thị Kim Hoa', NULL, '1981-12-23', '211744708', 1981);
INSERT INTO [HoTroCovid].[dbo].[CaNhan_DoanhNghiep] (ID, IDDoanhNghiep, IDCaNhan, IDDoiTuong, NgheNghiep, DaTra50) VALUES ('26e875f3-3c47-46f1-bcbb-a9670c72a476', 'e49841c9-785e-405e-9bf6-c9e9638c10e4', '804efac2-90d9-4a5c-9d88-12fb3f0e6522', NULL, N'CNCBHSĐL', null);
INSERT INTO [HoTroCovid].[dbo].[ThongTinHoTro] (ID, IDNoiDung, IDDoiTuong, IDCaNhan) VALUES ('2ea95548-55c3-4b73-9478-8c3d89d8f311', 1, NULL, '804efac2-90d9-4a5c-9d88-12fb3f0e6522');
INSERT INTO [HoTroCovid].[dbo].[HoSo] (ID, IDCaNhan, IDNoiDungHoTro, IDDoiTuong, SoThang, SoTien, ThanhTien, IDThongTinHoTro, DaChi, NguoiTao) VALUES ('cead536a-f7a7-42e6-8c48-1552b95ead53', '804efac2-90d9-4a5c-9d88-12fb3f0e6522', 1, NULL, 3, 1800000, 5400000, '2ea95548-55c3-4b73-9478-8c3d89d8f311', 0, 'solaodong');
INSERT INTO [HoTroCovid].[dbo].[CaNhan] (ID, HoTen, GioiTinh, NgaySinh, CMND, SinhNam) VALUES ('87d675a8-dd26-4204-b777-e92ae2acfb5b', N'Lê Thị Điền', NULL, '1990-06-06', '215276914', 1990);
INSERT INTO [HoTroCovid].[dbo].[CaNhan_DoanhNghiep] (ID, IDDoanhNghiep, IDCaNhan, IDDoiTuong, NgheNghiep, DaTra50) VALUES ('d0ca1d4b-7ca4-45f7-9998-a07f4ae919d3', 'e49841c9-785e-405e-9bf6-c9e9638c10e4', '87d675a8-dd26-4204-b777-e92ae2acfb5b', NULL, N'CNCBHSĐL', null);
INSERT INTO [HoTroCovid].[dbo].[ThongTinHoTro] (ID, IDNoiDung, IDDoiTuong, IDCaNhan) VALUES ('bbdc8a18-7a52-4d02-b3f9-c8541e32c9ba', 1, NULL, '87d675a8-dd26-4204-b777-e92ae2acfb5b');
INSERT INTO [HoTroCovid].[dbo].[HoSo] (ID, IDCaNhan, IDNoiDungHoTro, IDDoiTuong, SoThang, SoTien, ThanhTien, IDThongTinHoTro, DaChi, NguoiTao) VALUES ('1c9d62d8-dfba-43aa-abdf-d73623a2e55d', '87d675a8-dd26-4204-b777-e92ae2acfb5b', 1, NULL, 3, 1800000, 5400000, 'bbdc8a18-7a52-4d02-b3f9-c8541e32c9ba', 0, 'solaodong');
INSERT INTO [HoTroCovid].[dbo].[CaNhan] (ID, HoTen, GioiTinh, NgaySinh, CMND, SinhNam) VALUES ('d0728dc7-48e5-4d29-8245-24c0ae1b7b43', N'Nguyễn Thị Hiếu', NULL, '1988-07-21', '221223658', 1988);
INSERT INTO [HoTroCovid].[dbo].[CaNhan_DoanhNghiep] (ID, IDDoanhNghiep, IDCaNhan, IDDoiTuong, NgheNghiep, DaTra50) VALUES ('edc3a798-ae22-4bfb-86f6-29087f77a258', 'e49841c9-785e-405e-9bf6-c9e9638c10e4', 'd0728dc7-48e5-4d29-8245-24c0ae1b7b43', NULL, N'CNCBHSĐL', null);
INSERT INTO [HoTroCovid].[dbo].[ThongTinHoTro] (ID, IDNoiDung, IDDoiTuong, IDCaNhan) VALUES ('f17800a2-e409-4204-ab8c-413fc587d3f4', 1, NULL, 'd0728dc7-48e5-4d29-8245-24c0ae1b7b43');
INSERT INTO [HoTroCovid].[dbo].[HoSo] (ID, IDCaNhan, IDNoiDungHoTro, IDDoiTuong, SoThang, SoTien, ThanhTien, IDThongTinHoTro, DaChi, NguoiTao) VALUES ('9bd52ee9-512a-4c0e-9ac7-bb4903143e0f', 'd0728dc7-48e5-4d29-8245-24c0ae1b7b43', 1, NULL, 3, 1800000, 5400000, 'f17800a2-e409-4204-ab8c-413fc587d3f4', 0, 'solaodong');
INSERT INTO [HoTroCovid].[dbo].[CaNhan] (ID, HoTen, GioiTinh, NgaySinh, CMND, SinhNam) VALUES ('55e3d162-128b-4730-9adb-d3fa6d9a7881', N'Trương Thị Việc', NULL, '1991-11-24', '215221161', 1991);
INSERT INTO [HoTroCovid].[dbo].[CaNhan_DoanhNghiep] (ID, IDDoanhNghiep, IDCaNhan, IDDoiTuong, NgheNghiep, DaTra50) VALUES ('66156fd5-a4da-4eae-88e0-7c481cc3495f', 'e49841c9-785e-405e-9bf6-c9e9638c10e4', '55e3d162-128b-4730-9adb-d3fa6d9a7881', NULL, N'CNCBHSĐL', null);
INSERT INTO [HoTroCovid].[dbo].[ThongTinHoTro] (ID, IDNoiDung, IDDoiTuong, IDCaNhan) VALUES ('4bec77a4-b90c-4570-a9e0-313c4609dcbe', 1, NULL, '55e3d162-128b-4730-9adb-d3fa6d9a7881');
INSERT INTO [HoTroCovid].[dbo].[HoSo] (ID, IDCaNhan, IDNoiDungHoTro, IDDoiTuong, SoThang, SoTien, ThanhTien, IDThongTinHoTro, DaChi, NguoiTao) VALUES ('9db5aaab-47f2-4ffb-a0a8-36c4a912bce1', '55e3d162-128b-4730-9adb-d3fa6d9a7881', 1, NULL, 3, 1800000, 5400000, '4bec77a4-b90c-4570-a9e0-313c4609dcbe', 0, 'solaodong');
INSERT INTO [HoTroCovid].[dbo].[CaNhan] (ID, HoTen, GioiTinh, NgaySinh, CMND, SinhNam) VALUES ('0f78e36a-8d22-42be-beab-56960d964874', N'Đoàn Thị Kim Định', NULL, '1978-04-04', '211637331', 1978);
INSERT INTO [HoTroCovid].[dbo].[CaNhan_DoanhNghiep] (ID, IDDoanhNghiep, IDCaNhan, IDDoiTuong, NgheNghiep, DaTra50) VALUES ('b478dc7d-80ae-4729-9105-2b57c2a83c29', 'e49841c9-785e-405e-9bf6-c9e9638c10e4', '0f78e36a-8d22-42be-beab-56960d964874', NULL, N'CNCBHSĐL', null);
INSERT INTO [HoTroCovid].[dbo].[ThongTinHoTro] (ID, IDNoiDung, IDDoiTuong, IDCaNhan) VALUES ('f8785a8c-9971-4998-96e0-221e68d1881b', 1, NULL, '0f78e36a-8d22-42be-beab-56960d964874');
INSERT INTO [HoTroCovid].[dbo].[HoSo] (ID, IDCaNhan, IDNoiDungHoTro, IDDoiTuong, SoThang, SoTien, ThanhTien, IDThongTinHoTro, DaChi, NguoiTao) VALUES ('d06c4dd8-b9bb-487d-a0f3-2534bed52d87', '0f78e36a-8d22-42be-beab-56960d964874', 1, NULL, 3, 1800000, 5400000, 'f8785a8c-9971-4998-96e0-221e68d1881b', 0, 'solaodong');
INSERT INTO [HoTroCovid].[dbo].[CaNhan] (ID, HoTen, GioiTinh, NgaySinh, CMND, SinhNam) VALUES ('b500920d-f799-4826-a57b-d17fd365a897', N'Trần Văn Tính', 1, '1989-06-21', '221536828', 1989);
INSERT INTO [HoTroCovid].[dbo].[CaNhan_DoanhNghiep] (ID, IDDoanhNghiep, IDCaNhan, IDDoiTuong, NgheNghiep, DaTra50) VALUES ('eef99ce9-018a-4406-af5a-e9bb8c386e87', 'e49841c9-785e-405e-9bf6-c9e9638c10e4', 'b500920d-f799-4826-a57b-d17fd365a897', NULL, N'CNCBHSĐL', null);
INSERT INTO [HoTroCovid].[dbo].[ThongTinHoTro] (ID, IDNoiDung, IDDoiTuong, IDCaNhan) VALUES ('9a6746a9-1077-4291-b323-a3a6079320ce', 1, NULL, 'b500920d-f799-4826-a57b-d17fd365a897');
INSERT INTO [HoTroCovid].[dbo].[HoSo] (ID, IDCaNhan, IDNoiDungHoTro, IDDoiTuong, SoThang, SoTien, ThanhTien, IDThongTinHoTro, DaChi, NguoiTao) VALUES ('d58700dd-3692-4978-9520-92ea305888ee', 'b500920d-f799-4826-a57b-d17fd365a897', 1, NULL, 3, 1800000, 5400000, '9a6746a9-1077-4291-b323-a3a6079320ce', 0, 'solaodong');
INSERT INTO [HoTroCovid].[dbo].[CaNhan] (ID, HoTen, GioiTinh, NgaySinh, CMND, SinhNam) VALUES ('0508c964-ebab-4c92-9b20-5fe81b0630f9', N'Võ Thị Đông', NULL, '1992-12-28', '215243778', 1992);
INSERT INTO [HoTroCovid].[dbo].[CaNhan_DoanhNghiep] (ID, IDDoanhNghiep, IDCaNhan, IDDoiTuong, NgheNghiep, DaTra50) VALUES ('8f08144e-6315-4cc0-a7be-b858ba92d2ea', 'e49841c9-785e-405e-9bf6-c9e9638c10e4', '0508c964-ebab-4c92-9b20-5fe81b0630f9', NULL, N'CNCBHSĐL', null);
INSERT INTO [HoTroCovid].[dbo].[ThongTinHoTro] (ID, IDNoiDung, IDDoiTuong, IDCaNhan) VALUES ('b6d053bb-2a50-4e10-bc89-c8bd327f4cac', 1, NULL, '0508c964-ebab-4c92-9b20-5fe81b0630f9');
INSERT INTO [HoTroCovid].[dbo].[HoSo] (ID, IDCaNhan, IDNoiDungHoTro, IDDoiTuong, SoThang, SoTien, ThanhTien, IDThongTinHoTro, DaChi, NguoiTao) VALUES ('3b6599be-5300-414b-af0c-55e793847a41', '0508c964-ebab-4c92-9b20-5fe81b0630f9', 1, NULL, 3, 1800000, 5400000, 'b6d053bb-2a50-4e10-bc89-c8bd327f4cac', 0, 'solaodong');
INSERT INTO [HoTroCovid].[dbo].[CaNhan] (ID, HoTen, GioiTinh, NgaySinh, CMND, SinhNam) VALUES ('72735842-0f4c-4d5f-90a7-590db2fed4a4', N'Hoàng Ngọc Thiện', 1, '1990-08-16', '215182490', 1990);
INSERT INTO [HoTroCovid].[dbo].[CaNhan_DoanhNghiep] (ID, IDDoanhNghiep, IDCaNhan, IDDoiTuong, NgheNghiep, DaTra50) VALUES ('c64efe12-9667-4129-83fa-d311b3bf5f6f', 'e49841c9-785e-405e-9bf6-c9e9638c10e4', '72735842-0f4c-4d5f-90a7-590db2fed4a4', NULL, N'CNCBHSĐL', null);
INSERT INTO [HoTroCovid].[dbo].[ThongTinHoTro] (ID, IDNoiDung, IDDoiTuong, IDCaNhan) VALUES ('ef2e5d56-f695-408c-9cff-0051aaa0f3ea', 1, NULL, '72735842-0f4c-4d5f-90a7-590db2fed4a4');
INSERT INTO [HoTroCovid].[dbo].[HoSo] (ID, IDCaNhan, IDNoiDungHoTro, IDDoiTuong, SoThang, SoTien, ThanhTien, IDThongTinHoTro, DaChi, NguoiTao) VALUES ('42cf5161-26ef-4645-bbf6-913c8a9575a1', '72735842-0f4c-4d5f-90a7-590db2fed4a4', 1, NULL, 3, 1800000, 5400000, 'ef2e5d56-f695-408c-9cff-0051aaa0f3ea', 0, 'solaodong');
INSERT INTO [HoTroCovid].[dbo].[CaNhan] (ID, HoTen, GioiTinh, NgaySinh, CMND, SinhNam) VALUES ('2722b16a-397e-44ca-a9c9-cb4f61f4c7bc', N'Nguyễn Thị Ngọc Châu', NULL, '1994-11-17', '215296683', 1994);
INSERT INTO [HoTroCovid].[dbo].[CaNhan_DoanhNghiep] (ID, IDDoanhNghiep, IDCaNhan, IDDoiTuong, NgheNghiep, DaTra50) VALUES ('10641375-b5e1-450a-be76-b3cfc7a0cb1d', 'e49841c9-785e-405e-9bf6-c9e9638c10e4', '2722b16a-397e-44ca-a9c9-cb4f61f4c7bc', NULL, N'CNCBHSĐL', null);
INSERT INTO [HoTroCovid].[dbo].[ThongTinHoTro] (ID, IDNoiDung, IDDoiTuong, IDCaNhan) VALUES ('c72c89e4-bf1b-4bd9-8e4d-5c56e25dfa70', 1, NULL, '2722b16a-397e-44ca-a9c9-cb4f61f4c7bc');
INSERT INTO [HoTroCovid].[dbo].[HoSo] (ID, IDCaNhan, IDNoiDungHoTro, IDDoiTuong, SoThang, SoTien, ThanhTien, IDThongTinHoTro, DaChi, NguoiTao) VALUES ('cdafab0e-da20-4d49-8987-7ceea583ebe5', '2722b16a-397e-44ca-a9c9-cb4f61f4c7bc', 1, NULL, 3, 1800000, 5400000, 'c72c89e4-bf1b-4bd9-8e4d-5c56e25dfa70', 0, 'solaodong');
INSERT INTO [HoTroCovid].[dbo].[CaNhan] (ID, HoTen, GioiTinh, NgaySinh, CMND, SinhNam) VALUES ('c3000097-7e34-47e3-87be-456690a2ed36', N'Lương Như Sau', NULL, '1999-10-20', '215469832', 1999);
INSERT INTO [HoTroCovid].[dbo].[CaNhan_DoanhNghiep] (ID, IDDoanhNghiep, IDCaNhan, IDDoiTuong, NgheNghiep, DaTra50) VALUES ('f57d399f-ea62-4370-bdd5-70e3fc3c47dd', 'e49841c9-785e-405e-9bf6-c9e9638c10e4', 'c3000097-7e34-47e3-87be-456690a2ed36', NULL, N'CNCBHSĐL', null);
INSERT INTO [HoTroCovid].[dbo].[ThongTinHoTro] (ID, IDNoiDung, IDDoiTuong, IDCaNhan) VALUES ('02bcb1d7-071a-4f18-ab02-ca3e56b762fc', 1, NULL, 'c3000097-7e34-47e3-87be-456690a2ed36');
INSERT INTO [HoTroCovid].[dbo].[HoSo] (ID, IDCaNhan, IDNoiDungHoTro, IDDoiTuong, SoThang, SoTien, ThanhTien, IDThongTinHoTro, DaChi, NguoiTao) VALUES ('32096c6f-7661-42e6-af65-c452d821dc58', 'c3000097-7e34-47e3-87be-456690a2ed36', 1, NULL, 3, 1800000, 5400000, '02bcb1d7-071a-4f18-ab02-ca3e56b762fc', 0, 'solaodong');
INSERT INTO [HoTroCovid].[dbo].[CaNhan] (ID, HoTen, GioiTinh, NgaySinh, CMND, SinhNam) VALUES ('3d08a87d-230c-4dff-b662-dcb5d3161d52', N'Nguyễn Thị Sen', NULL, '1997-03-08', '215417201', 1997);
INSERT INTO [HoTroCovid].[dbo].[CaNhan_DoanhNghiep] (ID, IDDoanhNghiep, IDCaNhan, IDDoiTuong, NgheNghiep, DaTra50) VALUES ('4faa1ee3-cde5-4525-a865-4b27f2fa7b44', 'e49841c9-785e-405e-9bf6-c9e9638c10e4', '3d08a87d-230c-4dff-b662-dcb5d3161d52', NULL, N'CNCBHSĐL', null);
INSERT INTO [HoTroCovid].[dbo].[ThongTinHoTro] (ID, IDNoiDung, IDDoiTuong, IDCaNhan) VALUES ('60a2b865-7980-4540-ad14-f96de742a974', 1, NULL, '3d08a87d-230c-4dff-b662-dcb5d3161d52');
INSERT INTO [HoTroCovid].[dbo].[HoSo] (ID, IDCaNhan, IDNoiDungHoTro, IDDoiTuong, SoThang, SoTien, ThanhTien, IDThongTinHoTro, DaChi, NguoiTao) VALUES ('633043df-8faf-4ab6-806d-ffad8ac5fd3a', '3d08a87d-230c-4dff-b662-dcb5d3161d52', 1, NULL, 3, 1800000, 5400000, '60a2b865-7980-4540-ad14-f96de742a974', 0, 'solaodong');
INSERT INTO [HoTroCovid].[dbo].[CaNhan] (ID, HoTen, GioiTinh, NgaySinh, CMND, SinhNam) VALUES ('50a81e00-ec28-44a5-b3f2-67ba5170bdc3', N'Nguyễn Thị Mộng Duyên', NULL, '1979-09-15', '211609287', 1979);
INSERT INTO [HoTroCovid].[dbo].[CaNhan_DoanhNghiep] (ID, IDDoanhNghiep, IDCaNhan, IDDoiTuong, NgheNghiep, DaTra50) VALUES ('42adafc7-00c8-48a7-874a-1fb55f935bad', 'e49841c9-785e-405e-9bf6-c9e9638c10e4', '50a81e00-ec28-44a5-b3f2-67ba5170bdc3', NULL, N'CNCBHSĐL', null);
INSERT INTO [HoTroCovid].[dbo].[ThongTinHoTro] (ID, IDNoiDung, IDDoiTuong, IDCaNhan) VALUES ('f3edd0ea-b8cb-4b12-8e2b-891b8765699b', 1, NULL, '50a81e00-ec28-44a5-b3f2-67ba5170bdc3');
INSERT INTO [HoTroCovid].[dbo].[HoSo] (ID, IDCaNhan, IDNoiDungHoTro, IDDoiTuong, SoThang, SoTien, ThanhTien, IDThongTinHoTro, DaChi, NguoiTao) VALUES ('a8d71ece-bb41-4118-a6f4-52817e49c1f5', '50a81e00-ec28-44a5-b3f2-67ba5170bdc3', 1, NULL, 3, 1800000, 5400000, 'f3edd0ea-b8cb-4b12-8e2b-891b8765699b', 0, 'solaodong');
INSERT INTO [HoTroCovid].[dbo].[CaNhan] (ID, HoTen, GioiTinh, NgaySinh, CMND, SinhNam) VALUES ('28e788f8-340c-41f9-a25b-76776cbd781a', N'Huỳnh Thị Mộng Nhi', NULL, '1987-10-20', '215084539', 1987);
INSERT INTO [HoTroCovid].[dbo].[CaNhan_DoanhNghiep] (ID, IDDoanhNghiep, IDCaNhan, IDDoiTuong, NgheNghiep, DaTra50) VALUES ('f9be6850-a85b-4356-9993-ff30b82300a6', 'e49841c9-785e-405e-9bf6-c9e9638c10e4', '28e788f8-340c-41f9-a25b-76776cbd781a', NULL, N'CNCBHSĐL', null);
INSERT INTO [HoTroCovid].[dbo].[ThongTinHoTro] (ID, IDNoiDung, IDDoiTuong, IDCaNhan) VALUES ('62c0da16-998a-4c21-99ca-3332ecbc9bd7', 1, NULL, '28e788f8-340c-41f9-a25b-76776cbd781a');
INSERT INTO [HoTroCovid].[dbo].[HoSo] (ID, IDCaNhan, IDNoiDungHoTro, IDDoiTuong, SoThang, SoTien, ThanhTien, IDThongTinHoTro, DaChi, NguoiTao) VALUES ('97c6ce2e-cbfc-4a09-96dc-401ddde23f48', '28e788f8-340c-41f9-a25b-76776cbd781a', 1, NULL, 3, 1800000, 5400000, '62c0da16-998a-4c21-99ca-3332ecbc9bd7', 0, 'solaodong');
INSERT INTO [HoTroCovid].[dbo].[CaNhan] (ID, HoTen, GioiTinh, NgaySinh, CMND, SinhNam) VALUES ('ee4eba9a-c287-4a7c-ae94-b65d781e8728', N'Nguyễn Thị Yến Nhi', NULL, '2000-08-20', '215497637', 2000);
INSERT INTO [HoTroCovid].[dbo].[CaNhan_DoanhNghiep] (ID, IDDoanhNghiep, IDCaNhan, IDDoiTuong, NgheNghiep, DaTra50) VALUES ('638799e2-0a2c-4acd-bb5c-d7bbe9f65c12', 'e49841c9-785e-405e-9bf6-c9e9638c10e4', 'ee4eba9a-c287-4a7c-ae94-b65d781e8728', NULL, N'CNCBHSĐL', null);
INSERT INTO [HoTroCovid].[dbo].[ThongTinHoTro] (ID, IDNoiDung, IDDoiTuong, IDCaNhan) VALUES ('1a62099c-54ea-4043-b356-8964ca7450b7', 1, NULL, 'ee4eba9a-c287-4a7c-ae94-b65d781e8728');
INSERT INTO [HoTroCovid].[dbo].[HoSo] (ID, IDCaNhan, IDNoiDungHoTro, IDDoiTuong, SoThang, SoTien, ThanhTien, IDThongTinHoTro, DaChi, NguoiTao) VALUES ('9e7e93e3-7b12-4fb7-a447-c454b75bc5c1', 'ee4eba9a-c287-4a7c-ae94-b65d781e8728', 1, NULL, 3, 1800000, 5400000, '1a62099c-54ea-4043-b356-8964ca7450b7', 0, 'solaodong');
INSERT INTO [HoTroCovid].[dbo].[CaNhan] (ID, HoTen, GioiTinh, NgaySinh, CMND, SinhNam) VALUES ('7e804970-25f7-4440-ae78-4ad20e975579', N'Ngô Thị Nhi', NULL, '1993-09-04', '215197953', 1993);
INSERT INTO [HoTroCovid].[dbo].[CaNhan_DoanhNghiep] (ID, IDDoanhNghiep, IDCaNhan, IDDoiTuong, NgheNghiep, DaTra50) VALUES ('8a9080f2-1267-4faa-babe-97525b09ef28', 'e49841c9-785e-405e-9bf6-c9e9638c10e4', '7e804970-25f7-4440-ae78-4ad20e975579', NULL, N'CNCBHSĐL', null);
INSERT INTO [HoTroCovid].[dbo].[ThongTinHoTro] (ID, IDNoiDung, IDDoiTuong, IDCaNhan) VALUES ('cb9951b3-ca4c-4bf1-8631-c7f303299da4', 1, NULL, '7e804970-25f7-4440-ae78-4ad20e975579');
INSERT INTO [HoTroCovid].[dbo].[HoSo] (ID, IDCaNhan, IDNoiDungHoTro, IDDoiTuong, SoThang, SoTien, ThanhTien, IDThongTinHoTro, DaChi, NguoiTao) VALUES ('10248bb9-d0c8-4451-af23-ab0383fb83d4', '7e804970-25f7-4440-ae78-4ad20e975579', 1, NULL, 3, 1800000, 5400000, 'cb9951b3-ca4c-4bf1-8631-c7f303299da4', 0, 'solaodong');
INSERT INTO [HoTroCovid].[dbo].[CaNhan] (ID, HoTen, GioiTinh, NgaySinh, CMND, SinhNam) VALUES ('501b1f89-7bde-4ed7-bef9-74c73d449dec', N'Phạm Thị Ngọc Bích', NULL, '1988-07-20', '215010140', 1988);
INSERT INTO [HoTroCovid].[dbo].[CaNhan_DoanhNghiep] (ID, IDDoanhNghiep, IDCaNhan, IDDoiTuong, NgheNghiep, DaTra50) VALUES ('4cad4af8-3d3a-4493-b60a-59ad4c0a3d9a', 'e49841c9-785e-405e-9bf6-c9e9638c10e4', '501b1f89-7bde-4ed7-bef9-74c73d449dec', NULL, N'CNCBHSĐL', null);
INSERT INTO [HoTroCovid].[dbo].[ThongTinHoTro] (ID, IDNoiDung, IDDoiTuong, IDCaNhan) VALUES ('b75a5962-1bdb-414c-b40c-ac71243f796d', 1, NULL, '501b1f89-7bde-4ed7-bef9-74c73d449dec');
INSERT INTO [HoTroCovid].[dbo].[HoSo] (ID, IDCaNhan, IDNoiDungHoTro, IDDoiTuong, SoThang, SoTien, ThanhTien, IDThongTinHoTro, DaChi, NguoiTao) VALUES ('0a9ee737-b546-49a7-a205-804022e542a6', '501b1f89-7bde-4ed7-bef9-74c73d449dec', 1, NULL, 3, 1800000, 5400000, 'b75a5962-1bdb-414c-b40c-ac71243f796d', 0, 'solaodong');
INSERT INTO [HoTroCovid].[dbo].[CaNhan] (ID, HoTen, GioiTinh, NgaySinh, CMND, SinhNam) VALUES ('e014895e-5c18-47c0-9f37-7d699068c4c9', N'Trương Thị Tuyền', NULL, '1995-04-20', '215387411', 1995);
INSERT INTO [HoTroCovid].[dbo].[CaNhan_DoanhNghiep] (ID, IDDoanhNghiep, IDCaNhan, IDDoiTuong, NgheNghiep, DaTra50) VALUES ('31e5550b-fa7a-49ba-9f0d-99de3b32c61c', 'e49841c9-785e-405e-9bf6-c9e9638c10e4', 'e014895e-5c18-47c0-9f37-7d699068c4c9', NULL, N'CNCBHSĐL', null);
INSERT INTO [HoTroCovid].[dbo].[ThongTinHoTro] (ID, IDNoiDung, IDDoiTuong, IDCaNhan) VALUES ('222396f9-8cdc-4254-9ca9-859c88a17070', 1, NULL, 'e014895e-5c18-47c0-9f37-7d699068c4c9');
INSERT INTO [HoTroCovid].[dbo].[HoSo] (ID, IDCaNhan, IDNoiDungHoTro, IDDoiTuong, SoThang, SoTien, ThanhTien, IDThongTinHoTro, DaChi, NguoiTao) VALUES ('531f0109-5906-48c9-b06a-2a12d00bef5b', 'e014895e-5c18-47c0-9f37-7d699068c4c9', 1, NULL, 3, 1800000, 5400000, '222396f9-8cdc-4254-9ca9-859c88a17070', 0, 'solaodong');
INSERT INTO [HoTroCovid].[dbo].[CaNhan] (ID, HoTen, GioiTinh, NgaySinh, CMND, SinhNam) VALUES ('28f6a4c6-ac7c-4c76-9723-690e4caf1f24', N'Nguyễn Thị Thu Thúy', NULL, '1999-10-10', '215453203', 1999);
INSERT INTO [HoTroCovid].[dbo].[CaNhan_DoanhNghiep] (ID, IDDoanhNghiep, IDCaNhan, IDDoiTuong, NgheNghiep, DaTra50) VALUES ('beb8909a-3f7f-4c7e-a22e-33383bf800d3', 'e49841c9-785e-405e-9bf6-c9e9638c10e4', '28f6a4c6-ac7c-4c76-9723-690e4caf1f24', NULL, N'CNCBHSĐL', null);
INSERT INTO [HoTroCovid].[dbo].[ThongTinHoTro] (ID, IDNoiDung, IDDoiTuong, IDCaNhan) VALUES ('3101bce6-fc9f-4116-b98c-2cb5cb79f982', 1, NULL, '28f6a4c6-ac7c-4c76-9723-690e4caf1f24');
INSERT INTO [HoTroCovid].[dbo].[HoSo] (ID, IDCaNhan, IDNoiDungHoTro, IDDoiTuong, SoThang, SoTien, ThanhTien, IDThongTinHoTro, DaChi, NguoiTao) VALUES ('0f6fe59c-2040-4f8c-a0f3-0193fd82d8a2', '28f6a4c6-ac7c-4c76-9723-690e4caf1f24', 1, NULL, 3, 1800000, 5400000, '3101bce6-fc9f-4116-b98c-2cb5cb79f982', 0, 'solaodong');
INSERT INTO [HoTroCovid].[dbo].[CaNhan] (ID, HoTen, GioiTinh, NgaySinh, CMND, SinhNam) VALUES ('c1e90aa7-e9f9-4fc7-bcc9-beabca48accf', N'Ca Thị Thúy Hằng', NULL, '1989-09-20', '215135010', 1989);
INSERT INTO [HoTroCovid].[dbo].[CaNhan_DoanhNghiep] (ID, IDDoanhNghiep, IDCaNhan, IDDoiTuong, NgheNghiep, DaTra50) VALUES ('d36303ad-f71f-47a0-aa2b-47c7e8f36d5e', 'e49841c9-785e-405e-9bf6-c9e9638c10e4', 'c1e90aa7-e9f9-4fc7-bcc9-beabca48accf', NULL, N'CNCBHSĐL', null);
INSERT INTO [HoTroCovid].[dbo].[ThongTinHoTro] (ID, IDNoiDung, IDDoiTuong, IDCaNhan) VALUES ('5e598343-97de-408d-9a1d-d94361db6c72', 1, NULL, 'c1e90aa7-e9f9-4fc7-bcc9-beabca48accf');
INSERT INTO [HoTroCovid].[dbo].[HoSo] (ID, IDCaNhan, IDNoiDungHoTro, IDDoiTuong, SoThang, SoTien, ThanhTien, IDThongTinHoTro, DaChi, NguoiTao) VALUES ('28c3cf96-e7a4-4fb0-9dbf-536788954308', 'c1e90aa7-e9f9-4fc7-bcc9-beabca48accf', 1, NULL, 3, 1800000, 5400000, '5e598343-97de-408d-9a1d-d94361db6c72', 0, 'solaodong');
INSERT INTO [HoTroCovid].[dbo].[CaNhan] (ID, HoTen, GioiTinh, NgaySinh, CMND, SinhNam) VALUES ('ea6a5211-f5f6-413b-9889-ddc7e889fcc1', N'Nguyễn Thị Thu', NULL, '1981-09-20', '211801064', 1981);
INSERT INTO [HoTroCovid].[dbo].[CaNhan_DoanhNghiep] (ID, IDDoanhNghiep, IDCaNhan, IDDoiTuong, NgheNghiep, DaTra50) VALUES ('14412f70-db67-4cd3-83cc-953a0a0d1305', 'e49841c9-785e-405e-9bf6-c9e9638c10e4', 'ea6a5211-f5f6-413b-9889-ddc7e889fcc1', NULL, N'CNCBHSĐL', null);
INSERT INTO [HoTroCovid].[dbo].[ThongTinHoTro] (ID, IDNoiDung, IDDoiTuong, IDCaNhan) VALUES ('9c24397d-a80e-4345-9f8a-992b7e456e79', 1, NULL, 'ea6a5211-f5f6-413b-9889-ddc7e889fcc1');
INSERT INTO [HoTroCovid].[dbo].[HoSo] (ID, IDCaNhan, IDNoiDungHoTro, IDDoiTuong, SoThang, SoTien, ThanhTien, IDThongTinHoTro, DaChi, NguoiTao) VALUES ('7ca4f9e3-2b73-4a93-a2e2-e97faacbfc3c', 'ea6a5211-f5f6-413b-9889-ddc7e889fcc1', 1, NULL, 3, 1800000, 5400000, '9c24397d-a80e-4345-9f8a-992b7e456e79', 0, 'solaodong');
INSERT INTO [HoTroCovid].[dbo].[CaNhan] (ID, HoTen, GioiTinh, NgaySinh, CMND, SinhNam) VALUES ('ae8b10c6-6e7a-4ddf-8cab-805059e7a621', N'Lê Phương Thoa', NULL, '1988-01-25', '215021012', 1988);
INSERT INTO [HoTroCovid].[dbo].[CaNhan_DoanhNghiep] (ID, IDDoanhNghiep, IDCaNhan, IDDoiTuong, NgheNghiep, DaTra50) VALUES ('8c438b46-1024-44ae-8548-1758ca3e8764', 'e49841c9-785e-405e-9bf6-c9e9638c10e4', 'ae8b10c6-6e7a-4ddf-8cab-805059e7a621', NULL, N'CNCBHSĐL', null);
INSERT INTO [HoTroCovid].[dbo].[ThongTinHoTro] (ID, IDNoiDung, IDDoiTuong, IDCaNhan) VALUES ('dd0b8b0e-dde7-409e-8420-0d3340f5c7f5', 1, NULL, 'ae8b10c6-6e7a-4ddf-8cab-805059e7a621');
INSERT INTO [HoTroCovid].[dbo].[HoSo] (ID, IDCaNhan, IDNoiDungHoTro, IDDoiTuong, SoThang, SoTien, ThanhTien, IDThongTinHoTro, DaChi, NguoiTao) VALUES ('0bb29240-de86-4d89-bc6c-33c91dcfdcc1', 'ae8b10c6-6e7a-4ddf-8cab-805059e7a621', 1, NULL, 3, 1800000, 5400000, 'dd0b8b0e-dde7-409e-8420-0d3340f5c7f5', 0, 'solaodong');
INSERT INTO [HoTroCovid].[dbo].[CaNhan] (ID, HoTen, GioiTinh, NgaySinh, CMND, SinhNam) VALUES ('c45dde6e-d84a-4c76-b1c2-b0f8a8926ad8', N'Huỳnh Gia Thuận', 1, '1996-07-12', '215356221', 1996);
INSERT INTO [HoTroCovid].[dbo].[CaNhan_DoanhNghiep] (ID, IDDoanhNghiep, IDCaNhan, IDDoiTuong, NgheNghiep, DaTra50) VALUES ('192233df-d4fe-4ec4-a4fe-79412bdb4b82', 'e49841c9-785e-405e-9bf6-c9e9638c10e4', 'c45dde6e-d84a-4c76-b1c2-b0f8a8926ad8', NULL, N'CNCBHSĐL', null);
INSERT INTO [HoTroCovid].[dbo].[ThongTinHoTro] (ID, IDNoiDung, IDDoiTuong, IDCaNhan) VALUES ('d1b1a309-1ad8-45ec-8ce0-a1b0ad7b10ce', 1, NULL, 'c45dde6e-d84a-4c76-b1c2-b0f8a8926ad8');
INSERT INTO [HoTroCovid].[dbo].[HoSo] (ID, IDCaNhan, IDNoiDungHoTro, IDDoiTuong, SoThang, SoTien, ThanhTien, IDThongTinHoTro, DaChi, NguoiTao) VALUES ('544c6d9d-c4c6-4a5c-ab6d-76b3cd1ff981', 'c45dde6e-d84a-4c76-b1c2-b0f8a8926ad8', 1, NULL, 3, 1800000, 5400000, 'd1b1a309-1ad8-45ec-8ce0-a1b0ad7b10ce', 0, 'solaodong');
INSERT INTO [HoTroCovid].[dbo].[CaNhan] (ID, HoTen, GioiTinh, NgaySinh, CMND, SinhNam) VALUES ('e64eeaf4-240c-444e-a08d-97cf7f89e908', N'Nguyễn Khắc Văn', 1, '1993-09-24', '215198908', 1993);
INSERT INTO [HoTroCovid].[dbo].[CaNhan_DoanhNghiep] (ID, IDDoanhNghiep, IDCaNhan, IDDoiTuong, NgheNghiep, DaTra50) VALUES ('b1494547-f9bc-4096-96b6-05e6b211d5a5', 'e49841c9-785e-405e-9bf6-c9e9638c10e4', 'e64eeaf4-240c-444e-a08d-97cf7f89e908', NULL, N'CNCBHSĐL', null);
INSERT INTO [HoTroCovid].[dbo].[ThongTinHoTro] (ID, IDNoiDung, IDDoiTuong, IDCaNhan) VALUES ('ffd4d09c-2a26-4586-9445-c8952f1ae25f', 1, NULL, 'e64eeaf4-240c-444e-a08d-97cf7f89e908');
INSERT INTO [HoTroCovid].[dbo].[HoSo] (ID, IDCaNhan, IDNoiDungHoTro, IDDoiTuong, SoThang, SoTien, ThanhTien, IDThongTinHoTro, DaChi, NguoiTao) VALUES ('6c70a0ef-994b-470f-94cd-22a21e1a74c9', 'e64eeaf4-240c-444e-a08d-97cf7f89e908', 1, NULL, 3, 1800000, 5400000, 'ffd4d09c-2a26-4586-9445-c8952f1ae25f', 0, 'solaodong');
INSERT INTO [HoTroCovid].[dbo].[CaNhan] (ID, HoTen, GioiTinh, NgaySinh, CMND, SinhNam) VALUES ('e6bb719b-604e-4e27-b2d2-897d461897d0', N'Lương Thị Thôm', NULL, '1992-07-20', '215210953', 1992);
INSERT INTO [HoTroCovid].[dbo].[CaNhan_DoanhNghiep] (ID, IDDoanhNghiep, IDCaNhan, IDDoiTuong, NgheNghiep, DaTra50) VALUES ('d6088d98-fcaf-4096-adc8-c3dd559d1cf3', 'e49841c9-785e-405e-9bf6-c9e9638c10e4', 'e6bb719b-604e-4e27-b2d2-897d461897d0', NULL, N'CNCBHSĐL', null);
INSERT INTO [HoTroCovid].[dbo].[ThongTinHoTro] (ID, IDNoiDung, IDDoiTuong, IDCaNhan) VALUES ('23b746d9-485f-4b92-87bb-ed12f4220e9c', 1, NULL, 'e6bb719b-604e-4e27-b2d2-897d461897d0');
INSERT INTO [HoTroCovid].[dbo].[HoSo] (ID, IDCaNhan, IDNoiDungHoTro, IDDoiTuong, SoThang, SoTien, ThanhTien, IDThongTinHoTro, DaChi, NguoiTao) VALUES ('8808f63e-6417-4e0d-9447-c7a2c04106a3', 'e6bb719b-604e-4e27-b2d2-897d461897d0', 1, NULL, 3, 1800000, 5400000, '23b746d9-485f-4b92-87bb-ed12f4220e9c', 0, 'solaodong');
INSERT INTO [HoTroCovid].[dbo].[CaNhan] (ID, HoTen, GioiTinh, NgaySinh, CMND, SinhNam) VALUES ('39dc1532-e391-4b3f-8857-ead915ace89b', N'Phan Thị Xuân Nương', NULL, '1999-02-16', '215459575', 1999);
INSERT INTO [HoTroCovid].[dbo].[CaNhan_DoanhNghiep] (ID, IDDoanhNghiep, IDCaNhan, IDDoiTuong, NgheNghiep, DaTra50) VALUES ('7be169f7-0a18-4adf-a49f-e484055a14ce', 'e49841c9-785e-405e-9bf6-c9e9638c10e4', '39dc1532-e391-4b3f-8857-ead915ace89b', NULL, N'CNCBHSĐL', null);
INSERT INTO [HoTroCovid].[dbo].[ThongTinHoTro] (ID, IDNoiDung, IDDoiTuong, IDCaNhan) VALUES ('cdf8e905-1294-4041-92f4-877d38a13c62', 1, NULL, '39dc1532-e391-4b3f-8857-ead915ace89b');
INSERT INTO [HoTroCovid].[dbo].[HoSo] (ID, IDCaNhan, IDNoiDungHoTro, IDDoiTuong, SoThang, SoTien, ThanhTien, IDThongTinHoTro, DaChi, NguoiTao) VALUES ('0d2eb12e-95de-4f7d-a471-572fdf33a30c', '39dc1532-e391-4b3f-8857-ead915ace89b', 1, NULL, 3, 1800000, 5400000, 'cdf8e905-1294-4041-92f4-877d38a13c62', 0, 'solaodong');
INSERT INTO [HoTroCovid].[dbo].[CaNhan] (ID, HoTen, GioiTinh, NgaySinh, CMND, SinhNam) VALUES ('b77c205b-8ca7-44e4-998a-b65ecf3858a8', N'Trần Thanh Sơn', 1, '1986-01-20', '211870669', 1986);
INSERT INTO [HoTroCovid].[dbo].[CaNhan_DoanhNghiep] (ID, IDDoanhNghiep, IDCaNhan, IDDoiTuong, NgheNghiep, DaTra50) VALUES ('b734309c-b66a-4896-ac8a-6eb2e7072aa3', 'e49841c9-785e-405e-9bf6-c9e9638c10e4', 'b77c205b-8ca7-44e4-998a-b65ecf3858a8', NULL, N'CNCBHSĐL', null);
INSERT INTO [HoTroCovid].[dbo].[ThongTinHoTro] (ID, IDNoiDung, IDDoiTuong, IDCaNhan) VALUES ('74dcd21f-dfb6-4e2a-a269-421381a5e121', 1, NULL, 'b77c205b-8ca7-44e4-998a-b65ecf3858a8');
INSERT INTO [HoTroCovid].[dbo].[HoSo] (ID, IDCaNhan, IDNoiDungHoTro, IDDoiTuong, SoThang, SoTien, ThanhTien, IDThongTinHoTro, DaChi, NguoiTao) VALUES ('c2c394ea-219c-4582-ab47-0155a751b5d8', 'b77c205b-8ca7-44e4-998a-b65ecf3858a8', 1, NULL, 3, 1800000, 5400000, '74dcd21f-dfb6-4e2a-a269-421381a5e121', 0, 'solaodong');
INSERT INTO [HoTroCovid].[dbo].[CaNhan] (ID, HoTen, GioiTinh, NgaySinh, CMND, SinhNam) VALUES ('239ee6c9-b3df-4a70-a705-c99da8c89328', N'Võ Thị Kim Chi', NULL, '1979-01-13', '211621836', 1979);
INSERT INTO [HoTroCovid].[dbo].[CaNhan_DoanhNghiep] (ID, IDDoanhNghiep, IDCaNhan, IDDoiTuong, NgheNghiep, DaTra50) VALUES ('0aa15f77-1278-4333-b669-409720f157ad', 'e49841c9-785e-405e-9bf6-c9e9638c10e4', '239ee6c9-b3df-4a70-a705-c99da8c89328', NULL, N'CNCBHSĐL', null);
INSERT INTO [HoTroCovid].[dbo].[ThongTinHoTro] (ID, IDNoiDung, IDDoiTuong, IDCaNhan) VALUES ('1e9363eb-c06b-44b9-983e-5563e33762a9', 1, NULL, '239ee6c9-b3df-4a70-a705-c99da8c89328');
INSERT INTO [HoTroCovid].[dbo].[HoSo] (ID, IDCaNhan, IDNoiDungHoTro, IDDoiTuong, SoThang, SoTien, ThanhTien, IDThongTinHoTro, DaChi, NguoiTao) VALUES ('0e97e7b4-61be-4a63-bc7e-ec710531b30a', '239ee6c9-b3df-4a70-a705-c99da8c89328', 1, NULL, 3, 1800000, 5400000, '1e9363eb-c06b-44b9-983e-5563e33762a9', 0, 'solaodong');
INSERT INTO [HoTroCovid].[dbo].[CaNhan] (ID, HoTen, GioiTinh, NgaySinh, CMND, SinhNam) VALUES ('6051bdab-580b-4c15-82c3-569d2a89c20c', N'Phạm Thị Hằng - TP', NULL, '1985-03-28', '211846379', 1985);
INSERT INTO [HoTroCovid].[dbo].[CaNhan_DoanhNghiep] (ID, IDDoanhNghiep, IDCaNhan, IDDoiTuong, NgheNghiep, DaTra50) VALUES ('dd266ddb-27ef-40e7-a2b1-57eed02edc15', 'e49841c9-785e-405e-9bf6-c9e9638c10e4', '6051bdab-580b-4c15-82c3-569d2a89c20c', NULL, N'Tổ phó CB2', null);
INSERT INTO [HoTroCovid].[dbo].[ThongTinHoTro] (ID, IDNoiDung, IDDoiTuong, IDCaNhan) VALUES ('e2110cdc-f02d-4276-9e7e-99d1d2c62c75', 1, NULL, '6051bdab-580b-4c15-82c3-569d2a89c20c');
INSERT INTO [HoTroCovid].[dbo].[HoSo] (ID, IDCaNhan, IDNoiDungHoTro, IDDoiTuong, SoThang, SoTien, ThanhTien, IDThongTinHoTro, DaChi, NguoiTao) VALUES ('e90077dc-c413-479e-8b60-a44b99c3b071', '6051bdab-580b-4c15-82c3-569d2a89c20c', 1, NULL, 3, 1800000, 5400000, 'e2110cdc-f02d-4276-9e7e-99d1d2c62c75', 0, 'solaodong');
INSERT INTO [HoTroCovid].[dbo].[CaNhan] (ID, HoTen, GioiTinh, NgaySinh, CMND, SinhNam) VALUES ('086a01ae-14be-4777-9d31-2a3886315db2', N'Nguyễn Minh Trí', 1, '1990-07-27', '215099075', 1990);
INSERT INTO [HoTroCovid].[dbo].[CaNhan_DoanhNghiep] (ID, IDDoanhNghiep, IDCaNhan, IDDoiTuong, NgheNghiep, DaTra50) VALUES ('d062aa57-055b-4903-b215-12a635a9ec74', 'e49841c9-785e-405e-9bf6-c9e9638c10e4', '086a01ae-14be-4777-9d31-2a3886315db2', NULL, N'CNCBHSĐL', null);
INSERT INTO [HoTroCovid].[dbo].[ThongTinHoTro] (ID, IDNoiDung, IDDoiTuong, IDCaNhan) VALUES ('55a04f19-ea3f-49bf-8d6d-1efdfb223e24', 1, NULL, '086a01ae-14be-4777-9d31-2a3886315db2');
INSERT INTO [HoTroCovid].[dbo].[HoSo] (ID, IDCaNhan, IDNoiDungHoTro, IDDoiTuong, SoThang, SoTien, ThanhTien, IDThongTinHoTro, DaChi, NguoiTao) VALUES ('ebd55c42-a8e3-441e-9d64-060047ed7d27', '086a01ae-14be-4777-9d31-2a3886315db2', 1, NULL, 3, 1800000, 5400000, '55a04f19-ea3f-49bf-8d6d-1efdfb223e24', 0, 'solaodong');
INSERT INTO [HoTroCovid].[dbo].[CaNhan] (ID, HoTen, GioiTinh, NgaySinh, CMND, SinhNam) VALUES ('0089895f-22fd-43a9-9812-c50ec9b06a59', N'Bùi Thị Thao', NULL, '1997-02-06', '215477542', 1997);
INSERT INTO [HoTroCovid].[dbo].[CaNhan_DoanhNghiep] (ID, IDDoanhNghiep, IDCaNhan, IDDoiTuong, NgheNghiep, DaTra50) VALUES ('6ec58d17-79b6-4220-a784-61109ec137ce', 'e49841c9-785e-405e-9bf6-c9e9638c10e4', '0089895f-22fd-43a9-9812-c50ec9b06a59', NULL, N'CNCBHSĐL', null);
INSERT INTO [HoTroCovid].[dbo].[ThongTinHoTro] (ID, IDNoiDung, IDDoiTuong, IDCaNhan) VALUES ('28061ff0-ac0b-42e6-94ae-a4bbf1002244', 1, NULL, '0089895f-22fd-43a9-9812-c50ec9b06a59');
INSERT INTO [HoTroCovid].[dbo].[HoSo] (ID, IDCaNhan, IDNoiDungHoTro, IDDoiTuong, SoThang, SoTien, ThanhTien, IDThongTinHoTro, DaChi, NguoiTao) VALUES ('9ef59eba-4eeb-4aa6-96e4-87e5b516b327', '0089895f-22fd-43a9-9812-c50ec9b06a59', 1, NULL, 3, 1800000, 5400000, '28061ff0-ac0b-42e6-94ae-a4bbf1002244', 0, 'solaodong');
INSERT INTO [HoTroCovid].[dbo].[CaNhan] (ID, HoTen, GioiTinh, NgaySinh, CMND, SinhNam) VALUES ('40800511-e949-403f-88f5-42905967cf24', N'Nguyễn Thị Danh', NULL, '1981-07-01', '211801046', 1981);
INSERT INTO [HoTroCovid].[dbo].[CaNhan_DoanhNghiep] (ID, IDDoanhNghiep, IDCaNhan, IDDoiTuong, NgheNghiep, DaTra50) VALUES ('ef8ddfc0-6703-4540-b796-1b78875a71ab', 'e49841c9-785e-405e-9bf6-c9e9638c10e4', '40800511-e949-403f-88f5-42905967cf24', NULL, N'Tổ trưởng Steak', null);
INSERT INTO [HoTroCovid].[dbo].[ThongTinHoTro] (ID, IDNoiDung, IDDoiTuong, IDCaNhan) VALUES ('25f8bcf8-8738-453e-85ae-7793ad0229b6', 1, NULL, '40800511-e949-403f-88f5-42905967cf24');
INSERT INTO [HoTroCovid].[dbo].[HoSo] (ID, IDCaNhan, IDNoiDungHoTro, IDDoiTuong, SoThang, SoTien, ThanhTien, IDThongTinHoTro, DaChi, NguoiTao) VALUES ('dfe3efef-65e2-48d6-9c98-a9515db911ec', '40800511-e949-403f-88f5-42905967cf24', 1, NULL, 3, 1800000, 5400000, '25f8bcf8-8738-453e-85ae-7793ad0229b6', 0, 'solaodong');
INSERT INTO [HoTroCovid].[dbo].[CaNhan] (ID, HoTen, GioiTinh, NgaySinh, CMND, SinhNam) VALUES ('ae0d2d8b-1f7a-4873-90f7-fc2b43881e4d', N'Hồ Tiến Quân', 1, '1999-04-26', '215515377', 1999);
INSERT INTO [HoTroCovid].[dbo].[CaNhan_DoanhNghiep] (ID, IDDoanhNghiep, IDCaNhan, IDDoiTuong, NgheNghiep, DaTra50) VALUES ('9cbc131d-58c5-4d88-a8be-411223085099', 'e49841c9-785e-405e-9bf6-c9e9638c10e4', 'ae0d2d8b-1f7a-4873-90f7-fc2b43881e4d', NULL, N'CNCBHSĐL', null);
INSERT INTO [HoTroCovid].[dbo].[ThongTinHoTro] (ID, IDNoiDung, IDDoiTuong, IDCaNhan) VALUES ('db867d8b-d127-4785-ba4a-28cd0e8cd832', 1, NULL, 'ae0d2d8b-1f7a-4873-90f7-fc2b43881e4d');
INSERT INTO [HoTroCovid].[dbo].[HoSo] (ID, IDCaNhan, IDNoiDungHoTro, IDDoiTuong, SoThang, SoTien, ThanhTien, IDThongTinHoTro, DaChi, NguoiTao) VALUES ('bdda001f-0707-4adc-90ac-9c63769f4fce', 'ae0d2d8b-1f7a-4873-90f7-fc2b43881e4d', 1, NULL, 3, 1800000, 5400000, 'db867d8b-d127-4785-ba4a-28cd0e8cd832', 0, 'solaodong');
INSERT INTO [HoTroCovid].[dbo].[CaNhan] (ID, HoTen, GioiTinh, NgaySinh, CMND, SinhNam) VALUES ('ad740fd1-3992-453f-9b97-a20eb1734293', N'Huỳnh Quốc Tuấn', 1, '1996-07-06', '215358725', 1996);
INSERT INTO [HoTroCovid].[dbo].[CaNhan_DoanhNghiep] (ID, IDDoanhNghiep, IDCaNhan, IDDoiTuong, NgheNghiep, DaTra50) VALUES ('a36c9bc1-a84a-41b9-9621-1807afabc2c3', 'e49841c9-785e-405e-9bf6-c9e9638c10e4', 'ad740fd1-3992-453f-9b97-a20eb1734293', NULL, N'CNCBHSĐL', null);
INSERT INTO [HoTroCovid].[dbo].[ThongTinHoTro] (ID, IDNoiDung, IDDoiTuong, IDCaNhan) VALUES ('d52c76d7-0533-4f2d-ac93-50a23634b107', 1, NULL, 'ad740fd1-3992-453f-9b97-a20eb1734293');
INSERT INTO [HoTroCovid].[dbo].[HoSo] (ID, IDCaNhan, IDNoiDungHoTro, IDDoiTuong, SoThang, SoTien, ThanhTien, IDThongTinHoTro, DaChi, NguoiTao) VALUES ('eed0ab0c-24de-48c8-be4a-204a7d41c71d', 'ad740fd1-3992-453f-9b97-a20eb1734293', 1, NULL, 3, 1800000, 5400000, 'd52c76d7-0533-4f2d-ac93-50a23634b107', 0, 'solaodong');
INSERT INTO [HoTroCovid].[dbo].[CaNhan] (ID, HoTen, GioiTinh, NgaySinh, CMND, SinhNam) VALUES ('5c162ed8-4115-415b-95bc-b903f204c596', N'Nguyễn Thái Tôn', 1, '1991-08-10', '215176850', 1991);
INSERT INTO [HoTroCovid].[dbo].[CaNhan_DoanhNghiep] (ID, IDDoanhNghiep, IDCaNhan, IDDoiTuong, NgheNghiep, DaTra50) VALUES ('cd5f1a11-2ff0-4031-946e-49d630baf872', 'e49841c9-785e-405e-9bf6-c9e9638c10e4', '5c162ed8-4115-415b-95bc-b903f204c596', NULL, N'CNCBHSĐL', null);
INSERT INTO [HoTroCovid].[dbo].[ThongTinHoTro] (ID, IDNoiDung, IDDoiTuong, IDCaNhan) VALUES ('c25c7667-1b7a-4444-ae5c-32da13c432fb', 1, NULL, '5c162ed8-4115-415b-95bc-b903f204c596');
INSERT INTO [HoTroCovid].[dbo].[HoSo] (ID, IDCaNhan, IDNoiDungHoTro, IDDoiTuong, SoThang, SoTien, ThanhTien, IDThongTinHoTro, DaChi, NguoiTao) VALUES ('2c2371b1-32fc-4764-a26c-e3b4a065e8d6', '5c162ed8-4115-415b-95bc-b903f204c596', 1, NULL, 3, 1800000, 5400000, 'c25c7667-1b7a-4444-ae5c-32da13c432fb', 0, 'solaodong');
INSERT INTO [HoTroCovid].[dbo].[CaNhan] (ID, HoTen, GioiTinh, NgaySinh, CMND, SinhNam) VALUES ('bd4706e1-cbab-404a-ac64-1e203a3e8f38', N'Nguyễn Thị Bé', NULL, '1980-01-01', '215012493', 1980);
INSERT INTO [HoTroCovid].[dbo].[CaNhan_DoanhNghiep] (ID, IDDoanhNghiep, IDCaNhan, IDDoiTuong, NgheNghiep, DaTra50) VALUES ('66ebabbf-1533-41ab-8017-e453a47d879b', 'e49841c9-785e-405e-9bf6-c9e9638c10e4', 'bd4706e1-cbab-404a-ac64-1e203a3e8f38', NULL, N'Tổ phó CB3', null);
INSERT INTO [HoTroCovid].[dbo].[ThongTinHoTro] (ID, IDNoiDung, IDDoiTuong, IDCaNhan) VALUES ('f66c11f4-3018-4090-a031-3b290f897ac1', 1, NULL, 'bd4706e1-cbab-404a-ac64-1e203a3e8f38');
INSERT INTO [HoTroCovid].[dbo].[HoSo] (ID, IDCaNhan, IDNoiDungHoTro, IDDoiTuong, SoThang, SoTien, ThanhTien, IDThongTinHoTro, DaChi, NguoiTao) VALUES ('c47a0403-41c0-41bf-8b12-506816c2faca', 'bd4706e1-cbab-404a-ac64-1e203a3e8f38', 1, NULL, 3, 1800000, 5400000, 'f66c11f4-3018-4090-a031-3b290f897ac1', 0, 'solaodong');
INSERT INTO [HoTroCovid].[dbo].[CaNhan] (ID, HoTen, GioiTinh, NgaySinh, CMND, SinhNam) VALUES ('b7c824df-6fa3-4f47-b4cc-e3dc0ca5fd27', N'Nguyễn Thị Mỹ Lợi', NULL, '1981-08-06', '211804104', 1981);
INSERT INTO [HoTroCovid].[dbo].[CaNhan_DoanhNghiep] (ID, IDDoanhNghiep, IDCaNhan, IDDoiTuong, NgheNghiep, DaTra50) VALUES ('e4f0a382-ee54-4fbf-8736-3dec63e990b7', 'e49841c9-785e-405e-9bf6-c9e9638c10e4', 'b7c824df-6fa3-4f47-b4cc-e3dc0ca5fd27', NULL, N'CNCBHSĐL', null);
INSERT INTO [HoTroCovid].[dbo].[ThongTinHoTro] (ID, IDNoiDung, IDDoiTuong, IDCaNhan) VALUES ('45807729-e889-4d9d-8bb3-945812415fe3', 1, NULL, 'b7c824df-6fa3-4f47-b4cc-e3dc0ca5fd27');
INSERT INTO [HoTroCovid].[dbo].[HoSo] (ID, IDCaNhan, IDNoiDungHoTro, IDDoiTuong, SoThang, SoTien, ThanhTien, IDThongTinHoTro, DaChi, NguoiTao) VALUES ('54ae0bda-c262-4254-a82c-622a5d5fe63f', 'b7c824df-6fa3-4f47-b4cc-e3dc0ca5fd27', 1, NULL, 3, 1800000, 5400000, '45807729-e889-4d9d-8bb3-945812415fe3', 0, 'solaodong');
INSERT INTO [HoTroCovid].[dbo].[CaNhan] (ID, HoTen, GioiTinh, NgaySinh, CMND, SinhNam) VALUES ('163f3833-46d2-412a-9f67-5af7588c342f', N'Vương Công Trứ', 1, '1997-12-01', '215339715', 1997);
INSERT INTO [HoTroCovid].[dbo].[CaNhan_DoanhNghiep] (ID, IDDoanhNghiep, IDCaNhan, IDDoiTuong, NgheNghiep, DaTra50) VALUES ('19b4467d-5b4d-467f-9150-a10954b278cc', 'e49841c9-785e-405e-9bf6-c9e9638c10e4', '163f3833-46d2-412a-9f67-5af7588c342f', NULL, N'CNCBHSĐL', null);
INSERT INTO [HoTroCovid].[dbo].[ThongTinHoTro] (ID, IDNoiDung, IDDoiTuong, IDCaNhan) VALUES ('5d07d33d-0237-4d00-8c9c-3daaa7fc5376', 1, NULL, '163f3833-46d2-412a-9f67-5af7588c342f');
INSERT INTO [HoTroCovid].[dbo].[HoSo] (ID, IDCaNhan, IDNoiDungHoTro, IDDoiTuong, SoThang, SoTien, ThanhTien, IDThongTinHoTro, DaChi, NguoiTao) VALUES ('cf0bd896-b28f-421f-97fb-afaf3851eb7d', '163f3833-46d2-412a-9f67-5af7588c342f', 1, NULL, 3, 1800000, 5400000, '5d07d33d-0237-4d00-8c9c-3daaa7fc5376', 0, 'solaodong');
INSERT INTO [HoTroCovid].[dbo].[CaNhan] (ID, HoTen, GioiTinh, NgaySinh, CMND, SinhNam) VALUES ('ac71a280-c1b9-4d8d-8c37-db518009c12a', N'Hồ Thanh Giàu', 1, '1992-10-14', '215195287', 1992);
INSERT INTO [HoTroCovid].[dbo].[CaNhan_DoanhNghiep] (ID, IDDoanhNghiep, IDCaNhan, IDDoiTuong, NgheNghiep, DaTra50) VALUES ('3ceb91cf-2cda-49f8-8a83-bdd6ebc6aeed', 'e49841c9-785e-405e-9bf6-c9e9638c10e4', 'ac71a280-c1b9-4d8d-8c37-db518009c12a', NULL, N'CNCBHSĐL', null);
INSERT INTO [HoTroCovid].[dbo].[ThongTinHoTro] (ID, IDNoiDung, IDDoiTuong, IDCaNhan) VALUES ('63f90226-b9ac-4ad9-b43b-9742736cd0f2', 1, NULL, 'ac71a280-c1b9-4d8d-8c37-db518009c12a');
INSERT INTO [HoTroCovid].[dbo].[HoSo] (ID, IDCaNhan, IDNoiDungHoTro, IDDoiTuong, SoThang, SoTien, ThanhTien, IDThongTinHoTro, DaChi, NguoiTao) VALUES ('f79029d9-ae28-4d3c-9249-56fcddbdc86b', 'ac71a280-c1b9-4d8d-8c37-db518009c12a', 1, NULL, 3, 1800000, 5400000, '63f90226-b9ac-4ad9-b43b-9742736cd0f2', 0, 'solaodong');
INSERT INTO [HoTroCovid].[dbo].[CaNhan] (ID, HoTen, GioiTinh, NgaySinh, CMND, SinhNam) VALUES ('14d87cc2-e767-4e69-b0bd-5521aaa106de', N'Đỗ Bảo Quốc', 1, '1990-05-28', '215172056', 1990);
INSERT INTO [HoTroCovid].[dbo].[CaNhan_DoanhNghiep] (ID, IDDoanhNghiep, IDCaNhan, IDDoiTuong, NgheNghiep, DaTra50) VALUES ('2fbf5449-8b6a-4a1c-851d-4bd1e8833b8f', 'e49841c9-785e-405e-9bf6-c9e9638c10e4', '14d87cc2-e767-4e69-b0bd-5521aaa106de', NULL, N'CNCBHSĐL', null);
INSERT INTO [HoTroCovid].[dbo].[ThongTinHoTro] (ID, IDNoiDung, IDDoiTuong, IDCaNhan) VALUES ('ac292f72-6d71-486d-8f7b-abd438e2a25f', 1, NULL, '14d87cc2-e767-4e69-b0bd-5521aaa106de');
INSERT INTO [HoTroCovid].[dbo].[HoSo] (ID, IDCaNhan, IDNoiDungHoTro, IDDoiTuong, SoThang, SoTien, ThanhTien, IDThongTinHoTro, DaChi, NguoiTao) VALUES ('9a125029-e936-43b9-abd4-a585445da13f', '14d87cc2-e767-4e69-b0bd-5521aaa106de', 1, NULL, 3, 1800000, 5400000, 'ac292f72-6d71-486d-8f7b-abd438e2a25f', 0, 'solaodong');
INSERT INTO [HoTroCovid].[dbo].[CaNhan] (ID, HoTen, GioiTinh, NgaySinh, CMND, SinhNam) VALUES ('6be38f3c-0c90-48df-a1a8-89923580b837', N'Huỳnh Thị Kim Loan', NULL, '1978-05-02', '211586397', 1978);
INSERT INTO [HoTroCovid].[dbo].[CaNhan_DoanhNghiep] (ID, IDDoanhNghiep, IDCaNhan, IDDoiTuong, NgheNghiep, DaTra50) VALUES ('d285deb7-b56c-4ac2-b90b-cc341b5f0874', 'e49841c9-785e-405e-9bf6-c9e9638c10e4', '6be38f3c-0c90-48df-a1a8-89923580b837', NULL, N'CNCBHSĐL', null);
INSERT INTO [HoTroCovid].[dbo].[ThongTinHoTro] (ID, IDNoiDung, IDDoiTuong, IDCaNhan) VALUES ('b7367481-d31d-458d-ada6-2928801c6573', 1, NULL, '6be38f3c-0c90-48df-a1a8-89923580b837');
INSERT INTO [HoTroCovid].[dbo].[HoSo] (ID, IDCaNhan, IDNoiDungHoTro, IDDoiTuong, SoThang, SoTien, ThanhTien, IDThongTinHoTro, DaChi, NguoiTao) VALUES ('9f82315f-c66a-4e61-8278-bf7c1b6ba6f6', '6be38f3c-0c90-48df-a1a8-89923580b837', 1, NULL, 3, 1800000, 5400000, 'b7367481-d31d-458d-ada6-2928801c6573', 0, 'solaodong');
INSERT INTO [HoTroCovid].[dbo].[CaNhan] (ID, HoTen, GioiTinh, NgaySinh, CMND, SinhNam) VALUES ('35eda6bd-9c63-4644-bfad-d9a39ae21b0f', N'Nguyễn Thành Lâm', 1, '1991-04-22', '215131566', 1991);
INSERT INTO [HoTroCovid].[dbo].[CaNhan_DoanhNghiep] (ID, IDDoanhNghiep, IDCaNhan, IDDoiTuong, NgheNghiep, DaTra50) VALUES ('c1700102-6943-446b-9980-65a024ef6274', 'e49841c9-785e-405e-9bf6-c9e9638c10e4', '35eda6bd-9c63-4644-bfad-d9a39ae21b0f', NULL, N'CNCBHSĐL', null);
INSERT INTO [HoTroCovid].[dbo].[ThongTinHoTro] (ID, IDNoiDung, IDDoiTuong, IDCaNhan) VALUES ('e502b5d1-6d58-4286-ac27-b394e97a77f4', 1, NULL, '35eda6bd-9c63-4644-bfad-d9a39ae21b0f');
INSERT INTO [HoTroCovid].[dbo].[HoSo] (ID, IDCaNhan, IDNoiDungHoTro, IDDoiTuong, SoThang, SoTien, ThanhTien, IDThongTinHoTro, DaChi, NguoiTao) VALUES ('77fb5ac1-25ac-461d-ba47-1d3409f4d9b5', '35eda6bd-9c63-4644-bfad-d9a39ae21b0f', 1, NULL, 3, 1800000, 5400000, 'e502b5d1-6d58-4286-ac27-b394e97a77f4', 0, 'solaodong');
INSERT INTO [HoTroCovid].[dbo].[CaNhan] (ID, HoTen, GioiTinh, NgaySinh, CMND, SinhNam) VALUES ('14a33b46-db52-41c8-9179-084c494e0d39', N'Phạm Văn Phước - TT', 1, '1991-10-28', '215131286', 1991);
INSERT INTO [HoTroCovid].[dbo].[CaNhan_DoanhNghiep] (ID, IDDoanhNghiep, IDCaNhan, IDDoiTuong, NgheNghiep, DaTra50) VALUES ('d48d8fe2-6b90-406a-b114-8458d789bf97', 'e49841c9-785e-405e-9bf6-c9e9638c10e4', '14a33b46-db52-41c8-9179-084c494e0d39', NULL, N'Tổ trưởng CB2', null);
INSERT INTO [HoTroCovid].[dbo].[ThongTinHoTro] (ID, IDNoiDung, IDDoiTuong, IDCaNhan) VALUES ('ad2a4dd6-b30e-4299-9a4e-64377cbf2b3f', 1, NULL, '14a33b46-db52-41c8-9179-084c494e0d39');
INSERT INTO [HoTroCovid].[dbo].[HoSo] (ID, IDCaNhan, IDNoiDungHoTro, IDDoiTuong, SoThang, SoTien, ThanhTien, IDThongTinHoTro, DaChi, NguoiTao) VALUES ('c42b4292-8c05-4031-9b6a-bc75e2a8b183', '14a33b46-db52-41c8-9179-084c494e0d39', 1, NULL, 3, 1800000, 5400000, 'ad2a4dd6-b30e-4299-9a4e-64377cbf2b3f', 0, 'solaodong');
INSERT INTO [HoTroCovid].[dbo].[CaNhan] (ID, HoTen, GioiTinh, NgaySinh, CMND, SinhNam) VALUES ('500c0b1f-74af-4525-a015-bbdf0598a367', N'Trần Đình Lương', 1, '1999-08-01', '215447609', 1999);
INSERT INTO [HoTroCovid].[dbo].[CaNhan_DoanhNghiep] (ID, IDDoanhNghiep, IDCaNhan, IDDoiTuong, NgheNghiep, DaTra50) VALUES ('ea267bed-32ee-4ef8-8fc7-02bfafcf8163', 'e49841c9-785e-405e-9bf6-c9e9638c10e4', '500c0b1f-74af-4525-a015-bbdf0598a367', NULL, N'CNCBHSĐL', null);
INSERT INTO [HoTroCovid].[dbo].[ThongTinHoTro] (ID, IDNoiDung, IDDoiTuong, IDCaNhan) VALUES ('de984cc5-1473-4e27-87f6-030de42f71df', 1, NULL, '500c0b1f-74af-4525-a015-bbdf0598a367');
INSERT INTO [HoTroCovid].[dbo].[HoSo] (ID, IDCaNhan, IDNoiDungHoTro, IDDoiTuong, SoThang, SoTien, ThanhTien, IDThongTinHoTro, DaChi, NguoiTao) VALUES ('e436b655-20cc-474f-9a53-a4f503ac8d58', '500c0b1f-74af-4525-a015-bbdf0598a367', 1, NULL, 3, 1800000, 5400000, 'de984cc5-1473-4e27-87f6-030de42f71df', 0, 'solaodong');
INSERT INTO [HoTroCovid].[dbo].[CaNhan] (ID, HoTen, GioiTinh, NgaySinh, CMND, SinhNam) VALUES ('da99e57b-ba90-4928-b80e-e77465327a83', N'Nguyễn Thanh Phong', 1, '1979-06-15', '211652960', 1979);
INSERT INTO [HoTroCovid].[dbo].[CaNhan_DoanhNghiep] (ID, IDDoanhNghiep, IDCaNhan, IDDoiTuong, NgheNghiep, DaTra50) VALUES ('086edad7-14db-4517-b507-46ad0d6b923d', 'e49841c9-785e-405e-9bf6-c9e9638c10e4', 'da99e57b-ba90-4928-b80e-e77465327a83', NULL, N'CNCBHSĐL', null);
INSERT INTO [HoTroCovid].[dbo].[ThongTinHoTro] (ID, IDNoiDung, IDDoiTuong, IDCaNhan) VALUES ('a1532e69-eb69-4329-a733-d9da14646d3d', 1, NULL, 'da99e57b-ba90-4928-b80e-e77465327a83');
INSERT INTO [HoTroCovid].[dbo].[HoSo] (ID, IDCaNhan, IDNoiDungHoTro, IDDoiTuong, SoThang, SoTien, ThanhTien, IDThongTinHoTro, DaChi, NguoiTao) VALUES ('75bcca61-2d48-44ab-bc67-3197aa803763', 'da99e57b-ba90-4928-b80e-e77465327a83', 1, NULL, 3, 1800000, 5400000, 'a1532e69-eb69-4329-a733-d9da14646d3d', 0, 'solaodong');
INSERT INTO [HoTroCovid].[dbo].[CaNhan] (ID, HoTen, GioiTinh, NgaySinh, CMND, SinhNam) VALUES ('759c34a2-4283-4033-824b-a65fcf150f41', N'Hồ Quang Toàn', 1, '1980-01-15', '183212264', 1980);
INSERT INTO [HoTroCovid].[dbo].[CaNhan_DoanhNghiep] (ID, IDDoanhNghiep, IDCaNhan, IDDoiTuong, NgheNghiep, DaTra50) VALUES ('ae0ad163-dfa1-4be6-b592-7f8e03c88998', 'e49841c9-785e-405e-9bf6-c9e9638c10e4', '759c34a2-4283-4033-824b-a65fcf150f41', NULL, N'CNCBHSĐL', null);
INSERT INTO [HoTroCovid].[dbo].[ThongTinHoTro] (ID, IDNoiDung, IDDoiTuong, IDCaNhan) VALUES ('4d5beec0-f775-4cf6-806f-e1c841948635', 1, NULL, '759c34a2-4283-4033-824b-a65fcf150f41');
INSERT INTO [HoTroCovid].[dbo].[HoSo] (ID, IDCaNhan, IDNoiDungHoTro, IDDoiTuong, SoThang, SoTien, ThanhTien, IDThongTinHoTro, DaChi, NguoiTao) VALUES ('a8be55ac-942b-4b40-a070-08b2a55a4adc', '759c34a2-4283-4033-824b-a65fcf150f41', 1, NULL, 3, 1800000, 5400000, '4d5beec0-f775-4cf6-806f-e1c841948635', 0, 'solaodong');
INSERT INTO [HoTroCovid].[dbo].[CaNhan] (ID, HoTen, GioiTinh, NgaySinh, CMND, SinhNam) VALUES ('81f34877-7d59-43e9-9f4e-e582ca35000d', N'Nguyễn Thị Hay', NULL, '1994-01-15', '215287492', 1994);
INSERT INTO [HoTroCovid].[dbo].[CaNhan_DoanhNghiep] (ID, IDDoanhNghiep, IDCaNhan, IDDoiTuong, NgheNghiep, DaTra50) VALUES ('115e0ff7-7843-40cb-8532-3f03560d2fa4', 'e49841c9-785e-405e-9bf6-c9e9638c10e4', '81f34877-7d59-43e9-9f4e-e582ca35000d', NULL, N'CNCBHSĐL', null);
INSERT INTO [HoTroCovid].[dbo].[ThongTinHoTro] (ID, IDNoiDung, IDDoiTuong, IDCaNhan) VALUES ('5e3394cf-bd62-4f2b-b296-b7382e591902', 1, NULL, '81f34877-7d59-43e9-9f4e-e582ca35000d');
INSERT INTO [HoTroCovid].[dbo].[HoSo] (ID, IDCaNhan, IDNoiDungHoTro, IDDoiTuong, SoThang, SoTien, ThanhTien, IDThongTinHoTro, DaChi, NguoiTao) VALUES ('3ddd28af-814f-4324-bf70-663e32021404', '81f34877-7d59-43e9-9f4e-e582ca35000d', 1, NULL, 3, 1800000, 5400000, '5e3394cf-bd62-4f2b-b296-b7382e591902', 0, 'solaodong');
INSERT INTO [HoTroCovid].[dbo].[CaNhan] (ID, HoTen, GioiTinh, NgaySinh, CMND, SinhNam) VALUES ('f750a251-069a-41da-9423-0f007e5fe4b5', N'Nguyễn Thị Chung', NULL, '1987-09-01', '215034902', 1987);
INSERT INTO [HoTroCovid].[dbo].[CaNhan_DoanhNghiep] (ID, IDDoanhNghiep, IDCaNhan, IDDoiTuong, NgheNghiep, DaTra50) VALUES ('02c9d126-2b3f-4b6a-adbd-fb5d60b3810b', 'e49841c9-785e-405e-9bf6-c9e9638c10e4', 'f750a251-069a-41da-9423-0f007e5fe4b5', NULL, N'CNCBHSĐL', null);
INSERT INTO [HoTroCovid].[dbo].[ThongTinHoTro] (ID, IDNoiDung, IDDoiTuong, IDCaNhan) VALUES ('7bb2f3dd-016a-446b-823d-a47e10efdd68', 1, NULL, 'f750a251-069a-41da-9423-0f007e5fe4b5');
INSERT INTO [HoTroCovid].[dbo].[HoSo] (ID, IDCaNhan, IDNoiDungHoTro, IDDoiTuong, SoThang, SoTien, ThanhTien, IDThongTinHoTro, DaChi, NguoiTao) VALUES ('9b8ee990-bb5d-4ada-a6f5-1f1080b797cf', 'f750a251-069a-41da-9423-0f007e5fe4b5', 1, NULL, 3, 1800000, 5400000, '7bb2f3dd-016a-446b-823d-a47e10efdd68', 0, 'solaodong');
INSERT INTO [HoTroCovid].[dbo].[CaNhan] (ID, HoTen, GioiTinh, NgaySinh, CMND, SinhNam) VALUES ('7d43d687-7a5f-4e6f-87fb-bed64ce495c9', N'Trần Thị Công Duyên', NULL, '1980-09-14', '215567106', 1980);
INSERT INTO [HoTroCovid].[dbo].[CaNhan_DoanhNghiep] (ID, IDDoanhNghiep, IDCaNhan, IDDoiTuong, NgheNghiep, DaTra50) VALUES ('6fa7dd4a-103c-4c4b-bd0d-663227df649b', 'e49841c9-785e-405e-9bf6-c9e9638c10e4', '7d43d687-7a5f-4e6f-87fb-bed64ce495c9', NULL, N'CNCBHSĐL', null);
INSERT INTO [HoTroCovid].[dbo].[ThongTinHoTro] (ID, IDNoiDung, IDDoiTuong, IDCaNhan) VALUES ('0d66fc50-a7f2-46f0-8391-19d828a52b2d', 1, NULL, '7d43d687-7a5f-4e6f-87fb-bed64ce495c9');
INSERT INTO [HoTroCovid].[dbo].[HoSo] (ID, IDCaNhan, IDNoiDungHoTro, IDDoiTuong, SoThang, SoTien, ThanhTien, IDThongTinHoTro, DaChi, NguoiTao) VALUES ('cca8662a-4d47-4332-af2e-b45f895c43c6', '7d43d687-7a5f-4e6f-87fb-bed64ce495c9', 1, NULL, 3, 1800000, 5400000, '0d66fc50-a7f2-46f0-8391-19d828a52b2d', 0, 'solaodong');
INSERT INTO [HoTroCovid].[dbo].[CaNhan] (ID, HoTen, GioiTinh, NgaySinh, CMND, SinhNam) VALUES ('167776c2-046d-4f71-b88a-0891121ba99e', N'Nguyễn Đức Hùng', 1, '1993-01-10', '215286330', 1993);
INSERT INTO [HoTroCovid].[dbo].[CaNhan_DoanhNghiep] (ID, IDDoanhNghiep, IDCaNhan, IDDoiTuong, NgheNghiep, DaTra50) VALUES ('470d0e2d-832d-4ac7-b667-1a4b74775461', 'e49841c9-785e-405e-9bf6-c9e9638c10e4', '167776c2-046d-4f71-b88a-0891121ba99e', NULL, N'CNCBHSĐL', null);
INSERT INTO [HoTroCovid].[dbo].[ThongTinHoTro] (ID, IDNoiDung, IDDoiTuong, IDCaNhan) VALUES ('03696033-81b3-4cb7-821d-0b94d87dc455', 1, NULL, '167776c2-046d-4f71-b88a-0891121ba99e');
INSERT INTO [HoTroCovid].[dbo].[HoSo] (ID, IDCaNhan, IDNoiDungHoTro, IDDoiTuong, SoThang, SoTien, ThanhTien, IDThongTinHoTro, DaChi, NguoiTao) VALUES ('43f97918-582b-4a84-b302-ee06e9959594', '167776c2-046d-4f71-b88a-0891121ba99e', 1, NULL, 3, 1800000, 5400000, '03696033-81b3-4cb7-821d-0b94d87dc455', 0, 'solaodong');
INSERT INTO [HoTroCovid].[dbo].[CaNhan] (ID, HoTen, GioiTinh, NgaySinh, CMND, SinhNam) VALUES ('cdb307b7-50ea-4013-98d7-6e370b7d5462', N'Trần Đỗ Anh Thư', NULL, '1992-10-20', '215196302', 1992);
INSERT INTO [HoTroCovid].[dbo].[CaNhan_DoanhNghiep] (ID, IDDoanhNghiep, IDCaNhan, IDDoiTuong, NgheNghiep, DaTra50) VALUES ('9ed60cfb-662d-41e9-a720-ca2775edf8ac', 'e49841c9-785e-405e-9bf6-c9e9638c10e4', 'cdb307b7-50ea-4013-98d7-6e370b7d5462', NULL, N'CNCBHSĐL', null);
INSERT INTO [HoTroCovid].[dbo].[ThongTinHoTro] (ID, IDNoiDung, IDDoiTuong, IDCaNhan) VALUES ('851e038d-cfa7-4f60-87ac-7c049dc07ad7', 1, NULL, 'cdb307b7-50ea-4013-98d7-6e370b7d5462');
INSERT INTO [HoTroCovid].[dbo].[HoSo] (ID, IDCaNhan, IDNoiDungHoTro, IDDoiTuong, SoThang, SoTien, ThanhTien, IDThongTinHoTro, DaChi, NguoiTao) VALUES ('2a1ff768-dcc3-428c-80a9-5510f4d0d3b0', 'cdb307b7-50ea-4013-98d7-6e370b7d5462', 1, NULL, 3, 1800000, 5400000, '851e038d-cfa7-4f60-87ac-7c049dc07ad7', 0, 'solaodong');
INSERT INTO [HoTroCovid].[dbo].[CaNhan] (ID, HoTen, GioiTinh, NgaySinh, CMND, SinhNam) VALUES ('8cd6f3b6-a85d-4ba2-9b60-2ff1de669eff', N'Trần Thị Thao', NULL, '1981-12-06', '211675305', 1981);
INSERT INTO [HoTroCovid].[dbo].[CaNhan_DoanhNghiep] (ID, IDDoanhNghiep, IDCaNhan, IDDoiTuong, NgheNghiep, DaTra50) VALUES ('e79975bf-e96f-4bc6-a119-04cccdf992ec', 'e49841c9-785e-405e-9bf6-c9e9638c10e4', '8cd6f3b6-a85d-4ba2-9b60-2ff1de669eff', NULL, N'CNCBHSĐL', null);
INSERT INTO [HoTroCovid].[dbo].[ThongTinHoTro] (ID, IDNoiDung, IDDoiTuong, IDCaNhan) VALUES ('4aa61f8a-a678-43fb-9bf8-b01c3076cf2e', 1, NULL, '8cd6f3b6-a85d-4ba2-9b60-2ff1de669eff');
INSERT INTO [HoTroCovid].[dbo].[HoSo] (ID, IDCaNhan, IDNoiDungHoTro, IDDoiTuong, SoThang, SoTien, ThanhTien, IDThongTinHoTro, DaChi, NguoiTao) VALUES ('71275bec-6037-4487-86d7-c5a6195d907b', '8cd6f3b6-a85d-4ba2-9b60-2ff1de669eff', 1, NULL, 3, 1800000, 5400000, '4aa61f8a-a678-43fb-9bf8-b01c3076cf2e', 0, 'solaodong');
INSERT INTO [HoTroCovid].[dbo].[CaNhan] (ID, HoTen, GioiTinh, NgaySinh, CMND, SinhNam) VALUES ('20f0801d-6206-4250-a878-36fe4e333f69', N'Đỗ Thị Mỹ Duyên', NULL, '1996-02-28', '215366771', 1996);
INSERT INTO [HoTroCovid].[dbo].[CaNhan_DoanhNghiep] (ID, IDDoanhNghiep, IDCaNhan, IDDoiTuong, NgheNghiep, DaTra50) VALUES ('211c6f96-a954-4b8a-88a9-a7a0351681e9', 'e49841c9-785e-405e-9bf6-c9e9638c10e4', '20f0801d-6206-4250-a878-36fe4e333f69', NULL, N'CNCBHSĐL', null);
INSERT INTO [HoTroCovid].[dbo].[ThongTinHoTro] (ID, IDNoiDung, IDDoiTuong, IDCaNhan) VALUES ('25aaa34e-60a7-49e9-8c96-c008303ba3ec', 1, NULL, '20f0801d-6206-4250-a878-36fe4e333f69');
INSERT INTO [HoTroCovid].[dbo].[HoSo] (ID, IDCaNhan, IDNoiDungHoTro, IDDoiTuong, SoThang, SoTien, ThanhTien, IDThongTinHoTro, DaChi, NguoiTao) VALUES ('a4628122-66f5-4c30-93d5-9ab070907a47', '20f0801d-6206-4250-a878-36fe4e333f69', 1, NULL, 3, 1800000, 5400000, '25aaa34e-60a7-49e9-8c96-c008303ba3ec', 0, 'solaodong');
INSERT INTO [HoTroCovid].[dbo].[CaNhan] (ID, HoTen, GioiTinh, NgaySinh, CMND, SinhNam) VALUES ('097a8cd3-9953-4c56-a094-6fe74350bf33', N'Nguyễn Văn Thanh', 1, '1999-07-30', '215469591', 1999);
INSERT INTO [HoTroCovid].[dbo].[CaNhan_DoanhNghiep] (ID, IDDoanhNghiep, IDCaNhan, IDDoiTuong, NgheNghiep, DaTra50) VALUES ('2c25dbee-7d69-478e-8171-e1158292588c', 'e49841c9-785e-405e-9bf6-c9e9638c10e4', '097a8cd3-9953-4c56-a094-6fe74350bf33', NULL, N'CNCBHSĐL', null);
INSERT INTO [HoTroCovid].[dbo].[ThongTinHoTro] (ID, IDNoiDung, IDDoiTuong, IDCaNhan) VALUES ('51557a78-6586-48ec-81f9-658eed13caa9', 1, NULL, '097a8cd3-9953-4c56-a094-6fe74350bf33');
INSERT INTO [HoTroCovid].[dbo].[HoSo] (ID, IDCaNhan, IDNoiDungHoTro, IDDoiTuong, SoThang, SoTien, ThanhTien, IDThongTinHoTro, DaChi, NguoiTao) VALUES ('c997ce84-4cd2-48a2-abe0-03528d77372b', '097a8cd3-9953-4c56-a094-6fe74350bf33', 1, NULL, 3, 1800000, 5400000, '51557a78-6586-48ec-81f9-658eed13caa9', 0, 'solaodong');
INSERT INTO [HoTroCovid].[dbo].[CaNhan] (ID, HoTen, GioiTinh, NgaySinh, CMND, SinhNam) VALUES ('a9f6bb78-2c54-4396-9cbc-df474d6445be', N'Bùi Văn Phúc', 1, '1993-04-25', '215196924', 1993);
INSERT INTO [HoTroCovid].[dbo].[CaNhan_DoanhNghiep] (ID, IDDoanhNghiep, IDCaNhan, IDDoiTuong, NgheNghiep, DaTra50) VALUES ('b087002c-265b-41f2-a405-83862712d66e', 'e49841c9-785e-405e-9bf6-c9e9638c10e4', 'a9f6bb78-2c54-4396-9cbc-df474d6445be', NULL, N'CNCBHSĐL', null);
INSERT INTO [HoTroCovid].[dbo].[ThongTinHoTro] (ID, IDNoiDung, IDDoiTuong, IDCaNhan) VALUES ('9071c670-c0b3-4024-bca3-713041dca742', 1, NULL, 'a9f6bb78-2c54-4396-9cbc-df474d6445be');
INSERT INTO [HoTroCovid].[dbo].[HoSo] (ID, IDCaNhan, IDNoiDungHoTro, IDDoiTuong, SoThang, SoTien, ThanhTien, IDThongTinHoTro, DaChi, NguoiTao) VALUES ('a7760c94-ee72-4039-8bee-30f7bd672f69', 'a9f6bb78-2c54-4396-9cbc-df474d6445be', 1, NULL, 3, 1800000, 5400000, '9071c670-c0b3-4024-bca3-713041dca742', 0, 'solaodong');
INSERT INTO [HoTroCovid].[dbo].[CaNhan] (ID, HoTen, GioiTinh, NgaySinh, CMND, SinhNam) VALUES ('cb111363-c361-4aeb-a587-673ddbd4a33b', N'Trần Thị Cẩm Dung', NULL, '1998-11-06', '231107789', 1998);
INSERT INTO [HoTroCovid].[dbo].[CaNhan_DoanhNghiep] (ID, IDDoanhNghiep, IDCaNhan, IDDoiTuong, NgheNghiep, DaTra50) VALUES ('faa385e4-5293-4363-ba41-e848822d24a9', 'e49841c9-785e-405e-9bf6-c9e9638c10e4', 'cb111363-c361-4aeb-a587-673ddbd4a33b', NULL, N'CNCBHSĐL', null);
INSERT INTO [HoTroCovid].[dbo].[ThongTinHoTro] (ID, IDNoiDung, IDDoiTuong, IDCaNhan) VALUES ('f3244750-21fa-4db9-91b7-b7ba6d88125c', 1, NULL, 'cb111363-c361-4aeb-a587-673ddbd4a33b');
INSERT INTO [HoTroCovid].[dbo].[HoSo] (ID, IDCaNhan, IDNoiDungHoTro, IDDoiTuong, SoThang, SoTien, ThanhTien, IDThongTinHoTro, DaChi, NguoiTao) VALUES ('fc70cc5e-5099-4e2c-a262-3751971b6d5f', 'cb111363-c361-4aeb-a587-673ddbd4a33b', 1, NULL, 3, 1800000, 5400000, 'f3244750-21fa-4db9-91b7-b7ba6d88125c', 0, 'solaodong');
INSERT INTO [HoTroCovid].[dbo].[CaNhan] (ID, HoTen, GioiTinh, NgaySinh, CMND, SinhNam) VALUES ('047df861-22de-4387-a17a-535bd51c4c2d', N'Nguyễn Minh Tân', 1, '1991-02-15', '215245134', 1991);
INSERT INTO [HoTroCovid].[dbo].[CaNhan_DoanhNghiep] (ID, IDDoanhNghiep, IDCaNhan, IDDoiTuong, NgheNghiep, DaTra50) VALUES ('ee5c53be-78dd-4cc1-8f0a-28a2d536d42f', 'e49841c9-785e-405e-9bf6-c9e9638c10e4', '047df861-22de-4387-a17a-535bd51c4c2d', NULL, N'CNCBHSĐL', null);
INSERT INTO [HoTroCovid].[dbo].[ThongTinHoTro] (ID, IDNoiDung, IDDoiTuong, IDCaNhan) VALUES ('ae6676a4-2c1d-43b1-b955-c032db676e28', 1, NULL, '047df861-22de-4387-a17a-535bd51c4c2d');
INSERT INTO [HoTroCovid].[dbo].[HoSo] (ID, IDCaNhan, IDNoiDungHoTro, IDDoiTuong, SoThang, SoTien, ThanhTien, IDThongTinHoTro, DaChi, NguoiTao) VALUES ('115baa86-e602-4aba-994f-aeca15bf72a6', '047df861-22de-4387-a17a-535bd51c4c2d', 1, NULL, 3, 1800000, 5400000, 'ae6676a4-2c1d-43b1-b955-c032db676e28', 0, 'solaodong');
INSERT INTO [HoTroCovid].[dbo].[CaNhan] (ID, HoTen, GioiTinh, NgaySinh, CMND, SinhNam) VALUES ('39bfbf02-3540-4032-ab71-c141ab0b5122', N'Võ Văn Trong', 1, '1984-04-02', '241977180', 1984);
INSERT INTO [HoTroCovid].[dbo].[CaNhan_DoanhNghiep] (ID, IDDoanhNghiep, IDCaNhan, IDDoiTuong, NgheNghiep, DaTra50) VALUES ('45214742-06d7-4c33-889b-5ea94095f159', 'e49841c9-785e-405e-9bf6-c9e9638c10e4', '39bfbf02-3540-4032-ab71-c141ab0b5122', NULL, N'CNCBHSĐL', null);
INSERT INTO [HoTroCovid].[dbo].[ThongTinHoTro] (ID, IDNoiDung, IDDoiTuong, IDCaNhan) VALUES ('24349747-26fa-42b3-ada1-41475379c8de', 1, NULL, '39bfbf02-3540-4032-ab71-c141ab0b5122');
INSERT INTO [HoTroCovid].[dbo].[HoSo] (ID, IDCaNhan, IDNoiDungHoTro, IDDoiTuong, SoThang, SoTien, ThanhTien, IDThongTinHoTro, DaChi, NguoiTao) VALUES ('6164461e-582e-43d6-9ec3-99bba97db4ed', '39bfbf02-3540-4032-ab71-c141ab0b5122', 1, NULL, 3, 1800000, 5400000, '24349747-26fa-42b3-ada1-41475379c8de', 0, 'solaodong');
INSERT INTO [HoTroCovid].[dbo].[CaNhan] (ID, HoTen, GioiTinh, NgaySinh, CMND, SinhNam) VALUES ('6ea4a42f-4e38-4172-b6d2-00b48dd891d5', N'Nguyễn Thị Lan', NULL, '1998-04-09', '215451280', 1998);
INSERT INTO [HoTroCovid].[dbo].[CaNhan_DoanhNghiep] (ID, IDDoanhNghiep, IDCaNhan, IDDoiTuong, NgheNghiep, DaTra50) VALUES ('458fb05c-8785-45a4-971b-466244153f93', 'e49841c9-785e-405e-9bf6-c9e9638c10e4', '6ea4a42f-4e38-4172-b6d2-00b48dd891d5', NULL, N'CNCBHSĐL', null);
INSERT INTO [HoTroCovid].[dbo].[ThongTinHoTro] (ID, IDNoiDung, IDDoiTuong, IDCaNhan) VALUES ('dd921467-01ff-4c44-b581-ec46d055fe64', 1, NULL, '6ea4a42f-4e38-4172-b6d2-00b48dd891d5');
INSERT INTO [HoTroCovid].[dbo].[HoSo] (ID, IDCaNhan, IDNoiDungHoTro, IDDoiTuong, SoThang, SoTien, ThanhTien, IDThongTinHoTro, DaChi, NguoiTao) VALUES ('7b754a3b-2cbd-4196-823b-e41ae3a67ddc', '6ea4a42f-4e38-4172-b6d2-00b48dd891d5', 1, NULL, 3, 1800000, 5400000, 'dd921467-01ff-4c44-b581-ec46d055fe64', 0, 'solaodong');
INSERT INTO [HoTroCovid].[dbo].[CaNhan] (ID, HoTen, GioiTinh, NgaySinh, CMND, SinhNam) VALUES ('b2607754-deee-47dd-a87f-fabb9f063a05', N'Nguyễn Thị Hồng Nhã', NULL, '2000-12-01', '215507619', 2000);
INSERT INTO [HoTroCovid].[dbo].[CaNhan_DoanhNghiep] (ID, IDDoanhNghiep, IDCaNhan, IDDoiTuong, NgheNghiep, DaTra50) VALUES ('e940bc82-a1bb-4cf4-b9a5-c96f3717862a', 'e49841c9-785e-405e-9bf6-c9e9638c10e4', 'b2607754-deee-47dd-a87f-fabb9f063a05', NULL, N'CNCBHSĐL', null);
INSERT INTO [HoTroCovid].[dbo].[ThongTinHoTro] (ID, IDNoiDung, IDDoiTuong, IDCaNhan) VALUES ('49bc4fe8-76ec-435e-b400-b6559cafffbc', 1, NULL, 'b2607754-deee-47dd-a87f-fabb9f063a05');
INSERT INTO [HoTroCovid].[dbo].[HoSo] (ID, IDCaNhan, IDNoiDungHoTro, IDDoiTuong, SoThang, SoTien, ThanhTien, IDThongTinHoTro, DaChi, NguoiTao) VALUES ('462f28ef-c0fa-4048-ba2b-dc627a06eda6', 'b2607754-deee-47dd-a87f-fabb9f063a05', 1, NULL, 3, 1800000, 5400000, '49bc4fe8-76ec-435e-b400-b6559cafffbc', 0, 'solaodong');
INSERT INTO [HoTroCovid].[dbo].[CaNhan] (ID, HoTen, GioiTinh, NgaySinh, CMND, SinhNam) VALUES ('201f560e-d4af-4509-8329-6670624b9417', N'Nguyễn Thị Thùy Dung', NULL, '1981-08-02', '211676270', 1981);
INSERT INTO [HoTroCovid].[dbo].[CaNhan_DoanhNghiep] (ID, IDDoanhNghiep, IDCaNhan, IDDoiTuong, NgheNghiep, DaTra50) VALUES ('43757b24-1f6a-4d54-a378-bd56da0c1c47', 'e49841c9-785e-405e-9bf6-c9e9638c10e4', '201f560e-d4af-4509-8329-6670624b9417', NULL, N'CNCBHSĐL', null);
INSERT INTO [HoTroCovid].[dbo].[ThongTinHoTro] (ID, IDNoiDung, IDDoiTuong, IDCaNhan) VALUES ('d2e29c98-3d71-4d1a-909e-d95945f4725b', 1, NULL, '201f560e-d4af-4509-8329-6670624b9417');
INSERT INTO [HoTroCovid].[dbo].[HoSo] (ID, IDCaNhan, IDNoiDungHoTro, IDDoiTuong, SoThang, SoTien, ThanhTien, IDThongTinHoTro, DaChi, NguoiTao) VALUES ('a226f005-d8ad-4c36-9fbf-bf704efad250', '201f560e-d4af-4509-8329-6670624b9417', 1, NULL, 3, 1800000, 5400000, 'd2e29c98-3d71-4d1a-909e-d95945f4725b', 0, 'solaodong');
INSERT INTO [HoTroCovid].[dbo].[CaNhan] (ID, HoTen, GioiTinh, NgaySinh, CMND, SinhNam) VALUES ('ed0fbd49-7569-4afa-a44e-c5d583001dbb', N'Nguyễn Anh Trung', 1, '1992-04-01', '215299904', 1992);
INSERT INTO [HoTroCovid].[dbo].[CaNhan_DoanhNghiep] (ID, IDDoanhNghiep, IDCaNhan, IDDoiTuong, NgheNghiep, DaTra50) VALUES ('978592f2-d43c-40d9-9196-3a149f15f38e', 'e49841c9-785e-405e-9bf6-c9e9638c10e4', 'ed0fbd49-7569-4afa-a44e-c5d583001dbb', NULL, N'CNCBHSĐL', null);
INSERT INTO [HoTroCovid].[dbo].[ThongTinHoTro] (ID, IDNoiDung, IDDoiTuong, IDCaNhan) VALUES ('6fabc58f-6d6a-480f-b0a8-da802c783288', 1, NULL, 'ed0fbd49-7569-4afa-a44e-c5d583001dbb');
INSERT INTO [HoTroCovid].[dbo].[HoSo] (ID, IDCaNhan, IDNoiDungHoTro, IDDoiTuong, SoThang, SoTien, ThanhTien, IDThongTinHoTro, DaChi, NguoiTao) VALUES ('916c9775-128c-469e-8a09-6a2107528928', 'ed0fbd49-7569-4afa-a44e-c5d583001dbb', 1, NULL, 3, 1800000, 5400000, '6fabc58f-6d6a-480f-b0a8-da802c783288', 0, 'solaodong');
INSERT INTO [HoTroCovid].[dbo].[CaNhan] (ID, HoTen, GioiTinh, NgaySinh, CMND, SinhNam) VALUES ('52930df4-7e77-477b-89ee-2a744466ef2b', N'Ngô Thanh Dũng', 1, '1988-11-04', '186389023', 1988);
INSERT INTO [HoTroCovid].[dbo].[CaNhan_DoanhNghiep] (ID, IDDoanhNghiep, IDCaNhan, IDDoiTuong, NgheNghiep, DaTra50) VALUES ('b404e4ab-b59c-4dc6-a2f6-e25325a6383a', 'e49841c9-785e-405e-9bf6-c9e9638c10e4', '52930df4-7e77-477b-89ee-2a744466ef2b', NULL, N'Tổ trưởng Hầm', null);
INSERT INTO [HoTroCovid].[dbo].[ThongTinHoTro] (ID, IDNoiDung, IDDoiTuong, IDCaNhan) VALUES ('9b7a7ff0-ad3c-405c-8877-5550b0af93a7', 1, NULL, '52930df4-7e77-477b-89ee-2a744466ef2b');
INSERT INTO [HoTroCovid].[dbo].[HoSo] (ID, IDCaNhan, IDNoiDungHoTro, IDDoiTuong, SoThang, SoTien, ThanhTien, IDThongTinHoTro, DaChi, NguoiTao) VALUES ('dc2b4bb8-8e58-4943-a5ba-733c282b62de', '52930df4-7e77-477b-89ee-2a744466ef2b', 1, NULL, 3, 1800000, 5400000, '9b7a7ff0-ad3c-405c-8877-5550b0af93a7', 0, 'solaodong');
INSERT INTO [HoTroCovid].[dbo].[CaNhan] (ID, HoTen, GioiTinh, NgaySinh, CMND, SinhNam) VALUES ('2436e6d3-af81-43d4-9252-a1719b46eedb', N'Đinh Kim Hoàng', 1, '1986-11-06', '211876056', 1986);
INSERT INTO [HoTroCovid].[dbo].[CaNhan_DoanhNghiep] (ID, IDDoanhNghiep, IDCaNhan, IDDoiTuong, NgheNghiep, DaTra50) VALUES ('af166dde-c5d3-4501-b174-11e25aa363ae', 'e49841c9-785e-405e-9bf6-c9e9638c10e4', '2436e6d3-af81-43d4-9252-a1719b46eedb', NULL, N'Tổ phó Hầm', null);
INSERT INTO [HoTroCovid].[dbo].[ThongTinHoTro] (ID, IDNoiDung, IDDoiTuong, IDCaNhan) VALUES ('620a8eac-0bee-4c80-944b-71a8ab7d6c27', 1, NULL, '2436e6d3-af81-43d4-9252-a1719b46eedb');
INSERT INTO [HoTroCovid].[dbo].[HoSo] (ID, IDCaNhan, IDNoiDungHoTro, IDDoiTuong, SoThang, SoTien, ThanhTien, IDThongTinHoTro, DaChi, NguoiTao) VALUES ('6a2e50e5-1f4f-4318-8a62-8cc11909f477', '2436e6d3-af81-43d4-9252-a1719b46eedb', 1, NULL, 3, 1800000, 5400000, '620a8eac-0bee-4c80-944b-71a8ab7d6c27', 0, 'solaodong');
INSERT INTO [HoTroCovid].[dbo].[CaNhan] (ID, HoTen, GioiTinh, NgaySinh, CMND, SinhNam) VALUES ('6d208d0f-ae8b-4520-9e27-935a4cc7236b', N'Nguyễn Văn Tài', 1, '1996-10-09', '215338433', 1996);
INSERT INTO [HoTroCovid].[dbo].[CaNhan_DoanhNghiep] (ID, IDDoanhNghiep, IDCaNhan, IDDoiTuong, NgheNghiep, DaTra50) VALUES ('c6d6834c-7950-4466-baba-a039700d8519', 'e49841c9-785e-405e-9bf6-c9e9638c10e4', '6d208d0f-ae8b-4520-9e27-935a4cc7236b', NULL, N'CNCBHSĐL', null);
INSERT INTO [HoTroCovid].[dbo].[ThongTinHoTro] (ID, IDNoiDung, IDDoiTuong, IDCaNhan) VALUES ('615ad727-4d69-4322-a09b-3058acec628c', 1, NULL, '6d208d0f-ae8b-4520-9e27-935a4cc7236b');
INSERT INTO [HoTroCovid].[dbo].[HoSo] (ID, IDCaNhan, IDNoiDungHoTro, IDDoiTuong, SoThang, SoTien, ThanhTien, IDThongTinHoTro, DaChi, NguoiTao) VALUES ('b1fbc349-d889-448a-91cc-7a8f3b31ef88', '6d208d0f-ae8b-4520-9e27-935a4cc7236b', 1, NULL, 3, 1800000, 5400000, '615ad727-4d69-4322-a09b-3058acec628c', 0, 'solaodong');
INSERT INTO [HoTroCovid].[dbo].[CaNhan] (ID, HoTen, GioiTinh, NgaySinh, CMND, SinhNam) VALUES ('21cd1ff0-e61c-4199-a496-c6a5f1aa526f', N'Bùi Cao Trọng Tiền', 1, '1989-02-20', '215182259', 1989);
INSERT INTO [HoTroCovid].[dbo].[CaNhan_DoanhNghiep] (ID, IDDoanhNghiep, IDCaNhan, IDDoiTuong, NgheNghiep, DaTra50) VALUES ('9c1bf189-f664-43ef-a6f4-c1be4f565c54', 'e49841c9-785e-405e-9bf6-c9e9638c10e4', '21cd1ff0-e61c-4199-a496-c6a5f1aa526f', NULL, N'CNCBHSĐL', null);
INSERT INTO [HoTroCovid].[dbo].[ThongTinHoTro] (ID, IDNoiDung, IDDoiTuong, IDCaNhan) VALUES ('4c1bc8fc-2bd5-4a19-9f92-8d94b44102d9', 1, NULL, '21cd1ff0-e61c-4199-a496-c6a5f1aa526f');
INSERT INTO [HoTroCovid].[dbo].[HoSo] (ID, IDCaNhan, IDNoiDungHoTro, IDDoiTuong, SoThang, SoTien, ThanhTien, IDThongTinHoTro, DaChi, NguoiTao) VALUES ('c81f7cf0-a3bf-4c2d-8eb4-e39cf6a8df26', '21cd1ff0-e61c-4199-a496-c6a5f1aa526f', 1, NULL, 3, 1800000, 5400000, '4c1bc8fc-2bd5-4a19-9f92-8d94b44102d9', 0, 'solaodong');
INSERT INTO [HoTroCovid].[dbo].[CaNhan] (ID, HoTen, GioiTinh, NgaySinh, CMND, SinhNam) VALUES ('81b19b89-2ef6-45b6-9981-aab96440d094', N'Huỳnh Thị Tố Nga', NULL, '1980-02-10', '211696545', 1980);
INSERT INTO [HoTroCovid].[dbo].[CaNhan_DoanhNghiep] (ID, IDDoanhNghiep, IDCaNhan, IDDoiTuong, NgheNghiep, DaTra50) VALUES ('b300dc33-29b4-4b78-a219-7af80b2dbe7d', 'e49841c9-785e-405e-9bf6-c9e9638c10e4', '81b19b89-2ef6-45b6-9981-aab96440d094', NULL, N'Tổ phó Lườn', null);
INSERT INTO [HoTroCovid].[dbo].[ThongTinHoTro] (ID, IDNoiDung, IDDoiTuong, IDCaNhan) VALUES ('f42346ec-f0f0-4ba2-9ee6-d2bfadd965e2', 1, NULL, '81b19b89-2ef6-45b6-9981-aab96440d094');
INSERT INTO [HoTroCovid].[dbo].[HoSo] (ID, IDCaNhan, IDNoiDungHoTro, IDDoiTuong, SoThang, SoTien, ThanhTien, IDThongTinHoTro, DaChi, NguoiTao) VALUES ('8cf60236-8496-4b6e-a5d6-0062f943764d', '81b19b89-2ef6-45b6-9981-aab96440d094', 1, NULL, 3, 1800000, 5400000, 'f42346ec-f0f0-4ba2-9ee6-d2bfadd965e2', 0, 'solaodong');
INSERT INTO [HoTroCovid].[dbo].[CaNhan] (ID, HoTen, GioiTinh, NgaySinh, CMND, SinhNam) VALUES ('4e872c27-0e58-44fe-a2e2-0125115b81e4', N'Trần Thị Quyên', NULL, '1984-07-21', '221230768', 1984);
INSERT INTO [HoTroCovid].[dbo].[CaNhan_DoanhNghiep] (ID, IDDoanhNghiep, IDCaNhan, IDDoiTuong, NgheNghiep, DaTra50) VALUES ('30d342f8-8a7e-49a9-8c3e-3841b3b64025', 'e49841c9-785e-405e-9bf6-c9e9638c10e4', '4e872c27-0e58-44fe-a2e2-0125115b81e4', NULL, N'CNCBHSĐL', null);
INSERT INTO [HoTroCovid].[dbo].[ThongTinHoTro] (ID, IDNoiDung, IDDoiTuong, IDCaNhan) VALUES ('c6cf1a0e-9a25-4675-9722-23a53fb76b01', 1, NULL, '4e872c27-0e58-44fe-a2e2-0125115b81e4');
INSERT INTO [HoTroCovid].[dbo].[HoSo] (ID, IDCaNhan, IDNoiDungHoTro, IDDoiTuong, SoThang, SoTien, ThanhTien, IDThongTinHoTro, DaChi, NguoiTao) VALUES ('3f289bbe-8eff-48b8-9855-594301ba0801', '4e872c27-0e58-44fe-a2e2-0125115b81e4', 1, NULL, 3, 1800000, 5400000, 'c6cf1a0e-9a25-4675-9722-23a53fb76b01', 0, 'solaodong');
INSERT INTO [HoTroCovid].[dbo].[CaNhan] (ID, HoTen, GioiTinh, NgaySinh, CMND, SinhNam) VALUES ('00be2868-0fde-43c8-b112-fd115aa9f69e', N'Nguyễn Văn Phúc', 1, '1996-04-12', '215333897', 1996);
INSERT INTO [HoTroCovid].[dbo].[CaNhan_DoanhNghiep] (ID, IDDoanhNghiep, IDCaNhan, IDDoiTuong, NgheNghiep, DaTra50) VALUES ('ea377f69-434e-40d1-b2c3-6422625a932b', 'e49841c9-785e-405e-9bf6-c9e9638c10e4', '00be2868-0fde-43c8-b112-fd115aa9f69e', NULL, N'CNCBHSĐL', null);
INSERT INTO [HoTroCovid].[dbo].[ThongTinHoTro] (ID, IDNoiDung, IDDoiTuong, IDCaNhan) VALUES ('8c42e868-9878-482f-905e-08c02274fb7c', 1, NULL, '00be2868-0fde-43c8-b112-fd115aa9f69e');
INSERT INTO [HoTroCovid].[dbo].[HoSo] (ID, IDCaNhan, IDNoiDungHoTro, IDDoiTuong, SoThang, SoTien, ThanhTien, IDThongTinHoTro, DaChi, NguoiTao) VALUES ('7604b009-0969-4b44-88ce-85d24446c5e3', '00be2868-0fde-43c8-b112-fd115aa9f69e', 1, NULL, 3, 1800000, 5400000, '8c42e868-9878-482f-905e-08c02274fb7c', 0, 'solaodong');
INSERT INTO [HoTroCovid].[dbo].[CaNhan] (ID, HoTen, GioiTinh, NgaySinh, CMND, SinhNam) VALUES ('09693979-c052-4c55-abce-be95372aa234', N'Hồ Quang Nhân', 1, '1994-02-16', '215377005', 1994);
INSERT INTO [HoTroCovid].[dbo].[CaNhan_DoanhNghiep] (ID, IDDoanhNghiep, IDCaNhan, IDDoiTuong, NgheNghiep, DaTra50) VALUES ('062f39a2-7561-47f6-b153-d7ba098be1eb', 'e49841c9-785e-405e-9bf6-c9e9638c10e4', '09693979-c052-4c55-abce-be95372aa234', NULL, N'CNCBHSĐL', null);
INSERT INTO [HoTroCovid].[dbo].[ThongTinHoTro] (ID, IDNoiDung, IDDoiTuong, IDCaNhan) VALUES ('3de5bb09-f8d0-415f-aa41-5abed35c691c', 1, NULL, '09693979-c052-4c55-abce-be95372aa234');
INSERT INTO [HoTroCovid].[dbo].[HoSo] (ID, IDCaNhan, IDNoiDungHoTro, IDDoiTuong, SoThang, SoTien, ThanhTien, IDThongTinHoTro, DaChi, NguoiTao) VALUES ('6626f6ec-ac21-40b1-b0ec-347d6521d454', '09693979-c052-4c55-abce-be95372aa234', 1, NULL, 3, 1800000, 5400000, '3de5bb09-f8d0-415f-aa41-5abed35c691c', 0, 'solaodong');
INSERT INTO [HoTroCovid].[dbo].[CaNhan] (ID, HoTen, GioiTinh, NgaySinh, CMND, SinhNam) VALUES ('cba8ccea-3af3-494e-9719-636b9070f6c9', N'Phan Thị Tuyết Nhị', NULL, '1992-04-06', '215189571', 1992);
INSERT INTO [HoTroCovid].[dbo].[CaNhan_DoanhNghiep] (ID, IDDoanhNghiep, IDCaNhan, IDDoiTuong, NgheNghiep, DaTra50) VALUES ('2c95f2df-35bb-4eb8-a56e-c1855664d522', 'e49841c9-785e-405e-9bf6-c9e9638c10e4', 'cba8ccea-3af3-494e-9719-636b9070f6c9', NULL, N'CNCBHSĐL', null);
INSERT INTO [HoTroCovid].[dbo].[ThongTinHoTro] (ID, IDNoiDung, IDDoiTuong, IDCaNhan) VALUES ('65f9488b-582e-4f35-a76e-01f044d65079', 1, NULL, 'cba8ccea-3af3-494e-9719-636b9070f6c9');
INSERT INTO [HoTroCovid].[dbo].[HoSo] (ID, IDCaNhan, IDNoiDungHoTro, IDDoiTuong, SoThang, SoTien, ThanhTien, IDThongTinHoTro, DaChi, NguoiTao) VALUES ('170acd40-914f-4ee5-b0da-f5a563b2a4f6', 'cba8ccea-3af3-494e-9719-636b9070f6c9', 1, NULL, 3, 1800000, 5400000, '65f9488b-582e-4f35-a76e-01f044d65079', 0, 'solaodong');
INSERT INTO [HoTroCovid].[dbo].[CaNhan] (ID, HoTen, GioiTinh, NgaySinh, CMND, SinhNam) VALUES ('88f5c382-0cc5-4b25-89a9-70333fe12a07', N'Lê Thị Phương', NULL, '1996-03-12', '212276341', 1996);
INSERT INTO [HoTroCovid].[dbo].[CaNhan_DoanhNghiep] (ID, IDDoanhNghiep, IDCaNhan, IDDoiTuong, NgheNghiep, DaTra50) VALUES ('baa5171c-8fdf-41f0-a1ef-648d5c858f78', 'e49841c9-785e-405e-9bf6-c9e9638c10e4', '88f5c382-0cc5-4b25-89a9-70333fe12a07', NULL, N'CNCBHSĐL', null);
INSERT INTO [HoTroCovid].[dbo].[ThongTinHoTro] (ID, IDNoiDung, IDDoiTuong, IDCaNhan) VALUES ('294774cb-0db4-45c0-a0b8-3c07c7cbf4c6', 1, NULL, '88f5c382-0cc5-4b25-89a9-70333fe12a07');
INSERT INTO [HoTroCovid].[dbo].[HoSo] (ID, IDCaNhan, IDNoiDungHoTro, IDDoiTuong, SoThang, SoTien, ThanhTien, IDThongTinHoTro, DaChi, NguoiTao) VALUES ('2035dd8d-2cfb-48f2-a341-b7d193875c36', '88f5c382-0cc5-4b25-89a9-70333fe12a07', 1, NULL, 3, 1800000, 5400000, '294774cb-0db4-45c0-a0b8-3c07c7cbf4c6', 0, 'solaodong');
INSERT INTO [HoTroCovid].[dbo].[CaNhan] (ID, HoTen, GioiTinh, NgaySinh, CMND, SinhNam) VALUES ('38ea1f38-c74e-4f9d-88e3-c349b3e4df03', N'Đặng Quốc Cường', 1, '1999-08-15', '215471265', 1999);
INSERT INTO [HoTroCovid].[dbo].[CaNhan_DoanhNghiep] (ID, IDDoanhNghiep, IDCaNhan, IDDoiTuong, NgheNghiep, DaTra50) VALUES ('584b6e86-7dec-46b4-ae2b-83b5e11489da', 'e49841c9-785e-405e-9bf6-c9e9638c10e4', '38ea1f38-c74e-4f9d-88e3-c349b3e4df03', NULL, N'CNCBHSĐL', null);
INSERT INTO [HoTroCovid].[dbo].[ThongTinHoTro] (ID, IDNoiDung, IDDoiTuong, IDCaNhan) VALUES ('cb2243a9-b694-4b4e-ad58-ed360d18cbda', 1, NULL, '38ea1f38-c74e-4f9d-88e3-c349b3e4df03');
INSERT INTO [HoTroCovid].[dbo].[HoSo] (ID, IDCaNhan, IDNoiDungHoTro, IDDoiTuong, SoThang, SoTien, ThanhTien, IDThongTinHoTro, DaChi, NguoiTao) VALUES ('3a75eef1-7bde-4bc2-8adb-973166be290e', '38ea1f38-c74e-4f9d-88e3-c349b3e4df03', 1, NULL, 3, 1800000, 5400000, 'cb2243a9-b694-4b4e-ad58-ed360d18cbda', 0, 'solaodong');
INSERT INTO [HoTroCovid].[dbo].[CaNhan] (ID, HoTen, GioiTinh, NgaySinh, CMND, SinhNam) VALUES ('48e85f80-3e33-4dba-92ce-44fb8cbec3a8', N'Nguyễn Thị Hiền', NULL, '1991-12-25', '215138992', 1991);
INSERT INTO [HoTroCovid].[dbo].[CaNhan_DoanhNghiep] (ID, IDDoanhNghiep, IDCaNhan, IDDoiTuong, NgheNghiep, DaTra50) VALUES ('545d619c-e2b0-4cea-8a2a-814ae27a71cb', 'e49841c9-785e-405e-9bf6-c9e9638c10e4', '48e85f80-3e33-4dba-92ce-44fb8cbec3a8', NULL, N'CNCBHSĐL', null);
INSERT INTO [HoTroCovid].[dbo].[ThongTinHoTro] (ID, IDNoiDung, IDDoiTuong, IDCaNhan) VALUES ('454fb29b-44cf-48ab-be01-8dedab234644', 1, NULL, '48e85f80-3e33-4dba-92ce-44fb8cbec3a8');
INSERT INTO [HoTroCovid].[dbo].[HoSo] (ID, IDCaNhan, IDNoiDungHoTro, IDDoiTuong, SoThang, SoTien, ThanhTien, IDThongTinHoTro, DaChi, NguoiTao) VALUES ('96d4862e-61cb-409b-9c6f-a668506539de', '48e85f80-3e33-4dba-92ce-44fb8cbec3a8', 1, NULL, 3, 1800000, 5400000, '454fb29b-44cf-48ab-be01-8dedab234644', 0, 'solaodong');
INSERT INTO [HoTroCovid].[dbo].[CaNhan] (ID, HoTen, GioiTinh, NgaySinh, CMND, SinhNam) VALUES ('0fabb600-188b-42e1-9108-d50199f581e1', N'Phạm Thị Nở', NULL, '1994-07-10', '215376996', 1994);
INSERT INTO [HoTroCovid].[dbo].[CaNhan_DoanhNghiep] (ID, IDDoanhNghiep, IDCaNhan, IDDoiTuong, NgheNghiep, DaTra50) VALUES ('4c027842-a364-44b3-9732-acde33fdc310', 'e49841c9-785e-405e-9bf6-c9e9638c10e4', '0fabb600-188b-42e1-9108-d50199f581e1', NULL, N'CNCBHSĐL', null);
INSERT INTO [HoTroCovid].[dbo].[ThongTinHoTro] (ID, IDNoiDung, IDDoiTuong, IDCaNhan) VALUES ('385412f5-71af-447b-bb38-7d982c6bda77', 1, NULL, '0fabb600-188b-42e1-9108-d50199f581e1');
INSERT INTO [HoTroCovid].[dbo].[HoSo] (ID, IDCaNhan, IDNoiDungHoTro, IDDoiTuong, SoThang, SoTien, ThanhTien, IDThongTinHoTro, DaChi, NguoiTao) VALUES ('69b30b10-1510-4fa3-a2a0-346ebf7000f1', '0fabb600-188b-42e1-9108-d50199f581e1', 1, NULL, 3, 1800000, 5400000, '385412f5-71af-447b-bb38-7d982c6bda77', 0, 'solaodong');
INSERT INTO [HoTroCovid].[dbo].[CaNhan] (ID, HoTen, GioiTinh, NgaySinh, CMND, SinhNam) VALUES ('558a51d9-1819-4f11-bbdd-6c86a2127635', N'Đặng Thị Diệu', NULL, '1996-04-01', '215345648', 1996);
INSERT INTO [HoTroCovid].[dbo].[CaNhan_DoanhNghiep] (ID, IDDoanhNghiep, IDCaNhan, IDDoiTuong, NgheNghiep, DaTra50) VALUES ('06fa7241-3a92-467a-b150-3027e69db661', 'e49841c9-785e-405e-9bf6-c9e9638c10e4', '558a51d9-1819-4f11-bbdd-6c86a2127635', NULL, N'N/viên Thống kê', null);
INSERT INTO [HoTroCovid].[dbo].[ThongTinHoTro] (ID, IDNoiDung, IDDoiTuong, IDCaNhan) VALUES ('836058cf-d498-4788-8cbf-5e7f813d9504', 1, NULL, '558a51d9-1819-4f11-bbdd-6c86a2127635');
INSERT INTO [HoTroCovid].[dbo].[HoSo] (ID, IDCaNhan, IDNoiDungHoTro, IDDoiTuong, SoThang, SoTien, ThanhTien, IDThongTinHoTro, DaChi, NguoiTao) VALUES ('2f62ee6e-5463-478d-8975-c9f123632ef5', '558a51d9-1819-4f11-bbdd-6c86a2127635', 1, NULL, 3, 1800000, 5400000, '836058cf-d498-4788-8cbf-5e7f813d9504', 0, 'solaodong');
INSERT INTO [HoTroCovid].[dbo].[CaNhan] (ID, HoTen, GioiTinh, NgaySinh, CMND, SinhNam) VALUES ('6205e067-561c-485c-96ff-c1e1ec861841', N'Nguyễn Thị Thanh Tuyền', NULL, '1988-02-18', '215007094', 1988);
INSERT INTO [HoTroCovid].[dbo].[CaNhan_DoanhNghiep] (ID, IDDoanhNghiep, IDCaNhan, IDDoiTuong, NgheNghiep, DaTra50) VALUES ('0630daf8-ea26-4fe4-b8c4-3be220dcec9d', 'e49841c9-785e-405e-9bf6-c9e9638c10e4', '6205e067-561c-485c-96ff-c1e1ec861841', NULL, N'CNCBHSĐL', null);
INSERT INTO [HoTroCovid].[dbo].[ThongTinHoTro] (ID, IDNoiDung, IDDoiTuong, IDCaNhan) VALUES ('3812cab1-f2a7-4781-8a27-00a701a3cd2e', 1, NULL, '6205e067-561c-485c-96ff-c1e1ec861841');
INSERT INTO [HoTroCovid].[dbo].[HoSo] (ID, IDCaNhan, IDNoiDungHoTro, IDDoiTuong, SoThang, SoTien, ThanhTien, IDThongTinHoTro, DaChi, NguoiTao) VALUES ('d6665d1b-d7cc-4b39-8cb4-a6c2d9df6917', '6205e067-561c-485c-96ff-c1e1ec861841', 1, NULL, 3, 1800000, 5400000, '3812cab1-f2a7-4781-8a27-00a701a3cd2e', 0, 'solaodong');
INSERT INTO [HoTroCovid].[dbo].[CaNhan] (ID, HoTen, GioiTinh, NgaySinh, CMND, SinhNam) VALUES ('84537ab3-8ae8-42be-9cb5-7c74e08a579e', N'Đinh Thái Lâm', 1, '1998-10-03', '215410607', 1998);
INSERT INTO [HoTroCovid].[dbo].[CaNhan_DoanhNghiep] (ID, IDDoanhNghiep, IDCaNhan, IDDoiTuong, NgheNghiep, DaTra50) VALUES ('01fb1f70-823e-4edd-ab81-bacb91fbd3f8', 'e49841c9-785e-405e-9bf6-c9e9638c10e4', '84537ab3-8ae8-42be-9cb5-7c74e08a579e', NULL, N'CNCBHSĐL', null);
INSERT INTO [HoTroCovid].[dbo].[ThongTinHoTro] (ID, IDNoiDung, IDDoiTuong, IDCaNhan) VALUES ('3fbc413c-c499-48b4-8858-fe9611aa0d1b', 1, NULL, '84537ab3-8ae8-42be-9cb5-7c74e08a579e');
INSERT INTO [HoTroCovid].[dbo].[HoSo] (ID, IDCaNhan, IDNoiDungHoTro, IDDoiTuong, SoThang, SoTien, ThanhTien, IDThongTinHoTro, DaChi, NguoiTao) VALUES ('69c4a611-5af8-40c2-9595-04ca99c208c9', '84537ab3-8ae8-42be-9cb5-7c74e08a579e', 1, NULL, 3, 1800000, 5400000, '3fbc413c-c499-48b4-8858-fe9611aa0d1b', 0, 'solaodong');
INSERT INTO [HoTroCovid].[dbo].[CaNhan] (ID, HoTen, GioiTinh, NgaySinh, CMND, SinhNam) VALUES ('fe23626b-9008-4784-8876-ea826a3a2987', N'Huỳnh Văn Quân', 1, '1985-01-15', '211840632', 1985);
INSERT INTO [HoTroCovid].[dbo].[CaNhan_DoanhNghiep] (ID, IDDoanhNghiep, IDCaNhan, IDDoiTuong, NgheNghiep, DaTra50) VALUES ('c3ef73fd-55dd-44f1-8da0-ee034eda70de', 'e49841c9-785e-405e-9bf6-c9e9638c10e4', 'fe23626b-9008-4784-8876-ea826a3a2987', NULL, N'CNCBHSĐL', null);
INSERT INTO [HoTroCovid].[dbo].[ThongTinHoTro] (ID, IDNoiDung, IDDoiTuong, IDCaNhan) VALUES ('35c7a236-de37-475e-99b4-41d9811d6cb2', 1, NULL, 'fe23626b-9008-4784-8876-ea826a3a2987');
INSERT INTO [HoTroCovid].[dbo].[HoSo] (ID, IDCaNhan, IDNoiDungHoTro, IDDoiTuong, SoThang, SoTien, ThanhTien, IDThongTinHoTro, DaChi, NguoiTao) VALUES ('626f96bb-78b0-41bd-a76a-be98f56d9675', 'fe23626b-9008-4784-8876-ea826a3a2987', 1, NULL, 3, 1800000, 5400000, '35c7a236-de37-475e-99b4-41d9811d6cb2', 0, 'solaodong');
INSERT INTO [HoTroCovid].[dbo].[CaNhan] (ID, HoTen, GioiTinh, NgaySinh, CMND, SinhNam) VALUES ('4ecda6df-f91f-4f79-98c9-5e37a58222cf', N'Phan Ngọc Liêm', 1, '1985-08-18', '215182866', 1985);
INSERT INTO [HoTroCovid].[dbo].[CaNhan_DoanhNghiep] (ID, IDDoanhNghiep, IDCaNhan, IDDoiTuong, NgheNghiep, DaTra50) VALUES ('3587c74b-9429-4577-932a-1205eece7a92', 'e49841c9-785e-405e-9bf6-c9e9638c10e4', '4ecda6df-f91f-4f79-98c9-5e37a58222cf', NULL, N'CNCBHSĐL', null);
INSERT INTO [HoTroCovid].[dbo].[ThongTinHoTro] (ID, IDNoiDung, IDDoiTuong, IDCaNhan) VALUES ('56bae916-3dfc-4b2b-a322-f93ce4e31b43', 1, NULL, '4ecda6df-f91f-4f79-98c9-5e37a58222cf');
INSERT INTO [HoTroCovid].[dbo].[HoSo] (ID, IDCaNhan, IDNoiDungHoTro, IDDoiTuong, SoThang, SoTien, ThanhTien, IDThongTinHoTro, DaChi, NguoiTao) VALUES ('3e1cda7f-6d12-4c27-a5e9-d86754c8c706', '4ecda6df-f91f-4f79-98c9-5e37a58222cf', 1, NULL, 3, 1800000, 5400000, '56bae916-3dfc-4b2b-a322-f93ce4e31b43', 0, 'solaodong');
INSERT INTO [HoTroCovid].[dbo].[CaNhan] (ID, HoTen, GioiTinh, NgaySinh, CMND, SinhNam) VALUES ('f7cbcb03-d522-4583-8f96-a44159a65978', N'Lê Thị Yến', NULL, '1996-04-18', '215375667', 1996);
INSERT INTO [HoTroCovid].[dbo].[CaNhan_DoanhNghiep] (ID, IDDoanhNghiep, IDCaNhan, IDDoiTuong, NgheNghiep, DaTra50) VALUES ('1dce1374-7c09-4c1d-9517-c157136432d1', 'e49841c9-785e-405e-9bf6-c9e9638c10e4', 'f7cbcb03-d522-4583-8f96-a44159a65978', NULL, N'CNCBHSĐL', null);
INSERT INTO [HoTroCovid].[dbo].[ThongTinHoTro] (ID, IDNoiDung, IDDoiTuong, IDCaNhan) VALUES ('e8c3dda1-3428-4f7d-86ec-ec937448b6ba', 1, NULL, 'f7cbcb03-d522-4583-8f96-a44159a65978');
INSERT INTO [HoTroCovid].[dbo].[HoSo] (ID, IDCaNhan, IDNoiDungHoTro, IDDoiTuong, SoThang, SoTien, ThanhTien, IDThongTinHoTro, DaChi, NguoiTao) VALUES ('138d5d3a-af3f-4e7b-a2ef-31ab6f0fb512', 'f7cbcb03-d522-4583-8f96-a44159a65978', 1, NULL, 3, 1800000, 5400000, 'e8c3dda1-3428-4f7d-86ec-ec937448b6ba', 0, 'solaodong');
INSERT INTO [HoTroCovid].[dbo].[CaNhan] (ID, HoTen, GioiTinh, NgaySinh, CMND, SinhNam) VALUES ('ca1b871d-7453-4850-b370-ed5e8c7ab69c', N'Mai Quốc Úy', 1, '1987-06-06', '211881563', 1987);
INSERT INTO [HoTroCovid].[dbo].[CaNhan_DoanhNghiep] (ID, IDDoanhNghiep, IDCaNhan, IDDoiTuong, NgheNghiep, DaTra50) VALUES ('db3d9eef-4502-494b-b456-a44ae67b0517', 'e49841c9-785e-405e-9bf6-c9e9638c10e4', 'ca1b871d-7453-4850-b370-ed5e8c7ab69c', NULL, N'CNCBHSĐL', null);
INSERT INTO [HoTroCovid].[dbo].[ThongTinHoTro] (ID, IDNoiDung, IDDoiTuong, IDCaNhan) VALUES ('7084a33e-f47e-42f0-bdab-13450b3293f9', 1, NULL, 'ca1b871d-7453-4850-b370-ed5e8c7ab69c');
INSERT INTO [HoTroCovid].[dbo].[HoSo] (ID, IDCaNhan, IDNoiDungHoTro, IDDoiTuong, SoThang, SoTien, ThanhTien, IDThongTinHoTro, DaChi, NguoiTao) VALUES ('2127662d-5b8c-4a27-b49c-e72248916ca7', 'ca1b871d-7453-4850-b370-ed5e8c7ab69c', 1, NULL, 3, 1800000, 5400000, '7084a33e-f47e-42f0-bdab-13450b3293f9', 0, 'solaodong');
INSERT INTO [HoTroCovid].[dbo].[CaNhan] (ID, HoTen, GioiTinh, NgaySinh, CMND, SinhNam) VALUES ('573f73e4-a79f-4b9e-b404-2bf69436cd68', N'Lý Thị Trúc Ly', NULL, '1994-09-02', '215327819', 1994);
INSERT INTO [HoTroCovid].[dbo].[CaNhan_DoanhNghiep] (ID, IDDoanhNghiep, IDCaNhan, IDDoiTuong, NgheNghiep, DaTra50) VALUES ('315f09b5-31b1-44ba-80f5-41d855109ff1', 'e49841c9-785e-405e-9bf6-c9e9638c10e4', '573f73e4-a79f-4b9e-b404-2bf69436cd68', NULL, N'CNCBHSĐL', null);
INSERT INTO [HoTroCovid].[dbo].[ThongTinHoTro] (ID, IDNoiDung, IDDoiTuong, IDCaNhan) VALUES ('2c907d51-43be-4605-8d5e-68218ebd2004', 1, NULL, '573f73e4-a79f-4b9e-b404-2bf69436cd68');
INSERT INTO [HoTroCovid].[dbo].[HoSo] (ID, IDCaNhan, IDNoiDungHoTro, IDDoiTuong, SoThang, SoTien, ThanhTien, IDThongTinHoTro, DaChi, NguoiTao) VALUES ('e51ea476-f60b-482e-bb1f-2332d9364472', '573f73e4-a79f-4b9e-b404-2bf69436cd68', 1, NULL, 3, 1800000, 5400000, '2c907d51-43be-4605-8d5e-68218ebd2004', 0, 'solaodong');
INSERT INTO [HoTroCovid].[dbo].[CaNhan] (ID, HoTen, GioiTinh, NgaySinh, CMND, SinhNam) VALUES ('4980afa2-0b25-4cc5-bd90-19731f6b1134', N'Đào Thị Hằng', NULL, '1991-02-02', '215163466', 1991);
INSERT INTO [HoTroCovid].[dbo].[CaNhan_DoanhNghiep] (ID, IDDoanhNghiep, IDCaNhan, IDDoiTuong, NgheNghiep, DaTra50) VALUES ('eb7e2ba1-3d61-48bc-ae50-51c129aacd61', 'e49841c9-785e-405e-9bf6-c9e9638c10e4', '4980afa2-0b25-4cc5-bd90-19731f6b1134', NULL, N'CNCBHSĐL', null);
INSERT INTO [HoTroCovid].[dbo].[ThongTinHoTro] (ID, IDNoiDung, IDDoiTuong, IDCaNhan) VALUES ('75efb01e-968d-4aec-b282-b76601a37ed5', 1, NULL, '4980afa2-0b25-4cc5-bd90-19731f6b1134');
INSERT INTO [HoTroCovid].[dbo].[HoSo] (ID, IDCaNhan, IDNoiDungHoTro, IDDoiTuong, SoThang, SoTien, ThanhTien, IDThongTinHoTro, DaChi, NguoiTao) VALUES ('df737c0d-6491-40e3-837e-4574f6b2987e', '4980afa2-0b25-4cc5-bd90-19731f6b1134', 1, NULL, 3, 1800000, 5400000, '75efb01e-968d-4aec-b282-b76601a37ed5', 0, 'solaodong');
INSERT INTO [HoTroCovid].[dbo].[CaNhan] (ID, HoTen, GioiTinh, NgaySinh, CMND, SinhNam) VALUES ('0f854773-32ad-4628-b651-f1c575a928fe', N'Huỳnh Trọng Hữu', 1, '1993-12-10', '215248050', 1993);
INSERT INTO [HoTroCovid].[dbo].[CaNhan_DoanhNghiep] (ID, IDDoanhNghiep, IDCaNhan, IDDoiTuong, NgheNghiep, DaTra50) VALUES ('adfef822-e077-4aeb-bb73-9059a6abc001', 'e49841c9-785e-405e-9bf6-c9e9638c10e4', '0f854773-32ad-4628-b651-f1c575a928fe', NULL, N'CNCBHSĐL', null);
INSERT INTO [HoTroCovid].[dbo].[ThongTinHoTro] (ID, IDNoiDung, IDDoiTuong, IDCaNhan) VALUES ('6bc87d02-600e-4094-866f-b6373b0a4e2b', 1, NULL, '0f854773-32ad-4628-b651-f1c575a928fe');
INSERT INTO [HoTroCovid].[dbo].[HoSo] (ID, IDCaNhan, IDNoiDungHoTro, IDDoiTuong, SoThang, SoTien, ThanhTien, IDThongTinHoTro, DaChi, NguoiTao) VALUES ('243b921d-28e6-4a85-8bdc-4653edcca031', '0f854773-32ad-4628-b651-f1c575a928fe', 1, NULL, 3, 1800000, 5400000, '6bc87d02-600e-4094-866f-b6373b0a4e2b', 0, 'solaodong');
INSERT INTO [HoTroCovid].[dbo].[CaNhan] (ID, HoTen, GioiTinh, NgaySinh, CMND, SinhNam) VALUES ('2d2c40ec-a746-4e0a-a7ab-5c400866819c', N'Phan Thị Thúy Ngà', NULL, '1987-10-01', '215046467', 1987);
INSERT INTO [HoTroCovid].[dbo].[CaNhan_DoanhNghiep] (ID, IDDoanhNghiep, IDCaNhan, IDDoiTuong, NgheNghiep, DaTra50) VALUES ('dd427884-b074-42cb-bbe3-258a8bc68a21', 'e49841c9-785e-405e-9bf6-c9e9638c10e4', '2d2c40ec-a746-4e0a-a7ab-5c400866819c', NULL, N'N/viên Thống kê', null);
INSERT INTO [HoTroCovid].[dbo].[ThongTinHoTro] (ID, IDNoiDung, IDDoiTuong, IDCaNhan) VALUES ('8f41e188-a3f7-4a98-91fd-01c1891425a1', 1, NULL, '2d2c40ec-a746-4e0a-a7ab-5c400866819c');
INSERT INTO [HoTroCovid].[dbo].[HoSo] (ID, IDCaNhan, IDNoiDungHoTro, IDDoiTuong, SoThang, SoTien, ThanhTien, IDThongTinHoTro, DaChi, NguoiTao) VALUES ('15e7d276-35d8-4bab-9dd6-1feb46a804d6', '2d2c40ec-a746-4e0a-a7ab-5c400866819c', 1, NULL, 3, 1800000, 5400000, '8f41e188-a3f7-4a98-91fd-01c1891425a1', 0, 'solaodong');
INSERT INTO [HoTroCovid].[dbo].[CaNhan] (ID, HoTen, GioiTinh, NgaySinh, CMND, SinhNam) VALUES ('e6e7c796-6455-4180-b50a-9b59ef7c76a0', N'Trần Thị Bích Ba', NULL, '1977-09-23', '211570122', 1977);
INSERT INTO [HoTroCovid].[dbo].[CaNhan_DoanhNghiep] (ID, IDDoanhNghiep, IDCaNhan, IDDoiTuong, NgheNghiep, DaTra50) VALUES ('377f5415-a41f-461e-ad82-4d02ea12c48c', 'e49841c9-785e-405e-9bf6-c9e9638c10e4', 'e6e7c796-6455-4180-b50a-9b59ef7c76a0', NULL, N'N/viên cấp dưỡng', null);
INSERT INTO [HoTroCovid].[dbo].[ThongTinHoTro] (ID, IDNoiDung, IDDoiTuong, IDCaNhan) VALUES ('8058d531-4f40-4f2b-9b72-755a7bb0b53c', 1, NULL, 'e6e7c796-6455-4180-b50a-9b59ef7c76a0');
INSERT INTO [HoTroCovid].[dbo].[HoSo] (ID, IDCaNhan, IDNoiDungHoTro, IDDoiTuong, SoThang, SoTien, ThanhTien, IDThongTinHoTro, DaChi, NguoiTao) VALUES ('ecba4461-f54c-4608-984f-7db1f679be17', 'e6e7c796-6455-4180-b50a-9b59ef7c76a0', 1, NULL, 3, 1800000, 5400000, '8058d531-4f40-4f2b-9b72-755a7bb0b53c', 0, 'solaodong');
INSERT INTO [HoTroCovid].[dbo].[CaNhan] (ID, HoTen, GioiTinh, NgaySinh, CMND, SinhNam) VALUES ('4aaa0db3-72eb-4bcc-bcfe-5ebc0c985518', N'Nguyễn Anh Vũ', 1, '1987-11-30', '215021096', 1987);
INSERT INTO [HoTroCovid].[dbo].[CaNhan_DoanhNghiep] (ID, IDDoanhNghiep, IDCaNhan, IDDoiTuong, NgheNghiep, DaTra50) VALUES ('e807bc5c-e7dd-47af-88c1-56dd65d905a7', 'e49841c9-785e-405e-9bf6-c9e9638c10e4', '4aaa0db3-72eb-4bcc-bcfe-5ebc0c985518', NULL, N'N/viên Thống kê', null);
INSERT INTO [HoTroCovid].[dbo].[ThongTinHoTro] (ID, IDNoiDung, IDDoiTuong, IDCaNhan) VALUES ('03c37713-bbc2-4c9c-a2df-155a87aec0ff', 1, NULL, '4aaa0db3-72eb-4bcc-bcfe-5ebc0c985518');
INSERT INTO [HoTroCovid].[dbo].[HoSo] (ID, IDCaNhan, IDNoiDungHoTro, IDDoiTuong, SoThang, SoTien, ThanhTien, IDThongTinHoTro, DaChi, NguoiTao) VALUES ('7c698c95-1c94-4011-9b56-e518703ca90a', '4aaa0db3-72eb-4bcc-bcfe-5ebc0c985518', 1, NULL, 3, 1800000, 5400000, '03c37713-bbc2-4c9c-a2df-155a87aec0ff', 0, 'solaodong');
INSERT INTO [HoTroCovid].[dbo].[CaNhan] (ID, HoTen, GioiTinh, NgaySinh, CMND, SinhNam) VALUES ('1eae80f6-c1eb-4380-9b04-340425022eeb', N'Nguyễn Thị Bích Ngọc', NULL, '1994-05-04', '215252856', 1994);
INSERT INTO [HoTroCovid].[dbo].[CaNhan_DoanhNghiep] (ID, IDDoanhNghiep, IDCaNhan, IDDoiTuong, NgheNghiep, DaTra50) VALUES ('308d9c9a-f92d-4de5-88ee-17963145065b', 'e49841c9-785e-405e-9bf6-c9e9638c10e4', '1eae80f6-c1eb-4380-9b04-340425022eeb', NULL, N'N/viên HACCP', null);
INSERT INTO [HoTroCovid].[dbo].[ThongTinHoTro] (ID, IDNoiDung, IDDoiTuong, IDCaNhan) VALUES ('8d791dc2-e82f-48d2-af13-2b2ee117cb8a', 1, NULL, '1eae80f6-c1eb-4380-9b04-340425022eeb');
INSERT INTO [HoTroCovid].[dbo].[HoSo] (ID, IDCaNhan, IDNoiDungHoTro, IDDoiTuong, SoThang, SoTien, ThanhTien, IDThongTinHoTro, DaChi, NguoiTao) VALUES ('4662c3ca-88dc-4200-8139-e49f58779c35', '1eae80f6-c1eb-4380-9b04-340425022eeb', 1, NULL, 3, 1800000, 5400000, '8d791dc2-e82f-48d2-af13-2b2ee117cb8a', 0, 'solaodong');
INSERT INTO [HoTroCovid].[dbo].[CaNhan] (ID, HoTen, GioiTinh, NgaySinh, CMND, SinhNam) VALUES ('8ab3f626-2ccb-45ef-8881-3c97666377f6', N'Trần Thị Mỹ Hạnh', NULL, '1996-01-16', '215345820', 1996);
INSERT INTO [HoTroCovid].[dbo].[CaNhan_DoanhNghiep] (ID, IDDoanhNghiep, IDCaNhan, IDDoiTuong, NgheNghiep, DaTra50) VALUES ('6c25deb8-247f-46d5-8a19-c514be078772', 'e49841c9-785e-405e-9bf6-c9e9638c10e4', '8ab3f626-2ccb-45ef-8881-3c97666377f6', NULL, N'CNCBHSĐL', null);
INSERT INTO [HoTroCovid].[dbo].[ThongTinHoTro] (ID, IDNoiDung, IDDoiTuong, IDCaNhan) VALUES ('be9c8975-3025-4c6d-88f5-0324eeb948be', 1, NULL, '8ab3f626-2ccb-45ef-8881-3c97666377f6');
INSERT INTO [HoTroCovid].[dbo].[HoSo] (ID, IDCaNhan, IDNoiDungHoTro, IDDoiTuong, SoThang, SoTien, ThanhTien, IDThongTinHoTro, DaChi, NguoiTao) VALUES ('8cbe7730-b708-482b-9131-5d972cd5817b', '8ab3f626-2ccb-45ef-8881-3c97666377f6', 1, NULL, 3, 1800000, 5400000, 'be9c8975-3025-4c6d-88f5-0324eeb948be', 0, 'solaodong');
INSERT INTO [HoTroCovid].[dbo].[CaNhan] (ID, HoTen, GioiTinh, NgaySinh, CMND, SinhNam) VALUES ('808a3221-821b-4b14-ba1a-bb2855876022', N'Trần Minh Long', 1, '1988-01-12', '215091872', 1988);
INSERT INTO [HoTroCovid].[dbo].[CaNhan_DoanhNghiep] (ID, IDDoanhNghiep, IDCaNhan, IDDoiTuong, NgheNghiep, DaTra50) VALUES ('08a9a16a-3c23-44bb-bc9d-1e119c1eee11', 'e49841c9-785e-405e-9bf6-c9e9638c10e4', '808a3221-821b-4b14-ba1a-bb2855876022', NULL, N'CNCBHSĐL', null);
INSERT INTO [HoTroCovid].[dbo].[ThongTinHoTro] (ID, IDNoiDung, IDDoiTuong, IDCaNhan) VALUES ('120bc037-fa6e-4909-9202-990710afde54', 1, NULL, '808a3221-821b-4b14-ba1a-bb2855876022');
INSERT INTO [HoTroCovid].[dbo].[HoSo] (ID, IDCaNhan, IDNoiDungHoTro, IDDoiTuong, SoThang, SoTien, ThanhTien, IDThongTinHoTro, DaChi, NguoiTao) VALUES ('a7dee5fc-15f5-4f39-a455-145c68c78c4b', '808a3221-821b-4b14-ba1a-bb2855876022', 1, NULL, 3, 1800000, 5400000, '120bc037-fa6e-4909-9202-990710afde54', 0, 'solaodong');
INSERT INTO [HoTroCovid].[dbo].[CaNhan] (ID, HoTen, GioiTinh, NgaySinh, CMND, SinhNam) VALUES ('75b9c1f4-ef61-4799-91b9-8d2f5e6d6646', N'Võ Thị Kiều Diễm', NULL, '1992-02-27', '215213459', 1992);
INSERT INTO [HoTroCovid].[dbo].[CaNhan_DoanhNghiep] (ID, IDDoanhNghiep, IDCaNhan, IDDoiTuong, NgheNghiep, DaTra50) VALUES ('9959866c-1ca0-4088-b332-54f8d31d5b2b', 'e49841c9-785e-405e-9bf6-c9e9638c10e4', '75b9c1f4-ef61-4799-91b9-8d2f5e6d6646', NULL, N'N/viên Thống kê', null);
INSERT INTO [HoTroCovid].[dbo].[ThongTinHoTro] (ID, IDNoiDung, IDDoiTuong, IDCaNhan) VALUES ('8a034177-0e88-4d1b-ad36-b8c516d662fe', 1, NULL, '75b9c1f4-ef61-4799-91b9-8d2f5e6d6646');
INSERT INTO [HoTroCovid].[dbo].[HoSo] (ID, IDCaNhan, IDNoiDungHoTro, IDDoiTuong, SoThang, SoTien, ThanhTien, IDThongTinHoTro, DaChi, NguoiTao) VALUES ('8a26f479-e79e-40e2-8d75-a68f6469504c', '75b9c1f4-ef61-4799-91b9-8d2f5e6d6646', 1, NULL, 3, 1800000, 5400000, '8a034177-0e88-4d1b-ad36-b8c516d662fe', 0, 'solaodong');
INSERT INTO [HoTroCovid].[dbo].[CaNhan] (ID, HoTen, GioiTinh, NgaySinh, CMND, SinhNam) VALUES ('bffc0997-a8cc-4177-8e9a-ccc3e6560701', N'Nguyễn Hữu Quí', NULL, '1995-01-17', '215364892', 1995);
INSERT INTO [HoTroCovid].[dbo].[CaNhan_DoanhNghiep] (ID, IDDoanhNghiep, IDCaNhan, IDDoiTuong, NgheNghiep, DaTra50) VALUES ('f1921583-5695-4759-a92a-bfa484ec9bd2', 'e49841c9-785e-405e-9bf6-c9e9638c10e4', 'bffc0997-a8cc-4177-8e9a-ccc3e6560701', NULL, N'C/nhân CĐL', null);
INSERT INTO [HoTroCovid].[dbo].[ThongTinHoTro] (ID, IDNoiDung, IDDoiTuong, IDCaNhan) VALUES ('efdc0c1e-a3fd-46cc-8df2-2951eeac1be1', 1, NULL, 'bffc0997-a8cc-4177-8e9a-ccc3e6560701');
INSERT INTO [HoTroCovid].[dbo].[HoSo] (ID, IDCaNhan, IDNoiDungHoTro, IDDoiTuong, SoThang, SoTien, ThanhTien, IDThongTinHoTro, DaChi, NguoiTao) VALUES ('9a018d83-9d06-4a19-9ecb-52e7050b8abb', 'bffc0997-a8cc-4177-8e9a-ccc3e6560701', 1, NULL, 3, 1800000, 5400000, 'efdc0c1e-a3fd-46cc-8df2-2951eeac1be1', 0, 'solaodong');
INSERT INTO [HoTroCovid].[dbo].[CaNhan] (ID, HoTen, GioiTinh, NgaySinh, CMND, SinhNam) VALUES ('1688060d-a5db-4cb2-aa30-585326af7169', N'Nguyễn Hoài Thương', 1, '2001-01-03', '215553059', 2001);
INSERT INTO [HoTroCovid].[dbo].[CaNhan_DoanhNghiep] (ID, IDDoanhNghiep, IDCaNhan, IDDoiTuong, NgheNghiep, DaTra50) VALUES ('dd006500-ddaf-4fb4-a8dc-62228ca26548', 'e49841c9-785e-405e-9bf6-c9e9638c10e4', '1688060d-a5db-4cb2-aa30-585326af7169', NULL, N'CNCBHSĐL', null);
INSERT INTO [HoTroCovid].[dbo].[ThongTinHoTro] (ID, IDNoiDung, IDDoiTuong, IDCaNhan) VALUES ('05cdc50c-11f4-4854-996d-ebaae8e5fd26', 1, NULL, '1688060d-a5db-4cb2-aa30-585326af7169');
INSERT INTO [HoTroCovid].[dbo].[HoSo] (ID, IDCaNhan, IDNoiDungHoTro, IDDoiTuong, SoThang, SoTien, ThanhTien, IDThongTinHoTro, DaChi, NguoiTao) VALUES ('9c2a54fe-254b-49f4-91bb-c7723edb92f6', '1688060d-a5db-4cb2-aa30-585326af7169', 1, NULL, 3, 1800000, 5400000, '05cdc50c-11f4-4854-996d-ebaae8e5fd26', 0, 'solaodong');
INSERT INTO [HoTroCovid].[dbo].[CaNhan] (ID, HoTen, GioiTinh, NgaySinh, CMND, SinhNam) VALUES ('12ba3bb3-b572-4e3d-ba8b-6bae28e9be9f', N'Đặng Bình Thân', 1, '1992-04-05', '215361327', 1992);
INSERT INTO [HoTroCovid].[dbo].[CaNhan_DoanhNghiep] (ID, IDDoanhNghiep, IDCaNhan, IDDoiTuong, NgheNghiep, DaTra50) VALUES ('97de08e2-f7de-4a0d-99e9-a576e129a795', 'e49841c9-785e-405e-9bf6-c9e9638c10e4', '12ba3bb3-b572-4e3d-ba8b-6bae28e9be9f', NULL, N'CNCBHSĐL', null);
INSERT INTO [HoTroCovid].[dbo].[ThongTinHoTro] (ID, IDNoiDung, IDDoiTuong, IDCaNhan) VALUES ('7676de77-e73f-40dc-93ba-52951e32a43d', 1, NULL, '12ba3bb3-b572-4e3d-ba8b-6bae28e9be9f');
INSERT INTO [HoTroCovid].[dbo].[HoSo] (ID, IDCaNhan, IDNoiDungHoTro, IDDoiTuong, SoThang, SoTien, ThanhTien, IDThongTinHoTro, DaChi, NguoiTao) VALUES ('cdde90c0-8e99-4aab-ac4c-d583d52066cb', '12ba3bb3-b572-4e3d-ba8b-6bae28e9be9f', 1, NULL, 3, 1800000, 5400000, '7676de77-e73f-40dc-93ba-52951e32a43d', 0, 'solaodong');
INSERT INTO [HoTroCovid].[dbo].[CaNhan] (ID, HoTen, GioiTinh, NgaySinh, CMND, SinhNam) VALUES ('48b0c6b0-cfb9-483e-9464-95bbf2a7cbcf', N'Trần Thị Phượng', NULL, '1994-05-04', '215385684', 1994);
INSERT INTO [HoTroCovid].[dbo].[CaNhan_DoanhNghiep] (ID, IDDoanhNghiep, IDCaNhan, IDDoiTuong, NgheNghiep, DaTra50) VALUES ('3eda7668-a54e-4b25-8b0e-fec141a83325', 'e49841c9-785e-405e-9bf6-c9e9638c10e4', '48b0c6b0-cfb9-483e-9464-95bbf2a7cbcf', NULL, N'CNCBHSĐL', null);
INSERT INTO [HoTroCovid].[dbo].[ThongTinHoTro] (ID, IDNoiDung, IDDoiTuong, IDCaNhan) VALUES ('a8927dfa-ce32-4179-8e27-1aa9475c120f', 1, NULL, '48b0c6b0-cfb9-483e-9464-95bbf2a7cbcf');
INSERT INTO [HoTroCovid].[dbo].[HoSo] (ID, IDCaNhan, IDNoiDungHoTro, IDDoiTuong, SoThang, SoTien, ThanhTien, IDThongTinHoTro, DaChi, NguoiTao) VALUES ('1e314d57-cc59-479e-94d9-742606ec9cba', '48b0c6b0-cfb9-483e-9464-95bbf2a7cbcf', 1, NULL, 3, 1800000, 5400000, 'a8927dfa-ce32-4179-8e27-1aa9475c120f', 0, 'solaodong');
INSERT INTO [HoTroCovid].[dbo].[CaNhan] (ID, HoTen, GioiTinh, NgaySinh, CMND, SinhNam) VALUES ('31555796-6b20-4d77-853a-c000ef0cdac8', N'Phạm Thanh Hùng', 1, '1995-04-12', '215414789', 1995);
INSERT INTO [HoTroCovid].[dbo].[CaNhan_DoanhNghiep] (ID, IDDoanhNghiep, IDCaNhan, IDDoiTuong, NgheNghiep, DaTra50) VALUES ('d260c8a0-883b-47dd-a1b7-6b592dde4e1a', 'e49841c9-785e-405e-9bf6-c9e9638c10e4', '31555796-6b20-4d77-853a-c000ef0cdac8', NULL, N'CNCBHSĐL', null);
INSERT INTO [HoTroCovid].[dbo].[ThongTinHoTro] (ID, IDNoiDung, IDDoiTuong, IDCaNhan) VALUES ('28386604-e33b-4df2-adff-cfbc8d95e716', 1, NULL, '31555796-6b20-4d77-853a-c000ef0cdac8');
INSERT INTO [HoTroCovid].[dbo].[HoSo] (ID, IDCaNhan, IDNoiDungHoTro, IDDoiTuong, SoThang, SoTien, ThanhTien, IDThongTinHoTro, DaChi, NguoiTao) VALUES ('1f83e96a-2785-4335-84fe-7ba7c476ff05', '31555796-6b20-4d77-853a-c000ef0cdac8', 1, NULL, 3, 1800000, 5400000, '28386604-e33b-4df2-adff-cfbc8d95e716', 0, 'solaodong');
INSERT INTO [HoTroCovid].[dbo].[CaNhan] (ID, HoTen, GioiTinh, NgaySinh, CMND, SinhNam) VALUES ('ec728bdf-4d89-4874-bfaf-552fa3d1aa0b', N'Nguyễn Thái Hòa', 1, '1997-02-12', '215410712', 1997);
INSERT INTO [HoTroCovid].[dbo].[CaNhan_DoanhNghiep] (ID, IDDoanhNghiep, IDCaNhan, IDDoiTuong, NgheNghiep, DaTra50) VALUES ('3dc6a685-9c9d-469b-b5ba-6c2624a11ecc', 'e49841c9-785e-405e-9bf6-c9e9638c10e4', 'ec728bdf-4d89-4874-bfaf-552fa3d1aa0b', NULL, N'CNCBHSĐL', null);
INSERT INTO [HoTroCovid].[dbo].[ThongTinHoTro] (ID, IDNoiDung, IDDoiTuong, IDCaNhan) VALUES ('18a73e99-267b-479d-ba19-c7bf3edf5a88', 1, NULL, 'ec728bdf-4d89-4874-bfaf-552fa3d1aa0b');
INSERT INTO [HoTroCovid].[dbo].[HoSo] (ID, IDCaNhan, IDNoiDungHoTro, IDDoiTuong, SoThang, SoTien, ThanhTien, IDThongTinHoTro, DaChi, NguoiTao) VALUES ('ae48db14-408b-4ba5-bf4b-d0d47cca2878', 'ec728bdf-4d89-4874-bfaf-552fa3d1aa0b', 1, NULL, 3, 1800000, 5400000, '18a73e99-267b-479d-ba19-c7bf3edf5a88', 0, 'solaodong');
INSERT INTO [HoTroCovid].[dbo].[CaNhan] (ID, HoTen, GioiTinh, NgaySinh, CMND, SinhNam) VALUES ('76b0d9db-23ee-4de9-ba2f-ae5e781cc5d6', N'Nguyễn Thị Lối', NULL, '1987-09-10', '233093042', 1987);
INSERT INTO [HoTroCovid].[dbo].[CaNhan_DoanhNghiep] (ID, IDDoanhNghiep, IDCaNhan, IDDoiTuong, NgheNghiep, DaTra50) VALUES ('5a62c1f3-7050-4707-82e2-a972e9d86851', 'e49841c9-785e-405e-9bf6-c9e9638c10e4', '76b0d9db-23ee-4de9-ba2f-ae5e781cc5d6', NULL, N'CNCBHSĐL', null);
INSERT INTO [HoTroCovid].[dbo].[ThongTinHoTro] (ID, IDNoiDung, IDDoiTuong, IDCaNhan) VALUES ('7b875b2f-4221-47b6-9c6d-797cdc72de3b', 1, NULL, '76b0d9db-23ee-4de9-ba2f-ae5e781cc5d6');
INSERT INTO [HoTroCovid].[dbo].[HoSo] (ID, IDCaNhan, IDNoiDungHoTro, IDDoiTuong, SoThang, SoTien, ThanhTien, IDThongTinHoTro, DaChi, NguoiTao) VALUES ('7b155b49-bfe5-4a65-a3cf-e8228438e72a', '76b0d9db-23ee-4de9-ba2f-ae5e781cc5d6', 1, NULL, 3, 1800000, 5400000, '7b875b2f-4221-47b6-9c6d-797cdc72de3b', 0, 'solaodong');
INSERT INTO [HoTroCovid].[dbo].[CaNhan] (ID, HoTen, GioiTinh, NgaySinh, CMND, SinhNam) VALUES ('067120dd-d1e1-4e75-8075-fad04d2f1212', N'Đoàn Thị Cẩm Tú', NULL, '1998-09-24', '215457945', 1998);
INSERT INTO [HoTroCovid].[dbo].[CaNhan_DoanhNghiep] (ID, IDDoanhNghiep, IDCaNhan, IDDoiTuong, NgheNghiep, DaTra50) VALUES ('d593680a-e567-427a-9c85-f23b8474f8eb', 'e49841c9-785e-405e-9bf6-c9e9638c10e4', '067120dd-d1e1-4e75-8075-fad04d2f1212', NULL, N'CNCBHSĐL', null);
INSERT INTO [HoTroCovid].[dbo].[ThongTinHoTro] (ID, IDNoiDung, IDDoiTuong, IDCaNhan) VALUES ('0d3c000e-5727-4f82-8369-67cbccfe9b62', 1, NULL, '067120dd-d1e1-4e75-8075-fad04d2f1212');
INSERT INTO [HoTroCovid].[dbo].[HoSo] (ID, IDCaNhan, IDNoiDungHoTro, IDDoiTuong, SoThang, SoTien, ThanhTien, IDThongTinHoTro, DaChi, NguoiTao) VALUES ('1447bcf1-770f-4f2b-a3ff-93dcd7d5f36b', '067120dd-d1e1-4e75-8075-fad04d2f1212', 1, NULL, 3, 1800000, 5400000, '0d3c000e-5727-4f82-8369-67cbccfe9b62', 0, 'solaodong');
INSERT INTO [HoTroCovid].[dbo].[CaNhan] (ID, HoTen, GioiTinh, NgaySinh, CMND, SinhNam) VALUES ('da990a98-3c0d-4f18-a0d5-936c41123802', N'Nguyễn Thị Liên Kỹ', NULL, '2000-02-09', '215453739', 2000);
INSERT INTO [HoTroCovid].[dbo].[CaNhan_DoanhNghiep] (ID, IDDoanhNghiep, IDCaNhan, IDDoiTuong, NgheNghiep, DaTra50) VALUES ('6c36596a-15b0-4784-a1e7-c9215c5fe7f2', 'e49841c9-785e-405e-9bf6-c9e9638c10e4', 'da990a98-3c0d-4f18-a0d5-936c41123802', NULL, N'CNCBHSĐL', null);
INSERT INTO [HoTroCovid].[dbo].[ThongTinHoTro] (ID, IDNoiDung, IDDoiTuong, IDCaNhan) VALUES ('7ce251af-68c1-40f0-a66a-b86de1078163', 1, NULL, 'da990a98-3c0d-4f18-a0d5-936c41123802');
INSERT INTO [HoTroCovid].[dbo].[HoSo] (ID, IDCaNhan, IDNoiDungHoTro, IDDoiTuong, SoThang, SoTien, ThanhTien, IDThongTinHoTro, DaChi, NguoiTao) VALUES ('57e57b17-a82d-49cb-9123-dfd5dc081932', 'da990a98-3c0d-4f18-a0d5-936c41123802', 1, NULL, 3, 1800000, 5400000, '7ce251af-68c1-40f0-a66a-b86de1078163', 0, 'solaodong');
INSERT INTO [HoTroCovid].[dbo].[CaNhan] (ID, HoTen, GioiTinh, NgaySinh, CMND, SinhNam) VALUES ('3b175c83-cd65-450a-9d10-8ee86546470d', N'Đặng Thị Thu Hiếu', NULL, '1994-05-01', '215296724', 1994);
INSERT INTO [HoTroCovid].[dbo].[CaNhan_DoanhNghiep] (ID, IDDoanhNghiep, IDCaNhan, IDDoiTuong, NgheNghiep, DaTra50) VALUES ('5281d84a-5b41-4dfb-bb9d-a52473184f5d', 'e49841c9-785e-405e-9bf6-c9e9638c10e4', '3b175c83-cd65-450a-9d10-8ee86546470d', NULL, N'CN giặt BHLĐ', null);
INSERT INTO [HoTroCovid].[dbo].[ThongTinHoTro] (ID, IDNoiDung, IDDoiTuong, IDCaNhan) VALUES ('a1436f99-ed30-40a6-9833-6df0434f13b6', 1, NULL, '3b175c83-cd65-450a-9d10-8ee86546470d');
INSERT INTO [HoTroCovid].[dbo].[HoSo] (ID, IDCaNhan, IDNoiDungHoTro, IDDoiTuong, SoThang, SoTien, ThanhTien, IDThongTinHoTro, DaChi, NguoiTao) VALUES ('05686042-ec1d-4252-8174-3780b5c26e6f', '3b175c83-cd65-450a-9d10-8ee86546470d', 1, NULL, 3, 1800000, 5400000, 'a1436f99-ed30-40a6-9833-6df0434f13b6', 0, 'solaodong');
INSERT INTO [HoTroCovid].[dbo].[CaNhan] (ID, HoTen, GioiTinh, NgaySinh, CMND, SinhNam) VALUES ('6cdc7456-1a7a-49a5-b126-4b99f1d80ffe', N'Phạm Mạnh Cường', 1, '1990-08-01', '034090010059', 1990);
INSERT INTO [HoTroCovid].[dbo].[CaNhan_DoanhNghiep] (ID, IDDoanhNghiep, IDCaNhan, IDDoiTuong, NgheNghiep, DaTra50) VALUES ('db5cdf4d-ed67-4a11-8d4d-825ce73a4e57', 'e49841c9-785e-405e-9bf6-c9e9638c10e4', '6cdc7456-1a7a-49a5-b126-4b99f1d80ffe', NULL, N'CNCBHSĐL', null);
INSERT INTO [HoTroCovid].[dbo].[ThongTinHoTro] (ID, IDNoiDung, IDDoiTuong, IDCaNhan) VALUES ('708a7371-9ef0-46ab-8e3b-727fc00e49c3', 1, NULL, '6cdc7456-1a7a-49a5-b126-4b99f1d80ffe');
INSERT INTO [HoTroCovid].[dbo].[HoSo] (ID, IDCaNhan, IDNoiDungHoTro, IDDoiTuong, SoThang, SoTien, ThanhTien, IDThongTinHoTro, DaChi, NguoiTao) VALUES ('d3d7696d-135e-44ad-9667-8a1c64382ee6', '6cdc7456-1a7a-49a5-b126-4b99f1d80ffe', 1, NULL, 3, 1800000, 5400000, '708a7371-9ef0-46ab-8e3b-727fc00e49c3', 0, 'solaodong');
INSERT INTO [HoTroCovid].[dbo].[CaNhan] (ID, HoTen, GioiTinh, NgaySinh, CMND, SinhNam) VALUES ('1199ee41-798c-493b-861b-2184214803d6', N'Trần Hữu Trung', 1, '1990-12-20', '215107533', 1990);
INSERT INTO [HoTroCovid].[dbo].[CaNhan_DoanhNghiep] (ID, IDDoanhNghiep, IDCaNhan, IDDoiTuong, NgheNghiep, DaTra50) VALUES ('66291502-f388-41c9-931f-ee865b2ceeed', 'e49841c9-785e-405e-9bf6-c9e9638c10e4', '1199ee41-798c-493b-861b-2184214803d6', NULL, N'Tổ phó Cưa', null);
INSERT INTO [HoTroCovid].[dbo].[ThongTinHoTro] (ID, IDNoiDung, IDDoiTuong, IDCaNhan) VALUES ('285d3da4-116f-48c8-ad65-c609ef94abf3', 1, NULL, '1199ee41-798c-493b-861b-2184214803d6');
INSERT INTO [HoTroCovid].[dbo].[HoSo] (ID, IDCaNhan, IDNoiDungHoTro, IDDoiTuong, SoThang, SoTien, ThanhTien, IDThongTinHoTro, DaChi, NguoiTao) VALUES ('ff8fb10f-2f78-4077-8556-9412c965173d', '1199ee41-798c-493b-861b-2184214803d6', 1, NULL, 3, 1800000, 5400000, '285d3da4-116f-48c8-ad65-c609ef94abf3', 0, 'solaodong');
INSERT INTO [HoTroCovid].[dbo].[CaNhan] (ID, HoTen, GioiTinh, NgaySinh, CMND, SinhNam) VALUES ('2e5c2b2a-437b-4b15-8a40-1bbf4c879220', N'Man Thị Kim Liên', NULL, '1981-02-25', '211698057', 1981);
INSERT INTO [HoTroCovid].[dbo].[CaNhan_DoanhNghiep] (ID, IDDoanhNghiep, IDCaNhan, IDDoiTuong, NgheNghiep, DaTra50) VALUES ('bf10f8d5-a4ab-4a60-879d-a89508cc15f8', 'e49841c9-785e-405e-9bf6-c9e9638c10e4', '2e5c2b2a-437b-4b15-8a40-1bbf4c879220', NULL, N'CNCBHSĐL', null);
INSERT INTO [HoTroCovid].[dbo].[ThongTinHoTro] (ID, IDNoiDung, IDDoiTuong, IDCaNhan) VALUES ('5b027fd3-d7ff-46d2-a6d3-007b5fc8b1df', 1, NULL, '2e5c2b2a-437b-4b15-8a40-1bbf4c879220');
INSERT INTO [HoTroCovid].[dbo].[HoSo] (ID, IDCaNhan, IDNoiDungHoTro, IDDoiTuong, SoThang, SoTien, ThanhTien, IDThongTinHoTro, DaChi, NguoiTao) VALUES ('234a57a3-5fe6-4add-90ea-6d236adf4e24', '2e5c2b2a-437b-4b15-8a40-1bbf4c879220', 1, NULL, 3, 1800000, 5400000, '5b027fd3-d7ff-46d2-a6d3-007b5fc8b1df', 0, 'solaodong');
INSERT INTO [HoTroCovid].[dbo].[CaNhan] (ID, HoTen, GioiTinh, NgaySinh, CMND, SinhNam) VALUES ('602392db-cb60-4254-ae35-7e1b262b9d04', N'Nguyễn Thành Trung', 1, '1985-07-05', '211845724', 1985);
INSERT INTO [HoTroCovid].[dbo].[CaNhan_DoanhNghiep] (ID, IDDoanhNghiep, IDCaNhan, IDDoiTuong, NgheNghiep, DaTra50) VALUES ('a397d2bb-ac09-433b-bc80-2ae8185ac25c', 'e49841c9-785e-405e-9bf6-c9e9638c10e4', '602392db-cb60-4254-ae35-7e1b262b9d04', NULL, N'N/viên Thống kê', null);
INSERT INTO [HoTroCovid].[dbo].[ThongTinHoTro] (ID, IDNoiDung, IDDoiTuong, IDCaNhan) VALUES ('28da2555-27db-462e-ba80-9b935374db8c', 1, NULL, '602392db-cb60-4254-ae35-7e1b262b9d04');
INSERT INTO [HoTroCovid].[dbo].[HoSo] (ID, IDCaNhan, IDNoiDungHoTro, IDDoiTuong, SoThang, SoTien, ThanhTien, IDThongTinHoTro, DaChi, NguoiTao) VALUES ('b1bdd2ce-180c-4a2a-bf25-7fa0647653f6', '602392db-cb60-4254-ae35-7e1b262b9d04', 1, NULL, 3, 1800000, 5400000, '28da2555-27db-462e-ba80-9b935374db8c', 0, 'solaodong');
INSERT INTO [HoTroCovid].[dbo].[CaNhan] (ID, HoTen, GioiTinh, NgaySinh, CMND, SinhNam) VALUES ('d66664bd-0789-471a-87ba-09b78ac52bbb', N'Huỳnh Thế Hân', 1, '1990-06-02', '215134217', 1990);
INSERT INTO [HoTroCovid].[dbo].[CaNhan_DoanhNghiep] (ID, IDDoanhNghiep, IDCaNhan, IDDoiTuong, NgheNghiep, DaTra50) VALUES ('8c2caba3-60fe-494f-834f-b0cf3c846eba', 'e49841c9-785e-405e-9bf6-c9e9638c10e4', 'd66664bd-0789-471a-87ba-09b78ac52bbb', NULL, N'CNCBHSĐL', null);
INSERT INTO [HoTroCovid].[dbo].[ThongTinHoTro] (ID, IDNoiDung, IDDoiTuong, IDCaNhan) VALUES ('801155bd-9519-4965-8f23-1ec0aa1d278f', 1, NULL, 'd66664bd-0789-471a-87ba-09b78ac52bbb');
INSERT INTO [HoTroCovid].[dbo].[HoSo] (ID, IDCaNhan, IDNoiDungHoTro, IDDoiTuong, SoThang, SoTien, ThanhTien, IDThongTinHoTro, DaChi, NguoiTao) VALUES ('cbbb32bc-7c1e-4a76-a509-25cdbd499a8b', 'd66664bd-0789-471a-87ba-09b78ac52bbb', 1, NULL, 3, 1800000, 5400000, '801155bd-9519-4965-8f23-1ec0aa1d278f', 0, 'solaodong');
INSERT INTO [HoTroCovid].[dbo].[CaNhan] (ID, HoTen, GioiTinh, NgaySinh, CMND, SinhNam) VALUES ('52476682-dbee-4bbc-88e9-570b31fce46b', N'Võ Thị Trúc', NULL, '1981-07-25', '211663843', 1981);
INSERT INTO [HoTroCovid].[dbo].[CaNhan_DoanhNghiep] (ID, IDDoanhNghiep, IDCaNhan, IDDoiTuong, NgheNghiep, DaTra50) VALUES ('cf29cacc-de9f-43c4-b32b-75a4861f1422', 'e49841c9-785e-405e-9bf6-c9e9638c10e4', '52476682-dbee-4bbc-88e9-570b31fce46b', NULL, N'CNCBHSĐL', null);
INSERT INTO [HoTroCovid].[dbo].[ThongTinHoTro] (ID, IDNoiDung, IDDoiTuong, IDCaNhan) VALUES ('38feabd4-9ba5-4469-9590-16088ab88483', 1, NULL, '52476682-dbee-4bbc-88e9-570b31fce46b');
INSERT INTO [HoTroCovid].[dbo].[HoSo] (ID, IDCaNhan, IDNoiDungHoTro, IDDoiTuong, SoThang, SoTien, ThanhTien, IDThongTinHoTro, DaChi, NguoiTao) VALUES ('7ce908c4-a3b1-46c3-bcd3-7728597bca72', '52476682-dbee-4bbc-88e9-570b31fce46b', 1, NULL, 3, 1800000, 5400000, '38feabd4-9ba5-4469-9590-16088ab88483', 0, 'solaodong');
INSERT INTO [HoTroCovid].[dbo].[CaNhan] (ID, HoTen, GioiTinh, NgaySinh, CMND, SinhNam) VALUES ('2521670b-7701-4b48-be9e-60cb00ec4c73', N'Nguyễn Tùng Dương', 1, '1996-08-10', '215369637', 1996);
INSERT INTO [HoTroCovid].[dbo].[CaNhan_DoanhNghiep] (ID, IDDoanhNghiep, IDCaNhan, IDDoiTuong, NgheNghiep, DaTra50) VALUES ('10993ced-cdc4-45f1-a78b-48d36bf8f918', 'e49841c9-785e-405e-9bf6-c9e9638c10e4', '2521670b-7701-4b48-be9e-60cb00ec4c73', NULL, N'CNCBHSĐL', null);
INSERT INTO [HoTroCovid].[dbo].[ThongTinHoTro] (ID, IDNoiDung, IDDoiTuong, IDCaNhan) VALUES ('880ae8a0-93e9-471c-90c9-8597dc05a251', 1, NULL, '2521670b-7701-4b48-be9e-60cb00ec4c73');
INSERT INTO [HoTroCovid].[dbo].[HoSo] (ID, IDCaNhan, IDNoiDungHoTro, IDDoiTuong, SoThang, SoTien, ThanhTien, IDThongTinHoTro, DaChi, NguoiTao) VALUES ('fd74d4ea-b966-49c3-9193-4c6e782a6407', '2521670b-7701-4b48-be9e-60cb00ec4c73', 1, NULL, 3, 1800000, 5400000, '880ae8a0-93e9-471c-90c9-8597dc05a251', 0, 'solaodong');
INSERT INTO [HoTroCovid].[dbo].[CaNhan] (ID, HoTen, GioiTinh, NgaySinh, CMND, SinhNam) VALUES ('e4e0742e-5f8b-44be-9519-bdf3fb1e11d2', N'Nguyễn Mạnh Tuấn', 1, '1978-10-10', '215358490', 1978);
INSERT INTO [HoTroCovid].[dbo].[CaNhan_DoanhNghiep] (ID, IDDoanhNghiep, IDCaNhan, IDDoiTuong, NgheNghiep, DaTra50) VALUES ('afbdd8e0-4170-4ae0-bb02-852934df6c75', 'e49841c9-785e-405e-9bf6-c9e9638c10e4', 'e4e0742e-5f8b-44be-9519-bdf3fb1e11d2', NULL, N'CN cấp phát BBVT', null);
INSERT INTO [HoTroCovid].[dbo].[ThongTinHoTro] (ID, IDNoiDung, IDDoiTuong, IDCaNhan) VALUES ('7ca376cf-ff69-4a2d-a7fd-e02190f5163e', 1, NULL, 'e4e0742e-5f8b-44be-9519-bdf3fb1e11d2');
INSERT INTO [HoTroCovid].[dbo].[HoSo] (ID, IDCaNhan, IDNoiDungHoTro, IDDoiTuong, SoThang, SoTien, ThanhTien, IDThongTinHoTro, DaChi, NguoiTao) VALUES ('0d50c89f-f36b-4722-a653-6785b13b6adb', 'e4e0742e-5f8b-44be-9519-bdf3fb1e11d2', 1, NULL, 3, 1800000, 5400000, '7ca376cf-ff69-4a2d-a7fd-e02190f5163e', 0, 'solaodong');
INSERT INTO [HoTroCovid].[dbo].[CaNhan] (ID, HoTen, GioiTinh, NgaySinh, CMND, SinhNam) VALUES ('7246c2bf-3d2a-4f67-b0ae-c8a12798d3f2', N'Đặng Đức Tuấn', 1, '1977-06-10', '211584772', 1977);
INSERT INTO [HoTroCovid].[dbo].[CaNhan_DoanhNghiep] (ID, IDDoanhNghiep, IDCaNhan, IDDoiTuong, NgheNghiep, DaTra50) VALUES ('8a2a7ec4-eed7-4981-978a-ee7f4a57c79e', 'e49841c9-785e-405e-9bf6-c9e9638c10e4', '7246c2bf-3d2a-4f67-b0ae-c8a12798d3f2', NULL, N'CNCBHSĐL', null);
INSERT INTO [HoTroCovid].[dbo].[ThongTinHoTro] (ID, IDNoiDung, IDDoiTuong, IDCaNhan) VALUES ('9a074d76-1a78-41e4-a894-c8118608ff20', 1, NULL, '7246c2bf-3d2a-4f67-b0ae-c8a12798d3f2');
INSERT INTO [HoTroCovid].[dbo].[HoSo] (ID, IDCaNhan, IDNoiDungHoTro, IDDoiTuong, SoThang, SoTien, ThanhTien, IDThongTinHoTro, DaChi, NguoiTao) VALUES ('7c29586c-d310-4e6c-a8a1-bd74ae744a92', '7246c2bf-3d2a-4f67-b0ae-c8a12798d3f2', 1, NULL, 3, 1800000, 5400000, '9a074d76-1a78-41e4-a894-c8118608ff20', 0, 'solaodong');
INSERT INTO [HoTroCovid].[dbo].[CaNhan] (ID, HoTen, GioiTinh, NgaySinh, CMND, SinhNam) VALUES ('1e12eba0-0700-4cc5-8477-91307e54797a', N'Trần Thị Ngọc Bích', NULL, '1988-11-25', '215127798', 1988);
INSERT INTO [HoTroCovid].[dbo].[CaNhan_DoanhNghiep] (ID, IDDoanhNghiep, IDCaNhan, IDDoiTuong, NgheNghiep, DaTra50) VALUES ('ea1ff8c2-6e32-4348-a75a-6cecea4668c9', 'e49841c9-785e-405e-9bf6-c9e9638c10e4', '1e12eba0-0700-4cc5-8477-91307e54797a', NULL, N'CNCBHSĐL', null);
INSERT INTO [HoTroCovid].[dbo].[ThongTinHoTro] (ID, IDNoiDung, IDDoiTuong, IDCaNhan) VALUES ('a23a4fb1-b31f-4375-ad2c-8a7bcbb9408c', 1, NULL, '1e12eba0-0700-4cc5-8477-91307e54797a');
INSERT INTO [HoTroCovid].[dbo].[HoSo] (ID, IDCaNhan, IDNoiDungHoTro, IDDoiTuong, SoThang, SoTien, ThanhTien, IDThongTinHoTro, DaChi, NguoiTao) VALUES ('c98208a0-5ecd-4c00-b70e-56cf68b67477', '1e12eba0-0700-4cc5-8477-91307e54797a', 1, NULL, 3, 1800000, 5400000, 'a23a4fb1-b31f-4375-ad2c-8a7bcbb9408c', 0, 'solaodong');
INSERT INTO [HoTroCovid].[dbo].[CaNhan] (ID, HoTen, GioiTinh, NgaySinh, CMND, SinhNam) VALUES ('8a3e66bc-a22b-40f8-aa75-f8eb7ed57231', N'Từ Thị Thắng', NULL, '1990-12-22', '215130318', 1990);
INSERT INTO [HoTroCovid].[dbo].[CaNhan_DoanhNghiep] (ID, IDDoanhNghiep, IDCaNhan, IDDoiTuong, NgheNghiep, DaTra50) VALUES ('50c3958c-b946-4935-8cc0-1516fa044593', 'e49841c9-785e-405e-9bf6-c9e9638c10e4', '8a3e66bc-a22b-40f8-aa75-f8eb7ed57231', NULL, N'CNCBHSĐL', null);
INSERT INTO [HoTroCovid].[dbo].[ThongTinHoTro] (ID, IDNoiDung, IDDoiTuong, IDCaNhan) VALUES ('694e1f43-6c51-4b1a-9a07-80ef917a03b0', 1, NULL, '8a3e66bc-a22b-40f8-aa75-f8eb7ed57231');
INSERT INTO [HoTroCovid].[dbo].[HoSo] (ID, IDCaNhan, IDNoiDungHoTro, IDDoiTuong, SoThang, SoTien, ThanhTien, IDThongTinHoTro, DaChi, NguoiTao) VALUES ('5ba7f2d1-5177-4463-b16d-454b81d653c4', '8a3e66bc-a22b-40f8-aa75-f8eb7ed57231', 1, NULL, 3, 1800000, 5400000, '694e1f43-6c51-4b1a-9a07-80ef917a03b0', 0, 'solaodong');
INSERT INTO [HoTroCovid].[dbo].[CaNhan] (ID, HoTen, GioiTinh, NgaySinh, CMND, SinhNam) VALUES ('d94cca57-005c-43ad-bede-009b9e819a49', N'Nguyễn Ngọc Kiệt', 1, '1989-05-20', '215072792', 1989);
INSERT INTO [HoTroCovid].[dbo].[CaNhan_DoanhNghiep] (ID, IDDoanhNghiep, IDCaNhan, IDDoiTuong, NgheNghiep, DaTra50) VALUES ('24deea19-6736-40cc-8a88-0ce8439c89c0', 'e49841c9-785e-405e-9bf6-c9e9638c10e4', 'd94cca57-005c-43ad-bede-009b9e819a49', NULL, N'CNCBHSĐL', null);
INSERT INTO [HoTroCovid].[dbo].[ThongTinHoTro] (ID, IDNoiDung, IDDoiTuong, IDCaNhan) VALUES ('0f6b78e6-d3e1-4d97-80c8-c544bfa574f1', 1, NULL, 'd94cca57-005c-43ad-bede-009b9e819a49');
INSERT INTO [HoTroCovid].[dbo].[HoSo] (ID, IDCaNhan, IDNoiDungHoTro, IDDoiTuong, SoThang, SoTien, ThanhTien, IDThongTinHoTro, DaChi, NguoiTao) VALUES ('42fc8c31-d450-4945-bf46-17b859c37003', 'd94cca57-005c-43ad-bede-009b9e819a49', 1, NULL, 3, 1800000, 5400000, '0f6b78e6-d3e1-4d97-80c8-c544bfa574f1', 0, 'solaodong');
INSERT INTO [HoTroCovid].[dbo].[CaNhan] (ID, HoTen, GioiTinh, NgaySinh, CMND, SinhNam) VALUES ('6aede31b-15e7-4a10-aed5-85c83fa26866', N'Lê Thị Mai Hương', NULL, '1974-09-28', '211435166', 1974);
INSERT INTO [HoTroCovid].[dbo].[CaNhan_DoanhNghiep] (ID, IDDoanhNghiep, IDCaNhan, IDDoiTuong, NgheNghiep, DaTra50) VALUES ('7c12bfd0-ec9e-4957-a20c-661032b33d6f', 'e49841c9-785e-405e-9bf6-c9e9638c10e4', '6aede31b-15e7-4a10-aed5-85c83fa26866', NULL, N'CNVS', null);
INSERT INTO [HoTroCovid].[dbo].[ThongTinHoTro] (ID, IDNoiDung, IDDoiTuong, IDCaNhan) VALUES ('4678956c-de57-4b44-9f64-40cc36db02d7', 1, NULL, '6aede31b-15e7-4a10-aed5-85c83fa26866');
INSERT INTO [HoTroCovid].[dbo].[HoSo] (ID, IDCaNhan, IDNoiDungHoTro, IDDoiTuong, SoThang, SoTien, ThanhTien, IDThongTinHoTro, DaChi, NguoiTao) VALUES ('a3473f76-1dd1-4f0b-a595-0522854d2073', '6aede31b-15e7-4a10-aed5-85c83fa26866', 1, NULL, 3, 1800000, 5400000, '4678956c-de57-4b44-9f64-40cc36db02d7', 0, 'solaodong');
INSERT INTO [HoTroCovid].[dbo].[CaNhan] (ID, HoTen, GioiTinh, NgaySinh, CMND, SinhNam) VALUES ('e3115e2a-9c1b-4afa-93d5-2215b7b6d955', N'Nguyễn Thị Khanh', NULL, '1995-06-06', '215388929', 1995);
INSERT INTO [HoTroCovid].[dbo].[CaNhan_DoanhNghiep] (ID, IDDoanhNghiep, IDCaNhan, IDDoiTuong, NgheNghiep, DaTra50) VALUES ('b38416b6-713a-45fb-a452-fbebef9a5c0d', 'e49841c9-785e-405e-9bf6-c9e9638c10e4', 'e3115e2a-9c1b-4afa-93d5-2215b7b6d955', NULL, N'N/viên KCS', null);
INSERT INTO [HoTroCovid].[dbo].[ThongTinHoTro] (ID, IDNoiDung, IDDoiTuong, IDCaNhan) VALUES ('897999fe-80c8-4e3c-8479-d6ac371491af', 1, NULL, 'e3115e2a-9c1b-4afa-93d5-2215b7b6d955');
INSERT INTO [HoTroCovid].[dbo].[HoSo] (ID, IDCaNhan, IDNoiDungHoTro, IDDoiTuong, SoThang, SoTien, ThanhTien, IDThongTinHoTro, DaChi, NguoiTao) VALUES ('f477f3c2-f7d6-4822-8ed1-1ecc41d8e5e4', 'e3115e2a-9c1b-4afa-93d5-2215b7b6d955', 1, NULL, 3, 1800000, 5400000, '897999fe-80c8-4e3c-8479-d6ac371491af', 0, 'solaodong');
INSERT INTO [HoTroCovid].[dbo].[CaNhan] (ID, HoTen, GioiTinh, NgaySinh, CMND, SinhNam) VALUES ('2798dc50-b7ab-432b-9ef7-dc8a56cb8f62', N'Nguyễn Thị Ánh Ngọc', NULL, '1993-03-29', '215257009', 1993);
INSERT INTO [HoTroCovid].[dbo].[CaNhan_DoanhNghiep] (ID, IDDoanhNghiep, IDCaNhan, IDDoiTuong, NgheNghiep, DaTra50) VALUES ('48bbfda5-81b0-47fe-9be5-3c109b7d9f29', 'e49841c9-785e-405e-9bf6-c9e9638c10e4', '2798dc50-b7ab-432b-9ef7-dc8a56cb8f62', NULL, N'N/viên Thống kê', null);
INSERT INTO [HoTroCovid].[dbo].[ThongTinHoTro] (ID, IDNoiDung, IDDoiTuong, IDCaNhan) VALUES ('55a16c00-0ca0-4746-88c4-d09c35564f25', 1, NULL, '2798dc50-b7ab-432b-9ef7-dc8a56cb8f62');
INSERT INTO [HoTroCovid].[dbo].[HoSo] (ID, IDCaNhan, IDNoiDungHoTro, IDDoiTuong, SoThang, SoTien, ThanhTien, IDThongTinHoTro, DaChi, NguoiTao) VALUES ('f8bcd5e8-9421-47a8-a098-edd8119baac6', '2798dc50-b7ab-432b-9ef7-dc8a56cb8f62', 1, NULL, 3, 1800000, 5400000, '55a16c00-0ca0-4746-88c4-d09c35564f25', 0, 'solaodong');
INSERT INTO [HoTroCovid].[dbo].[CaNhan] (ID, HoTen, GioiTinh, NgaySinh, CMND, SinhNam) VALUES ('309066b6-9a1a-4728-9b58-672e67e9544e', N'Nguyễn Thị Minh Ngọc', NULL, '1991-08-12', '233137871', 1991);
INSERT INTO [HoTroCovid].[dbo].[CaNhan_DoanhNghiep] (ID, IDDoanhNghiep, IDCaNhan, IDDoiTuong, NgheNghiep, DaTra50) VALUES ('59d45da9-227b-45a2-a440-a33d7f8f4e41', 'e49841c9-785e-405e-9bf6-c9e9638c10e4', '309066b6-9a1a-4728-9b58-672e67e9544e', NULL, N'CNCBHSĐL', null);
INSERT INTO [HoTroCovid].[dbo].[ThongTinHoTro] (ID, IDNoiDung, IDDoiTuong, IDCaNhan) VALUES ('5f4365d6-73c8-4987-8353-aca1e07f06aa', 1, NULL, '309066b6-9a1a-4728-9b58-672e67e9544e');
INSERT INTO [HoTroCovid].[dbo].[HoSo] (ID, IDCaNhan, IDNoiDungHoTro, IDDoiTuong, SoThang, SoTien, ThanhTien, IDThongTinHoTro, DaChi, NguoiTao) VALUES ('331a19f5-ccd5-4134-9905-df6d24f976b5', '309066b6-9a1a-4728-9b58-672e67e9544e', 1, NULL, 3, 1800000, 5400000, '5f4365d6-73c8-4987-8353-aca1e07f06aa', 0, 'solaodong');
INSERT INTO [HoTroCovid].[dbo].[CaNhan] (ID, HoTen, GioiTinh, NgaySinh, CMND, SinhNam) VALUES ('ef4f188c-a12b-4698-9d41-0f64e30a7edf', N'Nguyễn Ngọc Trường', NULL, '1985-03-20', '211873785', 1985);
INSERT INTO [HoTroCovid].[dbo].[CaNhan_DoanhNghiep] (ID, IDDoanhNghiep, IDCaNhan, IDDoiTuong, NgheNghiep, DaTra50) VALUES ('1875fcd7-1606-4e25-9f38-75f20a113576', 'e49841c9-785e-405e-9bf6-c9e9638c10e4', 'ef4f188c-a12b-4698-9d41-0f64e30a7edf', NULL, N'C/nhân CĐL', null);
INSERT INTO [HoTroCovid].[dbo].[ThongTinHoTro] (ID, IDNoiDung, IDDoiTuong, IDCaNhan) VALUES ('e5b13440-e86d-47e3-b8bc-c82f33f695ed', 1, NULL, 'ef4f188c-a12b-4698-9d41-0f64e30a7edf');
INSERT INTO [HoTroCovid].[dbo].[HoSo] (ID, IDCaNhan, IDNoiDungHoTro, IDDoiTuong, SoThang, SoTien, ThanhTien, IDThongTinHoTro, DaChi, NguoiTao) VALUES ('36607dd3-d01a-4ab0-8f71-5e0e8096cd0c', 'ef4f188c-a12b-4698-9d41-0f64e30a7edf', 1, NULL, 3, 1800000, 5400000, 'e5b13440-e86d-47e3-b8bc-c82f33f695ed', 0, 'solaodong');
INSERT INTO [HoTroCovid].[dbo].[CaNhan] (ID, HoTen, GioiTinh, NgaySinh, CMND, SinhNam) VALUES ('bfdbe59c-666e-4d6b-93e4-e64f8b30c94d', N'Huỳnh Thị Thoa', NULL, '1987-02-02', '211893440', 1987);
INSERT INTO [HoTroCovid].[dbo].[CaNhan_DoanhNghiep] (ID, IDDoanhNghiep, IDCaNhan, IDDoiTuong, NgheNghiep, DaTra50) VALUES ('91627f6c-4df7-4155-a8bb-03e1bd163532', 'e49841c9-785e-405e-9bf6-c9e9638c10e4', 'bfdbe59c-666e-4d6b-93e4-e64f8b30c94d', NULL, N'Tổ phó Lườn', null);
INSERT INTO [HoTroCovid].[dbo].[ThongTinHoTro] (ID, IDNoiDung, IDDoiTuong, IDCaNhan) VALUES ('522649de-e1b6-48e1-a11e-2f9991aed743', 1, NULL, 'bfdbe59c-666e-4d6b-93e4-e64f8b30c94d');
INSERT INTO [HoTroCovid].[dbo].[HoSo] (ID, IDCaNhan, IDNoiDungHoTro, IDDoiTuong, SoThang, SoTien, ThanhTien, IDThongTinHoTro, DaChi, NguoiTao) VALUES ('0da791ed-f4fc-49fb-b40e-dd10cd74ec72', 'bfdbe59c-666e-4d6b-93e4-e64f8b30c94d', 1, NULL, 3, 1800000, 5400000, '522649de-e1b6-48e1-a11e-2f9991aed743', 0, 'solaodong');
INSERT INTO [HoTroCovid].[dbo].[CaNhan] (ID, HoTen, GioiTinh, NgaySinh, CMND, SinhNam) VALUES ('66b9aab6-cf65-4a39-b6d1-1e1bac9ae7bb', N'Võ Thị Trinh', NULL, '1981-02-10', '211687732', 1981);
INSERT INTO [HoTroCovid].[dbo].[CaNhan_DoanhNghiep] (ID, IDDoanhNghiep, IDCaNhan, IDDoiTuong, NgheNghiep, DaTra50) VALUES ('05825298-eac1-44e2-ac1f-0ff0d650262a', 'e49841c9-785e-405e-9bf6-c9e9638c10e4', '66b9aab6-cf65-4a39-b6d1-1e1bac9ae7bb', NULL, N'N/viên Thống kê', null);
INSERT INTO [HoTroCovid].[dbo].[ThongTinHoTro] (ID, IDNoiDung, IDDoiTuong, IDCaNhan) VALUES ('5f570f79-68c0-4f5e-9bc6-3f6260f9ca78', 1, NULL, '66b9aab6-cf65-4a39-b6d1-1e1bac9ae7bb');
INSERT INTO [HoTroCovid].[dbo].[HoSo] (ID, IDCaNhan, IDNoiDungHoTro, IDDoiTuong, SoThang, SoTien, ThanhTien, IDThongTinHoTro, DaChi, NguoiTao) VALUES ('b1fefe08-9e3b-40f5-a25f-0436d447287e', '66b9aab6-cf65-4a39-b6d1-1e1bac9ae7bb', 1, NULL, 3, 1800000, 5400000, '5f570f79-68c0-4f5e-9bc6-3f6260f9ca78', 0, 'solaodong');
INSERT INTO [HoTroCovid].[dbo].[CaNhan] (ID, HoTen, GioiTinh, NgaySinh, CMND, SinhNam) VALUES ('3d1c2f8c-3f5f-4e79-9005-f06745656541', N'Hoàng Thị Phượng', NULL, '1985-02-13', '211863352', 1985);
INSERT INTO [HoTroCovid].[dbo].[CaNhan_DoanhNghiep] (ID, IDDoanhNghiep, IDCaNhan, IDDoiTuong, NgheNghiep, DaTra50) VALUES ('7e6d7e63-97d2-4087-be77-c916e13ac025', 'e49841c9-785e-405e-9bf6-c9e9638c10e4', '3d1c2f8c-3f5f-4e79-9005-f06745656541', NULL, N'N/viên Thống kê', null);
INSERT INTO [HoTroCovid].[dbo].[ThongTinHoTro] (ID, IDNoiDung, IDDoiTuong, IDCaNhan) VALUES ('422f3c37-0a1d-40c1-b456-4bba98eeda92', 1, NULL, '3d1c2f8c-3f5f-4e79-9005-f06745656541');
INSERT INTO [HoTroCovid].[dbo].[HoSo] (ID, IDCaNhan, IDNoiDungHoTro, IDDoiTuong, SoThang, SoTien, ThanhTien, IDThongTinHoTro, DaChi, NguoiTao) VALUES ('b6d09112-12d6-41f7-b446-e516bd41e6c5', '3d1c2f8c-3f5f-4e79-9005-f06745656541', 1, NULL, 3, 1800000, 5400000, '422f3c37-0a1d-40c1-b456-4bba98eeda92', 0, 'solaodong');
INSERT INTO [HoTroCovid].[dbo].[CaNhan] (ID, HoTen, GioiTinh, NgaySinh, CMND, SinhNam) VALUES ('8af2eb35-2b5a-4b4e-af7f-c45da8927f2d', N'Trần Thị Thanh Vương', NULL, '1997-10-04', '215411851', 1997);
INSERT INTO [HoTroCovid].[dbo].[CaNhan_DoanhNghiep] (ID, IDDoanhNghiep, IDCaNhan, IDDoiTuong, NgheNghiep, DaTra50) VALUES ('6352dd56-519f-4cbc-803b-aa1f6d2be1d6', 'e49841c9-785e-405e-9bf6-c9e9638c10e4', '8af2eb35-2b5a-4b4e-af7f-c45da8927f2d', NULL, N'CNCBHSĐL', null);
INSERT INTO [HoTroCovid].[dbo].[ThongTinHoTro] (ID, IDNoiDung, IDDoiTuong, IDCaNhan) VALUES ('527f00e8-e822-4624-ab17-1afff62228fd', 1, NULL, '8af2eb35-2b5a-4b4e-af7f-c45da8927f2d');
INSERT INTO [HoTroCovid].[dbo].[HoSo] (ID, IDCaNhan, IDNoiDungHoTro, IDDoiTuong, SoThang, SoTien, ThanhTien, IDThongTinHoTro, DaChi, NguoiTao) VALUES ('a1bab650-c466-46e1-b3c9-a6f5332bcd9e', '8af2eb35-2b5a-4b4e-af7f-c45da8927f2d', 1, NULL, 3, 1800000, 5400000, '527f00e8-e822-4624-ab17-1afff62228fd', 0, 'solaodong');
INSERT INTO [HoTroCovid].[dbo].[CaNhan] (ID, HoTen, GioiTinh, NgaySinh, CMND, SinhNam) VALUES ('4e5d8e6d-d317-4b5f-b352-a27ded91b730', N'Nguyễn Thị Tôn Vĩ', NULL, '1974-04-13', '211523748', 1974);
INSERT INTO [HoTroCovid].[dbo].[CaNhan_DoanhNghiep] (ID, IDDoanhNghiep, IDCaNhan, IDDoiTuong, NgheNghiep, DaTra50) VALUES ('479a11b7-70fb-456a-a9bd-4195c457979a', 'e49841c9-785e-405e-9bf6-c9e9638c10e4', '4e5d8e6d-d317-4b5f-b352-a27ded91b730', NULL, N'N/viên cấp dưỡng', null);
INSERT INTO [HoTroCovid].[dbo].[ThongTinHoTro] (ID, IDNoiDung, IDDoiTuong, IDCaNhan) VALUES ('99d4439d-7628-46d3-ab28-4f0414c2e538', 1, NULL, '4e5d8e6d-d317-4b5f-b352-a27ded91b730');
INSERT INTO [HoTroCovid].[dbo].[HoSo] (ID, IDCaNhan, IDNoiDungHoTro, IDDoiTuong, SoThang, SoTien, ThanhTien, IDThongTinHoTro, DaChi, NguoiTao) VALUES ('45285312-b25e-416d-9caf-4f841263bdf8', '4e5d8e6d-d317-4b5f-b352-a27ded91b730', 1, NULL, 3, 1800000, 5400000, '99d4439d-7628-46d3-ab28-4f0414c2e538', 0, 'solaodong');
INSERT INTO [HoTroCovid].[dbo].[CaNhan] (ID, HoTen, GioiTinh, NgaySinh, CMND, SinhNam) VALUES ('3f8deee7-b8ea-4f70-836f-72af2df72022', N'Huỳnh Thị Diệu', NULL, '1995-12-01', '215387115', 1995);
INSERT INTO [HoTroCovid].[dbo].[CaNhan_DoanhNghiep] (ID, IDDoanhNghiep, IDCaNhan, IDDoiTuong, NgheNghiep, DaTra50) VALUES ('549b3acc-10e5-401f-97c5-e1bff1fc1b73', 'e49841c9-785e-405e-9bf6-c9e9638c10e4', '3f8deee7-b8ea-4f70-836f-72af2df72022', NULL, N'CNCBHSĐL', null);
INSERT INTO [HoTroCovid].[dbo].[ThongTinHoTro] (ID, IDNoiDung, IDDoiTuong, IDCaNhan) VALUES ('d46cfba3-8ebe-4603-a0f1-0b4b56671719', 1, NULL, '3f8deee7-b8ea-4f70-836f-72af2df72022');
INSERT INTO [HoTroCovid].[dbo].[HoSo] (ID, IDCaNhan, IDNoiDungHoTro, IDDoiTuong, SoThang, SoTien, ThanhTien, IDThongTinHoTro, DaChi, NguoiTao) VALUES ('c047de93-b79a-4b78-94eb-94f4974fff8d', '3f8deee7-b8ea-4f70-836f-72af2df72022', 1, NULL, 3, 1800000, 5400000, 'd46cfba3-8ebe-4603-a0f1-0b4b56671719', 0, 'solaodong');
INSERT INTO [HoTroCovid].[dbo].[CaNhan] (ID, HoTen, GioiTinh, NgaySinh, CMND, SinhNam) VALUES ('334dfe1f-cd1f-4734-9963-899c77363c7c', N'Hoàng Xuân Minh Thư', NULL, '1985-01-04', '205134528', 1985);
INSERT INTO [HoTroCovid].[dbo].[CaNhan_DoanhNghiep] (ID, IDDoanhNghiep, IDCaNhan, IDDoiTuong, NgheNghiep, DaTra50) VALUES ('c88a0445-a514-45fd-b25c-06b1fd012e38', 'e49841c9-785e-405e-9bf6-c9e9638c10e4', '334dfe1f-cd1f-4734-9963-899c77363c7c', NULL, N'CN giặt BHLĐ', null);
INSERT INTO [HoTroCovid].[dbo].[ThongTinHoTro] (ID, IDNoiDung, IDDoiTuong, IDCaNhan) VALUES ('36d7776c-d106-4b0a-babe-129c61e797f3', 1, NULL, '334dfe1f-cd1f-4734-9963-899c77363c7c');
INSERT INTO [HoTroCovid].[dbo].[HoSo] (ID, IDCaNhan, IDNoiDungHoTro, IDDoiTuong, SoThang, SoTien, ThanhTien, IDThongTinHoTro, DaChi, NguoiTao) VALUES ('34956432-2008-44ad-ad1f-504d3474799c', '334dfe1f-cd1f-4734-9963-899c77363c7c', 1, NULL, 3, 1800000, 5400000, '36d7776c-d106-4b0a-babe-129c61e797f3', 0, 'solaodong');
INSERT INTO [HoTroCovid].[dbo].[CaNhan] (ID, HoTen, GioiTinh, NgaySinh, CMND, SinhNam) VALUES ('e70f894e-f199-49ea-9964-7c110a967d0f', N'Nguyễn Thoại', 1, '1992-10-12', '221339162', 1992);
INSERT INTO [HoTroCovid].[dbo].[CaNhan_DoanhNghiep] (ID, IDDoanhNghiep, IDCaNhan, IDDoiTuong, NgheNghiep, DaTra50) VALUES ('3f311b1a-87b6-49b9-8747-77dc63edd4fc', 'e49841c9-785e-405e-9bf6-c9e9638c10e4', 'e70f894e-f199-49ea-9964-7c110a967d0f', NULL, N'CNCBHSĐL', null);
INSERT INTO [HoTroCovid].[dbo].[ThongTinHoTro] (ID, IDNoiDung, IDDoiTuong, IDCaNhan) VALUES ('493bd43f-d15e-4af0-a7cc-148eb824c8bc', 1, NULL, 'e70f894e-f199-49ea-9964-7c110a967d0f');
INSERT INTO [HoTroCovid].[dbo].[HoSo] (ID, IDCaNhan, IDNoiDungHoTro, IDDoiTuong, SoThang, SoTien, ThanhTien, IDThongTinHoTro, DaChi, NguoiTao) VALUES ('5c8c40df-ea94-4741-a175-2eba52e6d566', 'e70f894e-f199-49ea-9964-7c110a967d0f', 1, NULL, 3, 1800000, 5400000, '493bd43f-d15e-4af0-a7cc-148eb824c8bc', 0, 'solaodong');
INSERT INTO [HoTroCovid].[dbo].[CaNhan] (ID, HoTen, GioiTinh, NgaySinh, CMND, SinhNam) VALUES ('3fe59e65-b98e-4212-bd68-e98a9f8471a6', N'Lê Ngọc Tâm', 1, '1988-12-26', '215007968', 1988);
INSERT INTO [HoTroCovid].[dbo].[CaNhan_DoanhNghiep] (ID, IDDoanhNghiep, IDCaNhan, IDDoiTuong, NgheNghiep, DaTra50) VALUES ('33d75f41-70dd-4f75-9751-86a45a5d20f0', 'e49841c9-785e-405e-9bf6-c9e9638c10e4', '3fe59e65-b98e-4212-bd68-e98a9f8471a6', NULL, N'CNCBHSĐL', null);
INSERT INTO [HoTroCovid].[dbo].[ThongTinHoTro] (ID, IDNoiDung, IDDoiTuong, IDCaNhan) VALUES ('324de37d-4d80-4865-a9da-a2311c08c34f', 1, NULL, '3fe59e65-b98e-4212-bd68-e98a9f8471a6');
INSERT INTO [HoTroCovid].[dbo].[HoSo] (ID, IDCaNhan, IDNoiDungHoTro, IDDoiTuong, SoThang, SoTien, ThanhTien, IDThongTinHoTro, DaChi, NguoiTao) VALUES ('7e832e51-f6b1-43e3-8243-c0842e106161', '3fe59e65-b98e-4212-bd68-e98a9f8471a6', 1, NULL, 3, 1800000, 5400000, '324de37d-4d80-4865-a9da-a2311c08c34f', 0, 'solaodong');
INSERT INTO [HoTroCovid].[dbo].[CaNhan] (ID, HoTen, GioiTinh, NgaySinh, CMND, SinhNam) VALUES ('102ac86f-d17c-478f-8013-5f8453340fa2', N'Đào Thị Hương Thơm', NULL, '1986-05-20', '060774193', 1986);
INSERT INTO [HoTroCovid].[dbo].[CaNhan_DoanhNghiep] (ID, IDDoanhNghiep, IDCaNhan, IDDoiTuong, NgheNghiep, DaTra50) VALUES ('1d5b6c9f-6c9d-46e6-8105-bd46bcc54060', 'e49841c9-785e-405e-9bf6-c9e9638c10e4', '102ac86f-d17c-478f-8013-5f8453340fa2', NULL, N'N/viên Thống kê', null);
INSERT INTO [HoTroCovid].[dbo].[ThongTinHoTro] (ID, IDNoiDung, IDDoiTuong, IDCaNhan) VALUES ('f6bb26e3-a72a-4867-aa2a-faaca3c36373', 1, NULL, '102ac86f-d17c-478f-8013-5f8453340fa2');
INSERT INTO [HoTroCovid].[dbo].[HoSo] (ID, IDCaNhan, IDNoiDungHoTro, IDDoiTuong, SoThang, SoTien, ThanhTien, IDThongTinHoTro, DaChi, NguoiTao) VALUES ('ab13a95b-23a2-4464-bc6a-614d14fdbafe', '102ac86f-d17c-478f-8013-5f8453340fa2', 1, NULL, 3, 1800000, 5400000, 'f6bb26e3-a72a-4867-aa2a-faaca3c36373', 0, 'solaodong');
INSERT INTO [HoTroCovid].[dbo].[CaNhan] (ID, HoTen, GioiTinh, NgaySinh, CMND, SinhNam) VALUES ('a9d4a53e-c215-40a4-a3e2-20d12f092bf0', N'Trần Thị Như Ý', NULL, '1981-03-14', '211758588', 1981);
INSERT INTO [HoTroCovid].[dbo].[CaNhan_DoanhNghiep] (ID, IDDoanhNghiep, IDCaNhan, IDDoiTuong, NgheNghiep, DaTra50) VALUES ('44853732-fd53-416b-af66-723e16c9a429', 'e49841c9-785e-405e-9bf6-c9e9638c10e4', 'a9d4a53e-c215-40a4-a3e2-20d12f092bf0', NULL, N'N/viên Thống kê', null);
INSERT INTO [HoTroCovid].[dbo].[ThongTinHoTro] (ID, IDNoiDung, IDDoiTuong, IDCaNhan) VALUES ('f7a4cf18-49c8-489d-a8f2-2df7b21f1320', 1, NULL, 'a9d4a53e-c215-40a4-a3e2-20d12f092bf0');
INSERT INTO [HoTroCovid].[dbo].[HoSo] (ID, IDCaNhan, IDNoiDungHoTro, IDDoiTuong, SoThang, SoTien, ThanhTien, IDThongTinHoTro, DaChi, NguoiTao) VALUES ('e108e5ad-cfa5-47b2-9e79-8aa1d8bafa7a', 'a9d4a53e-c215-40a4-a3e2-20d12f092bf0', 1, NULL, 3, 1800000, 5400000, 'f7a4cf18-49c8-489d-a8f2-2df7b21f1320', 0, 'solaodong');
INSERT INTO [HoTroCovid].[dbo].[CaNhan] (ID, HoTen, GioiTinh, NgaySinh, CMND, SinhNam) VALUES ('593abf3c-cc7b-4c37-b207-4956b0c61a0f', N'Đặng Thị Lý', NULL, '1973-04-04', '211360535', 1973);
INSERT INTO [HoTroCovid].[dbo].[CaNhan_DoanhNghiep] (ID, IDDoanhNghiep, IDCaNhan, IDDoiTuong, NgheNghiep, DaTra50) VALUES ('f515e73e-873b-42cb-9ad4-cf6a7f5599f7', 'e49841c9-785e-405e-9bf6-c9e9638c10e4', '593abf3c-cc7b-4c37-b207-4956b0c61a0f', NULL, N'Ca Trưởng ĐH', null);
INSERT INTO [HoTroCovid].[dbo].[ThongTinHoTro] (ID, IDNoiDung, IDDoiTuong, IDCaNhan) VALUES ('cb3044dc-ec0b-47ee-8df7-101ec928eb2c', 1, NULL, '593abf3c-cc7b-4c37-b207-4956b0c61a0f');
INSERT INTO [HoTroCovid].[dbo].[HoSo] (ID, IDCaNhan, IDNoiDungHoTro, IDDoiTuong, SoThang, SoTien, ThanhTien, IDThongTinHoTro, DaChi, NguoiTao) VALUES ('d920e76e-5c16-4dc9-915a-9b3914d9c266', '593abf3c-cc7b-4c37-b207-4956b0c61a0f', 1, NULL, 3, 1800000, 5400000, 'cb3044dc-ec0b-47ee-8df7-101ec928eb2c', 0, 'solaodong');
INSERT INTO [HoTroCovid].[dbo].[CaNhan] (ID, HoTen, GioiTinh, NgaySinh, CMND, SinhNam) VALUES ('451388b6-bc36-4a7c-8af4-e5f829a6da35', N'Trần Thị Thoa', NULL, '1998-07-07', '215415427', 1998);
INSERT INTO [HoTroCovid].[dbo].[CaNhan_DoanhNghiep] (ID, IDDoanhNghiep, IDCaNhan, IDDoiTuong, NgheNghiep, DaTra50) VALUES ('f77c6bc2-4e9f-4960-a1bd-20bce787615e', 'e49841c9-785e-405e-9bf6-c9e9638c10e4', '451388b6-bc36-4a7c-8af4-e5f829a6da35', NULL, N'CNCBHSĐL', null);
INSERT INTO [HoTroCovid].[dbo].[ThongTinHoTro] (ID, IDNoiDung, IDDoiTuong, IDCaNhan) VALUES ('a08a328d-57e1-4b22-a62a-ee24f95051fa', 1, NULL, '451388b6-bc36-4a7c-8af4-e5f829a6da35');
INSERT INTO [HoTroCovid].[dbo].[HoSo] (ID, IDCaNhan, IDNoiDungHoTro, IDDoiTuong, SoThang, SoTien, ThanhTien, IDThongTinHoTro, DaChi, NguoiTao) VALUES ('47ee1ab7-827f-4ba7-8439-2e7a1d94d448', '451388b6-bc36-4a7c-8af4-e5f829a6da35', 1, NULL, 3, 1800000, 5400000, 'a08a328d-57e1-4b22-a62a-ee24f95051fa', 0, 'solaodong');
INSERT INTO [HoTroCovid].[dbo].[CaNhan] (ID, HoTen, GioiTinh, NgaySinh, CMND, SinhNam) VALUES ('86a35f36-1e84-40ba-9873-03e3af1c4062', N'Trương Thị Hồng Vy', NULL, '1987-12-08', '215089541', 1987);
INSERT INTO [HoTroCovid].[dbo].[CaNhan_DoanhNghiep] (ID, IDDoanhNghiep, IDCaNhan, IDDoiTuong, NgheNghiep, DaTra50) VALUES ('da3f3431-ded2-4ae9-a089-0cfc85145950', 'e49841c9-785e-405e-9bf6-c9e9638c10e4', '86a35f36-1e84-40ba-9873-03e3af1c4062', NULL, N'CNCBHSĐL', null);
INSERT INTO [HoTroCovid].[dbo].[ThongTinHoTro] (ID, IDNoiDung, IDDoiTuong, IDCaNhan) VALUES ('3bbe634f-878a-4350-b541-d702a5d08429', 1, NULL, '86a35f36-1e84-40ba-9873-03e3af1c4062');
INSERT INTO [HoTroCovid].[dbo].[HoSo] (ID, IDCaNhan, IDNoiDungHoTro, IDDoiTuong, SoThang, SoTien, ThanhTien, IDThongTinHoTro, DaChi, NguoiTao) VALUES ('6f469ceb-9207-42ab-b20d-24ae3f35a4e9', '86a35f36-1e84-40ba-9873-03e3af1c4062', 1, NULL, 3, 1800000, 5400000, '3bbe634f-878a-4350-b541-d702a5d08429', 0, 'solaodong');
INSERT INTO [HoTroCovid].[dbo].[CaNhan] (ID, HoTen, GioiTinh, NgaySinh, CMND, SinhNam) VALUES ('de2a8c67-b156-4305-ab0d-447f68afb5c4', N'Trần Ba Ri', 1, '1990-07-13', '215102687', 1990);
INSERT INTO [HoTroCovid].[dbo].[CaNhan_DoanhNghiep] (ID, IDDoanhNghiep, IDCaNhan, IDDoiTuong, NgheNghiep, DaTra50) VALUES ('49caa3b4-3e4b-47e9-8c0b-86d204be5ac3', 'e49841c9-785e-405e-9bf6-c9e9638c10e4', 'de2a8c67-b156-4305-ab0d-447f68afb5c4', NULL, N'N/viên HACCP', null);
INSERT INTO [HoTroCovid].[dbo].[ThongTinHoTro] (ID, IDNoiDung, IDDoiTuong, IDCaNhan) VALUES ('bfa7329e-e644-43cc-916b-ef56b94c8653', 1, NULL, 'de2a8c67-b156-4305-ab0d-447f68afb5c4');
INSERT INTO [HoTroCovid].[dbo].[HoSo] (ID, IDCaNhan, IDNoiDungHoTro, IDDoiTuong, SoThang, SoTien, ThanhTien, IDThongTinHoTro, DaChi, NguoiTao) VALUES ('70f18528-25f4-4ead-80ad-7b1e5d5fce5c', 'de2a8c67-b156-4305-ab0d-447f68afb5c4', 1, NULL, 3, 1800000, 5400000, 'bfa7329e-e644-43cc-916b-ef56b94c8653', 0, 'solaodong');
INSERT INTO [HoTroCovid].[dbo].[CaNhan] (ID, HoTen, GioiTinh, NgaySinh, CMND, SinhNam) VALUES ('9a74b920-e968-48bf-a58a-11531d2fef1d', N'Bùi Thị Bích Thu', NULL, '1971-11-27', '211465421', 1971);
INSERT INTO [HoTroCovid].[dbo].[CaNhan_DoanhNghiep] (ID, IDDoanhNghiep, IDCaNhan, IDDoiTuong, NgheNghiep, DaTra50) VALUES ('38f8558f-d21a-49d4-b75e-83bd62ea2efc', 'e49841c9-785e-405e-9bf6-c9e9638c10e4', '9a74b920-e968-48bf-a58a-11531d2fef1d', NULL, N'Tổ trưởng CB1', null);
INSERT INTO [HoTroCovid].[dbo].[ThongTinHoTro] (ID, IDNoiDung, IDDoiTuong, IDCaNhan) VALUES ('6f39b777-77bb-4baf-b770-5ea94c73792e', 1, NULL, '9a74b920-e968-48bf-a58a-11531d2fef1d');
INSERT INTO [HoTroCovid].[dbo].[HoSo] (ID, IDCaNhan, IDNoiDungHoTro, IDDoiTuong, SoThang, SoTien, ThanhTien, IDThongTinHoTro, DaChi, NguoiTao) VALUES ('c5ffbeac-3ea4-401c-a353-a439f6390508', '9a74b920-e968-48bf-a58a-11531d2fef1d', 1, NULL, 3, 1800000, 5400000, '6f39b777-77bb-4baf-b770-5ea94c73792e', 0, 'solaodong');
INSERT INTO [HoTroCovid].[dbo].[CaNhan] (ID, HoTen, GioiTinh, NgaySinh, CMND, SinhNam) VALUES ('20c02fd7-07de-4157-8b23-684f4e3b02a7', N'Nguyễn Thị Thúy Hoa', NULL, '1976-12-20', '211584830', 1976);
INSERT INTO [HoTroCovid].[dbo].[CaNhan_DoanhNghiep] (ID, IDDoanhNghiep, IDCaNhan, IDDoiTuong, NgheNghiep, DaTra50) VALUES ('a4f94f1b-2bfc-4e33-aeb3-0d882cf017a3', 'e49841c9-785e-405e-9bf6-c9e9638c10e4', '20c02fd7-07de-4157-8b23-684f4e3b02a7', NULL, N'N/viên cấp dưỡng', null);
INSERT INTO [HoTroCovid].[dbo].[ThongTinHoTro] (ID, IDNoiDung, IDDoiTuong, IDCaNhan) VALUES ('78ef44d6-b7a8-4e84-aeb5-0a05bbb08cac', 1, NULL, '20c02fd7-07de-4157-8b23-684f4e3b02a7');
INSERT INTO [HoTroCovid].[dbo].[HoSo] (ID, IDCaNhan, IDNoiDungHoTro, IDDoiTuong, SoThang, SoTien, ThanhTien, IDThongTinHoTro, DaChi, NguoiTao) VALUES ('86e55836-8928-46fb-8541-4458cb7f10d8', '20c02fd7-07de-4157-8b23-684f4e3b02a7', 1, NULL, 3, 1800000, 5400000, '78ef44d6-b7a8-4e84-aeb5-0a05bbb08cac', 0, 'solaodong');
INSERT INTO [HoTroCovid].[dbo].[CaNhan] (ID, HoTen, GioiTinh, NgaySinh, CMND, SinhNam) VALUES ('df933cde-3fc6-4087-bdf1-f0a2c1d4ee91', N'Nguyễn Phi Hùng', 1, '1995-09-12', '215357205', 1995);
INSERT INTO [HoTroCovid].[dbo].[CaNhan_DoanhNghiep] (ID, IDDoanhNghiep, IDCaNhan, IDDoiTuong, NgheNghiep, DaTra50) VALUES ('0f8d0146-fa49-435c-9dc2-d29f8f4129bb', 'e49841c9-785e-405e-9bf6-c9e9638c10e4', 'df933cde-3fc6-4087-bdf1-f0a2c1d4ee91', NULL, N'CNCBHSĐL', null);
INSERT INTO [HoTroCovid].[dbo].[ThongTinHoTro] (ID, IDNoiDung, IDDoiTuong, IDCaNhan) VALUES ('4fe2ae22-b4d6-465f-aa3b-aa26d230525d', 1, NULL, 'df933cde-3fc6-4087-bdf1-f0a2c1d4ee91');
INSERT INTO [HoTroCovid].[dbo].[HoSo] (ID, IDCaNhan, IDNoiDungHoTro, IDDoiTuong, SoThang, SoTien, ThanhTien, IDThongTinHoTro, DaChi, NguoiTao) VALUES ('3893dd13-c450-43f6-8535-8052411da947', 'df933cde-3fc6-4087-bdf1-f0a2c1d4ee91', 1, NULL, 3, 1800000, 5400000, '4fe2ae22-b4d6-465f-aa3b-aa26d230525d', 0, 'solaodong');
INSERT INTO [HoTroCovid].[dbo].[CaNhan] (ID, HoTen, GioiTinh, NgaySinh, CMND, SinhNam) VALUES ('0ed2fc2b-f8b5-4d98-b03f-f820ce7a1bbd', N'Dương Thị Thúy An', NULL, '1979-07-06', '211598618', 1979);
INSERT INTO [HoTroCovid].[dbo].[CaNhan_DoanhNghiep] (ID, IDDoanhNghiep, IDCaNhan, IDDoiTuong, NgheNghiep, DaTra50) VALUES ('81aa05a8-0ef2-44bb-b048-c44eca596047', 'e49841c9-785e-405e-9bf6-c9e9638c10e4', '0ed2fc2b-f8b5-4d98-b03f-f820ce7a1bbd', NULL, N'CNVS', null);
INSERT INTO [HoTroCovid].[dbo].[ThongTinHoTro] (ID, IDNoiDung, IDDoiTuong, IDCaNhan) VALUES ('11419047-7228-4706-bf5c-065b7451c228', 1, NULL, '0ed2fc2b-f8b5-4d98-b03f-f820ce7a1bbd');
INSERT INTO [HoTroCovid].[dbo].[HoSo] (ID, IDCaNhan, IDNoiDungHoTro, IDDoiTuong, SoThang, SoTien, ThanhTien, IDThongTinHoTro, DaChi, NguoiTao) VALUES ('46c33798-3ee9-4726-98ef-e94ae79a97f7', '0ed2fc2b-f8b5-4d98-b03f-f820ce7a1bbd', 1, NULL, 3, 1800000, 5400000, '11419047-7228-4706-bf5c-065b7451c228', 0, 'solaodong');
INSERT INTO [HoTroCovid].[dbo].[CaNhan] (ID, HoTen, GioiTinh, NgaySinh, CMND, SinhNam) VALUES ('6cd5169c-7a10-4cde-8727-75db02d49fd6', N'Bùi Thị Trà Mi', NULL, '1990-01-26', '215100921', 1990);
INSERT INTO [HoTroCovid].[dbo].[CaNhan_DoanhNghiep] (ID, IDDoanhNghiep, IDCaNhan, IDDoiTuong, NgheNghiep, DaTra50) VALUES ('120bbaad-6065-4d42-9e26-1f4bf149a6d2', 'e49841c9-785e-405e-9bf6-c9e9638c10e4', '6cd5169c-7a10-4cde-8727-75db02d49fd6', NULL, N'CNCBHSĐL', null);
INSERT INTO [HoTroCovid].[dbo].[ThongTinHoTro] (ID, IDNoiDung, IDDoiTuong, IDCaNhan) VALUES ('d9f0c5be-1a18-4a3e-8cc9-fcad093e2fa1', 1, NULL, '6cd5169c-7a10-4cde-8727-75db02d49fd6');
INSERT INTO [HoTroCovid].[dbo].[HoSo] (ID, IDCaNhan, IDNoiDungHoTro, IDDoiTuong, SoThang, SoTien, ThanhTien, IDThongTinHoTro, DaChi, NguoiTao) VALUES ('5b85b037-bb89-45c8-a264-30382b1ee5df', '6cd5169c-7a10-4cde-8727-75db02d49fd6', 1, NULL, 3, 1800000, 5400000, 'd9f0c5be-1a18-4a3e-8cc9-fcad093e2fa1', 0, 'solaodong');
INSERT INTO [HoTroCovid].[dbo].[CaNhan] (ID, HoTen, GioiTinh, NgaySinh, CMND, SinhNam) VALUES ('5e0bb06d-dae4-4d2e-bebe-1cc62e4101b7', N'Hồ Thị Thanh Thúy', NULL, '1994-05-18', '215364293', 1994);
INSERT INTO [HoTroCovid].[dbo].[CaNhan_DoanhNghiep] (ID, IDDoanhNghiep, IDCaNhan, IDDoiTuong, NgheNghiep, DaTra50) VALUES ('b0fa63bb-0105-4743-9b67-012f216f56b0', 'e49841c9-785e-405e-9bf6-c9e9638c10e4', '5e0bb06d-dae4-4d2e-bebe-1cc62e4101b7', NULL, N'CN giặt BHLĐ', null);
INSERT INTO [HoTroCovid].[dbo].[ThongTinHoTro] (ID, IDNoiDung, IDDoiTuong, IDCaNhan) VALUES ('0a533949-41f1-45ae-9606-098fd1b313c6', 1, NULL, '5e0bb06d-dae4-4d2e-bebe-1cc62e4101b7');
INSERT INTO [HoTroCovid].[dbo].[HoSo] (ID, IDCaNhan, IDNoiDungHoTro, IDDoiTuong, SoThang, SoTien, ThanhTien, IDThongTinHoTro, DaChi, NguoiTao) VALUES ('e61427fd-7bd0-4986-bb2a-31698af4846a', '5e0bb06d-dae4-4d2e-bebe-1cc62e4101b7', 1, NULL, 3, 1800000, 5400000, '0a533949-41f1-45ae-9606-098fd1b313c6', 0, 'solaodong');
INSERT INTO [HoTroCovid].[dbo].[CaNhan] (ID, HoTen, GioiTinh, NgaySinh, CMND, SinhNam) VALUES ('de1439bf-9d78-4f8d-9d54-0f47276801df', N'Trương Thành Thuận', 1, '1996-02-18', '215388933', 1996);
INSERT INTO [HoTroCovid].[dbo].[CaNhan_DoanhNghiep] (ID, IDDoanhNghiep, IDCaNhan, IDDoiTuong, NgheNghiep, DaTra50) VALUES ('b3ab8db6-69b9-4885-8b26-00d27222d716', 'e49841c9-785e-405e-9bf6-c9e9638c10e4', 'de1439bf-9d78-4f8d-9d54-0f47276801df', NULL, N'CNCBHSĐL', null);
INSERT INTO [HoTroCovid].[dbo].[ThongTinHoTro] (ID, IDNoiDung, IDDoiTuong, IDCaNhan) VALUES ('e14fe2c6-4fcf-422c-9868-c4cb1f64c4c9', 1, NULL, 'de1439bf-9d78-4f8d-9d54-0f47276801df');
INSERT INTO [HoTroCovid].[dbo].[HoSo] (ID, IDCaNhan, IDNoiDungHoTro, IDDoiTuong, SoThang, SoTien, ThanhTien, IDThongTinHoTro, DaChi, NguoiTao) VALUES ('283c55d4-d466-48c7-a9e3-20187d306648', 'de1439bf-9d78-4f8d-9d54-0f47276801df', 1, NULL, 3, 1800000, 5400000, 'e14fe2c6-4fcf-422c-9868-c4cb1f64c4c9', 0, 'solaodong');
INSERT INTO [HoTroCovid].[dbo].[CaNhan] (ID, HoTen, GioiTinh, NgaySinh, CMND, SinhNam) VALUES ('77e0ac56-356e-4cb7-b5a0-f2adf5417d57', N'Lê Thị Phượng', NULL, '1987-08-20', '215025178', 1987);
INSERT INTO [HoTroCovid].[dbo].[CaNhan_DoanhNghiep] (ID, IDDoanhNghiep, IDCaNhan, IDDoiTuong, NgheNghiep, DaTra50) VALUES ('1fae6bc6-0b08-4650-89d5-e1624ea03b45', 'e49841c9-785e-405e-9bf6-c9e9638c10e4', '77e0ac56-356e-4cb7-b5a0-f2adf5417d57', NULL, N'N/viên HACCP', null);
INSERT INTO [HoTroCovid].[dbo].[ThongTinHoTro] (ID, IDNoiDung, IDDoiTuong, IDCaNhan) VALUES ('a2bc65e3-3c37-4ef3-a2e4-3713fa4cacc1', 1, NULL, '77e0ac56-356e-4cb7-b5a0-f2adf5417d57');
INSERT INTO [HoTroCovid].[dbo].[HoSo] (ID, IDCaNhan, IDNoiDungHoTro, IDDoiTuong, SoThang, SoTien, ThanhTien, IDThongTinHoTro, DaChi, NguoiTao) VALUES ('e2811172-2686-48e2-9864-4284b86aceca', '77e0ac56-356e-4cb7-b5a0-f2adf5417d57', 1, NULL, 3, 1800000, 5400000, 'a2bc65e3-3c37-4ef3-a2e4-3713fa4cacc1', 0, 'solaodong');
INSERT INTO [HoTroCovid].[dbo].[CaNhan] (ID, HoTen, GioiTinh, NgaySinh, CMND, SinhNam) VALUES ('c90c18ab-8494-4efd-b249-3dac8c7bfd99', N'Nguyễn Văn Khoa', 1, '1992-07-10', '215221077', 1992);
INSERT INTO [HoTroCovid].[dbo].[CaNhan_DoanhNghiep] (ID, IDDoanhNghiep, IDCaNhan, IDDoiTuong, NgheNghiep, DaTra50) VALUES ('87c1b44f-1b0e-4fb3-b835-20b4a140c8e9', 'e49841c9-785e-405e-9bf6-c9e9638c10e4', 'c90c18ab-8494-4efd-b249-3dac8c7bfd99', NULL, N'CNCBHSĐL', null);
INSERT INTO [HoTroCovid].[dbo].[ThongTinHoTro] (ID, IDNoiDung, IDDoiTuong, IDCaNhan) VALUES ('636db6ec-3cef-4e1d-ad3a-ec729756ecc1', 1, NULL, 'c90c18ab-8494-4efd-b249-3dac8c7bfd99');
INSERT INTO [HoTroCovid].[dbo].[HoSo] (ID, IDCaNhan, IDNoiDungHoTro, IDDoiTuong, SoThang, SoTien, ThanhTien, IDThongTinHoTro, DaChi, NguoiTao) VALUES ('bc353254-dc35-4c18-88a8-efcf3d5609de', 'c90c18ab-8494-4efd-b249-3dac8c7bfd99', 1, NULL, 3, 1800000, 5400000, '636db6ec-3cef-4e1d-ad3a-ec729756ecc1', 0, 'solaodong');
INSERT INTO [HoTroCovid].[dbo].[CaNhan] (ID, HoTen, GioiTinh, NgaySinh, CMND, SinhNam) VALUES ('127427ca-b230-4f9d-a76a-c0d7522c8d6b', N'Nguyễn Thị Mỹ Duyên', NULL, '1999-01-06', '215487137', 1999);
INSERT INTO [HoTroCovid].[dbo].[CaNhan_DoanhNghiep] (ID, IDDoanhNghiep, IDCaNhan, IDDoiTuong, NgheNghiep, DaTra50) VALUES ('59f9d0bf-a2bb-4814-8b18-f509a2fe39c5', 'e49841c9-785e-405e-9bf6-c9e9638c10e4', '127427ca-b230-4f9d-a76a-c0d7522c8d6b', NULL, N'CNCBHSĐL', null);
INSERT INTO [HoTroCovid].[dbo].[ThongTinHoTro] (ID, IDNoiDung, IDDoiTuong, IDCaNhan) VALUES ('bca957e9-808b-493f-8c08-176bfb986bd2', 1, NULL, '127427ca-b230-4f9d-a76a-c0d7522c8d6b');
INSERT INTO [HoTroCovid].[dbo].[HoSo] (ID, IDCaNhan, IDNoiDungHoTro, IDDoiTuong, SoThang, SoTien, ThanhTien, IDThongTinHoTro, DaChi, NguoiTao) VALUES ('a8c61225-5892-447b-83cb-dc20f4de1229', '127427ca-b230-4f9d-a76a-c0d7522c8d6b', 1, NULL, 3, 1800000, 5400000, 'bca957e9-808b-493f-8c08-176bfb986bd2', 0, 'solaodong');
INSERT INTO [HoTroCovid].[dbo].[CaNhan] (ID, HoTen, GioiTinh, NgaySinh, CMND, SinhNam) VALUES ('5ebb1138-7dab-46b0-a9cb-deeb3b9db237', N'Nguyễn Thị Thanh Truyền', NULL, '1991-01-25', '215081242', 1991);
INSERT INTO [HoTroCovid].[dbo].[CaNhan_DoanhNghiep] (ID, IDDoanhNghiep, IDCaNhan, IDDoiTuong, NgheNghiep, DaTra50) VALUES ('7dd58edb-cb93-4c0a-ad3b-add2c9938dbc', 'e49841c9-785e-405e-9bf6-c9e9638c10e4', '5ebb1138-7dab-46b0-a9cb-deeb3b9db237', NULL, N'N/viên Thống kê', null);
INSERT INTO [HoTroCovid].[dbo].[ThongTinHoTro] (ID, IDNoiDung, IDDoiTuong, IDCaNhan) VALUES ('96d8a956-9cc2-4b3c-9b77-923093371575', 1, NULL, '5ebb1138-7dab-46b0-a9cb-deeb3b9db237');
INSERT INTO [HoTroCovid].[dbo].[HoSo] (ID, IDCaNhan, IDNoiDungHoTro, IDDoiTuong, SoThang, SoTien, ThanhTien, IDThongTinHoTro, DaChi, NguoiTao) VALUES ('5b64eb5d-d92a-4584-ab71-e86463c3095c', '5ebb1138-7dab-46b0-a9cb-deeb3b9db237', 1, NULL, 3, 1800000, 5400000, '96d8a956-9cc2-4b3c-9b77-923093371575', 0, 'solaodong');
INSERT INTO [HoTroCovid].[dbo].[CaNhan] (ID, HoTen, GioiTinh, NgaySinh, CMND, SinhNam) VALUES ('5d79130f-4ce9-4a76-af90-a5962b77fd54', N'Hoàng Thị Kim Long', NULL, '1988-12-30', '215494044', 1988);
INSERT INTO [HoTroCovid].[dbo].[CaNhan_DoanhNghiep] (ID, IDDoanhNghiep, IDCaNhan, IDDoiTuong, NgheNghiep, DaTra50) VALUES ('9ac9b33c-6442-4fff-93cf-ab7df578938d', 'e49841c9-785e-405e-9bf6-c9e9638c10e4', '5d79130f-4ce9-4a76-af90-a5962b77fd54', NULL, N'N/viên HACCP', null);
INSERT INTO [HoTroCovid].[dbo].[ThongTinHoTro] (ID, IDNoiDung, IDDoiTuong, IDCaNhan) VALUES ('0f76134c-fa3f-4b91-b312-f5d38d436d5e', 1, NULL, '5d79130f-4ce9-4a76-af90-a5962b77fd54');
INSERT INTO [HoTroCovid].[dbo].[HoSo] (ID, IDCaNhan, IDNoiDungHoTro, IDDoiTuong, SoThang, SoTien, ThanhTien, IDThongTinHoTro, DaChi, NguoiTao) VALUES ('be0a85a4-2b33-4016-b119-2665cccbd26d', '5d79130f-4ce9-4a76-af90-a5962b77fd54', 1, NULL, 3, 1800000, 5400000, '0f76134c-fa3f-4b91-b312-f5d38d436d5e', 0, 'solaodong');
INSERT INTO [HoTroCovid].[dbo].[CaNhan] (ID, HoTen, GioiTinh, NgaySinh, CMND, SinhNam) VALUES ('5f405fd7-ba42-44cb-bbac-413b81a73e79', N'Nguyễn Văn Thuộc', 1, '1984-06-03', '211893494', 1984);
INSERT INTO [HoTroCovid].[dbo].[CaNhan_DoanhNghiep] (ID, IDDoanhNghiep, IDCaNhan, IDDoiTuong, NgheNghiep, DaTra50) VALUES ('79223d1a-a97c-406e-93b7-0e3770c6b036', 'e49841c9-785e-405e-9bf6-c9e9638c10e4', '5f405fd7-ba42-44cb-bbac-413b81a73e79', NULL, N'Tổ trưởng Hầm', null);
INSERT INTO [HoTroCovid].[dbo].[ThongTinHoTro] (ID, IDNoiDung, IDDoiTuong, IDCaNhan) VALUES ('774e5482-2b96-41f1-8587-d6e975b15f74', 1, NULL, '5f405fd7-ba42-44cb-bbac-413b81a73e79');
INSERT INTO [HoTroCovid].[dbo].[HoSo] (ID, IDCaNhan, IDNoiDungHoTro, IDDoiTuong, SoThang, SoTien, ThanhTien, IDThongTinHoTro, DaChi, NguoiTao) VALUES ('4617ea92-b5ce-4fdb-a052-24b5ff6eece3', '5f405fd7-ba42-44cb-bbac-413b81a73e79', 1, NULL, 3, 1800000, 5400000, '774e5482-2b96-41f1-8587-d6e975b15f74', 0, 'solaodong');
INSERT INTO [HoTroCovid].[dbo].[CaNhan] (ID, HoTen, GioiTinh, NgaySinh, CMND, SinhNam) VALUES ('38540af7-427f-47d8-b321-36317c7e1da4', N'Phan Lương Nguyên', 1, '1991-09-02', '215168363', 1991);
INSERT INTO [HoTroCovid].[dbo].[CaNhan_DoanhNghiep] (ID, IDDoanhNghiep, IDCaNhan, IDDoiTuong, NgheNghiep, DaTra50) VALUES ('50631bc7-7b2b-4bf4-a8e3-40f47f8275e0', 'e49841c9-785e-405e-9bf6-c9e9638c10e4', '38540af7-427f-47d8-b321-36317c7e1da4', NULL, N'CNCBHSĐL', null);
INSERT INTO [HoTroCovid].[dbo].[ThongTinHoTro] (ID, IDNoiDung, IDDoiTuong, IDCaNhan) VALUES ('49d514b5-d0ed-4931-8855-bddb2ea1cac8', 1, NULL, '38540af7-427f-47d8-b321-36317c7e1da4');
INSERT INTO [HoTroCovid].[dbo].[HoSo] (ID, IDCaNhan, IDNoiDungHoTro, IDDoiTuong, SoThang, SoTien, ThanhTien, IDThongTinHoTro, DaChi, NguoiTao) VALUES ('33d37ecd-5fce-43d2-9459-a406059abf90', '38540af7-427f-47d8-b321-36317c7e1da4', 1, NULL, 3, 1800000, 5400000, '49d514b5-d0ed-4931-8855-bddb2ea1cac8', 0, 'solaodong');
INSERT INTO [HoTroCovid].[dbo].[CaNhan] (ID, HoTen, GioiTinh, NgaySinh, CMND, SinhNam) VALUES ('25b9fd59-ecce-45b7-838f-184c1ef65e51', N'Nguyễn Phan Thị Mỹ Diệu', NULL, '1992-12-12', '215321835', 1992);
INSERT INTO [HoTroCovid].[dbo].[CaNhan_DoanhNghiep] (ID, IDDoanhNghiep, IDCaNhan, IDDoiTuong, NgheNghiep, DaTra50) VALUES ('80e0bce1-8adb-4cb8-808c-a935b6b31522', 'e49841c9-785e-405e-9bf6-c9e9638c10e4', '25b9fd59-ecce-45b7-838f-184c1ef65e51', NULL, N'N/viên HACCP', null);
INSERT INTO [HoTroCovid].[dbo].[ThongTinHoTro] (ID, IDNoiDung, IDDoiTuong, IDCaNhan) VALUES ('d592afb4-df96-49c6-867b-57857d0e5caa', 1, NULL, '25b9fd59-ecce-45b7-838f-184c1ef65e51');
INSERT INTO [HoTroCovid].[dbo].[HoSo] (ID, IDCaNhan, IDNoiDungHoTro, IDDoiTuong, SoThang, SoTien, ThanhTien, IDThongTinHoTro, DaChi, NguoiTao) VALUES ('9d1f46f3-56a4-40db-84da-b787673db8bf', '25b9fd59-ecce-45b7-838f-184c1ef65e51', 1, NULL, 3, 1800000, 5400000, 'd592afb4-df96-49c6-867b-57857d0e5caa', 0, 'solaodong');
INSERT INTO [HoTroCovid].[dbo].[CaNhan] (ID, HoTen, GioiTinh, NgaySinh, CMND, SinhNam) VALUES ('5e76352c-4a4a-4f69-9df0-bbd34068a11a', N'Châu Thị Thủy Hân', NULL, '1993-06-06', '215244685', 1993);
INSERT INTO [HoTroCovid].[dbo].[CaNhan_DoanhNghiep] (ID, IDDoanhNghiep, IDCaNhan, IDDoiTuong, NgheNghiep, DaTra50) VALUES ('f65ee4cb-3327-423a-bf51-6544e518dee2', 'e49841c9-785e-405e-9bf6-c9e9638c10e4', '5e76352c-4a4a-4f69-9df0-bbd34068a11a', NULL, N'N/viên KCS', null);
INSERT INTO [HoTroCovid].[dbo].[ThongTinHoTro] (ID, IDNoiDung, IDDoiTuong, IDCaNhan) VALUES ('2919a87b-823d-47f2-bc79-c5c079f6d09f', 1, NULL, '5e76352c-4a4a-4f69-9df0-bbd34068a11a');
INSERT INTO [HoTroCovid].[dbo].[HoSo] (ID, IDCaNhan, IDNoiDungHoTro, IDDoiTuong, SoThang, SoTien, ThanhTien, IDThongTinHoTro, DaChi, NguoiTao) VALUES ('e342896c-0365-463a-869d-9a5e1f9618ed', '5e76352c-4a4a-4f69-9df0-bbd34068a11a', 1, NULL, 3, 1800000, 5400000, '2919a87b-823d-47f2-bc79-c5c079f6d09f', 0, 'solaodong');
INSERT INTO [HoTroCovid].[dbo].[CaNhan] (ID, HoTen, GioiTinh, NgaySinh, CMND, SinhNam) VALUES ('2b32060d-6345-440f-a753-8d6125c4a13a', N'Nguyễn Thị Hòa', NULL, '1983-05-10', '211737291', 1983);
INSERT INTO [HoTroCovid].[dbo].[CaNhan_DoanhNghiep] (ID, IDDoanhNghiep, IDCaNhan, IDDoiTuong, NgheNghiep, DaTra50) VALUES ('963da2eb-6d9f-4339-983b-c6962798ef7e', 'e49841c9-785e-405e-9bf6-c9e9638c10e4', '2b32060d-6345-440f-a753-8d6125c4a13a', NULL, N'N/viên KCS', null);
INSERT INTO [HoTroCovid].[dbo].[ThongTinHoTro] (ID, IDNoiDung, IDDoiTuong, IDCaNhan) VALUES ('a77ea2ef-90e5-436d-80dc-47b7684967f1', 1, NULL, '2b32060d-6345-440f-a753-8d6125c4a13a');
INSERT INTO [HoTroCovid].[dbo].[HoSo] (ID, IDCaNhan, IDNoiDungHoTro, IDDoiTuong, SoThang, SoTien, ThanhTien, IDThongTinHoTro, DaChi, NguoiTao) VALUES ('fd8c5e82-8c1f-447f-bef9-17453a7f6c6d', '2b32060d-6345-440f-a753-8d6125c4a13a', 1, NULL, 3, 1800000, 5400000, 'a77ea2ef-90e5-436d-80dc-47b7684967f1', 0, 'solaodong');
INSERT INTO [HoTroCovid].[dbo].[CaNhan] (ID, HoTen, GioiTinh, NgaySinh, CMND, SinhNam) VALUES ('d29c0314-1b3a-4533-9e39-19a856ac78a1', N'Phạm Văn Tuấn', 1, '1986-03-17', '351943849', 1986);
INSERT INTO [HoTroCovid].[dbo].[CaNhan_DoanhNghiep] (ID, IDDoanhNghiep, IDCaNhan, IDDoiTuong, NgheNghiep, DaTra50) VALUES ('63cf3e9b-a6e8-4abf-9f43-48b9025349c9', 'e49841c9-785e-405e-9bf6-c9e9638c10e4', 'd29c0314-1b3a-4533-9e39-19a856ac78a1', NULL, N'CNCBHSĐL', null);
INSERT INTO [HoTroCovid].[dbo].[ThongTinHoTro] (ID, IDNoiDung, IDDoiTuong, IDCaNhan) VALUES ('a46f0b84-48ff-4a72-9d6c-9b68b9f0e8b0', 1, NULL, 'd29c0314-1b3a-4533-9e39-19a856ac78a1');
INSERT INTO [HoTroCovid].[dbo].[HoSo] (ID, IDCaNhan, IDNoiDungHoTro, IDDoiTuong, SoThang, SoTien, ThanhTien, IDThongTinHoTro, DaChi, NguoiTao) VALUES ('eea2fbdf-421e-4ec7-b637-8d2c397a3d8b', 'd29c0314-1b3a-4533-9e39-19a856ac78a1', 1, NULL, 3, 1800000, 5400000, 'a46f0b84-48ff-4a72-9d6c-9b68b9f0e8b0', 0, 'solaodong');
INSERT INTO [HoTroCovid].[dbo].[CaNhan] (ID, HoTen, GioiTinh, NgaySinh, CMND, SinhNam) VALUES ('2210ced7-fad1-4ab8-afb5-ba6623eb0900', N'Huỳnh Thị Hồng Nhãn', NULL, '1989-12-20', '215067796', 1989);
INSERT INTO [HoTroCovid].[dbo].[CaNhan_DoanhNghiep] (ID, IDDoanhNghiep, IDCaNhan, IDDoiTuong, NgheNghiep, DaTra50) VALUES ('a635b5d8-5679-4840-bb4e-89b489585d69', 'e49841c9-785e-405e-9bf6-c9e9638c10e4', '2210ced7-fad1-4ab8-afb5-ba6623eb0900', NULL, N'N/viên KCS', null);
INSERT INTO [HoTroCovid].[dbo].[ThongTinHoTro] (ID, IDNoiDung, IDDoiTuong, IDCaNhan) VALUES ('4155becc-dfef-4905-a4ec-cbb82f05aa69', 1, NULL, '2210ced7-fad1-4ab8-afb5-ba6623eb0900');
INSERT INTO [HoTroCovid].[dbo].[HoSo] (ID, IDCaNhan, IDNoiDungHoTro, IDDoiTuong, SoThang, SoTien, ThanhTien, IDThongTinHoTro, DaChi, NguoiTao) VALUES ('a8487ff7-1970-45e8-900b-587148ccb89a', '2210ced7-fad1-4ab8-afb5-ba6623eb0900', 1, NULL, 3, 1800000, 5400000, '4155becc-dfef-4905-a4ec-cbb82f05aa69', 0, 'solaodong');
INSERT INTO [HoTroCovid].[dbo].[CaNhan] (ID, HoTen, GioiTinh, NgaySinh, CMND, SinhNam) VALUES ('84ff7814-0a5d-42fc-b397-32485fef760b', N'Nguyễn Phạm Trường Nhân', 1, '1997-06-02', '215423224', 1997);
INSERT INTO [HoTroCovid].[dbo].[CaNhan_DoanhNghiep] (ID, IDDoanhNghiep, IDCaNhan, IDDoiTuong, NgheNghiep, DaTra50) VALUES ('d66b56b5-af3e-44d1-a3f4-fcbb9d96a704', 'e49841c9-785e-405e-9bf6-c9e9638c10e4', '84ff7814-0a5d-42fc-b397-32485fef760b', NULL, N'CNCBHSĐL', null);
INSERT INTO [HoTroCovid].[dbo].[ThongTinHoTro] (ID, IDNoiDung, IDDoiTuong, IDCaNhan) VALUES ('dd833c9d-8b22-474c-a62d-0d5ff1e0fae2', 1, NULL, '84ff7814-0a5d-42fc-b397-32485fef760b');
INSERT INTO [HoTroCovid].[dbo].[HoSo] (ID, IDCaNhan, IDNoiDungHoTro, IDDoiTuong, SoThang, SoTien, ThanhTien, IDThongTinHoTro, DaChi, NguoiTao) VALUES ('2f525578-3fb3-4da0-b1f3-e5fba8825f16', '84ff7814-0a5d-42fc-b397-32485fef760b', 1, NULL, 3, 1800000, 5400000, 'dd833c9d-8b22-474c-a62d-0d5ff1e0fae2', 0, 'solaodong');
INSERT INTO [HoTroCovid].[dbo].[CaNhan] (ID, HoTen, GioiTinh, NgaySinh, CMND, SinhNam) VALUES ('6e3c4cf3-d109-4ec5-903d-db5f5a6efa3f', N'Võ Thị Bé', NULL, '1972-05-09', '211935256', 1972);
INSERT INTO [HoTroCovid].[dbo].[CaNhan_DoanhNghiep] (ID, IDDoanhNghiep, IDCaNhan, IDDoiTuong, NgheNghiep, DaTra50) VALUES ('c8da23f5-0981-4827-b809-d033058bfbbd', 'e49841c9-785e-405e-9bf6-c9e9638c10e4', '6e3c4cf3-d109-4ec5-903d-db5f5a6efa3f', NULL, N'N/viên KCS', null);
INSERT INTO [HoTroCovid].[dbo].[ThongTinHoTro] (ID, IDNoiDung, IDDoiTuong, IDCaNhan) VALUES ('1cdaab26-5953-4be1-a32c-147d5734d4cb', 1, NULL, '6e3c4cf3-d109-4ec5-903d-db5f5a6efa3f');
INSERT INTO [HoTroCovid].[dbo].[HoSo] (ID, IDCaNhan, IDNoiDungHoTro, IDDoiTuong, SoThang, SoTien, ThanhTien, IDThongTinHoTro, DaChi, NguoiTao) VALUES ('f963e5e9-883d-4bb8-b2ef-6bb7931b89ac', '6e3c4cf3-d109-4ec5-903d-db5f5a6efa3f', 1, NULL, 3, 1800000, 5400000, '1cdaab26-5953-4be1-a32c-147d5734d4cb', 0, 'solaodong');
INSERT INTO [HoTroCovid].[dbo].[CaNhan] (ID, HoTen, GioiTinh, NgaySinh, CMND, SinhNam) VALUES ('2b9e005a-c237-4257-842f-7beea4f6fad5', N'Đoàn Thiên Muộn', NULL, '1985-06-05', '211842968', 1985);
INSERT INTO [HoTroCovid].[dbo].[CaNhan_DoanhNghiep] (ID, IDDoanhNghiep, IDCaNhan, IDDoiTuong, NgheNghiep, DaTra50) VALUES ('df35899a-ccdc-41be-857e-c08a4e207c22', 'e49841c9-785e-405e-9bf6-c9e9638c10e4', '2b9e005a-c237-4257-842f-7beea4f6fad5', NULL, N'CNCBHSĐL', null);
INSERT INTO [HoTroCovid].[dbo].[ThongTinHoTro] (ID, IDNoiDung, IDDoiTuong, IDCaNhan) VALUES ('1a33b38d-c5c0-45b7-be73-fb59452bf92d', 1, NULL, '2b9e005a-c237-4257-842f-7beea4f6fad5');
INSERT INTO [HoTroCovid].[dbo].[HoSo] (ID, IDCaNhan, IDNoiDungHoTro, IDDoiTuong, SoThang, SoTien, ThanhTien, IDThongTinHoTro, DaChi, NguoiTao) VALUES ('bd3b30ac-0657-4255-88e5-cc2a41b53728', '2b9e005a-c237-4257-842f-7beea4f6fad5', 1, NULL, 3, 1800000, 5400000, '1a33b38d-c5c0-45b7-be73-fb59452bf92d', 0, 'solaodong');
INSERT INTO [HoTroCovid].[dbo].[CaNhan] (ID, HoTen, GioiTinh, NgaySinh, CMND, SinhNam) VALUES ('d291fbb8-6a20-400a-8b5f-bdfb54bd8295', N'Nguyễn  Hồng Quân', 1, '1999-11-16', '215490963', 1999);
INSERT INTO [HoTroCovid].[dbo].[CaNhan_DoanhNghiep] (ID, IDDoanhNghiep, IDCaNhan, IDDoiTuong, NgheNghiep, DaTra50) VALUES ('b9aeb0d0-e714-46cc-b73c-20fc6a4e65c4', 'e49841c9-785e-405e-9bf6-c9e9638c10e4', 'd291fbb8-6a20-400a-8b5f-bdfb54bd8295', NULL, N'CNCBHSĐL', null);
INSERT INTO [HoTroCovid].[dbo].[ThongTinHoTro] (ID, IDNoiDung, IDDoiTuong, IDCaNhan) VALUES ('ec5b1583-52c7-43ca-9b65-69f3d7d833e9', 1, NULL, 'd291fbb8-6a20-400a-8b5f-bdfb54bd8295');
INSERT INTO [HoTroCovid].[dbo].[HoSo] (ID, IDCaNhan, IDNoiDungHoTro, IDDoiTuong, SoThang, SoTien, ThanhTien, IDThongTinHoTro, DaChi, NguoiTao) VALUES ('fa980f86-0790-4a47-b260-fc05f45a3aca', 'd291fbb8-6a20-400a-8b5f-bdfb54bd8295', 1, NULL, 3, 1800000, 5400000, 'ec5b1583-52c7-43ca-9b65-69f3d7d833e9', 0, 'solaodong');
INSERT INTO [HoTroCovid].[dbo].[CaNhan] (ID, HoTen, GioiTinh, NgaySinh, CMND, SinhNam) VALUES ('52a4508b-d0de-45ea-80c0-ad3b4594c77a', N'Lê Thị Trinh', NULL, '2001-07-17', '215851494', 2001);
INSERT INTO [HoTroCovid].[dbo].[CaNhan_DoanhNghiep] (ID, IDDoanhNghiep, IDCaNhan, IDDoiTuong, NgheNghiep, DaTra50) VALUES ('c1060bed-6131-40ef-8d06-44bbb2cc2542', 'e49841c9-785e-405e-9bf6-c9e9638c10e4', '52a4508b-d0de-45ea-80c0-ad3b4594c77a', NULL, N'CNCBHSĐL', null);
INSERT INTO [HoTroCovid].[dbo].[ThongTinHoTro] (ID, IDNoiDung, IDDoiTuong, IDCaNhan) VALUES ('e1837725-4a1b-4d74-8722-fe118ac63556', 1, NULL, '52a4508b-d0de-45ea-80c0-ad3b4594c77a');
INSERT INTO [HoTroCovid].[dbo].[HoSo] (ID, IDCaNhan, IDNoiDungHoTro, IDDoiTuong, SoThang, SoTien, ThanhTien, IDThongTinHoTro, DaChi, NguoiTao) VALUES ('17c81457-99e7-4881-b514-97068ddee97f', '52a4508b-d0de-45ea-80c0-ad3b4594c77a', 1, NULL, 3, 1800000, 5400000, 'e1837725-4a1b-4d74-8722-fe118ac63556', 0, 'solaodong');
INSERT INTO [HoTroCovid].[dbo].[CaNhan] (ID, HoTen, GioiTinh, NgaySinh, CMND, SinhNam) VALUES ('76291c0b-68bd-4afb-b8fd-48d1dfe71f8c', N'Nguyễn Như Ý', NULL, '2000-06-20', '215506852', 2000);
INSERT INTO [HoTroCovid].[dbo].[CaNhan_DoanhNghiep] (ID, IDDoanhNghiep, IDCaNhan, IDDoiTuong, NgheNghiep, DaTra50) VALUES ('5778df00-6dfe-4799-8bbe-48504224171c', 'e49841c9-785e-405e-9bf6-c9e9638c10e4', '76291c0b-68bd-4afb-b8fd-48d1dfe71f8c', NULL, N'CNCBHSĐL', null);
INSERT INTO [HoTroCovid].[dbo].[ThongTinHoTro] (ID, IDNoiDung, IDDoiTuong, IDCaNhan) VALUES ('539b4755-67cc-4caa-95de-e7871d3183cb', 1, NULL, '76291c0b-68bd-4afb-b8fd-48d1dfe71f8c');
INSERT INTO [HoTroCovid].[dbo].[HoSo] (ID, IDCaNhan, IDNoiDungHoTro, IDDoiTuong, SoThang, SoTien, ThanhTien, IDThongTinHoTro, DaChi, NguoiTao) VALUES ('e766f3d2-9fdc-4504-a4f1-9afd46dfeb5a', '76291c0b-68bd-4afb-b8fd-48d1dfe71f8c', 1, NULL, 3, 1800000, 5400000, '539b4755-67cc-4caa-95de-e7871d3183cb', 0, 'solaodong');
INSERT INTO [HoTroCovid].[dbo].[CaNhan] (ID, HoTen, GioiTinh, NgaySinh, CMND, SinhNam) VALUES ('8c95d202-7220-4531-8297-5aa8a0b3ec8f', N'Hà Văn Hiếu', 1, '1997-01-20', '231009044', 1997);
INSERT INTO [HoTroCovid].[dbo].[CaNhan_DoanhNghiep] (ID, IDDoanhNghiep, IDCaNhan, IDDoiTuong, NgheNghiep, DaTra50) VALUES ('2a138539-7f2b-4c7a-b886-52fb316b1273', 'e49841c9-785e-405e-9bf6-c9e9638c10e4', '8c95d202-7220-4531-8297-5aa8a0b3ec8f', NULL, N'CNCBHSĐL', null);
INSERT INTO [HoTroCovid].[dbo].[ThongTinHoTro] (ID, IDNoiDung, IDDoiTuong, IDCaNhan) VALUES ('b93a5803-9423-49b1-9d17-5444889d71e2', 1, NULL, '8c95d202-7220-4531-8297-5aa8a0b3ec8f');
INSERT INTO [HoTroCovid].[dbo].[HoSo] (ID, IDCaNhan, IDNoiDungHoTro, IDDoiTuong, SoThang, SoTien, ThanhTien, IDThongTinHoTro, DaChi, NguoiTao) VALUES ('3647dd46-6b56-4df7-b18e-a05723317659', '8c95d202-7220-4531-8297-5aa8a0b3ec8f', 1, NULL, 3, 1800000, 5400000, 'b93a5803-9423-49b1-9d17-5444889d71e2', 0, 'solaodong');
INSERT INTO [HoTroCovid].[dbo].[CaNhan] (ID, HoTen, GioiTinh, NgaySinh, CMND, SinhNam) VALUES ('57ff0ad2-348d-452c-af42-ae8ac05de5df', N'Võ Thị Thanh Diệu', NULL, '1991-02-12', '215323782', 1991);
INSERT INTO [HoTroCovid].[dbo].[CaNhan_DoanhNghiep] (ID, IDDoanhNghiep, IDCaNhan, IDDoiTuong, NgheNghiep, DaTra50) VALUES ('0a263303-ecc9-463b-a85c-4e68e598fcae', 'e49841c9-785e-405e-9bf6-c9e9638c10e4', '57ff0ad2-348d-452c-af42-ae8ac05de5df', NULL, N'CNCBHSĐL', null);
INSERT INTO [HoTroCovid].[dbo].[ThongTinHoTro] (ID, IDNoiDung, IDDoiTuong, IDCaNhan) VALUES ('3581c463-7aee-4648-bc08-1c231939cf21', 1, NULL, '57ff0ad2-348d-452c-af42-ae8ac05de5df');
INSERT INTO [HoTroCovid].[dbo].[HoSo] (ID, IDCaNhan, IDNoiDungHoTro, IDDoiTuong, SoThang, SoTien, ThanhTien, IDThongTinHoTro, DaChi, NguoiTao) VALUES ('595b0f9d-bdd1-4e58-9511-70066a1485bf', '57ff0ad2-348d-452c-af42-ae8ac05de5df', 1, NULL, 3, 1800000, 5400000, '3581c463-7aee-4648-bc08-1c231939cf21', 0, 'solaodong');
INSERT INTO [HoTroCovid].[dbo].[CaNhan] (ID, HoTen, GioiTinh, NgaySinh, CMND, SinhNam) VALUES ('942c9551-2f23-4834-ae39-a5ff1cc2ed0f', N'Trương Thị Anh Đào', NULL, '1994-09-21', '215262267', 1994);
INSERT INTO [HoTroCovid].[dbo].[CaNhan_DoanhNghiep] (ID, IDDoanhNghiep, IDCaNhan, IDDoiTuong, NgheNghiep, DaTra50) VALUES ('9deddc8d-cfe4-43ae-9f91-54cbb3918d4b', 'e49841c9-785e-405e-9bf6-c9e9638c10e4', '942c9551-2f23-4834-ae39-a5ff1cc2ed0f', NULL, N'CNCBHSĐL', null);
INSERT INTO [HoTroCovid].[dbo].[ThongTinHoTro] (ID, IDNoiDung, IDDoiTuong, IDCaNhan) VALUES ('7a845fc1-894d-4324-8d6f-da7e8bdfb497', 1, NULL, '942c9551-2f23-4834-ae39-a5ff1cc2ed0f');
INSERT INTO [HoTroCovid].[dbo].[HoSo] (ID, IDCaNhan, IDNoiDungHoTro, IDDoiTuong, SoThang, SoTien, ThanhTien, IDThongTinHoTro, DaChi, NguoiTao) VALUES ('642d7b98-6f9d-4ce5-949c-890bf261d455', '942c9551-2f23-4834-ae39-a5ff1cc2ed0f', 1, NULL, 3, 1800000, 5400000, '7a845fc1-894d-4324-8d6f-da7e8bdfb497', 0, 'solaodong');
INSERT INTO [HoTroCovid].[dbo].[CaNhan] (ID, HoTen, GioiTinh, NgaySinh, CMND, SinhNam) VALUES ('f7bff63e-eddc-4448-b776-9896048f6e16', N'Nguyễn Thị Ngọc Hân', NULL, '1994-09-16', '215296862', 1994);
INSERT INTO [HoTroCovid].[dbo].[CaNhan_DoanhNghiep] (ID, IDDoanhNghiep, IDCaNhan, IDDoiTuong, NgheNghiep, DaTra50) VALUES ('bf20dcb2-c874-4fbb-96d0-23e0d99b5772', 'e49841c9-785e-405e-9bf6-c9e9638c10e4', 'f7bff63e-eddc-4448-b776-9896048f6e16', NULL, N'CNCBHSĐL', null);
INSERT INTO [HoTroCovid].[dbo].[ThongTinHoTro] (ID, IDNoiDung, IDDoiTuong, IDCaNhan) VALUES ('e87a01da-8fad-4dd8-bd03-e51bc7a723dc', 1, NULL, 'f7bff63e-eddc-4448-b776-9896048f6e16');
INSERT INTO [HoTroCovid].[dbo].[HoSo] (ID, IDCaNhan, IDNoiDungHoTro, IDDoiTuong, SoThang, SoTien, ThanhTien, IDThongTinHoTro, DaChi, NguoiTao) VALUES ('0ca01680-3e99-4f79-ae45-2de762250709', 'f7bff63e-eddc-4448-b776-9896048f6e16', 1, NULL, 3, 1800000, 5400000, 'e87a01da-8fad-4dd8-bd03-e51bc7a723dc', 0, 'solaodong');
INSERT INTO [HoTroCovid].[dbo].[CaNhan] (ID, HoTen, GioiTinh, NgaySinh, CMND, SinhNam) VALUES ('116b057a-17b7-4492-88f7-d098e7c1ca86', N'Nguyễn Thị Tú Sương', NULL, '2001-08-22', '215525940', 2001);
INSERT INTO [HoTroCovid].[dbo].[CaNhan_DoanhNghiep] (ID, IDDoanhNghiep, IDCaNhan, IDDoiTuong, NgheNghiep, DaTra50) VALUES ('bfc01249-63e7-4308-9c9d-00858239fca9', 'e49841c9-785e-405e-9bf6-c9e9638c10e4', '116b057a-17b7-4492-88f7-d098e7c1ca86', NULL, N'CNCBHSĐL', null);
INSERT INTO [HoTroCovid].[dbo].[ThongTinHoTro] (ID, IDNoiDung, IDDoiTuong, IDCaNhan) VALUES ('384e7b31-0b69-4971-865f-c4b0e6afb85f', 1, NULL, '116b057a-17b7-4492-88f7-d098e7c1ca86');
INSERT INTO [HoTroCovid].[dbo].[HoSo] (ID, IDCaNhan, IDNoiDungHoTro, IDDoiTuong, SoThang, SoTien, ThanhTien, IDThongTinHoTro, DaChi, NguoiTao) VALUES ('23f3ca0f-5520-4e3a-a64b-8959ef45c298', '116b057a-17b7-4492-88f7-d098e7c1ca86', 1, NULL, 3, 1800000, 5400000, '384e7b31-0b69-4971-865f-c4b0e6afb85f', 0, 'solaodong');
INSERT INTO [HoTroCovid].[dbo].[CaNhan] (ID, HoTen, GioiTinh, NgaySinh, CMND, SinhNam) VALUES ('39f0d5eb-2005-4044-adf4-8243ef42a570', N'Trần Thị Kiều Dung', NULL, '1990-01-30', '215173663', 1990);
INSERT INTO [HoTroCovid].[dbo].[CaNhan_DoanhNghiep] (ID, IDDoanhNghiep, IDCaNhan, IDDoiTuong, NgheNghiep, DaTra50) VALUES ('0f6431c5-b110-4db1-8a4e-3367ae1d4510', 'e49841c9-785e-405e-9bf6-c9e9638c10e4', '39f0d5eb-2005-4044-adf4-8243ef42a570', NULL, N'CNCBHSĐL', null);
INSERT INTO [HoTroCovid].[dbo].[ThongTinHoTro] (ID, IDNoiDung, IDDoiTuong, IDCaNhan) VALUES ('3b002167-f257-43c5-99ab-5d1c7352c910', 1, NULL, '39f0d5eb-2005-4044-adf4-8243ef42a570');
INSERT INTO [HoTroCovid].[dbo].[HoSo] (ID, IDCaNhan, IDNoiDungHoTro, IDDoiTuong, SoThang, SoTien, ThanhTien, IDThongTinHoTro, DaChi, NguoiTao) VALUES ('56005689-8b48-48fa-b2bf-4b2bc3833d45', '39f0d5eb-2005-4044-adf4-8243ef42a570', 1, NULL, 3, 1800000, 5400000, '3b002167-f257-43c5-99ab-5d1c7352c910', 0, 'solaodong');
INSERT INTO [HoTroCovid].[dbo].[CaNhan] (ID, HoTen, GioiTinh, NgaySinh, CMND, SinhNam) VALUES ('3951c81a-7ced-41fa-bb3d-820c576eb27b', N'Huỳnh Thị Kim Sương', NULL, '1982-07-05', '211880602', 1982);
INSERT INTO [HoTroCovid].[dbo].[CaNhan_DoanhNghiep] (ID, IDDoanhNghiep, IDCaNhan, IDDoiTuong, NgheNghiep, DaTra50) VALUES ('3db7cf53-8050-4a54-9114-565f102ba582', 'e49841c9-785e-405e-9bf6-c9e9638c10e4', '3951c81a-7ced-41fa-bb3d-820c576eb27b', NULL, N'CNCBHSĐL', null);
INSERT INTO [HoTroCovid].[dbo].[ThongTinHoTro] (ID, IDNoiDung, IDDoiTuong, IDCaNhan) VALUES ('53286e4a-66c6-4ea5-a0ef-ca5ea5eba330', 1, NULL, '3951c81a-7ced-41fa-bb3d-820c576eb27b');
INSERT INTO [HoTroCovid].[dbo].[HoSo] (ID, IDCaNhan, IDNoiDungHoTro, IDDoiTuong, SoThang, SoTien, ThanhTien, IDThongTinHoTro, DaChi, NguoiTao) VALUES ('c94fc1e8-ab37-4a41-82a7-ee60c5cde050', '3951c81a-7ced-41fa-bb3d-820c576eb27b', 1, NULL, 3, 1800000, 5400000, '53286e4a-66c6-4ea5-a0ef-ca5ea5eba330', 0, 'solaodong');
INSERT INTO [HoTroCovid].[dbo].[CaNhan] (ID, HoTen, GioiTinh, NgaySinh, CMND, SinhNam) VALUES ('06beca94-afb6-455f-b9df-f799b1b28c3f', N'Nguyễn Bùi Mỹ Huệ', NULL, '1996-12-15', '215338537', 1996);
INSERT INTO [HoTroCovid].[dbo].[CaNhan_DoanhNghiep] (ID, IDDoanhNghiep, IDCaNhan, IDDoiTuong, NgheNghiep, DaTra50) VALUES ('d4999692-2065-4007-9ce6-4696b01f081b', 'e49841c9-785e-405e-9bf6-c9e9638c10e4', '06beca94-afb6-455f-b9df-f799b1b28c3f', NULL, N'CNCBHSĐL', null);
INSERT INTO [HoTroCovid].[dbo].[ThongTinHoTro] (ID, IDNoiDung, IDDoiTuong, IDCaNhan) VALUES ('6462054d-18d6-42e0-96e4-a7bd4df707b4', 1, NULL, '06beca94-afb6-455f-b9df-f799b1b28c3f');
INSERT INTO [HoTroCovid].[dbo].[HoSo] (ID, IDCaNhan, IDNoiDungHoTro, IDDoiTuong, SoThang, SoTien, ThanhTien, IDThongTinHoTro, DaChi, NguoiTao) VALUES ('42221f73-bb0a-4135-b1e1-39499de98ae5', '06beca94-afb6-455f-b9df-f799b1b28c3f', 1, NULL, 3, 1800000, 5400000, '6462054d-18d6-42e0-96e4-a7bd4df707b4', 0, 'solaodong');
INSERT INTO [HoTroCovid].[dbo].[CaNhan] (ID, HoTen, GioiTinh, NgaySinh, CMND, SinhNam) VALUES ('a6425b40-3d9e-47f9-86d1-28bb71eb1422', N'Nguyễn Thị Bích Kiều', NULL, '1990-03-11', '215128426', 1990);
INSERT INTO [HoTroCovid].[dbo].[CaNhan_DoanhNghiep] (ID, IDDoanhNghiep, IDCaNhan, IDDoiTuong, NgheNghiep, DaTra50) VALUES ('2ce524fc-5cf1-48e3-9e8f-4ab60bdf959d', 'e49841c9-785e-405e-9bf6-c9e9638c10e4', 'a6425b40-3d9e-47f9-86d1-28bb71eb1422', NULL, N'CNCBHSĐL', null);
INSERT INTO [HoTroCovid].[dbo].[ThongTinHoTro] (ID, IDNoiDung, IDDoiTuong, IDCaNhan) VALUES ('fbcb9411-dc34-4b8d-a9ce-87f75f83d031', 1, NULL, 'a6425b40-3d9e-47f9-86d1-28bb71eb1422');
INSERT INTO [HoTroCovid].[dbo].[HoSo] (ID, IDCaNhan, IDNoiDungHoTro, IDDoiTuong, SoThang, SoTien, ThanhTien, IDThongTinHoTro, DaChi, NguoiTao) VALUES ('b7548e76-70bb-42f7-b455-5a2056804c83', 'a6425b40-3d9e-47f9-86d1-28bb71eb1422', 1, NULL, 3, 1800000, 5400000, 'fbcb9411-dc34-4b8d-a9ce-87f75f83d031', 0, 'solaodong');
INSERT INTO [HoTroCovid].[dbo].[CaNhan] (ID, HoTen, GioiTinh, NgaySinh, CMND, SinhNam) VALUES ('f4ecf854-16bc-4463-b57b-d578187c3306', N'Phạm Thái Hương', 1, '1986-08-27', '215047528', 1986);
INSERT INTO [HoTroCovid].[dbo].[CaNhan_DoanhNghiep] (ID, IDDoanhNghiep, IDCaNhan, IDDoiTuong, NgheNghiep, DaTra50) VALUES ('1ecfe3d4-e352-4951-96fa-4750fee10db5', 'e49841c9-785e-405e-9bf6-c9e9638c10e4', 'f4ecf854-16bc-4463-b57b-d578187c3306', NULL, N'CNCBHSĐL', null);
INSERT INTO [HoTroCovid].[dbo].[ThongTinHoTro] (ID, IDNoiDung, IDDoiTuong, IDCaNhan) VALUES ('77d4494b-d3fb-4f5d-8ff6-47d88594d03e', 1, NULL, 'f4ecf854-16bc-4463-b57b-d578187c3306');
INSERT INTO [HoTroCovid].[dbo].[HoSo] (ID, IDCaNhan, IDNoiDungHoTro, IDDoiTuong, SoThang, SoTien, ThanhTien, IDThongTinHoTro, DaChi, NguoiTao) VALUES ('c8855330-a34c-4b41-855d-e661d87e8ea5', 'f4ecf854-16bc-4463-b57b-d578187c3306', 1, NULL, 3, 1800000, 5400000, '77d4494b-d3fb-4f5d-8ff6-47d88594d03e', 0, 'solaodong');
INSERT INTO [HoTroCovid].[dbo].[CaNhan] (ID, HoTen, GioiTinh, NgaySinh, CMND, SinhNam) VALUES ('bb5a4450-1b52-4785-b813-857339e816bb', N'Phạm Thị Huyền', NULL, '1992-07-12', '215252267', 1992);
INSERT INTO [HoTroCovid].[dbo].[CaNhan_DoanhNghiep] (ID, IDDoanhNghiep, IDCaNhan, IDDoiTuong, NgheNghiep, DaTra50) VALUES ('826a8ce1-c404-4736-bb3d-366317bddea5', 'e49841c9-785e-405e-9bf6-c9e9638c10e4', 'bb5a4450-1b52-4785-b813-857339e816bb', NULL, N'CNCBHSĐL', null);
INSERT INTO [HoTroCovid].[dbo].[ThongTinHoTro] (ID, IDNoiDung, IDDoiTuong, IDCaNhan) VALUES ('68b9655c-8fbe-4048-b492-7e99854a2aa6', 1, NULL, 'bb5a4450-1b52-4785-b813-857339e816bb');
INSERT INTO [HoTroCovid].[dbo].[HoSo] (ID, IDCaNhan, IDNoiDungHoTro, IDDoiTuong, SoThang, SoTien, ThanhTien, IDThongTinHoTro, DaChi, NguoiTao) VALUES ('c13efabb-d91d-4108-98db-dbf397d8583d', 'bb5a4450-1b52-4785-b813-857339e816bb', 1, NULL, 3, 1800000, 5400000, '68b9655c-8fbe-4048-b492-7e99854a2aa6', 0, 'solaodong');
INSERT INTO [HoTroCovid].[dbo].[CaNhan] (ID, HoTen, GioiTinh, NgaySinh, CMND, SinhNam) VALUES ('6aed3ffe-3f32-4e63-a8f1-13d0f86931db', N'Trần Thị Thu Thảo', NULL, '1994-08-20', '215385918', 1994);
INSERT INTO [HoTroCovid].[dbo].[CaNhan_DoanhNghiep] (ID, IDDoanhNghiep, IDCaNhan, IDDoiTuong, NgheNghiep, DaTra50) VALUES ('85e70619-3380-4c17-9413-8c24550befba', 'e49841c9-785e-405e-9bf6-c9e9638c10e4', '6aed3ffe-3f32-4e63-a8f1-13d0f86931db', NULL, N'CNCBHSĐL', null);
INSERT INTO [HoTroCovid].[dbo].[ThongTinHoTro] (ID, IDNoiDung, IDDoiTuong, IDCaNhan) VALUES ('84a79bbc-55b0-471c-b0d1-4396b3eb9bea', 1, NULL, '6aed3ffe-3f32-4e63-a8f1-13d0f86931db');
INSERT INTO [HoTroCovid].[dbo].[HoSo] (ID, IDCaNhan, IDNoiDungHoTro, IDDoiTuong, SoThang, SoTien, ThanhTien, IDThongTinHoTro, DaChi, NguoiTao) VALUES ('0ff2f666-8b74-4bd0-8438-574d1cce63ac', '6aed3ffe-3f32-4e63-a8f1-13d0f86931db', 1, NULL, 3, 1800000, 5400000, '84a79bbc-55b0-471c-b0d1-4396b3eb9bea', 0, 'solaodong');
INSERT INTO [HoTroCovid].[dbo].[CaNhan] (ID, HoTen, GioiTinh, NgaySinh, CMND, SinhNam) VALUES ('5831c424-7b63-4a87-84c2-579d98af6dc6', N'Phan Thị Bích Phi', NULL, '1992-09-02', '215188113', 1992);
INSERT INTO [HoTroCovid].[dbo].[CaNhan_DoanhNghiep] (ID, IDDoanhNghiep, IDCaNhan, IDDoiTuong, NgheNghiep, DaTra50) VALUES ('4191c3d8-289f-4716-9f8e-da25beeb65d9', 'e49841c9-785e-405e-9bf6-c9e9638c10e4', '5831c424-7b63-4a87-84c2-579d98af6dc6', NULL, N'CNCBHSĐL', null);
INSERT INTO [HoTroCovid].[dbo].[ThongTinHoTro] (ID, IDNoiDung, IDDoiTuong, IDCaNhan) VALUES ('086a200a-51fc-4ff8-90ea-04e116264f36', 1, NULL, '5831c424-7b63-4a87-84c2-579d98af6dc6');
INSERT INTO [HoTroCovid].[dbo].[HoSo] (ID, IDCaNhan, IDNoiDungHoTro, IDDoiTuong, SoThang, SoTien, ThanhTien, IDThongTinHoTro, DaChi, NguoiTao) VALUES ('8371573b-3993-4eb7-88b8-8817bea2e96e', '5831c424-7b63-4a87-84c2-579d98af6dc6', 1, NULL, 3, 1800000, 5400000, '086a200a-51fc-4ff8-90ea-04e116264f36', 0, 'solaodong');
INSERT INTO [HoTroCovid].[dbo].[CaNhan] (ID, HoTen, GioiTinh, NgaySinh, CMND, SinhNam) VALUES ('e0c12c24-4d42-4733-ae29-162d082cc8ab', N'Huỳnh Thị Ngọc Ly', NULL, '1998-01-01', '215428244', 1998);
INSERT INTO [HoTroCovid].[dbo].[CaNhan_DoanhNghiep] (ID, IDDoanhNghiep, IDCaNhan, IDDoiTuong, NgheNghiep, DaTra50) VALUES ('8482a65a-162d-40c2-abce-a75eec08ff1e', 'e49841c9-785e-405e-9bf6-c9e9638c10e4', 'e0c12c24-4d42-4733-ae29-162d082cc8ab', NULL, N'CNCBHSĐL', null);
INSERT INTO [HoTroCovid].[dbo].[ThongTinHoTro] (ID, IDNoiDung, IDDoiTuong, IDCaNhan) VALUES ('67e98f91-be4f-43f3-908b-386fc9449737', 1, NULL, 'e0c12c24-4d42-4733-ae29-162d082cc8ab');
INSERT INTO [HoTroCovid].[dbo].[HoSo] (ID, IDCaNhan, IDNoiDungHoTro, IDDoiTuong, SoThang, SoTien, ThanhTien, IDThongTinHoTro, DaChi, NguoiTao) VALUES ('f55ba4a0-6629-4664-864a-7cbb57c55a64', 'e0c12c24-4d42-4733-ae29-162d082cc8ab', 1, NULL, 3, 1800000, 5400000, '67e98f91-be4f-43f3-908b-386fc9449737', 0, 'solaodong');
INSERT INTO [HoTroCovid].[dbo].[CaNhan] (ID, HoTen, GioiTinh, NgaySinh, CMND, SinhNam) VALUES ('9670be78-363c-454f-9bea-46d5d6617961', N'Phạm Thịnh', NULL, '1992-08-01', '215199425', 1992);
INSERT INTO [HoTroCovid].[dbo].[CaNhan_DoanhNghiep] (ID, IDDoanhNghiep, IDCaNhan, IDDoiTuong, NgheNghiep, DaTra50) VALUES ('09a12646-105c-4728-9cf4-91b9990e049b', 'e49841c9-785e-405e-9bf6-c9e9638c10e4', '9670be78-363c-454f-9bea-46d5d6617961', NULL, N'C/nhân CĐL', null);
INSERT INTO [HoTroCovid].[dbo].[ThongTinHoTro] (ID, IDNoiDung, IDDoiTuong, IDCaNhan) VALUES ('efdc38ea-3f1c-43a9-85b1-e937dac3087d', 1, NULL, '9670be78-363c-454f-9bea-46d5d6617961');
INSERT INTO [HoTroCovid].[dbo].[HoSo] (ID, IDCaNhan, IDNoiDungHoTro, IDDoiTuong, SoThang, SoTien, ThanhTien, IDThongTinHoTro, DaChi, NguoiTao) VALUES ('9e330989-4c2e-407c-9393-26ec6c7f6d1a', '9670be78-363c-454f-9bea-46d5d6617961', 1, NULL, 3, 1800000, 5400000, 'efdc38ea-3f1c-43a9-85b1-e937dac3087d', 0, 'solaodong');
INSERT INTO [HoTroCovid].[dbo].[CaNhan] (ID, HoTen, GioiTinh, NgaySinh, CMND, SinhNam) VALUES ('a9992d3c-70a2-4400-8f4e-f1859b1ecefd', N'Nguyễn Thị Hồng Hải', NULL, '1996-08-10', '215412457', 1996);
INSERT INTO [HoTroCovid].[dbo].[CaNhan_DoanhNghiep] (ID, IDDoanhNghiep, IDCaNhan, IDDoiTuong, NgheNghiep, DaTra50) VALUES ('2513da32-0777-428e-9688-5f9eeba939c0', 'e49841c9-785e-405e-9bf6-c9e9638c10e4', 'a9992d3c-70a2-4400-8f4e-f1859b1ecefd', NULL, N'CNCBHSĐL', null);
INSERT INTO [HoTroCovid].[dbo].[ThongTinHoTro] (ID, IDNoiDung, IDDoiTuong, IDCaNhan) VALUES ('c78aaee0-b4eb-4240-bdc0-2bd46e4abfd2', 1, NULL, 'a9992d3c-70a2-4400-8f4e-f1859b1ecefd');
INSERT INTO [HoTroCovid].[dbo].[HoSo] (ID, IDCaNhan, IDNoiDungHoTro, IDDoiTuong, SoThang, SoTien, ThanhTien, IDThongTinHoTro, DaChi, NguoiTao) VALUES ('82b63f1f-f8e1-4ca2-9401-4a85220fd104', 'a9992d3c-70a2-4400-8f4e-f1859b1ecefd', 1, NULL, 3, 1800000, 5400000, 'c78aaee0-b4eb-4240-bdc0-2bd46e4abfd2', 0, 'solaodong');
INSERT INTO [HoTroCovid].[dbo].[CaNhan] (ID, HoTen, GioiTinh, NgaySinh, CMND, SinhNam) VALUES ('51a2298a-777e-4c98-961e-91c8e965fa45', N'Nguyễn Thị Thảo', NULL, '1996-11-06', '215349284', 1996);
INSERT INTO [HoTroCovid].[dbo].[CaNhan_DoanhNghiep] (ID, IDDoanhNghiep, IDCaNhan, IDDoiTuong, NgheNghiep, DaTra50) VALUES ('537d5a87-f220-4921-9ce4-db784d3b5cd3', 'e49841c9-785e-405e-9bf6-c9e9638c10e4', '51a2298a-777e-4c98-961e-91c8e965fa45', NULL, N'CNCBHSĐL', null);
INSERT INTO [HoTroCovid].[dbo].[ThongTinHoTro] (ID, IDNoiDung, IDDoiTuong, IDCaNhan) VALUES ('36597faa-84c3-4059-82a0-ff9b1ed763df', 1, NULL, '51a2298a-777e-4c98-961e-91c8e965fa45');
INSERT INTO [HoTroCovid].[dbo].[HoSo] (ID, IDCaNhan, IDNoiDungHoTro, IDDoiTuong, SoThang, SoTien, ThanhTien, IDThongTinHoTro, DaChi, NguoiTao) VALUES ('1b0f8bdc-a007-4c95-bb5c-fe17553f06d4', '51a2298a-777e-4c98-961e-91c8e965fa45', 1, NULL, 3, 1800000, 5400000, '36597faa-84c3-4059-82a0-ff9b1ed763df', 0, 'solaodong');
INSERT INTO [HoTroCovid].[dbo].[CaNhan] (ID, HoTen, GioiTinh, NgaySinh, CMND, SinhNam) VALUES ('9bbe2e6d-1d1f-4168-9f39-00e8ee2c018a', N'Trần Thị Thanh Trang', NULL, '1990-03-04', '215127386', 1990);
INSERT INTO [HoTroCovid].[dbo].[CaNhan_DoanhNghiep] (ID, IDDoanhNghiep, IDCaNhan, IDDoiTuong, NgheNghiep, DaTra50) VALUES ('779fa504-8b58-41a2-95cc-cbf90d250e7e', 'e49841c9-785e-405e-9bf6-c9e9638c10e4', '9bbe2e6d-1d1f-4168-9f39-00e8ee2c018a', NULL, N'CNCBHSĐL', null);
INSERT INTO [HoTroCovid].[dbo].[ThongTinHoTro] (ID, IDNoiDung, IDDoiTuong, IDCaNhan) VALUES ('ca9cc1e6-15fd-4a17-af6c-81ee6f485f48', 1, NULL, '9bbe2e6d-1d1f-4168-9f39-00e8ee2c018a');
INSERT INTO [HoTroCovid].[dbo].[HoSo] (ID, IDCaNhan, IDNoiDungHoTro, IDDoiTuong, SoThang, SoTien, ThanhTien, IDThongTinHoTro, DaChi, NguoiTao) VALUES ('bfae0e5c-97a6-44f4-a443-fe6c6aea4e37', '9bbe2e6d-1d1f-4168-9f39-00e8ee2c018a', 1, NULL, 3, 1800000, 5400000, 'ca9cc1e6-15fd-4a17-af6c-81ee6f485f48', 0, 'solaodong');
INSERT INTO [HoTroCovid].[dbo].[CaNhan] (ID, HoTen, GioiTinh, NgaySinh, CMND, SinhNam) VALUES ('127a701f-de58-4f4c-8a94-e86227c0492d', N'Lý Kim Phụng', NULL, '1993-03-01', '215243418', 1993);
INSERT INTO [HoTroCovid].[dbo].[CaNhan_DoanhNghiep] (ID, IDDoanhNghiep, IDCaNhan, IDDoiTuong, NgheNghiep, DaTra50) VALUES ('9b0d30cc-6b7b-4bdb-bd6c-f2444962c855', 'e49841c9-785e-405e-9bf6-c9e9638c10e4', '127a701f-de58-4f4c-8a94-e86227c0492d', NULL, N'CNCBHSĐL', null);
INSERT INTO [HoTroCovid].[dbo].[ThongTinHoTro] (ID, IDNoiDung, IDDoiTuong, IDCaNhan) VALUES ('1f9fd414-7127-477d-9b7b-1897e26bf2a2', 1, NULL, '127a701f-de58-4f4c-8a94-e86227c0492d');
INSERT INTO [HoTroCovid].[dbo].[HoSo] (ID, IDCaNhan, IDNoiDungHoTro, IDDoiTuong, SoThang, SoTien, ThanhTien, IDThongTinHoTro, DaChi, NguoiTao) VALUES ('3ba23155-52d6-4195-8fb8-c95646cb1bc5', '127a701f-de58-4f4c-8a94-e86227c0492d', 1, NULL, 3, 1800000, 5400000, '1f9fd414-7127-477d-9b7b-1897e26bf2a2', 0, 'solaodong');
INSERT INTO [HoTroCovid].[dbo].[CaNhan] (ID, HoTen, GioiTinh, NgaySinh, CMND, SinhNam) VALUES ('a29604cf-8ee6-40ee-84c7-cb821c2b6bd4', N'Trương Thị Liên', NULL, '1996-07-27', '215358298', 1996);
INSERT INTO [HoTroCovid].[dbo].[CaNhan_DoanhNghiep] (ID, IDDoanhNghiep, IDCaNhan, IDDoiTuong, NgheNghiep, DaTra50) VALUES ('17376835-0bfb-48e0-8930-1067510471eb', 'e49841c9-785e-405e-9bf6-c9e9638c10e4', 'a29604cf-8ee6-40ee-84c7-cb821c2b6bd4', NULL, N'CNCBHSĐL', null);
INSERT INTO [HoTroCovid].[dbo].[ThongTinHoTro] (ID, IDNoiDung, IDDoiTuong, IDCaNhan) VALUES ('b8a5aa71-9f38-42a7-a48c-a7af48001f2b', 1, NULL, 'a29604cf-8ee6-40ee-84c7-cb821c2b6bd4');
INSERT INTO [HoTroCovid].[dbo].[HoSo] (ID, IDCaNhan, IDNoiDungHoTro, IDDoiTuong, SoThang, SoTien, ThanhTien, IDThongTinHoTro, DaChi, NguoiTao) VALUES ('897d6e3e-2eb8-4b14-9260-b81a6cc4227c', 'a29604cf-8ee6-40ee-84c7-cb821c2b6bd4', 1, NULL, 3, 1800000, 5400000, 'b8a5aa71-9f38-42a7-a48c-a7af48001f2b', 0, 'solaodong');
INSERT INTO [HoTroCovid].[dbo].[CaNhan] (ID, HoTen, GioiTinh, NgaySinh, CMND, SinhNam) VALUES ('f1d41b54-0f43-47d4-902c-009f4ffbf01d', N'Phạm Thị Thúy Voanh', NULL, '1994-02-12', '215322840', 1994);
INSERT INTO [HoTroCovid].[dbo].[CaNhan_DoanhNghiep] (ID, IDDoanhNghiep, IDCaNhan, IDDoiTuong, NgheNghiep, DaTra50) VALUES ('fd90f5ed-109b-4e6a-8e76-9bcd53e7c9d0', 'e49841c9-785e-405e-9bf6-c9e9638c10e4', 'f1d41b54-0f43-47d4-902c-009f4ffbf01d', NULL, N'CNCBHSĐL', null);
INSERT INTO [HoTroCovid].[dbo].[ThongTinHoTro] (ID, IDNoiDung, IDDoiTuong, IDCaNhan) VALUES ('6b0e6954-0aac-4d35-bc18-f1411d2dfc61', 1, NULL, 'f1d41b54-0f43-47d4-902c-009f4ffbf01d');
INSERT INTO [HoTroCovid].[dbo].[HoSo] (ID, IDCaNhan, IDNoiDungHoTro, IDDoiTuong, SoThang, SoTien, ThanhTien, IDThongTinHoTro, DaChi, NguoiTao) VALUES ('d69fdb6c-3ed7-4f7e-92b3-098d3463f2b8', 'f1d41b54-0f43-47d4-902c-009f4ffbf01d', 1, NULL, 3, 1800000, 5400000, '6b0e6954-0aac-4d35-bc18-f1411d2dfc61', 0, 'solaodong');
INSERT INTO [HoTroCovid].[dbo].[CaNhan] (ID, HoTen, GioiTinh, NgaySinh, CMND, SinhNam) VALUES ('5ee804bd-3eda-4932-a08b-a3b121cb446b', N'Trần Văn Tính', 1, '1996-08-20', '215398022', 1996);
INSERT INTO [HoTroCovid].[dbo].[CaNhan_DoanhNghiep] (ID, IDDoanhNghiep, IDCaNhan, IDDoiTuong, NgheNghiep, DaTra50) VALUES ('78d9726b-d78e-4fe0-8bc9-97fa3fb1a201', 'e49841c9-785e-405e-9bf6-c9e9638c10e4', '5ee804bd-3eda-4932-a08b-a3b121cb446b', NULL, N'CNCBHSĐL', null);
INSERT INTO [HoTroCovid].[dbo].[ThongTinHoTro] (ID, IDNoiDung, IDDoiTuong, IDCaNhan) VALUES ('e1e2ab6b-e3de-47ed-991c-bdcc1b125f6d', 1, NULL, '5ee804bd-3eda-4932-a08b-a3b121cb446b');
INSERT INTO [HoTroCovid].[dbo].[HoSo] (ID, IDCaNhan, IDNoiDungHoTro, IDDoiTuong, SoThang, SoTien, ThanhTien, IDThongTinHoTro, DaChi, NguoiTao) VALUES ('71d616a1-7792-4326-9c97-63bb6ca5236d', '5ee804bd-3eda-4932-a08b-a3b121cb446b', 1, NULL, 3, 1800000, 5400000, 'e1e2ab6b-e3de-47ed-991c-bdcc1b125f6d', 0, 'solaodong');
INSERT INTO [HoTroCovid].[dbo].[CaNhan] (ID, HoTen, GioiTinh, NgaySinh, CMND, SinhNam) VALUES ('1912e176-7e79-4bbd-8573-ab8cb781baf4', N'Trần Thị Thanh Quá', NULL, '1996-11-08', '215459420', 1996);
INSERT INTO [HoTroCovid].[dbo].[CaNhan_DoanhNghiep] (ID, IDDoanhNghiep, IDCaNhan, IDDoiTuong, NgheNghiep, DaTra50) VALUES ('dd8b471c-3de5-40c1-8127-1932912cc1f2', 'e49841c9-785e-405e-9bf6-c9e9638c10e4', '1912e176-7e79-4bbd-8573-ab8cb781baf4', NULL, N'CNCBHSĐL', null);
INSERT INTO [HoTroCovid].[dbo].[ThongTinHoTro] (ID, IDNoiDung, IDDoiTuong, IDCaNhan) VALUES ('591433c5-d6d6-478f-9318-b745cb5edcfe', 1, NULL, '1912e176-7e79-4bbd-8573-ab8cb781baf4');
INSERT INTO [HoTroCovid].[dbo].[HoSo] (ID, IDCaNhan, IDNoiDungHoTro, IDDoiTuong, SoThang, SoTien, ThanhTien, IDThongTinHoTro, DaChi, NguoiTao) VALUES ('c17c1618-2f66-4e90-9051-dd6b709d7308', '1912e176-7e79-4bbd-8573-ab8cb781baf4', 1, NULL, 3, 1800000, 5400000, '591433c5-d6d6-478f-9318-b745cb5edcfe', 0, 'solaodong');
INSERT INTO [HoTroCovid].[dbo].[CaNhan] (ID, HoTen, GioiTinh, NgaySinh, CMND, SinhNam) VALUES ('44edaeab-d2d0-49ad-a568-23da650a41b8', N'Nguyễn Thị Ánh Tuyết', NULL, '1992-10-05', '215258416', 1992);
INSERT INTO [HoTroCovid].[dbo].[CaNhan_DoanhNghiep] (ID, IDDoanhNghiep, IDCaNhan, IDDoiTuong, NgheNghiep, DaTra50) VALUES ('d1d05e02-f11a-4c4a-8f6d-64655537fa5b', 'e49841c9-785e-405e-9bf6-c9e9638c10e4', '44edaeab-d2d0-49ad-a568-23da650a41b8', NULL, N'CNCBHSĐL', null);
INSERT INTO [HoTroCovid].[dbo].[ThongTinHoTro] (ID, IDNoiDung, IDDoiTuong, IDCaNhan) VALUES ('35e1b03b-7984-4579-9001-02aa88e9158e', 1, NULL, '44edaeab-d2d0-49ad-a568-23da650a41b8');
INSERT INTO [HoTroCovid].[dbo].[HoSo] (ID, IDCaNhan, IDNoiDungHoTro, IDDoiTuong, SoThang, SoTien, ThanhTien, IDThongTinHoTro, DaChi, NguoiTao) VALUES ('8df7f340-06f7-4635-9f8c-3593796ef71e', '44edaeab-d2d0-49ad-a568-23da650a41b8', 1, NULL, 3, 1800000, 5400000, '35e1b03b-7984-4579-9001-02aa88e9158e', 0, 'solaodong');
INSERT INTO [HoTroCovid].[dbo].[CaNhan] (ID, HoTen, GioiTinh, NgaySinh, CMND, SinhNam) VALUES ('a68df609-2e32-4064-a81a-8b066d6c1060', N'Nguyễn Thị Thu Hương', NULL, '1998-12-25', '215509832', 1998);
INSERT INTO [HoTroCovid].[dbo].[CaNhan_DoanhNghiep] (ID, IDDoanhNghiep, IDCaNhan, IDDoiTuong, NgheNghiep, DaTra50) VALUES ('7e77c3c8-3066-4012-a263-3485453de56c', 'e49841c9-785e-405e-9bf6-c9e9638c10e4', 'a68df609-2e32-4064-a81a-8b066d6c1060', NULL, N'CNCBHSĐL', null);
INSERT INTO [HoTroCovid].[dbo].[ThongTinHoTro] (ID, IDNoiDung, IDDoiTuong, IDCaNhan) VALUES ('6dc42bee-169e-4e5e-8c20-449cc99d5595', 1, NULL, 'a68df609-2e32-4064-a81a-8b066d6c1060');
INSERT INTO [HoTroCovid].[dbo].[HoSo] (ID, IDCaNhan, IDNoiDungHoTro, IDDoiTuong, SoThang, SoTien, ThanhTien, IDThongTinHoTro, DaChi, NguoiTao) VALUES ('097632ce-de75-486a-9738-6e66ea7c159d', 'a68df609-2e32-4064-a81a-8b066d6c1060', 1, NULL, 3, 1800000, 5400000, '6dc42bee-169e-4e5e-8c20-449cc99d5595', 0, 'solaodong');
INSERT INTO [HoTroCovid].[dbo].[CaNhan] (ID, HoTen, GioiTinh, NgaySinh, CMND, SinhNam) VALUES ('d52853c8-c76f-4075-858d-2124bb8a7d32', N'Nguyễn Thị Ảnh', NULL, '1992-04-01', '215240931', 1992);
INSERT INTO [HoTroCovid].[dbo].[CaNhan_DoanhNghiep] (ID, IDDoanhNghiep, IDCaNhan, IDDoiTuong, NgheNghiep, DaTra50) VALUES ('f782e954-b169-420e-932e-65a179ddbfec', 'e49841c9-785e-405e-9bf6-c9e9638c10e4', 'd52853c8-c76f-4075-858d-2124bb8a7d32', NULL, N'CNCBHSĐL', null);
INSERT INTO [HoTroCovid].[dbo].[ThongTinHoTro] (ID, IDNoiDung, IDDoiTuong, IDCaNhan) VALUES ('f24eb35f-82aa-4ff8-a1e0-754fecf85808', 1, NULL, 'd52853c8-c76f-4075-858d-2124bb8a7d32');
INSERT INTO [HoTroCovid].[dbo].[HoSo] (ID, IDCaNhan, IDNoiDungHoTro, IDDoiTuong, SoThang, SoTien, ThanhTien, IDThongTinHoTro, DaChi, NguoiTao) VALUES ('ce0aca7d-07a8-4cc3-a243-9d2b0a7f5770', 'd52853c8-c76f-4075-858d-2124bb8a7d32', 1, NULL, 3, 1800000, 5400000, 'f24eb35f-82aa-4ff8-a1e0-754fecf85808', 0, 'solaodong');
INSERT INTO [HoTroCovid].[dbo].[CaNhan] (ID, HoTen, GioiTinh, NgaySinh, CMND, SinhNam) VALUES ('51142450-4ac7-45d7-a07b-776ebc9cb6c2', N'Trần Thị Nở', NULL, '1992-05-29', '221317529', 1992);
INSERT INTO [HoTroCovid].[dbo].[CaNhan_DoanhNghiep] (ID, IDDoanhNghiep, IDCaNhan, IDDoiTuong, NgheNghiep, DaTra50) VALUES ('4f0ddbce-ff8c-4d21-b015-232119d40edf', 'e49841c9-785e-405e-9bf6-c9e9638c10e4', '51142450-4ac7-45d7-a07b-776ebc9cb6c2', NULL, N'CNCBHSĐL', null);
INSERT INTO [HoTroCovid].[dbo].[ThongTinHoTro] (ID, IDNoiDung, IDDoiTuong, IDCaNhan) VALUES ('75717350-9307-4921-98cf-e63df979d80d', 1, NULL, '51142450-4ac7-45d7-a07b-776ebc9cb6c2');
INSERT INTO [HoTroCovid].[dbo].[HoSo] (ID, IDCaNhan, IDNoiDungHoTro, IDDoiTuong, SoThang, SoTien, ThanhTien, IDThongTinHoTro, DaChi, NguoiTao) VALUES ('8f0fbcac-c97b-4410-af5c-3da3fde0f7b3', '51142450-4ac7-45d7-a07b-776ebc9cb6c2', 1, NULL, 3, 1800000, 5400000, '75717350-9307-4921-98cf-e63df979d80d', 0, 'solaodong');
INSERT INTO [HoTroCovid].[dbo].[CaNhan] (ID, HoTen, GioiTinh, NgaySinh, CMND, SinhNam) VALUES ('4b66b879-a30d-4adc-a762-8204052a14fa', N'Phạm Thị Lệ Chi', NULL, '1994-02-10', '221339104', 1994);
INSERT INTO [HoTroCovid].[dbo].[CaNhan_DoanhNghiep] (ID, IDDoanhNghiep, IDCaNhan, IDDoiTuong, NgheNghiep, DaTra50) VALUES ('eca4395a-3cd1-4cd1-a3d3-3aa72794b11d', 'e49841c9-785e-405e-9bf6-c9e9638c10e4', '4b66b879-a30d-4adc-a762-8204052a14fa', NULL, N'CNCBHSĐL', null);
INSERT INTO [HoTroCovid].[dbo].[ThongTinHoTro] (ID, IDNoiDung, IDDoiTuong, IDCaNhan) VALUES ('a3dbaf0a-ff8e-45b2-9d37-3975cc6d49a7', 1, NULL, '4b66b879-a30d-4adc-a762-8204052a14fa');
INSERT INTO [HoTroCovid].[dbo].[HoSo] (ID, IDCaNhan, IDNoiDungHoTro, IDDoiTuong, SoThang, SoTien, ThanhTien, IDThongTinHoTro, DaChi, NguoiTao) VALUES ('704c2775-4392-4464-9da9-278252658274', '4b66b879-a30d-4adc-a762-8204052a14fa', 1, NULL, 3, 1800000, 5400000, 'a3dbaf0a-ff8e-45b2-9d37-3975cc6d49a7', 0, 'solaodong');
INSERT INTO [HoTroCovid].[dbo].[CaNhan] (ID, HoTen, GioiTinh, NgaySinh, CMND, SinhNam) VALUES ('a7d1c7dc-4f54-4332-b6f4-6c2b8acb36b4', N'Nguyễn Thị Lành', NULL, '1998-02-14', '215415403', 1998);
INSERT INTO [HoTroCovid].[dbo].[CaNhan_DoanhNghiep] (ID, IDDoanhNghiep, IDCaNhan, IDDoiTuong, NgheNghiep, DaTra50) VALUES ('93d763b4-6cd9-47cc-a87e-17654ab8a2b6', 'e49841c9-785e-405e-9bf6-c9e9638c10e4', 'a7d1c7dc-4f54-4332-b6f4-6c2b8acb36b4', NULL, N'CNCBHSĐL', null);
INSERT INTO [HoTroCovid].[dbo].[ThongTinHoTro] (ID, IDNoiDung, IDDoiTuong, IDCaNhan) VALUES ('09dc45c1-01f1-4147-8dd9-3f992132d357', 1, NULL, 'a7d1c7dc-4f54-4332-b6f4-6c2b8acb36b4');
INSERT INTO [HoTroCovid].[dbo].[HoSo] (ID, IDCaNhan, IDNoiDungHoTro, IDDoiTuong, SoThang, SoTien, ThanhTien, IDThongTinHoTro, DaChi, NguoiTao) VALUES ('01b86328-019c-4158-ada8-b2e1f04aa925', 'a7d1c7dc-4f54-4332-b6f4-6c2b8acb36b4', 1, NULL, 3, 1800000, 5400000, '09dc45c1-01f1-4147-8dd9-3f992132d357', 0, 'solaodong');
INSERT INTO [HoTroCovid].[dbo].[CaNhan] (ID, HoTen, GioiTinh, NgaySinh, CMND, SinhNam) VALUES ('07341aab-94f4-478f-98c9-885c150929df', N'Nguyễn Thị Bích Phường', NULL, '1990-07-15', '215227038', 1990);
INSERT INTO [HoTroCovid].[dbo].[CaNhan_DoanhNghiep] (ID, IDDoanhNghiep, IDCaNhan, IDDoiTuong, NgheNghiep, DaTra50) VALUES ('57d29edf-1647-4e13-882e-d1a2d8f637b0', 'e49841c9-785e-405e-9bf6-c9e9638c10e4', '07341aab-94f4-478f-98c9-885c150929df', NULL, N'CNCBHSĐL', null);
INSERT INTO [HoTroCovid].[dbo].[ThongTinHoTro] (ID, IDNoiDung, IDDoiTuong, IDCaNhan) VALUES ('8f5e708b-ccf4-4369-91df-37f145a4fe02', 1, NULL, '07341aab-94f4-478f-98c9-885c150929df');
INSERT INTO [HoTroCovid].[dbo].[HoSo] (ID, IDCaNhan, IDNoiDungHoTro, IDDoiTuong, SoThang, SoTien, ThanhTien, IDThongTinHoTro, DaChi, NguoiTao) VALUES ('7146f4a1-4e8f-4c98-a5d0-5dfec6c5b1b1', '07341aab-94f4-478f-98c9-885c150929df', 1, NULL, 3, 1800000, 5400000, '8f5e708b-ccf4-4369-91df-37f145a4fe02', 0, 'solaodong');
INSERT INTO [HoTroCovid].[dbo].[CaNhan] (ID, HoTen, GioiTinh, NgaySinh, CMND, SinhNam) VALUES ('dbb21358-7e49-432c-aa8e-445e05fa36dd', N'Nguyễn Thị Ngọc Thu', NULL, '1997-11-04', '215407307', 1997);
INSERT INTO [HoTroCovid].[dbo].[CaNhan_DoanhNghiep] (ID, IDDoanhNghiep, IDCaNhan, IDDoiTuong, NgheNghiep, DaTra50) VALUES ('96a777e4-f893-4bb5-a515-be61ea3343e2', 'e49841c9-785e-405e-9bf6-c9e9638c10e4', 'dbb21358-7e49-432c-aa8e-445e05fa36dd', NULL, N'CNCBHSĐL', null);
INSERT INTO [HoTroCovid].[dbo].[ThongTinHoTro] (ID, IDNoiDung, IDDoiTuong, IDCaNhan) VALUES ('a0a56eab-906d-468f-8784-4519034bf06e', 1, NULL, 'dbb21358-7e49-432c-aa8e-445e05fa36dd');
INSERT INTO [HoTroCovid].[dbo].[HoSo] (ID, IDCaNhan, IDNoiDungHoTro, IDDoiTuong, SoThang, SoTien, ThanhTien, IDThongTinHoTro, DaChi, NguoiTao) VALUES ('e731d81c-bd5c-4a1b-b401-b8844bc1f65d', 'dbb21358-7e49-432c-aa8e-445e05fa36dd', 1, NULL, 3, 1800000, 5400000, 'a0a56eab-906d-468f-8784-4519034bf06e', 0, 'solaodong');
INSERT INTO [HoTroCovid].[dbo].[CaNhan] (ID, HoTen, GioiTinh, NgaySinh, CMND, SinhNam) VALUES ('7c9c5da1-60b1-4df9-b71c-4809693c0cd5', N'Nguyễn Thị Yến', NULL, '1995-02-21', '215375046', 1995);
INSERT INTO [HoTroCovid].[dbo].[CaNhan_DoanhNghiep] (ID, IDDoanhNghiep, IDCaNhan, IDDoiTuong, NgheNghiep, DaTra50) VALUES ('8547dccc-1467-410d-b96b-eab5bffcf238', 'e49841c9-785e-405e-9bf6-c9e9638c10e4', '7c9c5da1-60b1-4df9-b71c-4809693c0cd5', NULL, N'CNCBHSĐL', null);
INSERT INTO [HoTroCovid].[dbo].[ThongTinHoTro] (ID, IDNoiDung, IDDoiTuong, IDCaNhan) VALUES ('6fe2012e-4520-4c77-a19a-6abadee3749d', 1, NULL, '7c9c5da1-60b1-4df9-b71c-4809693c0cd5');
INSERT INTO [HoTroCovid].[dbo].[HoSo] (ID, IDCaNhan, IDNoiDungHoTro, IDDoiTuong, SoThang, SoTien, ThanhTien, IDThongTinHoTro, DaChi, NguoiTao) VALUES ('83effe73-b88e-433b-8e02-dbf6a7e3f2c1', '7c9c5da1-60b1-4df9-b71c-4809693c0cd5', 1, NULL, 3, 1800000, 5400000, '6fe2012e-4520-4c77-a19a-6abadee3749d', 0, 'solaodong');
INSERT INTO [HoTroCovid].[dbo].[CaNhan] (ID, HoTen, GioiTinh, NgaySinh, CMND, SinhNam) VALUES ('8423343c-e6b6-4329-be41-3830ad81f5df', N'Phạm Thị Chín', NULL, '1984-10-10', '215000240', 1984);
INSERT INTO [HoTroCovid].[dbo].[CaNhan_DoanhNghiep] (ID, IDDoanhNghiep, IDCaNhan, IDDoiTuong, NgheNghiep, DaTra50) VALUES ('5fe5b6ca-7726-44a9-a1fe-905511b234cd', 'e49841c9-785e-405e-9bf6-c9e9638c10e4', '8423343c-e6b6-4329-be41-3830ad81f5df', NULL, N'CNCBHSĐL', null);
INSERT INTO [HoTroCovid].[dbo].[ThongTinHoTro] (ID, IDNoiDung, IDDoiTuong, IDCaNhan) VALUES ('677226df-5320-49c3-955b-78bdbbb49db6', 1, NULL, '8423343c-e6b6-4329-be41-3830ad81f5df');
INSERT INTO [HoTroCovid].[dbo].[HoSo] (ID, IDCaNhan, IDNoiDungHoTro, IDDoiTuong, SoThang, SoTien, ThanhTien, IDThongTinHoTro, DaChi, NguoiTao) VALUES ('5cc6c973-90fa-49d0-8412-6083a5febe85', '8423343c-e6b6-4329-be41-3830ad81f5df', 1, NULL, 3, 1800000, 5400000, '677226df-5320-49c3-955b-78bdbbb49db6', 0, 'solaodong');
INSERT INTO [HoTroCovid].[dbo].[CaNhan] (ID, HoTen, GioiTinh, NgaySinh, CMND, SinhNam) VALUES ('e0a728bd-547f-41af-9d01-6691a7cd06c6', N'Nguyễn Thị Ý Vy', NULL, '1994-07-02', '215298335', 1994);
INSERT INTO [HoTroCovid].[dbo].[CaNhan_DoanhNghiep] (ID, IDDoanhNghiep, IDCaNhan, IDDoiTuong, NgheNghiep, DaTra50) VALUES ('59933be1-f407-4553-b724-0c49d95a0b21', 'e49841c9-785e-405e-9bf6-c9e9638c10e4', 'e0a728bd-547f-41af-9d01-6691a7cd06c6', NULL, N'CNCBHSĐL', null);
INSERT INTO [HoTroCovid].[dbo].[ThongTinHoTro] (ID, IDNoiDung, IDDoiTuong, IDCaNhan) VALUES ('5a7aff8e-e4bb-4045-a6b1-91a9270a7cde', 1, NULL, 'e0a728bd-547f-41af-9d01-6691a7cd06c6');
INSERT INTO [HoTroCovid].[dbo].[HoSo] (ID, IDCaNhan, IDNoiDungHoTro, IDDoiTuong, SoThang, SoTien, ThanhTien, IDThongTinHoTro, DaChi, NguoiTao) VALUES ('08a78cd9-7ace-41ff-bd23-f38fb633e2e9', 'e0a728bd-547f-41af-9d01-6691a7cd06c6', 1, NULL, 3, 1800000, 5400000, '5a7aff8e-e4bb-4045-a6b1-91a9270a7cde', 0, 'solaodong');
INSERT INTO [HoTroCovid].[dbo].[CaNhan] (ID, HoTen, GioiTinh, NgaySinh, CMND, SinhNam) VALUES ('17d93cbb-fba0-4f50-ba81-c55712913660', N'Trương Thị Mai', NULL, '1993-08-13', '231051485', 1993);
INSERT INTO [HoTroCovid].[dbo].[CaNhan_DoanhNghiep] (ID, IDDoanhNghiep, IDCaNhan, IDDoiTuong, NgheNghiep, DaTra50) VALUES ('6ff6622c-a661-4c37-a8bf-1524cbf2cec2', 'e49841c9-785e-405e-9bf6-c9e9638c10e4', '17d93cbb-fba0-4f50-ba81-c55712913660', NULL, N'CNCBHSĐL', null);
INSERT INTO [HoTroCovid].[dbo].[ThongTinHoTro] (ID, IDNoiDung, IDDoiTuong, IDCaNhan) VALUES ('c400733a-2921-411c-b052-b46d431ab7f5', 1, NULL, '17d93cbb-fba0-4f50-ba81-c55712913660');
INSERT INTO [HoTroCovid].[dbo].[HoSo] (ID, IDCaNhan, IDNoiDungHoTro, IDDoiTuong, SoThang, SoTien, ThanhTien, IDThongTinHoTro, DaChi, NguoiTao) VALUES ('0badd64f-1ce4-4fb6-ade0-3bfe3ce169b4', '17d93cbb-fba0-4f50-ba81-c55712913660', 1, NULL, 3, 1800000, 5400000, 'c400733a-2921-411c-b052-b46d431ab7f5', 0, 'solaodong');
INSERT INTO [HoTroCovid].[dbo].[CaNhan] (ID, HoTen, GioiTinh, NgaySinh, CMND, SinhNam) VALUES ('52eb96bb-4f07-4604-b690-a047b8c4f379', N'Võ Thị Sang', NULL, '1998-02-12', '215435933', 1998);
INSERT INTO [HoTroCovid].[dbo].[CaNhan_DoanhNghiep] (ID, IDDoanhNghiep, IDCaNhan, IDDoiTuong, NgheNghiep, DaTra50) VALUES ('ce34fc26-b907-48af-9e4c-eb8fd93b5d60', 'e49841c9-785e-405e-9bf6-c9e9638c10e4', '52eb96bb-4f07-4604-b690-a047b8c4f379', NULL, N'CNCBHSĐL', null);
INSERT INTO [HoTroCovid].[dbo].[ThongTinHoTro] (ID, IDNoiDung, IDDoiTuong, IDCaNhan) VALUES ('eaf8af00-ac19-4fb8-b52d-a885bedcfab0', 1, NULL, '52eb96bb-4f07-4604-b690-a047b8c4f379');
INSERT INTO [HoTroCovid].[dbo].[HoSo] (ID, IDCaNhan, IDNoiDungHoTro, IDDoiTuong, SoThang, SoTien, ThanhTien, IDThongTinHoTro, DaChi, NguoiTao) VALUES ('56b8c8db-8f0e-4448-b7b5-702fa6b9b5e1', '52eb96bb-4f07-4604-b690-a047b8c4f379', 1, NULL, 3, 1800000, 5400000, 'eaf8af00-ac19-4fb8-b52d-a885bedcfab0', 0, 'solaodong');
INSERT INTO [HoTroCovid].[dbo].[CaNhan] (ID, HoTen, GioiTinh, NgaySinh, CMND, SinhNam) VALUES ('9643d0ff-707f-4b9f-adf4-1b9f4d96b01f', N'Lê Thị Hồng Thật', NULL, '1996-03-26', '215357460', 1996);
INSERT INTO [HoTroCovid].[dbo].[CaNhan_DoanhNghiep] (ID, IDDoanhNghiep, IDCaNhan, IDDoiTuong, NgheNghiep, DaTra50) VALUES ('a26e88ef-b43f-43a9-8146-e75b8b10e986', 'e49841c9-785e-405e-9bf6-c9e9638c10e4', '9643d0ff-707f-4b9f-adf4-1b9f4d96b01f', NULL, N'CNCBHSĐL', null);
INSERT INTO [HoTroCovid].[dbo].[ThongTinHoTro] (ID, IDNoiDung, IDDoiTuong, IDCaNhan) VALUES ('622f18a8-39c4-4dab-8683-bbc359c2042e', 1, NULL, '9643d0ff-707f-4b9f-adf4-1b9f4d96b01f');
INSERT INTO [HoTroCovid].[dbo].[HoSo] (ID, IDCaNhan, IDNoiDungHoTro, IDDoiTuong, SoThang, SoTien, ThanhTien, IDThongTinHoTro, DaChi, NguoiTao) VALUES ('722a8509-b74b-47d1-be7d-cad2ef701977', '9643d0ff-707f-4b9f-adf4-1b9f4d96b01f', 1, NULL, 3, 1800000, 5400000, '622f18a8-39c4-4dab-8683-bbc359c2042e', 0, 'solaodong');
INSERT INTO [HoTroCovid].[dbo].[CaNhan] (ID, HoTen, GioiTinh, NgaySinh, CMND, SinhNam) VALUES ('541dbd45-d10e-42db-a9c6-160b8aa75dcf', N'Mai Thanh Phúc', NULL, '1990-07-18', '215166262', 1990);
INSERT INTO [HoTroCovid].[dbo].[CaNhan_DoanhNghiep] (ID, IDDoanhNghiep, IDCaNhan, IDDoiTuong, NgheNghiep, DaTra50) VALUES ('c2588c38-0939-426f-a50a-4873152e36d7', 'e49841c9-785e-405e-9bf6-c9e9638c10e4', '541dbd45-d10e-42db-a9c6-160b8aa75dcf', NULL, N'CNCBHSĐL', null);
INSERT INTO [HoTroCovid].[dbo].[ThongTinHoTro] (ID, IDNoiDung, IDDoiTuong, IDCaNhan) VALUES ('a15d8180-d48a-43f3-93ff-24414b2b8595', 1, NULL, '541dbd45-d10e-42db-a9c6-160b8aa75dcf');
INSERT INTO [HoTroCovid].[dbo].[HoSo] (ID, IDCaNhan, IDNoiDungHoTro, IDDoiTuong, SoThang, SoTien, ThanhTien, IDThongTinHoTro, DaChi, NguoiTao) VALUES ('766368ef-4275-4699-80f8-69bbf12d551c', '541dbd45-d10e-42db-a9c6-160b8aa75dcf', 1, NULL, 3, 1800000, 5400000, 'a15d8180-d48a-43f3-93ff-24414b2b8595', 0, 'solaodong');
INSERT INTO [HoTroCovid].[dbo].[CaNhan] (ID, HoTen, GioiTinh, NgaySinh, CMND, SinhNam) VALUES ('2a9079a0-20e0-4bab-adff-843046e513dd', N'Dương Thị Chung', NULL, '1989-08-28', '215099926', 1989);
INSERT INTO [HoTroCovid].[dbo].[CaNhan_DoanhNghiep] (ID, IDDoanhNghiep, IDCaNhan, IDDoiTuong, NgheNghiep, DaTra50) VALUES ('7dea9198-ca84-4ae1-b466-483d8d6b4cad', 'e49841c9-785e-405e-9bf6-c9e9638c10e4', '2a9079a0-20e0-4bab-adff-843046e513dd', NULL, N'CNCBHSĐL', null);
INSERT INTO [HoTroCovid].[dbo].[ThongTinHoTro] (ID, IDNoiDung, IDDoiTuong, IDCaNhan) VALUES ('95562533-7d32-4b31-a546-54091290a133', 1, NULL, '2a9079a0-20e0-4bab-adff-843046e513dd');
INSERT INTO [HoTroCovid].[dbo].[HoSo] (ID, IDCaNhan, IDNoiDungHoTro, IDDoiTuong, SoThang, SoTien, ThanhTien, IDThongTinHoTro, DaChi, NguoiTao) VALUES ('5474e68f-ac8c-42fd-8338-99ae2cc8122f', '2a9079a0-20e0-4bab-adff-843046e513dd', 1, NULL, 3, 1800000, 5400000, '95562533-7d32-4b31-a546-54091290a133', 0, 'solaodong');
INSERT INTO [HoTroCovid].[dbo].[CaNhan] (ID, HoTen, GioiTinh, NgaySinh, CMND, SinhNam) VALUES ('4535101b-2380-4afa-8171-efcc4d194820', N'Phan Xuân Ly', NULL, '1999-12-14', '215498689', 1999);
INSERT INTO [HoTroCovid].[dbo].[CaNhan_DoanhNghiep] (ID, IDDoanhNghiep, IDCaNhan, IDDoiTuong, NgheNghiep, DaTra50) VALUES ('0a998c03-009f-4526-886e-491a3dbb63af', 'e49841c9-785e-405e-9bf6-c9e9638c10e4', '4535101b-2380-4afa-8171-efcc4d194820', NULL, N'CNCBHSĐL', null);
INSERT INTO [HoTroCovid].[dbo].[ThongTinHoTro] (ID, IDNoiDung, IDDoiTuong, IDCaNhan) VALUES ('0b00d1b7-420c-44f9-b0ba-72b1042ebc3e', 1, NULL, '4535101b-2380-4afa-8171-efcc4d194820');
INSERT INTO [HoTroCovid].[dbo].[HoSo] (ID, IDCaNhan, IDNoiDungHoTro, IDDoiTuong, SoThang, SoTien, ThanhTien, IDThongTinHoTro, DaChi, NguoiTao) VALUES ('a3f90227-ae56-497d-9c05-b04b07b073e6', '4535101b-2380-4afa-8171-efcc4d194820', 1, NULL, 3, 1800000, 5400000, '0b00d1b7-420c-44f9-b0ba-72b1042ebc3e', 0, 'solaodong');
INSERT INTO [HoTroCovid].[dbo].[CaNhan] (ID, HoTen, GioiTinh, NgaySinh, CMND, SinhNam) VALUES ('76f074f2-e024-4c33-8061-3a9e37f33641', N'Phan Thị Tuyển', NULL, '1986-04-10', '215114778', 1986);
INSERT INTO [HoTroCovid].[dbo].[CaNhan_DoanhNghiep] (ID, IDDoanhNghiep, IDCaNhan, IDDoiTuong, NgheNghiep, DaTra50) VALUES ('6efb720f-0bfa-4deb-b171-3f56a41170a3', 'e49841c9-785e-405e-9bf6-c9e9638c10e4', '76f074f2-e024-4c33-8061-3a9e37f33641', NULL, N'CNCBHSĐL', null);
INSERT INTO [HoTroCovid].[dbo].[ThongTinHoTro] (ID, IDNoiDung, IDDoiTuong, IDCaNhan) VALUES ('80bbdcca-e340-4afd-99ad-d73018f508a3', 1, NULL, '76f074f2-e024-4c33-8061-3a9e37f33641');
INSERT INTO [HoTroCovid].[dbo].[HoSo] (ID, IDCaNhan, IDNoiDungHoTro, IDDoiTuong, SoThang, SoTien, ThanhTien, IDThongTinHoTro, DaChi, NguoiTao) VALUES ('707c177f-b3e5-4e3d-80e7-05dea1907ece', '76f074f2-e024-4c33-8061-3a9e37f33641', 1, NULL, 3, 1800000, 5400000, '80bbdcca-e340-4afd-99ad-d73018f508a3', 0, 'solaodong');
INSERT INTO [HoTroCovid].[dbo].[CaNhan] (ID, HoTen, GioiTinh, NgaySinh, CMND, SinhNam) VALUES ('fc6d4d03-ff43-4ff8-ae03-dd037aef5d47', N'Phan Thị Bích Thuận', NULL, '1996-06-09', '215380836', 1996);
INSERT INTO [HoTroCovid].[dbo].[CaNhan_DoanhNghiep] (ID, IDDoanhNghiep, IDCaNhan, IDDoiTuong, NgheNghiep, DaTra50) VALUES ('1b912d58-a01c-4927-8b54-dd9ab326f137', 'e49841c9-785e-405e-9bf6-c9e9638c10e4', 'fc6d4d03-ff43-4ff8-ae03-dd037aef5d47', NULL, N'CNCBHSĐL', null);
INSERT INTO [HoTroCovid].[dbo].[ThongTinHoTro] (ID, IDNoiDung, IDDoiTuong, IDCaNhan) VALUES ('e6418d4a-6b8b-4d04-8fef-df675604d165', 1, NULL, 'fc6d4d03-ff43-4ff8-ae03-dd037aef5d47');
INSERT INTO [HoTroCovid].[dbo].[HoSo] (ID, IDCaNhan, IDNoiDungHoTro, IDDoiTuong, SoThang, SoTien, ThanhTien, IDThongTinHoTro, DaChi, NguoiTao) VALUES ('9224b999-6775-46ed-bce0-2abac77f3a22', 'fc6d4d03-ff43-4ff8-ae03-dd037aef5d47', 1, NULL, 3, 1800000, 5400000, 'e6418d4a-6b8b-4d04-8fef-df675604d165', 0, 'solaodong');
INSERT INTO [HoTroCovid].[dbo].[CaNhan] (ID, HoTen, GioiTinh, NgaySinh, CMND, SinhNam) VALUES ('e0e78a4e-fad0-4b32-a398-4f3e17c177a0', N'Bùi Thị Thảo', NULL, '1989-01-05', '215148739', 1989);
INSERT INTO [HoTroCovid].[dbo].[CaNhan_DoanhNghiep] (ID, IDDoanhNghiep, IDCaNhan, IDDoiTuong, NgheNghiep, DaTra50) VALUES ('9b7bd643-f142-4ba1-a944-1084c835b843', 'e49841c9-785e-405e-9bf6-c9e9638c10e4', 'e0e78a4e-fad0-4b32-a398-4f3e17c177a0', NULL, N'CNCBHSĐL', null);
INSERT INTO [HoTroCovid].[dbo].[ThongTinHoTro] (ID, IDNoiDung, IDDoiTuong, IDCaNhan) VALUES ('da9a4c56-6f47-463d-82d9-bda9ab9a060d', 1, NULL, 'e0e78a4e-fad0-4b32-a398-4f3e17c177a0');
INSERT INTO [HoTroCovid].[dbo].[HoSo] (ID, IDCaNhan, IDNoiDungHoTro, IDDoiTuong, SoThang, SoTien, ThanhTien, IDThongTinHoTro, DaChi, NguoiTao) VALUES ('089df0c7-c664-4547-95f5-7ee4cda030c6', 'e0e78a4e-fad0-4b32-a398-4f3e17c177a0', 1, NULL, 3, 1800000, 5400000, 'da9a4c56-6f47-463d-82d9-bda9ab9a060d', 0, 'solaodong');
INSERT INTO [HoTroCovid].[dbo].[CaNhan] (ID, HoTen, GioiTinh, NgaySinh, CMND, SinhNam) VALUES ('9e229c06-05a2-4d83-98c1-1ba5724c7077', N'Châu Viễn Quỳnh Ngân', NULL, '1991-04-07', '215130431', 1991);
INSERT INTO [HoTroCovid].[dbo].[CaNhan_DoanhNghiep] (ID, IDDoanhNghiep, IDCaNhan, IDDoiTuong, NgheNghiep, DaTra50) VALUES ('6f12d126-f242-4643-97b5-48828237494c', 'e49841c9-785e-405e-9bf6-c9e9638c10e4', '9e229c06-05a2-4d83-98c1-1ba5724c7077', NULL, N'CNCBHSĐL', null);
INSERT INTO [HoTroCovid].[dbo].[ThongTinHoTro] (ID, IDNoiDung, IDDoiTuong, IDCaNhan) VALUES ('e103d39f-9587-47d7-b683-16335df2732e', 1, NULL, '9e229c06-05a2-4d83-98c1-1ba5724c7077');
INSERT INTO [HoTroCovid].[dbo].[HoSo] (ID, IDCaNhan, IDNoiDungHoTro, IDDoiTuong, SoThang, SoTien, ThanhTien, IDThongTinHoTro, DaChi, NguoiTao) VALUES ('a4f447ad-5b16-41ee-9c85-b5a9aa0d63e5', '9e229c06-05a2-4d83-98c1-1ba5724c7077', 1, NULL, 3, 1800000, 5400000, 'e103d39f-9587-47d7-b683-16335df2732e', 0, 'solaodong');
INSERT INTO [HoTroCovid].[dbo].[CaNhan] (ID, HoTen, GioiTinh, NgaySinh, CMND, SinhNam) VALUES ('ec079130-0b50-4fed-b9e7-f0deb4db8dbc', N'Nguyễn Thị Hoa', NULL, '1990-06-10', '215121072', 1990);
INSERT INTO [HoTroCovid].[dbo].[CaNhan_DoanhNghiep] (ID, IDDoanhNghiep, IDCaNhan, IDDoiTuong, NgheNghiep, DaTra50) VALUES ('581f15fb-282e-4986-ad9c-cb0bfdcf3e1a', 'e49841c9-785e-405e-9bf6-c9e9638c10e4', 'ec079130-0b50-4fed-b9e7-f0deb4db8dbc', NULL, N'CNCBHSĐL', null);
INSERT INTO [HoTroCovid].[dbo].[ThongTinHoTro] (ID, IDNoiDung, IDDoiTuong, IDCaNhan) VALUES ('b9836c68-8332-48d3-84a3-f3db1567816d', 1, NULL, 'ec079130-0b50-4fed-b9e7-f0deb4db8dbc');
INSERT INTO [HoTroCovid].[dbo].[HoSo] (ID, IDCaNhan, IDNoiDungHoTro, IDDoiTuong, SoThang, SoTien, ThanhTien, IDThongTinHoTro, DaChi, NguoiTao) VALUES ('8cd2c3df-ef67-4123-8343-391b302c9ab6', 'ec079130-0b50-4fed-b9e7-f0deb4db8dbc', 1, NULL, 3, 1800000, 5400000, 'b9836c68-8332-48d3-84a3-f3db1567816d', 0, 'solaodong');
INSERT INTO [HoTroCovid].[dbo].[CaNhan] (ID, HoTen, GioiTinh, NgaySinh, CMND, SinhNam) VALUES ('937b9d79-b976-403d-bde0-24ac75001e74', N'Nguyễn Thị Thức', NULL, '1983-03-25', '211797998', 1983);
INSERT INTO [HoTroCovid].[dbo].[CaNhan_DoanhNghiep] (ID, IDDoanhNghiep, IDCaNhan, IDDoiTuong, NgheNghiep, DaTra50) VALUES ('fe2e7307-63c0-442f-bf4b-3a9d4ae6afa9', 'e49841c9-785e-405e-9bf6-c9e9638c10e4', '937b9d79-b976-403d-bde0-24ac75001e74', NULL, N'Tổ trưởng Steak', null);
INSERT INTO [HoTroCovid].[dbo].[ThongTinHoTro] (ID, IDNoiDung, IDDoiTuong, IDCaNhan) VALUES ('a25a7fa6-cc8e-4e77-be63-695e35c255da', 1, NULL, '937b9d79-b976-403d-bde0-24ac75001e74');
INSERT INTO [HoTroCovid].[dbo].[HoSo] (ID, IDCaNhan, IDNoiDungHoTro, IDDoiTuong, SoThang, SoTien, ThanhTien, IDThongTinHoTro, DaChi, NguoiTao) VALUES ('d060a219-df08-4f3a-9677-e04f82e31756', '937b9d79-b976-403d-bde0-24ac75001e74', 1, NULL, 3, 1800000, 5400000, 'a25a7fa6-cc8e-4e77-be63-695e35c255da', 0, 'solaodong');
INSERT INTO [HoTroCovid].[dbo].[CaNhan] (ID, HoTen, GioiTinh, NgaySinh, CMND, SinhNam) VALUES ('1435bff5-3fb2-4526-9407-d983ba4b9804', N'Phạm Xuân Nghĩa', 1, '2003-07-25', '215595598', 2003);
INSERT INTO [HoTroCovid].[dbo].[CaNhan_DoanhNghiep] (ID, IDDoanhNghiep, IDCaNhan, IDDoiTuong, NgheNghiep, DaTra50) VALUES ('c24d4eba-0b57-4e42-a0b4-2641f249cb03', 'e49841c9-785e-405e-9bf6-c9e9638c10e4', '1435bff5-3fb2-4526-9407-d983ba4b9804', NULL, N'CNCBHSĐL', null);
INSERT INTO [HoTroCovid].[dbo].[ThongTinHoTro] (ID, IDNoiDung, IDDoiTuong, IDCaNhan) VALUES ('ccb50a8c-3f04-4ead-90da-935d05d239a1', 1, NULL, '1435bff5-3fb2-4526-9407-d983ba4b9804');
INSERT INTO [HoTroCovid].[dbo].[HoSo] (ID, IDCaNhan, IDNoiDungHoTro, IDDoiTuong, SoThang, SoTien, ThanhTien, IDThongTinHoTro, DaChi, NguoiTao) VALUES ('bb649fad-428f-4d62-9398-8d4205daf9e4', '1435bff5-3fb2-4526-9407-d983ba4b9804', 1, NULL, 3, 1800000, 5400000, 'ccb50a8c-3f04-4ead-90da-935d05d239a1', 0, 'solaodong');
INSERT INTO [HoTroCovid].[dbo].[CaNhan] (ID, HoTen, GioiTinh, NgaySinh, CMND, SinhNam) VALUES ('058000d4-c629-43a8-b5a0-95740de5dc79', N'Nguyễn Thu Hiền', NULL, '1998-10-27', '215410873', 1998);
INSERT INTO [HoTroCovid].[dbo].[CaNhan_DoanhNghiep] (ID, IDDoanhNghiep, IDCaNhan, IDDoiTuong, NgheNghiep, DaTra50) VALUES ('f0cafc0e-c391-4ff1-8352-457c9a2a171a', 'e49841c9-785e-405e-9bf6-c9e9638c10e4', '058000d4-c629-43a8-b5a0-95740de5dc79', NULL, N'CNCBHSĐL', null);
INSERT INTO [HoTroCovid].[dbo].[ThongTinHoTro] (ID, IDNoiDung, IDDoiTuong, IDCaNhan) VALUES ('31cd7e55-f587-4844-84c7-9f7e4a1b9d5a', 1, NULL, '058000d4-c629-43a8-b5a0-95740de5dc79');
INSERT INTO [HoTroCovid].[dbo].[HoSo] (ID, IDCaNhan, IDNoiDungHoTro, IDDoiTuong, SoThang, SoTien, ThanhTien, IDThongTinHoTro, DaChi, NguoiTao) VALUES ('fd6ece14-fe57-4648-8fcb-3e61c54f2855', '058000d4-c629-43a8-b5a0-95740de5dc79', 1, NULL, 3, 1800000, 5400000, '31cd7e55-f587-4844-84c7-9f7e4a1b9d5a', 0, 'solaodong');
INSERT INTO [HoTroCovid].[dbo].[CaNhan] (ID, HoTen, GioiTinh, NgaySinh, CMND, SinhNam) VALUES ('bb8af373-d4f7-4a02-be22-3edbd426780d', N'Huỳnh Thị Ngọc Hà', NULL, '1992-02-20', '215165505', 1992);
INSERT INTO [HoTroCovid].[dbo].[CaNhan_DoanhNghiep] (ID, IDDoanhNghiep, IDCaNhan, IDDoiTuong, NgheNghiep, DaTra50) VALUES ('70b7fa7a-30a0-453f-9074-af01b03faf1e', 'e49841c9-785e-405e-9bf6-c9e9638c10e4', 'bb8af373-d4f7-4a02-be22-3edbd426780d', NULL, N'CNCBHSĐL', null);
INSERT INTO [HoTroCovid].[dbo].[ThongTinHoTro] (ID, IDNoiDung, IDDoiTuong, IDCaNhan) VALUES ('40e44121-dc7d-480f-939f-07b25e9e3905', 1, NULL, 'bb8af373-d4f7-4a02-be22-3edbd426780d');
INSERT INTO [HoTroCovid].[dbo].[HoSo] (ID, IDCaNhan, IDNoiDungHoTro, IDDoiTuong, SoThang, SoTien, ThanhTien, IDThongTinHoTro, DaChi, NguoiTao) VALUES ('b9460588-8282-49f8-8e3b-8be8c2cdb808', 'bb8af373-d4f7-4a02-be22-3edbd426780d', 1, NULL, 3, 1800000, 5400000, '40e44121-dc7d-480f-939f-07b25e9e3905', 0, 'solaodong');
INSERT INTO [HoTroCovid].[dbo].[CaNhan] (ID, HoTen, GioiTinh, NgaySinh, CMND, SinhNam) VALUES ('2defabed-3cad-4f71-8fd2-af76a6261745', N'Lưu Vương', 1, '1983-03-10', '211780609', 1983);
INSERT INTO [HoTroCovid].[dbo].[CaNhan_DoanhNghiep] (ID, IDDoanhNghiep, IDCaNhan, IDDoiTuong, NgheNghiep, DaTra50) VALUES ('82314c83-fc16-420e-8ea4-113d13fc4119', 'e49841c9-785e-405e-9bf6-c9e9638c10e4', '2defabed-3cad-4f71-8fd2-af76a6261745', NULL, N'Tổ trưởng ĐG1', null);
INSERT INTO [HoTroCovid].[dbo].[ThongTinHoTro] (ID, IDNoiDung, IDDoiTuong, IDCaNhan) VALUES ('8bfddfe1-4bbc-4da0-b374-b45d21e41ccf', 1, NULL, '2defabed-3cad-4f71-8fd2-af76a6261745');
INSERT INTO [HoTroCovid].[dbo].[HoSo] (ID, IDCaNhan, IDNoiDungHoTro, IDDoiTuong, SoThang, SoTien, ThanhTien, IDThongTinHoTro, DaChi, NguoiTao) VALUES ('9e592dcb-be65-45d0-9621-10289f903cd0', '2defabed-3cad-4f71-8fd2-af76a6261745', 1, NULL, 3, 1800000, 5400000, '8bfddfe1-4bbc-4da0-b374-b45d21e41ccf', 0, 'solaodong');
INSERT INTO [HoTroCovid].[dbo].[CaNhan] (ID, HoTen, GioiTinh, NgaySinh, CMND, SinhNam) VALUES ('fc944fc4-2d48-4cc3-9b7c-5d7301f7ddc0', N'Trần Thị Bích Hạnh', NULL, '1999-03-02', '231109027', 1999);
INSERT INTO [HoTroCovid].[dbo].[CaNhan_DoanhNghiep] (ID, IDDoanhNghiep, IDCaNhan, IDDoiTuong, NgheNghiep, DaTra50) VALUES ('9702f37e-9b01-4d09-ad4e-ddd8ff128d45', 'e49841c9-785e-405e-9bf6-c9e9638c10e4', 'fc944fc4-2d48-4cc3-9b7c-5d7301f7ddc0', NULL, N'CNCBHSĐL', null);
INSERT INTO [HoTroCovid].[dbo].[ThongTinHoTro] (ID, IDNoiDung, IDDoiTuong, IDCaNhan) VALUES ('79c80a14-9dd3-4c6e-81c4-123dab816803', 1, NULL, 'fc944fc4-2d48-4cc3-9b7c-5d7301f7ddc0');
INSERT INTO [HoTroCovid].[dbo].[HoSo] (ID, IDCaNhan, IDNoiDungHoTro, IDDoiTuong, SoThang, SoTien, ThanhTien, IDThongTinHoTro, DaChi, NguoiTao) VALUES ('c53eaaec-97c7-4ca6-b09f-a349e69c32dd', 'fc944fc4-2d48-4cc3-9b7c-5d7301f7ddc0', 1, NULL, 3, 1800000, 5400000, '79c80a14-9dd3-4c6e-81c4-123dab816803', 0, 'solaodong');
INSERT INTO [HoTroCovid].[dbo].[CaNhan] (ID, HoTen, GioiTinh, NgaySinh, CMND, SinhNam) VALUES ('a7f4cdab-e68b-4a7f-a562-d5049b82be10', N'Trần Văn Định', 1, '1988-04-10', '215093403', 1988);
INSERT INTO [HoTroCovid].[dbo].[CaNhan_DoanhNghiep] (ID, IDDoanhNghiep, IDCaNhan, IDDoiTuong, NgheNghiep, DaTra50) VALUES ('d2f01de8-40d0-4650-9290-cca377c6b8e5', 'e49841c9-785e-405e-9bf6-c9e9638c10e4', 'a7f4cdab-e68b-4a7f-a562-d5049b82be10', NULL, N'Tổ phó ĐG1', null);
INSERT INTO [HoTroCovid].[dbo].[ThongTinHoTro] (ID, IDNoiDung, IDDoiTuong, IDCaNhan) VALUES ('d2bdec20-7839-44ba-aad4-1592016c133f', 1, NULL, 'a7f4cdab-e68b-4a7f-a562-d5049b82be10');
INSERT INTO [HoTroCovid].[dbo].[HoSo] (ID, IDCaNhan, IDNoiDungHoTro, IDDoiTuong, SoThang, SoTien, ThanhTien, IDThongTinHoTro, DaChi, NguoiTao) VALUES ('04336d13-be26-4559-9e1c-500b9512f414', 'a7f4cdab-e68b-4a7f-a562-d5049b82be10', 1, NULL, 3, 1800000, 5400000, 'd2bdec20-7839-44ba-aad4-1592016c133f', 0, 'solaodong');
INSERT INTO [HoTroCovid].[dbo].[CaNhan] (ID, HoTen, GioiTinh, NgaySinh, CMND, SinhNam) VALUES ('78a39c2d-57b6-4845-9add-ee52738230a2', N'Võ Thị Ngọc Quí', NULL, '1996-11-09', '215403752', 1996);
INSERT INTO [HoTroCovid].[dbo].[CaNhan_DoanhNghiep] (ID, IDDoanhNghiep, IDCaNhan, IDDoiTuong, NgheNghiep, DaTra50) VALUES ('6e1aeca6-46a0-4c31-8f09-bb384f50445a', 'e49841c9-785e-405e-9bf6-c9e9638c10e4', '78a39c2d-57b6-4845-9add-ee52738230a2', NULL, N'CNCBHSĐL', null);
INSERT INTO [HoTroCovid].[dbo].[ThongTinHoTro] (ID, IDNoiDung, IDDoiTuong, IDCaNhan) VALUES ('65dfc22f-b7d5-40e5-956a-9e039e96723a', 1, NULL, '78a39c2d-57b6-4845-9add-ee52738230a2');
INSERT INTO [HoTroCovid].[dbo].[HoSo] (ID, IDCaNhan, IDNoiDungHoTro, IDDoiTuong, SoThang, SoTien, ThanhTien, IDThongTinHoTro, DaChi, NguoiTao) VALUES ('dd67ad9b-c8a3-4bf7-b557-af6ca240b0a0', '78a39c2d-57b6-4845-9add-ee52738230a2', 1, NULL, 3, 1800000, 5400000, '65dfc22f-b7d5-40e5-956a-9e039e96723a', 0, 'solaodong');
INSERT INTO [HoTroCovid].[dbo].[CaNhan] (ID, HoTen, GioiTinh, NgaySinh, CMND, SinhNam) VALUES ('1076b713-4210-4f4a-a60d-93dd023573a2', N'Nguyễn Thị Lưu Khê', NULL, '1982-03-29', '215505154', 1982);
INSERT INTO [HoTroCovid].[dbo].[CaNhan_DoanhNghiep] (ID, IDDoanhNghiep, IDCaNhan, IDDoiTuong, NgheNghiep, DaTra50) VALUES ('bdd1bc11-8d46-4546-95d3-5cd4a2b054cc', 'e49841c9-785e-405e-9bf6-c9e9638c10e4', '1076b713-4210-4f4a-a60d-93dd023573a2', NULL, N'CNCBHSĐL', null);
INSERT INTO [HoTroCovid].[dbo].[ThongTinHoTro] (ID, IDNoiDung, IDDoiTuong, IDCaNhan) VALUES ('b44bd02a-8543-4126-a3f3-ac91ea85c1f7', 1, NULL, '1076b713-4210-4f4a-a60d-93dd023573a2');
INSERT INTO [HoTroCovid].[dbo].[HoSo] (ID, IDCaNhan, IDNoiDungHoTro, IDDoiTuong, SoThang, SoTien, ThanhTien, IDThongTinHoTro, DaChi, NguoiTao) VALUES ('631ae2f4-784e-42d9-89d7-8d3943e0cc6a', '1076b713-4210-4f4a-a60d-93dd023573a2', 1, NULL, 3, 1800000, 5400000, 'b44bd02a-8543-4126-a3f3-ac91ea85c1f7', 0, 'solaodong');
INSERT INTO [HoTroCovid].[dbo].[CaNhan] (ID, HoTen, GioiTinh, NgaySinh, CMND, SinhNam) VALUES ('951bc896-f131-4be2-ab16-d495cb343d89', N'Đỗ Văn Sinh', 1, '1994-02-10', '215286369', 1994);
INSERT INTO [HoTroCovid].[dbo].[CaNhan_DoanhNghiep] (ID, IDDoanhNghiep, IDCaNhan, IDDoiTuong, NgheNghiep, DaTra50) VALUES ('40ac9cae-4205-4cce-9a63-f9310b8e054b', 'e49841c9-785e-405e-9bf6-c9e9638c10e4', '951bc896-f131-4be2-ab16-d495cb343d89', NULL, N'CNCBHSĐL', null);
INSERT INTO [HoTroCovid].[dbo].[ThongTinHoTro] (ID, IDNoiDung, IDDoiTuong, IDCaNhan) VALUES ('e9ace1c0-bdea-48fb-8f84-16eb9c1ec878', 1, NULL, '951bc896-f131-4be2-ab16-d495cb343d89');
INSERT INTO [HoTroCovid].[dbo].[HoSo] (ID, IDCaNhan, IDNoiDungHoTro, IDDoiTuong, SoThang, SoTien, ThanhTien, IDThongTinHoTro, DaChi, NguoiTao) VALUES ('eb40e2c0-fb80-41cf-9c77-3b7595867d4d', '951bc896-f131-4be2-ab16-d495cb343d89', 1, NULL, 3, 1800000, 5400000, 'e9ace1c0-bdea-48fb-8f84-16eb9c1ec878', 0, 'solaodong');
INSERT INTO [HoTroCovid].[dbo].[CaNhan] (ID, HoTen, GioiTinh, NgaySinh, CMND, SinhNam) VALUES ('5ba2d84b-aa31-4fd3-9bfc-e823143558b6', N'Huỳnh Thị Quyện', NULL, '1983-06-24', '215091206', 1983);
INSERT INTO [HoTroCovid].[dbo].[CaNhan_DoanhNghiep] (ID, IDDoanhNghiep, IDCaNhan, IDDoiTuong, NgheNghiep, DaTra50) VALUES ('22977904-6515-49e4-b9dc-e97f32f4d928', 'e49841c9-785e-405e-9bf6-c9e9638c10e4', '5ba2d84b-aa31-4fd3-9bfc-e823143558b6', NULL, N'CNCBHSĐL', null);
INSERT INTO [HoTroCovid].[dbo].[ThongTinHoTro] (ID, IDNoiDung, IDDoiTuong, IDCaNhan) VALUES ('909741bf-cc06-49ea-8875-9fd546a12265', 1, NULL, '5ba2d84b-aa31-4fd3-9bfc-e823143558b6');
INSERT INTO [HoTroCovid].[dbo].[HoSo] (ID, IDCaNhan, IDNoiDungHoTro, IDDoiTuong, SoThang, SoTien, ThanhTien, IDThongTinHoTro, DaChi, NguoiTao) VALUES ('e0a38172-4eab-4ce7-a57a-1cc89b3ac7d8', '5ba2d84b-aa31-4fd3-9bfc-e823143558b6', 1, NULL, 3, 1800000, 5400000, '909741bf-cc06-49ea-8875-9fd546a12265', 0, 'solaodong');
INSERT INTO [HoTroCovid].[dbo].[CaNhan] (ID, HoTen, GioiTinh, NgaySinh, CMND, SinhNam) VALUES ('4050d6d4-5a33-4dc6-aeb8-99f17a122979', N'Nguyễn Thị Vàng', NULL, '1994-09-28', '215354145', 1994);
INSERT INTO [HoTroCovid].[dbo].[CaNhan_DoanhNghiep] (ID, IDDoanhNghiep, IDCaNhan, IDDoiTuong, NgheNghiep, DaTra50) VALUES ('070109fb-5acc-4fdd-a85d-3b2d7144967d', 'e49841c9-785e-405e-9bf6-c9e9638c10e4', '4050d6d4-5a33-4dc6-aeb8-99f17a122979', NULL, N'CNCBHSĐL', null);
INSERT INTO [HoTroCovid].[dbo].[ThongTinHoTro] (ID, IDNoiDung, IDDoiTuong, IDCaNhan) VALUES ('326030c2-12db-42b2-893f-dd3b0234c835', 1, NULL, '4050d6d4-5a33-4dc6-aeb8-99f17a122979');
INSERT INTO [HoTroCovid].[dbo].[HoSo] (ID, IDCaNhan, IDNoiDungHoTro, IDDoiTuong, SoThang, SoTien, ThanhTien, IDThongTinHoTro, DaChi, NguoiTao) VALUES ('c09703a2-8514-4214-b2d5-01b56a774b85', '4050d6d4-5a33-4dc6-aeb8-99f17a122979', 1, NULL, 3, 1800000, 5400000, '326030c2-12db-42b2-893f-dd3b0234c835', 0, 'solaodong');
INSERT INTO [HoTroCovid].[dbo].[CaNhan] (ID, HoTen, GioiTinh, NgaySinh, CMND, SinhNam) VALUES ('3ec95c6e-3adb-4078-aa2e-d0f1e70a023a', N'Trương Thị Ngọc Vuyền', NULL, '1996-08-14', '215365147', 1996);
INSERT INTO [HoTroCovid].[dbo].[CaNhan_DoanhNghiep] (ID, IDDoanhNghiep, IDCaNhan, IDDoiTuong, NgheNghiep, DaTra50) VALUES ('9d3aca37-be83-47f7-aac6-ef935f2e7cca', 'e49841c9-785e-405e-9bf6-c9e9638c10e4', '3ec95c6e-3adb-4078-aa2e-d0f1e70a023a', NULL, N'CNCBHSĐL', null);
INSERT INTO [HoTroCovid].[dbo].[ThongTinHoTro] (ID, IDNoiDung, IDDoiTuong, IDCaNhan) VALUES ('b0fc30f7-8778-49fc-b553-8b74a149ccd1', 1, NULL, '3ec95c6e-3adb-4078-aa2e-d0f1e70a023a');
INSERT INTO [HoTroCovid].[dbo].[HoSo] (ID, IDCaNhan, IDNoiDungHoTro, IDDoiTuong, SoThang, SoTien, ThanhTien, IDThongTinHoTro, DaChi, NguoiTao) VALUES ('49c992a1-9ed8-4604-82ea-1d4d2878297b', '3ec95c6e-3adb-4078-aa2e-d0f1e70a023a', 1, NULL, 3, 1800000, 5400000, 'b0fc30f7-8778-49fc-b553-8b74a149ccd1', 0, 'solaodong');
INSERT INTO [HoTroCovid].[dbo].[CaNhan] (ID, HoTen, GioiTinh, NgaySinh, CMND, SinhNam) VALUES ('96366788-f015-4213-bdcc-de9dbb1616ed', N'Bùi Thị Mỹ Lệ', NULL, '1995-08-12', '215362953', 1995);
INSERT INTO [HoTroCovid].[dbo].[CaNhan_DoanhNghiep] (ID, IDDoanhNghiep, IDCaNhan, IDDoiTuong, NgheNghiep, DaTra50) VALUES ('e7f58c39-4d6f-460a-9043-97d836c1da17', 'e49841c9-785e-405e-9bf6-c9e9638c10e4', '96366788-f015-4213-bdcc-de9dbb1616ed', NULL, N'CNCBHSĐL', null);
INSERT INTO [HoTroCovid].[dbo].[ThongTinHoTro] (ID, IDNoiDung, IDDoiTuong, IDCaNhan) VALUES ('7fe7f6a5-0bc5-4e63-8b85-d3e2661df933', 1, NULL, '96366788-f015-4213-bdcc-de9dbb1616ed');
INSERT INTO [HoTroCovid].[dbo].[HoSo] (ID, IDCaNhan, IDNoiDungHoTro, IDDoiTuong, SoThang, SoTien, ThanhTien, IDThongTinHoTro, DaChi, NguoiTao) VALUES ('bfd99b12-93b0-4e32-a2df-1f4c54003e2a', '96366788-f015-4213-bdcc-de9dbb1616ed', 1, NULL, 3, 1800000, 5400000, '7fe7f6a5-0bc5-4e63-8b85-d3e2661df933', 0, 'solaodong');
INSERT INTO [HoTroCovid].[dbo].[CaNhan] (ID, HoTen, GioiTinh, NgaySinh, CMND, SinhNam) VALUES ('69dcb92f-40c4-4c29-af72-780e7bbb7af0', N'Nguyễn Thị Việt Hoa', NULL, '1995-09-07', '215361704', 1995);
INSERT INTO [HoTroCovid].[dbo].[CaNhan_DoanhNghiep] (ID, IDDoanhNghiep, IDCaNhan, IDDoiTuong, NgheNghiep, DaTra50) VALUES ('8f92887d-e4c7-4bf9-8b29-a5ef4f7f8b8e', 'e49841c9-785e-405e-9bf6-c9e9638c10e4', '69dcb92f-40c4-4c29-af72-780e7bbb7af0', NULL, N'CNCBHSĐL', null);
INSERT INTO [HoTroCovid].[dbo].[ThongTinHoTro] (ID, IDNoiDung, IDDoiTuong, IDCaNhan) VALUES ('769fddf4-3476-454f-a9e4-10d0b1b90226', 1, NULL, '69dcb92f-40c4-4c29-af72-780e7bbb7af0');
INSERT INTO [HoTroCovid].[dbo].[HoSo] (ID, IDCaNhan, IDNoiDungHoTro, IDDoiTuong, SoThang, SoTien, ThanhTien, IDThongTinHoTro, DaChi, NguoiTao) VALUES ('f0d13a21-6b94-4ae7-b945-1deb0576c01a', '69dcb92f-40c4-4c29-af72-780e7bbb7af0', 1, NULL, 3, 1800000, 5400000, '769fddf4-3476-454f-a9e4-10d0b1b90226', 0, 'solaodong');
INSERT INTO [HoTroCovid].[dbo].[CaNhan] (ID, HoTen, GioiTinh, NgaySinh, CMND, SinhNam) VALUES ('42ee088a-5031-4c5f-ae7e-5f7152b98da3', N'Nguyễn Thị Hạnh', NULL, '1989-09-04', '215175274', 1989);
INSERT INTO [HoTroCovid].[dbo].[CaNhan_DoanhNghiep] (ID, IDDoanhNghiep, IDCaNhan, IDDoiTuong, NgheNghiep, DaTra50) VALUES ('16fc4958-4dfa-4ae4-9df8-1461003efcfe', 'e49841c9-785e-405e-9bf6-c9e9638c10e4', '42ee088a-5031-4c5f-ae7e-5f7152b98da3', NULL, N'CNCBHSĐL', null);
INSERT INTO [HoTroCovid].[dbo].[ThongTinHoTro] (ID, IDNoiDung, IDDoiTuong, IDCaNhan) VALUES ('9fadf60f-a3c8-4471-8ef5-2e9f5239898b', 1, NULL, '42ee088a-5031-4c5f-ae7e-5f7152b98da3');
INSERT INTO [HoTroCovid].[dbo].[HoSo] (ID, IDCaNhan, IDNoiDungHoTro, IDDoiTuong, SoThang, SoTien, ThanhTien, IDThongTinHoTro, DaChi, NguoiTao) VALUES ('0f635a80-582d-4ed4-95e4-78b2af5361ae', '42ee088a-5031-4c5f-ae7e-5f7152b98da3', 1, NULL, 3, 1800000, 5400000, '9fadf60f-a3c8-4471-8ef5-2e9f5239898b', 0, 'solaodong');
INSERT INTO [HoTroCovid].[dbo].[CaNhan] (ID, HoTen, GioiTinh, NgaySinh, CMND, SinhNam) VALUES ('fbdab4c2-9e68-42ff-ba5c-83efcbc5a907', N'Phạm Thị Thúy Duy', NULL, '1999-02-10', '215482394', 1999);
INSERT INTO [HoTroCovid].[dbo].[CaNhan_DoanhNghiep] (ID, IDDoanhNghiep, IDCaNhan, IDDoiTuong, NgheNghiep, DaTra50) VALUES ('d25a8cc5-67c8-4318-9ca1-d55b04a53f2c', 'e49841c9-785e-405e-9bf6-c9e9638c10e4', 'fbdab4c2-9e68-42ff-ba5c-83efcbc5a907', NULL, N'CNCBHSĐL', null);
INSERT INTO [HoTroCovid].[dbo].[ThongTinHoTro] (ID, IDNoiDung, IDDoiTuong, IDCaNhan) VALUES ('0bf8cf95-4020-471f-b613-5f2ced5b678c', 1, NULL, 'fbdab4c2-9e68-42ff-ba5c-83efcbc5a907');
INSERT INTO [HoTroCovid].[dbo].[HoSo] (ID, IDCaNhan, IDNoiDungHoTro, IDDoiTuong, SoThang, SoTien, ThanhTien, IDThongTinHoTro, DaChi, NguoiTao) VALUES ('adac1514-65ca-461e-a689-349d3a67c435', 'fbdab4c2-9e68-42ff-ba5c-83efcbc5a907', 1, NULL, 3, 1800000, 5400000, '0bf8cf95-4020-471f-b613-5f2ced5b678c', 0, 'solaodong');
INSERT INTO [HoTroCovid].[dbo].[CaNhan] (ID, HoTen, GioiTinh, NgaySinh, CMND, SinhNam) VALUES ('9a7a1e8b-8be5-4200-a8c7-16cde0f65171', N'Trịnh Thị Lệ', NULL, '1989-02-20', '215099828', 1989);
INSERT INTO [HoTroCovid].[dbo].[CaNhan_DoanhNghiep] (ID, IDDoanhNghiep, IDCaNhan, IDDoiTuong, NgheNghiep, DaTra50) VALUES ('392399a6-b34a-47c4-adaf-81fcf8ead322', 'e49841c9-785e-405e-9bf6-c9e9638c10e4', '9a7a1e8b-8be5-4200-a8c7-16cde0f65171', NULL, N'CNCBHSĐL', null);
INSERT INTO [HoTroCovid].[dbo].[ThongTinHoTro] (ID, IDNoiDung, IDDoiTuong, IDCaNhan) VALUES ('f13b168b-a346-44aa-a025-e707d28f9408', 1, NULL, '9a7a1e8b-8be5-4200-a8c7-16cde0f65171');
INSERT INTO [HoTroCovid].[dbo].[HoSo] (ID, IDCaNhan, IDNoiDungHoTro, IDDoiTuong, SoThang, SoTien, ThanhTien, IDThongTinHoTro, DaChi, NguoiTao) VALUES ('d6b65a86-1b8b-424d-b885-2b9342f73420', '9a7a1e8b-8be5-4200-a8c7-16cde0f65171', 1, NULL, 3, 1800000, 5400000, 'f13b168b-a346-44aa-a025-e707d28f9408', 0, 'solaodong');
INSERT INTO [HoTroCovid].[dbo].[CaNhan] (ID, HoTen, GioiTinh, NgaySinh, CMND, SinhNam) VALUES ('1fe68607-da38-4b3f-9d91-6ec7ce3683be', N'Đinh Thị Lập', NULL, '1992-01-01', '215248375', 1992);
INSERT INTO [HoTroCovid].[dbo].[CaNhan_DoanhNghiep] (ID, IDDoanhNghiep, IDCaNhan, IDDoiTuong, NgheNghiep, DaTra50) VALUES ('0949d0b4-ffe6-4781-8e17-d067f6d8063b', 'e49841c9-785e-405e-9bf6-c9e9638c10e4', '1fe68607-da38-4b3f-9d91-6ec7ce3683be', NULL, N'CNCBHSĐL', null);
INSERT INTO [HoTroCovid].[dbo].[ThongTinHoTro] (ID, IDNoiDung, IDDoiTuong, IDCaNhan) VALUES ('37aa0fff-ebb9-45aa-9d1e-1d42f6e7a832', 1, NULL, '1fe68607-da38-4b3f-9d91-6ec7ce3683be');
INSERT INTO [HoTroCovid].[dbo].[HoSo] (ID, IDCaNhan, IDNoiDungHoTro, IDDoiTuong, SoThang, SoTien, ThanhTien, IDThongTinHoTro, DaChi, NguoiTao) VALUES ('b7a38cf2-582f-411d-9f81-a29458654519', '1fe68607-da38-4b3f-9d91-6ec7ce3683be', 1, NULL, 3, 1800000, 5400000, '37aa0fff-ebb9-45aa-9d1e-1d42f6e7a832', 0, 'solaodong');
INSERT INTO [HoTroCovid].[dbo].[CaNhan] (ID, HoTen, GioiTinh, NgaySinh, CMND, SinhNam) VALUES ('e3004404-1966-46fd-9a8e-dbd909e45452', N'Nguyễn Thị Ánh Nguyệt', NULL, '1998-10-23', '215410426', 1998);
INSERT INTO [HoTroCovid].[dbo].[CaNhan_DoanhNghiep] (ID, IDDoanhNghiep, IDCaNhan, IDDoiTuong, NgheNghiep, DaTra50) VALUES ('09712dac-f0dd-417a-bcfc-ee167006c2ac', 'e49841c9-785e-405e-9bf6-c9e9638c10e4', 'e3004404-1966-46fd-9a8e-dbd909e45452', NULL, N'CNCBHSĐL', null);
INSERT INTO [HoTroCovid].[dbo].[ThongTinHoTro] (ID, IDNoiDung, IDDoiTuong, IDCaNhan) VALUES ('7686e774-e709-4d07-a1eb-376d52770d69', 1, NULL, 'e3004404-1966-46fd-9a8e-dbd909e45452');
INSERT INTO [HoTroCovid].[dbo].[HoSo] (ID, IDCaNhan, IDNoiDungHoTro, IDDoiTuong, SoThang, SoTien, ThanhTien, IDThongTinHoTro, DaChi, NguoiTao) VALUES ('41237d7c-4260-4ede-a447-08209da90250', 'e3004404-1966-46fd-9a8e-dbd909e45452', 1, NULL, 3, 1800000, 5400000, '7686e774-e709-4d07-a1eb-376d52770d69', 0, 'solaodong');
INSERT INTO [HoTroCovid].[dbo].[CaNhan] (ID, HoTen, GioiTinh, NgaySinh, CMND, SinhNam) VALUES ('c3949b11-681b-4a0c-90e1-711ab8788ddc', N'Nguyễn Thanh Trọng', 1, '1991-05-12', '215142195', 1991);
INSERT INTO [HoTroCovid].[dbo].[CaNhan_DoanhNghiep] (ID, IDDoanhNghiep, IDCaNhan, IDDoiTuong, NgheNghiep, DaTra50) VALUES ('4f4bc4ed-7e8e-4526-a1cb-25a1284523bd', 'e49841c9-785e-405e-9bf6-c9e9638c10e4', 'c3949b11-681b-4a0c-90e1-711ab8788ddc', NULL, N'Tổ phó CO', null);
INSERT INTO [HoTroCovid].[dbo].[ThongTinHoTro] (ID, IDNoiDung, IDDoiTuong, IDCaNhan) VALUES ('23a81b97-3929-4dff-8007-875794b048a0', 1, NULL, 'c3949b11-681b-4a0c-90e1-711ab8788ddc');
INSERT INTO [HoTroCovid].[dbo].[HoSo] (ID, IDCaNhan, IDNoiDungHoTro, IDDoiTuong, SoThang, SoTien, ThanhTien, IDThongTinHoTro, DaChi, NguoiTao) VALUES ('081ca756-c3dc-4f6f-91e7-98c6fbeed06e', 'c3949b11-681b-4a0c-90e1-711ab8788ddc', 1, NULL, 3, 1800000, 5400000, '23a81b97-3929-4dff-8007-875794b048a0', 0, 'solaodong');
INSERT INTO [HoTroCovid].[dbo].[CaNhan] (ID, HoTen, GioiTinh, NgaySinh, CMND, SinhNam) VALUES ('1f481e2f-041f-492a-bf42-856313501f6c', N'Lê Ngô Quỳnh', 1, '1995-08-21', '215354902', 1995);
INSERT INTO [HoTroCovid].[dbo].[CaNhan_DoanhNghiep] (ID, IDDoanhNghiep, IDCaNhan, IDDoiTuong, NgheNghiep, DaTra50) VALUES ('c4cbfafb-1122-454c-911f-85e7fa322967', 'e49841c9-785e-405e-9bf6-c9e9638c10e4', '1f481e2f-041f-492a-bf42-856313501f6c', NULL, N'N/viên KCS', null);
INSERT INTO [HoTroCovid].[dbo].[ThongTinHoTro] (ID, IDNoiDung, IDDoiTuong, IDCaNhan) VALUES ('9310a18c-418c-4c1c-af28-26068d67ee40', 1, NULL, '1f481e2f-041f-492a-bf42-856313501f6c');
INSERT INTO [HoTroCovid].[dbo].[HoSo] (ID, IDCaNhan, IDNoiDungHoTro, IDDoiTuong, SoThang, SoTien, ThanhTien, IDThongTinHoTro, DaChi, NguoiTao) VALUES ('ee687fdc-01dd-47b3-94e1-4e3b9c167831', '1f481e2f-041f-492a-bf42-856313501f6c', 1, NULL, 3, 1800000, 5400000, '9310a18c-418c-4c1c-af28-26068d67ee40', 0, 'solaodong');
INSERT INTO [HoTroCovid].[dbo].[CaNhan] (ID, HoTen, GioiTinh, NgaySinh, CMND, SinhNam) VALUES ('2d690515-ff78-4e0d-95ec-0e03204b4261', N'NGUYỄN THANH TÂM', 1, '1989-08-17', '215130004', 1989);
INSERT INTO [HoTroCovid].[dbo].[CaNhan_DoanhNghiep] (ID, IDDoanhNghiep, IDCaNhan, IDDoiTuong, NgheNghiep, DaTra50) VALUES ('52ceedbd-8142-4f9e-989d-0f3ea33808bd', 'd810a86a-afd9-4012-9c95-c92bd74f552a', '2d690515-ff78-4e0d-95ec-0e03204b4261', NULL, N'Lái xe', null);
INSERT INTO [HoTroCovid].[dbo].[ThongTinHoTro] (ID, IDNoiDung, IDDoiTuong, IDCaNhan) VALUES ('2459c81b-6ebd-4fcd-a6e9-62cff0bd5b07', 1, NULL, '2d690515-ff78-4e0d-95ec-0e03204b4261');
INSERT INTO [HoTroCovid].[dbo].[HoSo] (ID, IDCaNhan, IDNoiDungHoTro, IDDoiTuong, SoThang, SoTien, ThanhTien, IDThongTinHoTro, DaChi, NguoiTao) VALUES ('f048edb8-1711-46d9-863c-9c422f59b6c6', '2d690515-ff78-4e0d-95ec-0e03204b4261', 1, NULL, 3, 1800000, 5400000, '2459c81b-6ebd-4fcd-a6e9-62cff0bd5b07', 0, 'solaodong');
INSERT INTO [HoTroCovid].[dbo].[CaNhan] (ID, HoTen, GioiTinh, NgaySinh, CMND, SinhNam) VALUES ('45aa03ce-e64f-4bc1-8b86-c656812b1e2d', N'Nguyễn Thị Thu Huyền', NULL, '2001-08-17', '215535802', 2001);
INSERT INTO [HoTroCovid].[dbo].[CaNhan_DoanhNghiep] (ID, IDDoanhNghiep, IDCaNhan, IDDoiTuong, NgheNghiep, DaTra50) VALUES ('ad9a8b8d-1551-4e62-9fc5-362bdd2cc6dc', 'e49841c9-785e-405e-9bf6-c9e9638c10e4', '45aa03ce-e64f-4bc1-8b86-c656812b1e2d', NULL, N'CNCBHSĐL', null);
INSERT INTO [HoTroCovid].[dbo].[ThongTinHoTro] (ID, IDNoiDung, IDDoiTuong, IDCaNhan) VALUES ('1174e7b3-2e6f-4e80-a1fc-d1c1f2c30e8c', 1, NULL, '45aa03ce-e64f-4bc1-8b86-c656812b1e2d');
INSERT INTO [HoTroCovid].[dbo].[HoSo] (ID, IDCaNhan, IDNoiDungHoTro, IDDoiTuong, SoThang, SoTien, ThanhTien, IDThongTinHoTro, DaChi, NguoiTao) VALUES ('634a9ff1-c191-4605-bb79-c2afcc415fe3', '45aa03ce-e64f-4bc1-8b86-c656812b1e2d', 1, NULL, 3, 1800000, 5400000, '1174e7b3-2e6f-4e80-a1fc-d1c1f2c30e8c', 0, 'solaodong');
INSERT INTO [HoTroCovid].[dbo].[CaNhan] (ID, HoTen, GioiTinh, NgaySinh, CMND, SinhNam) VALUES ('c4f9a907-7e9e-4a97-9307-672bfd5e11a7', N'Hồ Thị Hoài Phương', NULL, '1981-08-21', '215515167', 1981);
INSERT INTO [HoTroCovid].[dbo].[CaNhan_DoanhNghiep] (ID, IDDoanhNghiep, IDCaNhan, IDDoiTuong, NgheNghiep, DaTra50) VALUES ('2217d8da-4f11-4963-9d8b-94bfac6ab756', 'e49841c9-785e-405e-9bf6-c9e9638c10e4', 'c4f9a907-7e9e-4a97-9307-672bfd5e11a7', NULL, N'CN giặt BHLĐ', null);
INSERT INTO [HoTroCovid].[dbo].[ThongTinHoTro] (ID, IDNoiDung, IDDoiTuong, IDCaNhan) VALUES ('47434457-e6b3-4771-bd93-dc020718db18', 1, NULL, 'c4f9a907-7e9e-4a97-9307-672bfd5e11a7');
INSERT INTO [HoTroCovid].[dbo].[HoSo] (ID, IDCaNhan, IDNoiDungHoTro, IDDoiTuong, SoThang, SoTien, ThanhTien, IDThongTinHoTro, DaChi, NguoiTao) VALUES ('d60df2ed-91df-45a2-a1e8-7deba0242db7', 'c4f9a907-7e9e-4a97-9307-672bfd5e11a7', 1, NULL, 3, 1800000, 5400000, '47434457-e6b3-4771-bd93-dc020718db18', 0, 'solaodong');
INSERT INTO [HoTroCovid].[dbo].[CaNhan] (ID, HoTen, GioiTinh, NgaySinh, CMND, SinhNam) VALUES ('67c8d555-13a3-4bf0-9cb9-dfff564270b9', N'Lê Thị Xuân Bình', NULL, '1968-02-10', '211265771', 1968);
INSERT INTO [HoTroCovid].[dbo].[CaNhan_DoanhNghiep] (ID, IDDoanhNghiep, IDCaNhan, IDDoiTuong, NgheNghiep, DaTra50) VALUES ('0350c486-019b-4524-906c-fd361fc0d202', 'e49841c9-785e-405e-9bf6-c9e9638c10e4', '67c8d555-13a3-4bf0-9cb9-dfff564270b9', NULL, N'CNVS', null);
INSERT INTO [HoTroCovid].[dbo].[ThongTinHoTro] (ID, IDNoiDung, IDDoiTuong, IDCaNhan) VALUES ('c6941c1a-6055-4bf8-aad5-3ee7479cdfc8', 1, NULL, '67c8d555-13a3-4bf0-9cb9-dfff564270b9');
INSERT INTO [HoTroCovid].[dbo].[HoSo] (ID, IDCaNhan, IDNoiDungHoTro, IDDoiTuong, SoThang, SoTien, ThanhTien, IDThongTinHoTro, DaChi, NguoiTao) VALUES ('0ba47b72-b6b0-4724-b838-0608ac7ee364', '67c8d555-13a3-4bf0-9cb9-dfff564270b9', 1, NULL, 3, 1800000, 5400000, 'c6941c1a-6055-4bf8-aad5-3ee7479cdfc8', 0, 'solaodong');
INSERT INTO [HoTroCovid].[dbo].[CaNhan] (ID, HoTen, GioiTinh, NgaySinh, CMND, SinhNam) VALUES ('ab3ef452-3bec-4eff-a0fd-a1b847a41a85', N'Nguyễn Văn Đi', 1, '1985-04-10', '211857895', 1985);
INSERT INTO [HoTroCovid].[dbo].[CaNhan_DoanhNghiep] (ID, IDDoanhNghiep, IDCaNhan, IDDoiTuong, NgheNghiep, DaTra50) VALUES ('8d801bf9-b092-4479-b652-264925349230', 'e49841c9-785e-405e-9bf6-c9e9638c10e4', 'ab3ef452-3bec-4eff-a0fd-a1b847a41a85', NULL, N'N/viên KCS', null);
INSERT INTO [HoTroCovid].[dbo].[ThongTinHoTro] (ID, IDNoiDung, IDDoiTuong, IDCaNhan) VALUES ('c9873399-5752-4e07-8162-fb0bbd84a74e', 1, NULL, 'ab3ef452-3bec-4eff-a0fd-a1b847a41a85');
INSERT INTO [HoTroCovid].[dbo].[HoSo] (ID, IDCaNhan, IDNoiDungHoTro, IDDoiTuong, SoThang, SoTien, ThanhTien, IDThongTinHoTro, DaChi, NguoiTao) VALUES ('512ddf98-f154-4386-a8cd-3087f8a3b305', 'ab3ef452-3bec-4eff-a0fd-a1b847a41a85', 1, NULL, 3, 1800000, 5400000, 'c9873399-5752-4e07-8162-fb0bbd84a74e', 0, 'solaodong');
INSERT INTO [HoTroCovid].[dbo].[CaNhan] (ID, HoTen, GioiTinh, NgaySinh, CMND, SinhNam) VALUES ('8d3f1a95-88ed-48ba-8622-de80d9c2ffba', N'HUỲNH TẤN ĐÔ', 1, '1993-07-02', '215286620', 1993);
INSERT INTO [HoTroCovid].[dbo].[CaNhan_DoanhNghiep] (ID, IDDoanhNghiep, IDCaNhan, IDDoiTuong, NgheNghiep, DaTra50) VALUES ('79d7e4d0-02d4-40aa-977d-c1f6bbdbb239', 'd810a86a-afd9-4012-9c95-c92bd74f552a', '8d3f1a95-88ed-48ba-8622-de80d9c2ffba', NULL, N'Lái xe', null);
INSERT INTO [HoTroCovid].[dbo].[ThongTinHoTro] (ID, IDNoiDung, IDDoiTuong, IDCaNhan) VALUES ('afef5a2a-b8fb-4fa1-bf10-c31a666f14b4', 1, NULL, '8d3f1a95-88ed-48ba-8622-de80d9c2ffba');
INSERT INTO [HoTroCovid].[dbo].[HoSo] (ID, IDCaNhan, IDNoiDungHoTro, IDDoiTuong, SoThang, SoTien, ThanhTien, IDThongTinHoTro, DaChi, NguoiTao) VALUES ('83df07dd-8946-4565-8d12-81048a560777', '8d3f1a95-88ed-48ba-8622-de80d9c2ffba', 1, NULL, 3, 1800000, 5400000, 'afef5a2a-b8fb-4fa1-bf10-c31a666f14b4', 0, 'solaodong');
INSERT INTO [HoTroCovid].[dbo].[CaNhan] (ID, HoTen, GioiTinh, NgaySinh, CMND, SinhNam) VALUES ('7220bc07-9990-4eb6-ad7f-c252813c773f', N'Đinh Hoài Thắm', NULL, '1998-08-20', '215469556', 1998);
INSERT INTO [HoTroCovid].[dbo].[CaNhan_DoanhNghiep] (ID, IDDoanhNghiep, IDCaNhan, IDDoiTuong, NgheNghiep, DaTra50) VALUES ('b3e9e486-8d1f-4456-b79e-b025ec4d13b1', 'e49841c9-785e-405e-9bf6-c9e9638c10e4', '7220bc07-9990-4eb6-ad7f-c252813c773f', NULL, N'CNCBHSĐL', null);
INSERT INTO [HoTroCovid].[dbo].[ThongTinHoTro] (ID, IDNoiDung, IDDoiTuong, IDCaNhan) VALUES ('fc718a06-4eb4-46c8-a5d8-002a76f7695e', 1, NULL, '7220bc07-9990-4eb6-ad7f-c252813c773f');
INSERT INTO [HoTroCovid].[dbo].[HoSo] (ID, IDCaNhan, IDNoiDungHoTro, IDDoiTuong, SoThang, SoTien, ThanhTien, IDThongTinHoTro, DaChi, NguoiTao) VALUES ('6584cd86-61de-4036-9d2c-0661bea11d6d', '7220bc07-9990-4eb6-ad7f-c252813c773f', 1, NULL, 3, 1800000, 5400000, 'fc718a06-4eb4-46c8-a5d8-002a76f7695e', 0, 'solaodong');
INSERT INTO [HoTroCovid].[dbo].[CaNhan] (ID, HoTen, GioiTinh, NgaySinh, CMND, SinhNam) VALUES ('1065b522-fe2c-4716-9aca-5d074add0539', N'Phạm Cường Thịnh', 1, '1996-10-26', '152111159', 1996);
INSERT INTO [HoTroCovid].[dbo].[CaNhan_DoanhNghiep] (ID, IDDoanhNghiep, IDCaNhan, IDDoiTuong, NgheNghiep, DaTra50) VALUES ('b33a83c4-0707-4142-a254-25522064f12b', 'e49841c9-785e-405e-9bf6-c9e9638c10e4', '1065b522-fe2c-4716-9aca-5d074add0539', NULL, N'CNCBHSĐL', null);
INSERT INTO [HoTroCovid].[dbo].[ThongTinHoTro] (ID, IDNoiDung, IDDoiTuong, IDCaNhan) VALUES ('f674ccfd-10f4-4f93-b927-2a5a63a9e51e', 1, NULL, '1065b522-fe2c-4716-9aca-5d074add0539');
INSERT INTO [HoTroCovid].[dbo].[HoSo] (ID, IDCaNhan, IDNoiDungHoTro, IDDoiTuong, SoThang, SoTien, ThanhTien, IDThongTinHoTro, DaChi, NguoiTao) VALUES ('5feb1b3f-015f-4f13-8404-f75aef78ddff', '1065b522-fe2c-4716-9aca-5d074add0539', 1, NULL, 3, 1800000, 5400000, 'f674ccfd-10f4-4f93-b927-2a5a63a9e51e', 0, 'solaodong');
INSERT INTO [HoTroCovid].[dbo].[CaNhan] (ID, HoTen, GioiTinh, NgaySinh, CMND, SinhNam) VALUES ('be8adcae-6aad-4136-9483-d37697e6bf35', N'Bùi Thị Lệ Hiếu', NULL, '1992-04-01', '215141826', 1992);
INSERT INTO [HoTroCovid].[dbo].[CaNhan_DoanhNghiep] (ID, IDDoanhNghiep, IDCaNhan, IDDoiTuong, NgheNghiep, DaTra50) VALUES ('533c20a0-4b7c-4e4c-815d-43b5aac902e8', 'e49841c9-785e-405e-9bf6-c9e9638c10e4', 'be8adcae-6aad-4136-9483-d37697e6bf35', NULL, N'CNCBHSĐL', null);
INSERT INTO [HoTroCovid].[dbo].[ThongTinHoTro] (ID, IDNoiDung, IDDoiTuong, IDCaNhan) VALUES ('835247cb-5394-420d-86ca-9d59782ee6b1', 1, NULL, 'be8adcae-6aad-4136-9483-d37697e6bf35');
INSERT INTO [HoTroCovid].[dbo].[HoSo] (ID, IDCaNhan, IDNoiDungHoTro, IDDoiTuong, SoThang, SoTien, ThanhTien, IDThongTinHoTro, DaChi, NguoiTao) VALUES ('40cfb5c2-7720-4e07-b07e-88c10f9b4c80', 'be8adcae-6aad-4136-9483-d37697e6bf35', 1, NULL, 3, 1800000, 5400000, '835247cb-5394-420d-86ca-9d59782ee6b1', 0, 'solaodong');
INSERT INTO [HoTroCovid].[dbo].[CaNhan] (ID, HoTen, GioiTinh, NgaySinh, CMND, SinhNam) VALUES ('6020d9a4-b5cf-4fe1-b3a9-433c76a0e82a', N'Lê Thị Hồng Gấm', NULL, '2000-05-01', '215492788', 2000);
INSERT INTO [HoTroCovid].[dbo].[CaNhan_DoanhNghiep] (ID, IDDoanhNghiep, IDCaNhan, IDDoiTuong, NgheNghiep, DaTra50) VALUES ('7f5bdf78-f748-4e85-873c-6863f668b8f6', 'e49841c9-785e-405e-9bf6-c9e9638c10e4', '6020d9a4-b5cf-4fe1-b3a9-433c76a0e82a', NULL, N'CNCBHSĐL', null);
INSERT INTO [HoTroCovid].[dbo].[ThongTinHoTro] (ID, IDNoiDung, IDDoiTuong, IDCaNhan) VALUES ('0a7a00f0-e3c7-43ad-bf4a-eca99e2e54cc', 1, NULL, '6020d9a4-b5cf-4fe1-b3a9-433c76a0e82a');
INSERT INTO [HoTroCovid].[dbo].[HoSo] (ID, IDCaNhan, IDNoiDungHoTro, IDDoiTuong, SoThang, SoTien, ThanhTien, IDThongTinHoTro, DaChi, NguoiTao) VALUES ('318b6ecb-93d6-42a4-9ab9-add14b1130ad', '6020d9a4-b5cf-4fe1-b3a9-433c76a0e82a', 1, NULL, 3, 1800000, 5400000, '0a7a00f0-e3c7-43ad-bf4a-eca99e2e54cc', 0, 'solaodong');
INSERT INTO [HoTroCovid].[dbo].[CaNhan] (ID, HoTen, GioiTinh, NgaySinh, CMND, SinhNam) VALUES ('e2eabd33-438c-499b-a4a0-2524bdd9f5c7', N'Đặng Thị Mỹ Vương', NULL, '1982-02-10', '211780543', 1982);
INSERT INTO [HoTroCovid].[dbo].[CaNhan_DoanhNghiep] (ID, IDDoanhNghiep, IDCaNhan, IDDoiTuong, NgheNghiep, DaTra50) VALUES ('02181199-e1cb-4b92-8b5f-f0ccf3f77345', 'e49841c9-785e-405e-9bf6-c9e9638c10e4', 'e2eabd33-438c-499b-a4a0-2524bdd9f5c7', NULL, N'Tổ trưởng HCK', null);
INSERT INTO [HoTroCovid].[dbo].[ThongTinHoTro] (ID, IDNoiDung, IDDoiTuong, IDCaNhan) VALUES ('7f5dd4e4-ab99-49a5-8037-6b08ef9ed7f3', 1, NULL, 'e2eabd33-438c-499b-a4a0-2524bdd9f5c7');
INSERT INTO [HoTroCovid].[dbo].[HoSo] (ID, IDCaNhan, IDNoiDungHoTro, IDDoiTuong, SoThang, SoTien, ThanhTien, IDThongTinHoTro, DaChi, NguoiTao) VALUES ('44eda480-74ce-488a-b7e3-b196893f4839', 'e2eabd33-438c-499b-a4a0-2524bdd9f5c7', 1, NULL, 3, 1800000, 5400000, '7f5dd4e4-ab99-49a5-8037-6b08ef9ed7f3', 0, 'solaodong');
INSERT INTO [HoTroCovid].[dbo].[CaNhan] (ID, HoTen, GioiTinh, NgaySinh, CMND, SinhNam) VALUES ('64e72b46-f513-40f5-ab91-809acc03878b', N'Bùi Thị Mỹ Lệ', NULL, '1996-04-14', '212668633', 1996);
INSERT INTO [HoTroCovid].[dbo].[CaNhan_DoanhNghiep] (ID, IDDoanhNghiep, IDCaNhan, IDDoiTuong, NgheNghiep, DaTra50) VALUES ('c315b05b-feda-4347-b287-eee8ca2fad1e', 'e49841c9-785e-405e-9bf6-c9e9638c10e4', '64e72b46-f513-40f5-ab91-809acc03878b', NULL, N'CNCBHSĐL', null);
INSERT INTO [HoTroCovid].[dbo].[ThongTinHoTro] (ID, IDNoiDung, IDDoiTuong, IDCaNhan) VALUES ('7bc7a32b-202b-41b7-a770-717f8d71585d', 1, NULL, '64e72b46-f513-40f5-ab91-809acc03878b');
INSERT INTO [HoTroCovid].[dbo].[HoSo] (ID, IDCaNhan, IDNoiDungHoTro, IDDoiTuong, SoThang, SoTien, ThanhTien, IDThongTinHoTro, DaChi, NguoiTao) VALUES ('58bef73d-de38-47f3-8e49-e0033b2a2e8f', '64e72b46-f513-40f5-ab91-809acc03878b', 1, NULL, 3, 1800000, 5400000, '7bc7a32b-202b-41b7-a770-717f8d71585d', 0, 'solaodong');
INSERT INTO [HoTroCovid].[dbo].[CaNhan] (ID, HoTen, GioiTinh, NgaySinh, CMND, SinhNam) VALUES ('45346ab7-9c3f-46dd-93fa-5bec809e0b6d', N'Nguyễn Thị Kim Phượng', NULL, '1991-07-07', '215269299', 1991);
INSERT INTO [HoTroCovid].[dbo].[CaNhan_DoanhNghiep] (ID, IDDoanhNghiep, IDCaNhan, IDDoiTuong, NgheNghiep, DaTra50) VALUES ('a70ca04a-c4a3-4da2-aab3-53c96c0c9ecf', 'e49841c9-785e-405e-9bf6-c9e9638c10e4', '45346ab7-9c3f-46dd-93fa-5bec809e0b6d', NULL, N'CNCBHSĐL', null);
INSERT INTO [HoTroCovid].[dbo].[ThongTinHoTro] (ID, IDNoiDung, IDDoiTuong, IDCaNhan) VALUES ('c6654912-06db-4ac5-a131-43302ca1f51d', 1, NULL, '45346ab7-9c3f-46dd-93fa-5bec809e0b6d');
INSERT INTO [HoTroCovid].[dbo].[HoSo] (ID, IDCaNhan, IDNoiDungHoTro, IDDoiTuong, SoThang, SoTien, ThanhTien, IDThongTinHoTro, DaChi, NguoiTao) VALUES ('7adbb5aa-afb9-4ecc-950a-42e079c08492', '45346ab7-9c3f-46dd-93fa-5bec809e0b6d', 1, NULL, 3, 1800000, 5400000, 'c6654912-06db-4ac5-a131-43302ca1f51d', 0, 'solaodong');
INSERT INTO [HoTroCovid].[dbo].[CaNhan] (ID, HoTen, GioiTinh, NgaySinh, CMND, SinhNam) VALUES ('080dca6a-a080-48a4-a5ca-6db42bc9bba5', N'Trịnh Ngọc Phông', 1, '1998-05-04', '212840309', 1998);
INSERT INTO [HoTroCovid].[dbo].[CaNhan_DoanhNghiep] (ID, IDDoanhNghiep, IDCaNhan, IDDoiTuong, NgheNghiep, DaTra50) VALUES ('57e6e408-f803-4e7b-9b4e-1c51bed29e3a', 'e49841c9-785e-405e-9bf6-c9e9638c10e4', '080dca6a-a080-48a4-a5ca-6db42bc9bba5', NULL, N'CNCBHSĐL', null);
INSERT INTO [HoTroCovid].[dbo].[ThongTinHoTro] (ID, IDNoiDung, IDDoiTuong, IDCaNhan) VALUES ('60515c66-f71c-496b-b957-2c67359fa134', 1, NULL, '080dca6a-a080-48a4-a5ca-6db42bc9bba5');
INSERT INTO [HoTroCovid].[dbo].[HoSo] (ID, IDCaNhan, IDNoiDungHoTro, IDDoiTuong, SoThang, SoTien, ThanhTien, IDThongTinHoTro, DaChi, NguoiTao) VALUES ('6e95d881-19c1-4c14-98d3-b2bd7084e188', '080dca6a-a080-48a4-a5ca-6db42bc9bba5', 1, NULL, 3, 1800000, 5400000, '60515c66-f71c-496b-b957-2c67359fa134', 0, 'solaodong');
INSERT INTO [HoTroCovid].[dbo].[CaNhan] (ID, HoTen, GioiTinh, NgaySinh, CMND, SinhNam) VALUES ('afd097bf-a0fd-4888-9060-df414a17f74e', N'Văn Thị Mỹ Phong', NULL, '1987-11-12', '215000884', 1987);
INSERT INTO [HoTroCovid].[dbo].[CaNhan_DoanhNghiep] (ID, IDDoanhNghiep, IDCaNhan, IDDoiTuong, NgheNghiep, DaTra50) VALUES ('a1ba49ec-d266-4d93-81e9-d4d50a6c5888', 'e49841c9-785e-405e-9bf6-c9e9638c10e4', 'afd097bf-a0fd-4888-9060-df414a17f74e', NULL, N'N/viên KCS', null);
INSERT INTO [HoTroCovid].[dbo].[ThongTinHoTro] (ID, IDNoiDung, IDDoiTuong, IDCaNhan) VALUES ('714e4cfe-e808-429b-a5fa-6089f08ec052', 1, NULL, 'afd097bf-a0fd-4888-9060-df414a17f74e');
INSERT INTO [HoTroCovid].[dbo].[HoSo] (ID, IDCaNhan, IDNoiDungHoTro, IDDoiTuong, SoThang, SoTien, ThanhTien, IDThongTinHoTro, DaChi, NguoiTao) VALUES ('306d773b-9d19-4996-90c0-783f1b5bcfe8', 'afd097bf-a0fd-4888-9060-df414a17f74e', 1, NULL, 3, 1800000, 5400000, '714e4cfe-e808-429b-a5fa-6089f08ec052', 0, 'solaodong');
INSERT INTO [HoTroCovid].[dbo].[CaNhan] (ID, HoTen, GioiTinh, NgaySinh, CMND, SinhNam) VALUES ('83fa61ec-96a6-4b32-a0e3-ae44c33fe80c', N'Phạm Ngọc Xuân', 1, '1987-10-20', '215094889', 1987);
INSERT INTO [HoTroCovid].[dbo].[CaNhan_DoanhNghiep] (ID, IDDoanhNghiep, IDCaNhan, IDDoiTuong, NgheNghiep, DaTra50) VALUES ('1f9e100b-0afa-4002-84ed-550798ad2571', 'e49841c9-785e-405e-9bf6-c9e9638c10e4', '83fa61ec-96a6-4b32-a0e3-ae44c33fe80c', NULL, N'CNCBHSĐL', null);
INSERT INTO [HoTroCovid].[dbo].[ThongTinHoTro] (ID, IDNoiDung, IDDoiTuong, IDCaNhan) VALUES ('b5ed757b-7c81-43d3-9085-f2d02949b732', 1, NULL, '83fa61ec-96a6-4b32-a0e3-ae44c33fe80c');
INSERT INTO [HoTroCovid].[dbo].[HoSo] (ID, IDCaNhan, IDNoiDungHoTro, IDDoiTuong, SoThang, SoTien, ThanhTien, IDThongTinHoTro, DaChi, NguoiTao) VALUES ('7bf3b4e7-c005-41a0-9790-9b4546e97353', '83fa61ec-96a6-4b32-a0e3-ae44c33fe80c', 1, NULL, 3, 1800000, 5400000, 'b5ed757b-7c81-43d3-9085-f2d02949b732', 0, 'solaodong');
INSERT INTO [HoTroCovid].[dbo].[CaNhan] (ID, HoTen, GioiTinh, NgaySinh, CMND, SinhNam) VALUES ('2847e865-d401-4b06-9870-73efbe83516e', N'Nguyễn Thái Học', 1, '1999-03-30', '215448529', 1999);
INSERT INTO [HoTroCovid].[dbo].[CaNhan_DoanhNghiep] (ID, IDDoanhNghiep, IDCaNhan, IDDoiTuong, NgheNghiep, DaTra50) VALUES ('11444e2a-7a5f-467e-a921-0d838914fdd8', 'e49841c9-785e-405e-9bf6-c9e9638c10e4', '2847e865-d401-4b06-9870-73efbe83516e', NULL, N'CNCBHSĐL', null);
INSERT INTO [HoTroCovid].[dbo].[ThongTinHoTro] (ID, IDNoiDung, IDDoiTuong, IDCaNhan) VALUES ('8fabaefd-b00f-401c-96cc-586491638a46', 1, NULL, '2847e865-d401-4b06-9870-73efbe83516e');
INSERT INTO [HoTroCovid].[dbo].[HoSo] (ID, IDCaNhan, IDNoiDungHoTro, IDDoiTuong, SoThang, SoTien, ThanhTien, IDThongTinHoTro, DaChi, NguoiTao) VALUES ('ca6bdf66-e4c5-4b9c-8824-9419b03a16b9', '2847e865-d401-4b06-9870-73efbe83516e', 1, NULL, 3, 1800000, 5400000, '8fabaefd-b00f-401c-96cc-586491638a46', 0, 'solaodong');
INSERT INTO [HoTroCovid].[dbo].[CaNhan] (ID, HoTen, GioiTinh, NgaySinh, CMND, SinhNam) VALUES ('fa00178b-c2fc-4f0f-8be4-ce34dfb0bd93', N'Trương Thị Lệ Ngà', NULL, '1996-02-02', '215361784', 1996);
INSERT INTO [HoTroCovid].[dbo].[CaNhan_DoanhNghiep] (ID, IDDoanhNghiep, IDCaNhan, IDDoiTuong, NgheNghiep, DaTra50) VALUES ('104224f4-3432-45b9-87cc-b421db3721fb', 'e49841c9-785e-405e-9bf6-c9e9638c10e4', 'fa00178b-c2fc-4f0f-8be4-ce34dfb0bd93', NULL, N'CNCBHSĐL', null);
INSERT INTO [HoTroCovid].[dbo].[ThongTinHoTro] (ID, IDNoiDung, IDDoiTuong, IDCaNhan) VALUES ('d586b2fc-c2eb-4dbe-8e05-3521ce33b1ff', 1, NULL, 'fa00178b-c2fc-4f0f-8be4-ce34dfb0bd93');
INSERT INTO [HoTroCovid].[dbo].[HoSo] (ID, IDCaNhan, IDNoiDungHoTro, IDDoiTuong, SoThang, SoTien, ThanhTien, IDThongTinHoTro, DaChi, NguoiTao) VALUES ('7f6e44f7-e803-45a7-abe3-2f4ffe9738b7', 'fa00178b-c2fc-4f0f-8be4-ce34dfb0bd93', 1, NULL, 3, 1800000, 5400000, 'd586b2fc-c2eb-4dbe-8e05-3521ce33b1ff', 0, 'solaodong');
INSERT INTO [HoTroCovid].[dbo].[CaNhan] (ID, HoTen, GioiTinh, NgaySinh, CMND, SinhNam) VALUES ('40fb1e5b-c19c-4797-b094-e941a8b43298', N'PHAN VĂN TRƯỜNG', 1, '1988-10-11', '215125504', 1988);
INSERT INTO [HoTroCovid].[dbo].[CaNhan_DoanhNghiep] (ID, IDDoanhNghiep, IDCaNhan, IDDoiTuong, NgheNghiep, DaTra50) VALUES ('dccd3d86-d682-454f-829c-496b36038ae0', 'd810a86a-afd9-4012-9c95-c92bd74f552a', '40fb1e5b-c19c-4797-b094-e941a8b43298', NULL, N'Lái xe', null);
INSERT INTO [HoTroCovid].[dbo].[ThongTinHoTro] (ID, IDNoiDung, IDDoiTuong, IDCaNhan) VALUES ('3f60aee2-1c79-4d38-9cdb-15e61091768f', 1, NULL, '40fb1e5b-c19c-4797-b094-e941a8b43298');
INSERT INTO [HoTroCovid].[dbo].[HoSo] (ID, IDCaNhan, IDNoiDungHoTro, IDDoiTuong, SoThang, SoTien, ThanhTien, IDThongTinHoTro, DaChi, NguoiTao) VALUES ('041e3c15-1c5b-49ad-a28a-80582b58c2b8', '40fb1e5b-c19c-4797-b094-e941a8b43298', 1, NULL, 3, 1800000, 5400000, '3f60aee2-1c79-4d38-9cdb-15e61091768f', 0, 'solaodong');
INSERT INTO [HoTroCovid].[dbo].[CaNhan] (ID, HoTen, GioiTinh, NgaySinh, CMND, SinhNam) VALUES ('bd391a8d-dff1-4f5d-acd9-3d1444ea8630', N'ĐÀO KIM KHÁNH', 1, '1980-03-31', '211648327', 1980);
INSERT INTO [HoTroCovid].[dbo].[CaNhan_DoanhNghiep] (ID, IDDoanhNghiep, IDCaNhan, IDDoiTuong, NgheNghiep, DaTra50) VALUES ('2917c798-ea61-4ef1-a410-01889081eb39', 'd810a86a-afd9-4012-9c95-c92bd74f552a', 'bd391a8d-dff1-4f5d-acd9-3d1444ea8630', NULL, N'Sửa chữa', null);
INSERT INTO [HoTroCovid].[dbo].[ThongTinHoTro] (ID, IDNoiDung, IDDoiTuong, IDCaNhan) VALUES ('1f578001-b2f5-4e0d-9ae9-8659eb3e5820', 1, NULL, 'bd391a8d-dff1-4f5d-acd9-3d1444ea8630');
INSERT INTO [HoTroCovid].[dbo].[HoSo] (ID, IDCaNhan, IDNoiDungHoTro, IDDoiTuong, SoThang, SoTien, ThanhTien, IDThongTinHoTro, DaChi, NguoiTao) VALUES ('391e8bef-c9f7-49a7-acc5-a301373883f6', 'bd391a8d-dff1-4f5d-acd9-3d1444ea8630', 1, NULL, 3, 1800000, 5400000, '1f578001-b2f5-4e0d-9ae9-8659eb3e5820', 0, 'solaodong');
INSERT INTO [HoTroCovid].[dbo].[CaNhan] (ID, HoTen, GioiTinh, NgaySinh, CMND, SinhNam) VALUES ('82a4021b-0aff-4a73-b8cd-c7d70c3f57e8', N'HUỲNH VĂN MÙI', 1, '1991-03-29', '215216090', 1991);
INSERT INTO [HoTroCovid].[dbo].[CaNhan_DoanhNghiep] (ID, IDDoanhNghiep, IDCaNhan, IDDoiTuong, NgheNghiep, DaTra50) VALUES ('17e6db85-773d-4248-9d31-85832fd81838', 'd810a86a-afd9-4012-9c95-c92bd74f552a', '82a4021b-0aff-4a73-b8cd-c7d70c3f57e8', NULL, N'Lái xe', null);
INSERT INTO [HoTroCovid].[dbo].[ThongTinHoTro] (ID, IDNoiDung, IDDoiTuong, IDCaNhan) VALUES ('5d3e7f40-9a5e-435a-8981-c86d6393f99d', 1, NULL, '82a4021b-0aff-4a73-b8cd-c7d70c3f57e8');
INSERT INTO [HoTroCovid].[dbo].[HoSo] (ID, IDCaNhan, IDNoiDungHoTro, IDDoiTuong, SoThang, SoTien, ThanhTien, IDThongTinHoTro, DaChi, NguoiTao) VALUES ('7b301f04-0c7f-4ffe-9a68-b369cba12ce3', '82a4021b-0aff-4a73-b8cd-c7d70c3f57e8', 1, NULL, 3, 1800000, 5400000, '5d3e7f40-9a5e-435a-8981-c86d6393f99d', 0, 'solaodong');
INSERT INTO [HoTroCovid].[dbo].[CaNhan] (ID, HoTen, GioiTinh, NgaySinh, CMND, SinhNam) VALUES ('71ee3302-a662-4ad7-b602-ac32ad135b9d', N'NGUYỄN LƯƠNG HẬU', 1, '1981-06-09', '211758172', 1981);
INSERT INTO [HoTroCovid].[dbo].[CaNhan_DoanhNghiep] (ID, IDDoanhNghiep, IDCaNhan, IDDoiTuong, NgheNghiep, DaTra50) VALUES ('fe339942-8d41-474f-9ff2-51566a5ec6a9', 'd810a86a-afd9-4012-9c95-c92bd74f552a', '71ee3302-a662-4ad7-b602-ac32ad135b9d', NULL, N'Sửa chữa', null);
INSERT INTO [HoTroCovid].[dbo].[ThongTinHoTro] (ID, IDNoiDung, IDDoiTuong, IDCaNhan) VALUES ('056e4b3f-63a6-4371-be51-6e04531f7c9f', 1, NULL, '71ee3302-a662-4ad7-b602-ac32ad135b9d');
INSERT INTO [HoTroCovid].[dbo].[HoSo] (ID, IDCaNhan, IDNoiDungHoTro, IDDoiTuong, SoThang, SoTien, ThanhTien, IDThongTinHoTro, DaChi, NguoiTao) VALUES ('f1f89a36-1bbf-46c0-997a-7777ba761eb9', '71ee3302-a662-4ad7-b602-ac32ad135b9d', 1, NULL, 3, 1800000, 5400000, '056e4b3f-63a6-4371-be51-6e04531f7c9f', 0, 'solaodong');
INSERT INTO [HoTroCovid].[dbo].[CaNhan] (ID, HoTen, GioiTinh, NgaySinh, CMND, SinhNam) VALUES ('71129ddb-5e9b-4d36-b74c-301e6cace1a0', N'LÊ KIM MÂN', 1, '1994-03-14', '221376279', 1994);
INSERT INTO [HoTroCovid].[dbo].[CaNhan_DoanhNghiep] (ID, IDDoanhNghiep, IDCaNhan, IDDoiTuong, NgheNghiep, DaTra50) VALUES ('9cb8c785-850b-4ae0-be8e-75db38ed09a6', 'd810a86a-afd9-4012-9c95-c92bd74f552a', '71129ddb-5e9b-4d36-b74c-301e6cace1a0', NULL, N'Lái xe', null);
INSERT INTO [HoTroCovid].[dbo].[ThongTinHoTro] (ID, IDNoiDung, IDDoiTuong, IDCaNhan) VALUES ('7ae2c330-4e6c-4b70-a2c2-10b8087e6b51', 1, NULL, '71129ddb-5e9b-4d36-b74c-301e6cace1a0');
INSERT INTO [HoTroCovid].[dbo].[HoSo] (ID, IDCaNhan, IDNoiDungHoTro, IDDoiTuong, SoThang, SoTien, ThanhTien, IDThongTinHoTro, DaChi, NguoiTao) VALUES ('2f328cdb-0af9-41b4-a010-09bcd79a6e84', '71129ddb-5e9b-4d36-b74c-301e6cace1a0', 1, NULL, 3, 1800000, 5400000, '7ae2c330-4e6c-4b70-a2c2-10b8087e6b51', 0, 'solaodong');
INSERT INTO [HoTroCovid].[dbo].[CaNhan] (ID, HoTen, GioiTinh, NgaySinh, CMND, SinhNam) VALUES ('02278003-8490-4223-b7a7-9d3d535225ad', N'NGUYỄN TRỌNG THANH', 1, '1989-12-09', '215139775', 1989);
INSERT INTO [HoTroCovid].[dbo].[CaNhan_DoanhNghiep] (ID, IDDoanhNghiep, IDCaNhan, IDDoiTuong, NgheNghiep, DaTra50) VALUES ('fb1a733c-57fb-43c8-b4f5-5aad77dd9617', 'd810a86a-afd9-4012-9c95-c92bd74f552a', '02278003-8490-4223-b7a7-9d3d535225ad', NULL, N'Lái xe', null);
INSERT INTO [HoTroCovid].[dbo].[ThongTinHoTro] (ID, IDNoiDung, IDDoiTuong, IDCaNhan) VALUES ('a15bd098-02e7-48a6-90c3-35d72d42ddc1', 1, NULL, '02278003-8490-4223-b7a7-9d3d535225ad');
INSERT INTO [HoTroCovid].[dbo].[HoSo] (ID, IDCaNhan, IDNoiDungHoTro, IDDoiTuong, SoThang, SoTien, ThanhTien, IDThongTinHoTro, DaChi, NguoiTao) VALUES ('7bec020a-2d93-4d48-a7ba-de37ce5407d8', '02278003-8490-4223-b7a7-9d3d535225ad', 1, NULL, 3, 1800000, 5400000, 'a15bd098-02e7-48a6-90c3-35d72d42ddc1', 0, 'solaodong');
INSERT INTO [HoTroCovid].[dbo].[CaNhan] (ID, HoTen, GioiTinh, NgaySinh, CMND, SinhNam) VALUES ('732c47b8-eee0-421c-8617-b63f94981174', N'NGUYỄN VĂN TÚ', 1, '1989-06-08', '221240067', 1989);
INSERT INTO [HoTroCovid].[dbo].[CaNhan_DoanhNghiep] (ID, IDDoanhNghiep, IDCaNhan, IDDoiTuong, NgheNghiep, DaTra50) VALUES ('a5f829f3-cb54-4b03-ae20-67d1c1477e08', 'd810a86a-afd9-4012-9c95-c92bd74f552a', '732c47b8-eee0-421c-8617-b63f94981174', NULL, N'Lái xe', null);
INSERT INTO [HoTroCovid].[dbo].[ThongTinHoTro] (ID, IDNoiDung, IDDoiTuong, IDCaNhan) VALUES ('4eed3e3f-51fd-4efb-ad4c-0f7c2c53cb9e', 1, NULL, '732c47b8-eee0-421c-8617-b63f94981174');
INSERT INTO [HoTroCovid].[dbo].[HoSo] (ID, IDCaNhan, IDNoiDungHoTro, IDDoiTuong, SoThang, SoTien, ThanhTien, IDThongTinHoTro, DaChi, NguoiTao) VALUES ('f7dce625-5a85-483b-abc1-cedee05a1893', '732c47b8-eee0-421c-8617-b63f94981174', 1, NULL, 3, 1800000, 5400000, '4eed3e3f-51fd-4efb-ad4c-0f7c2c53cb9e', 0, 'solaodong');
INSERT INTO [HoTroCovid].[dbo].[CaNhan] (ID, HoTen, GioiTinh, NgaySinh, CMND, SinhNam) VALUES ('244ab8a0-3496-49ed-9894-f00dcf059c57', N'Trần Đình Phiên', 1, '1983-06-09', '211757948', 1983);
INSERT INTO [HoTroCovid].[dbo].[CaNhan_DoanhNghiep] (ID, IDDoanhNghiep, IDCaNhan, IDDoiTuong, NgheNghiep, DaTra50) VALUES ('347dcf8e-445d-487a-a748-8eae009468c7', 'e49841c9-785e-405e-9bf6-c9e9638c10e4', '244ab8a0-3496-49ed-9894-f00dcf059c57', NULL, N'C/nhân CĐL', null);
INSERT INTO [HoTroCovid].[dbo].[ThongTinHoTro] (ID, IDNoiDung, IDDoiTuong, IDCaNhan) VALUES ('65a1b1e3-8231-4306-a79e-e0bd072f4e6e', 1, NULL, '244ab8a0-3496-49ed-9894-f00dcf059c57');
INSERT INTO [HoTroCovid].[dbo].[HoSo] (ID, IDCaNhan, IDNoiDungHoTro, IDDoiTuong, SoThang, SoTien, ThanhTien, IDThongTinHoTro, DaChi, NguoiTao) VALUES ('e20f7fb4-e698-46a8-9976-fa0f183762ec', '244ab8a0-3496-49ed-9894-f00dcf059c57', 1, NULL, 3, 1800000, 5400000, '65a1b1e3-8231-4306-a79e-e0bd072f4e6e', 0, 'solaodong');
INSERT INTO [HoTroCovid].[dbo].[CaNhan] (ID, HoTen, GioiTinh, NgaySinh, CMND, SinhNam) VALUES ('58b1fff1-412b-4bb8-8440-77cce26fd7c2', N'NGUYỄN VIẾT SƠN', 1, '1975-08-09', '215555007', 1975);
INSERT INTO [HoTroCovid].[dbo].[CaNhan_DoanhNghiep] (ID, IDDoanhNghiep, IDCaNhan, IDDoiTuong, NgheNghiep, DaTra50) VALUES ('67c0e6c4-3c15-4b98-801e-be076235ae2c', 'd810a86a-afd9-4012-9c95-c92bd74f552a', '58b1fff1-412b-4bb8-8440-77cce26fd7c2', NULL, N'Lái xe', null);
INSERT INTO [HoTroCovid].[dbo].[ThongTinHoTro] (ID, IDNoiDung, IDDoiTuong, IDCaNhan) VALUES ('2ef728d0-b1a5-40ae-a3ef-821b1047fbd4', 1, NULL, '58b1fff1-412b-4bb8-8440-77cce26fd7c2');
INSERT INTO [HoTroCovid].[dbo].[HoSo] (ID, IDCaNhan, IDNoiDungHoTro, IDDoiTuong, SoThang, SoTien, ThanhTien, IDThongTinHoTro, DaChi, NguoiTao) VALUES ('8d3de858-f852-4e9f-909f-8bf2d16829d3', '58b1fff1-412b-4bb8-8440-77cce26fd7c2', 1, NULL, 3, 1800000, 5400000, '2ef728d0-b1a5-40ae-a3ef-821b1047fbd4', 0, 'solaodong');
INSERT INTO [HoTroCovid].[dbo].[CaNhan] (ID, HoTen, GioiTinh, NgaySinh, CMND, SinhNam) VALUES ('457d9906-9ad6-49a4-b774-57dab4564c9c', N'HUỲNH ANH THUẬN', 1, '1991-03-19', '215268804', 1991);
INSERT INTO [HoTroCovid].[dbo].[CaNhan_DoanhNghiep] (ID, IDDoanhNghiep, IDCaNhan, IDDoiTuong, NgheNghiep, DaTra50) VALUES ('a7f6469e-ca8c-4001-9819-d058d537e2ae', 'd810a86a-afd9-4012-9c95-c92bd74f552a', '457d9906-9ad6-49a4-b774-57dab4564c9c', NULL, N'Lái xe', null);
INSERT INTO [HoTroCovid].[dbo].[ThongTinHoTro] (ID, IDNoiDung, IDDoiTuong, IDCaNhan) VALUES ('9d6453e9-7047-4091-b45f-8f7b70c6044b', 1, NULL, '457d9906-9ad6-49a4-b774-57dab4564c9c');
INSERT INTO [HoTroCovid].[dbo].[HoSo] (ID, IDCaNhan, IDNoiDungHoTro, IDDoiTuong, SoThang, SoTien, ThanhTien, IDThongTinHoTro, DaChi, NguoiTao) VALUES ('c701d573-487e-467e-a4f8-a234b04c5b8f', '457d9906-9ad6-49a4-b774-57dab4564c9c', 1, NULL, 3, 1800000, 5400000, '9d6453e9-7047-4091-b45f-8f7b70c6044b', 0, 'solaodong');
INSERT INTO [HoTroCovid].[dbo].[CaNhan] (ID, HoTen, GioiTinh, NgaySinh, CMND, SinhNam) VALUES ('dd5474fc-f2a9-4478-b06e-8aef2399ae10', N'LÊ NGỌC ĐẠT', 1, '1986-10-22', '215084378', 1986);
INSERT INTO [HoTroCovid].[dbo].[CaNhan_DoanhNghiep] (ID, IDDoanhNghiep, IDCaNhan, IDDoiTuong, NgheNghiep, DaTra50) VALUES ('93d8c75c-6fec-4763-b849-10c3c087106d', 'd810a86a-afd9-4012-9c95-c92bd74f552a', 'dd5474fc-f2a9-4478-b06e-8aef2399ae10', NULL, N'Lái xe', null);
INSERT INTO [HoTroCovid].[dbo].[ThongTinHoTro] (ID, IDNoiDung, IDDoiTuong, IDCaNhan) VALUES ('b97f65c3-1922-4074-9704-3fd4d5c4d9ad', 1, NULL, 'dd5474fc-f2a9-4478-b06e-8aef2399ae10');
INSERT INTO [HoTroCovid].[dbo].[HoSo] (ID, IDCaNhan, IDNoiDungHoTro, IDDoiTuong, SoThang, SoTien, ThanhTien, IDThongTinHoTro, DaChi, NguoiTao) VALUES ('64601034-229b-4b1d-ab19-ea6537f4d578', 'dd5474fc-f2a9-4478-b06e-8aef2399ae10', 1, NULL, 3, 1800000, 5400000, 'b97f65c3-1922-4074-9704-3fd4d5c4d9ad', 0, 'solaodong');
INSERT INTO [HoTroCovid].[dbo].[CaNhan] (ID, HoTen, GioiTinh, NgaySinh, CMND, SinhNam) VALUES ('0cb664df-49a6-4b1b-a0c8-1522e2a4993b', N'NGÔ TẤN TRƯỜNG', 1, '1990-08-07', '215135849', 1990);
INSERT INTO [HoTroCovid].[dbo].[CaNhan_DoanhNghiep] (ID, IDDoanhNghiep, IDCaNhan, IDDoiTuong, NgheNghiep, DaTra50) VALUES ('9995be39-ed3c-42d8-b356-62595d50131d', 'd810a86a-afd9-4012-9c95-c92bd74f552a', '0cb664df-49a6-4b1b-a0c8-1522e2a4993b', NULL, N'Lái xe', null);
INSERT INTO [HoTroCovid].[dbo].[ThongTinHoTro] (ID, IDNoiDung, IDDoiTuong, IDCaNhan) VALUES ('c2d74cad-15a7-4f81-b4c0-897c10a60da9', 1, NULL, '0cb664df-49a6-4b1b-a0c8-1522e2a4993b');
INSERT INTO [HoTroCovid].[dbo].[HoSo] (ID, IDCaNhan, IDNoiDungHoTro, IDDoiTuong, SoThang, SoTien, ThanhTien, IDThongTinHoTro, DaChi, NguoiTao) VALUES ('d47d3794-e535-46c3-b4d8-462cf6c8b63e', '0cb664df-49a6-4b1b-a0c8-1522e2a4993b', 1, NULL, 3, 1800000, 5400000, 'c2d74cad-15a7-4f81-b4c0-897c10a60da9', 0, 'solaodong');
INSERT INTO [HoTroCovid].[dbo].[CaNhan] (ID, HoTen, GioiTinh, NgaySinh, CMND, SinhNam) VALUES ('80756611-b566-4951-8cf7-f1a61c4b0296', N'NGUYỄN VĂN LỢI', 1, '1997-08-21', '215514934', 1997);
INSERT INTO [HoTroCovid].[dbo].[CaNhan_DoanhNghiep] (ID, IDDoanhNghiep, IDCaNhan, IDDoiTuong, NgheNghiep, DaTra50) VALUES ('10ffee5a-d039-4d61-acd0-5bbfa3459687', 'd810a86a-afd9-4012-9c95-c92bd74f552a', '80756611-b566-4951-8cf7-f1a61c4b0296', NULL, N'Lái xe', null);
INSERT INTO [HoTroCovid].[dbo].[ThongTinHoTro] (ID, IDNoiDung, IDDoiTuong, IDCaNhan) VALUES ('36b73e5c-3599-49a8-8496-8644faaf39a1', 1, NULL, '80756611-b566-4951-8cf7-f1a61c4b0296');
INSERT INTO [HoTroCovid].[dbo].[HoSo] (ID, IDCaNhan, IDNoiDungHoTro, IDDoiTuong, SoThang, SoTien, ThanhTien, IDThongTinHoTro, DaChi, NguoiTao) VALUES ('67b9d6c3-e2e4-492c-a55f-88010d473e82', '80756611-b566-4951-8cf7-f1a61c4b0296', 1, NULL, 3, 1800000, 5400000, '36b73e5c-3599-49a8-8496-8644faaf39a1', 0, 'solaodong');
INSERT INTO [HoTroCovid].[dbo].[CaNhan] (ID, HoTen, GioiTinh, NgaySinh, CMND, SinhNam) VALUES ('eda819a8-1e08-4bcf-bacb-fdfd33220295', N'Phạm Võ Ngọc Chiến', 1, '1992-04-14', '215182260', 1992);
INSERT INTO [HoTroCovid].[dbo].[CaNhan_DoanhNghiep] (ID, IDDoanhNghiep, IDCaNhan, IDDoiTuong, NgheNghiep, DaTra50) VALUES ('4a2ec20b-b52d-4729-b7c9-189f64ddbf74', 'e49841c9-785e-405e-9bf6-c9e9638c10e4', 'eda819a8-1e08-4bcf-bacb-fdfd33220295', NULL, N'N/viên BBVT', null);
INSERT INTO [HoTroCovid].[dbo].[ThongTinHoTro] (ID, IDNoiDung, IDDoiTuong, IDCaNhan) VALUES ('b29b4c81-9056-4402-880c-af1a08a4d9ea', 1, NULL, 'eda819a8-1e08-4bcf-bacb-fdfd33220295');
INSERT INTO [HoTroCovid].[dbo].[HoSo] (ID, IDCaNhan, IDNoiDungHoTro, IDDoiTuong, SoThang, SoTien, ThanhTien, IDThongTinHoTro, DaChi, NguoiTao) VALUES ('270806a0-cebe-4c54-aec4-ae9013c12801', 'eda819a8-1e08-4bcf-bacb-fdfd33220295', 1, NULL, 3, 1800000, 5400000, 'b29b4c81-9056-4402-880c-af1a08a4d9ea', 0, 'solaodong');
INSERT INTO [HoTroCovid].[dbo].[CaNhan] (ID, HoTen, GioiTinh, NgaySinh, CMND, SinhNam) VALUES ('5bc45017-52c5-4ca6-b7c1-7e262f1d7663', N'Tô Hữu Hòa', 1, '1990-02-20', '215077291', 1990);
INSERT INTO [HoTroCovid].[dbo].[CaNhan_DoanhNghiep] (ID, IDDoanhNghiep, IDCaNhan, IDDoiTuong, NgheNghiep, DaTra50) VALUES ('231d4307-36ff-4cc5-9c44-adb04e11fc2f', 'e49841c9-785e-405e-9bf6-c9e9638c10e4', '5bc45017-52c5-4ca6-b7c1-7e262f1d7663', NULL, N'Tổ phó Kho lạnh', null);
INSERT INTO [HoTroCovid].[dbo].[ThongTinHoTro] (ID, IDNoiDung, IDDoiTuong, IDCaNhan) VALUES ('94a9a0b6-9102-4cf7-ac53-b5dc6a80043f', 1, NULL, '5bc45017-52c5-4ca6-b7c1-7e262f1d7663');
INSERT INTO [HoTroCovid].[dbo].[HoSo] (ID, IDCaNhan, IDNoiDungHoTro, IDDoiTuong, SoThang, SoTien, ThanhTien, IDThongTinHoTro, DaChi, NguoiTao) VALUES ('0cf72b80-2b87-4678-a770-bbc34cbb2e73', '5bc45017-52c5-4ca6-b7c1-7e262f1d7663', 1, NULL, 3, 1800000, 5400000, '94a9a0b6-9102-4cf7-ac53-b5dc6a80043f', 0, 'solaodong');
INSERT INTO [HoTroCovid].[dbo].[CaNhan] (ID, HoTen, GioiTinh, NgaySinh, CMND, SinhNam) VALUES ('2d9d5445-fb35-4d03-b18e-6cbd35a183c9', N'Lê Thanh Lâm', 1, '1977-05-10', '211617145', 1977);
INSERT INTO [HoTroCovid].[dbo].[CaNhan_DoanhNghiep] (ID, IDDoanhNghiep, IDCaNhan, IDDoiTuong, NgheNghiep, DaTra50) VALUES ('edc72d25-c48c-4f03-8c42-e83506d1a8ca', 'e49841c9-785e-405e-9bf6-c9e9638c10e4', '2d9d5445-fb35-4d03-b18e-6cbd35a183c9', NULL, N'Bộ phận trưởng CĐL', null);
INSERT INTO [HoTroCovid].[dbo].[ThongTinHoTro] (ID, IDNoiDung, IDDoiTuong, IDCaNhan) VALUES ('56f5f5f1-0564-424c-a828-229a73e41442', 1, NULL, '2d9d5445-fb35-4d03-b18e-6cbd35a183c9');
INSERT INTO [HoTroCovid].[dbo].[HoSo] (ID, IDCaNhan, IDNoiDungHoTro, IDDoiTuong, SoThang, SoTien, ThanhTien, IDThongTinHoTro, DaChi, NguoiTao) VALUES ('628ea611-acd0-4996-924d-73b25049118c', '2d9d5445-fb35-4d03-b18e-6cbd35a183c9', 1, NULL, 3, 1800000, 5400000, '56f5f5f1-0564-424c-a828-229a73e41442', 0, 'solaodong');
INSERT INTO [HoTroCovid].[dbo].[CaNhan] (ID, HoTen, GioiTinh, NgaySinh, CMND, SinhNam) VALUES ('d4807c89-77e9-4d3d-abf4-7a39a431e3c8', N'Hồ Ngọc Vinh', 1, '1980-07-07', '211783850', 1980);
INSERT INTO [HoTroCovid].[dbo].[CaNhan_DoanhNghiep] (ID, IDDoanhNghiep, IDCaNhan, IDDoiTuong, NgheNghiep, DaTra50) VALUES ('92a6c1b0-bc63-4745-a1a9-f9133b547c4b', 'e49841c9-785e-405e-9bf6-c9e9638c10e4', 'd4807c89-77e9-4d3d-abf4-7a39a431e3c8', NULL, N'Nhóm trưởng vận hành', null);
INSERT INTO [HoTroCovid].[dbo].[ThongTinHoTro] (ID, IDNoiDung, IDDoiTuong, IDCaNhan) VALUES ('3a802770-d423-49a5-ab3a-945fcf2c4646', 1, NULL, 'd4807c89-77e9-4d3d-abf4-7a39a431e3c8');
INSERT INTO [HoTroCovid].[dbo].[HoSo] (ID, IDCaNhan, IDNoiDungHoTro, IDDoiTuong, SoThang, SoTien, ThanhTien, IDThongTinHoTro, DaChi, NguoiTao) VALUES ('51d8cd9d-c932-4472-a6b9-812892892b09', 'd4807c89-77e9-4d3d-abf4-7a39a431e3c8', 1, NULL, 3, 1800000, 5400000, '3a802770-d423-49a5-ab3a-945fcf2c4646', 0, 'solaodong');
INSERT INTO [HoTroCovid].[dbo].[CaNhan] (ID, HoTen, GioiTinh, NgaySinh, CMND, SinhNam) VALUES ('aac92c41-261a-499e-a5b7-f2e9e8ecf072', N'Đỗ Thị Lý Mỵ', NULL, '1987-12-26', '215096900', 1987);
INSERT INTO [HoTroCovid].[dbo].[CaNhan_DoanhNghiep] (ID, IDDoanhNghiep, IDCaNhan, IDDoiTuong, NgheNghiep, DaTra50) VALUES ('ff49f1af-39c8-4bd5-8c0c-fbfdbd13d810', 'e49841c9-785e-405e-9bf6-c9e9638c10e4', 'aac92c41-261a-499e-a5b7-f2e9e8ecf072', NULL, N'N/viên KCS', null);
INSERT INTO [HoTroCovid].[dbo].[ThongTinHoTro] (ID, IDNoiDung, IDDoiTuong, IDCaNhan) VALUES ('dee2d4db-f70a-40eb-9201-1dd494134013', 1, NULL, 'aac92c41-261a-499e-a5b7-f2e9e8ecf072');
INSERT INTO [HoTroCovid].[dbo].[HoSo] (ID, IDCaNhan, IDNoiDungHoTro, IDDoiTuong, SoThang, SoTien, ThanhTien, IDThongTinHoTro, DaChi, NguoiTao) VALUES ('8bcd59da-95b1-4912-a828-3279f8bfe356', 'aac92c41-261a-499e-a5b7-f2e9e8ecf072', 1, NULL, 3, 1800000, 5400000, 'dee2d4db-f70a-40eb-9201-1dd494134013', 0, 'solaodong');
INSERT INTO [HoTroCovid].[dbo].[CaNhan] (ID, HoTen, GioiTinh, NgaySinh, CMND, SinhNam) VALUES ('64bea047-c132-4a2e-b30a-40a31b0eb0ad', N'Lê Thị Hường', NULL, '1995-02-12', '215307743', 1995);
INSERT INTO [HoTroCovid].[dbo].[CaNhan_DoanhNghiep] (ID, IDDoanhNghiep, IDCaNhan, IDDoiTuong, NgheNghiep, DaTra50) VALUES ('a26c0dc0-f7dd-4868-8be5-3a60d640fa9a', 'e49841c9-785e-405e-9bf6-c9e9638c10e4', '64bea047-c132-4a2e-b30a-40a31b0eb0ad', NULL, N'N/viên KCS', null);
INSERT INTO [HoTroCovid].[dbo].[ThongTinHoTro] (ID, IDNoiDung, IDDoiTuong, IDCaNhan) VALUES ('dbac309e-a3d2-4ea2-971e-ad1aac9f540d', 1, NULL, '64bea047-c132-4a2e-b30a-40a31b0eb0ad');
INSERT INTO [HoTroCovid].[dbo].[HoSo] (ID, IDCaNhan, IDNoiDungHoTro, IDDoiTuong, SoThang, SoTien, ThanhTien, IDThongTinHoTro, DaChi, NguoiTao) VALUES ('9a0aafe3-28b5-4932-a832-a9a21582998d', '64bea047-c132-4a2e-b30a-40a31b0eb0ad', 1, NULL, 3, 1800000, 5400000, 'dbac309e-a3d2-4ea2-971e-ad1aac9f540d', 0, 'solaodong');
INSERT INTO [HoTroCovid].[dbo].[CaNhan] (ID, HoTen, GioiTinh, NgaySinh, CMND, SinhNam) VALUES ('40105fd1-5466-47fb-a116-2d4e0916e3f3', N'Trương Thị Châu', NULL, '1984-11-07', '211808662', 1984);
INSERT INTO [HoTroCovid].[dbo].[CaNhan_DoanhNghiep] (ID, IDDoanhNghiep, IDCaNhan, IDDoiTuong, NgheNghiep, DaTra50) VALUES ('c9de703d-7df1-4e39-ad0f-f214e9211557', 'e49841c9-785e-405e-9bf6-c9e9638c10e4', '40105fd1-5466-47fb-a116-2d4e0916e3f3', NULL, N'N/viên P.TCHC', null);
INSERT INTO [HoTroCovid].[dbo].[ThongTinHoTro] (ID, IDNoiDung, IDDoiTuong, IDCaNhan) VALUES ('d7029801-bb81-4874-8bcb-5953db43eaf0', 1, NULL, '40105fd1-5466-47fb-a116-2d4e0916e3f3');
INSERT INTO [HoTroCovid].[dbo].[HoSo] (ID, IDCaNhan, IDNoiDungHoTro, IDDoiTuong, SoThang, SoTien, ThanhTien, IDThongTinHoTro, DaChi, NguoiTao) VALUES ('f7e47d91-e37c-4232-a8f2-da2ab8f72696', '40105fd1-5466-47fb-a116-2d4e0916e3f3', 1, NULL, 3, 1800000, 5400000, 'd7029801-bb81-4874-8bcb-5953db43eaf0', 0, 'solaodong');
INSERT INTO [HoTroCovid].[dbo].[CaNhan] (ID, HoTen, GioiTinh, NgaySinh, CMND, SinhNam) VALUES ('bf3c6b84-a9c2-46eb-8d2b-a11c0617971c', N'Nguyễn Thị Hoài Thương', NULL, '1976-12-11', '211521808', 1976);
INSERT INTO [HoTroCovid].[dbo].[CaNhan_DoanhNghiep] (ID, IDDoanhNghiep, IDCaNhan, IDDoiTuong, NgheNghiep, DaTra50) VALUES ('8379c792-f735-4c5b-aeb1-95e3344500cc', 'f921f32f-ba1f-4295-a29a-f4ede878141b', 'bf3c6b84-a9c2-46eb-8d2b-a11c0617971c', NULL, N'Trưởng ban kiểm soát', false);
INSERT INTO [HoTroCovid].[dbo].[ThongTinHoTro] (ID, IDNoiDung, IDDoiTuong, IDCaNhan) VALUES ('2006030c-59d8-4f4c-aab1-910a8789d2f9', 1, NULL, 'bf3c6b84-a9c2-46eb-8d2b-a11c0617971c');
INSERT INTO [HoTroCovid].[dbo].[HoSo] (ID, IDCaNhan, IDNoiDungHoTro, IDDoiTuong, SoThang, SoTien, ThanhTien, IDThongTinHoTro, DaChi, NguoiTao) VALUES ('30526d0e-d25e-4bac-b25e-b7c5f30d283b', 'bf3c6b84-a9c2-46eb-8d2b-a11c0617971c', 1, NULL, 3, 1800000, 5400000, '2006030c-59d8-4f4c-aab1-910a8789d2f9', 0, 'solaodong');
INSERT INTO [HoTroCovid].[dbo].[CaNhan] (ID, HoTen, GioiTinh, NgaySinh, CMND, SinhNam) VALUES ('94ae0053-60bf-45dc-8e81-24df30d89cb7', N'Nguyễn Ngọc Lê', 1, '1992-07-03', '215170728', 1992);
INSERT INTO [HoTroCovid].[dbo].[CaNhan_DoanhNghiep] (ID, IDDoanhNghiep, IDCaNhan, IDDoiTuong, NgheNghiep, DaTra50) VALUES ('0b76b40b-d85b-407c-862f-4a12c0be7026', 'e49841c9-785e-405e-9bf6-c9e9638c10e4', '94ae0053-60bf-45dc-8e81-24df30d89cb7', NULL, N'CNCBHSĐL', null);
INSERT INTO [HoTroCovid].[dbo].[ThongTinHoTro] (ID, IDNoiDung, IDDoiTuong, IDCaNhan) VALUES ('10e30ca9-8a95-47c0-84f7-db9452c1373a', 1, NULL, '94ae0053-60bf-45dc-8e81-24df30d89cb7');
INSERT INTO [HoTroCovid].[dbo].[HoSo] (ID, IDCaNhan, IDNoiDungHoTro, IDDoiTuong, SoThang, SoTien, ThanhTien, IDThongTinHoTro, DaChi, NguoiTao) VALUES ('0d4ff21f-943b-462c-95fa-17ba676b6a32', '94ae0053-60bf-45dc-8e81-24df30d89cb7', 1, NULL, 3, 1800000, 5400000, '10e30ca9-8a95-47c0-84f7-db9452c1373a', 0, 'solaodong');
INSERT INTO [HoTroCovid].[dbo].[CaNhan] (ID, HoTen, GioiTinh, NgaySinh, CMND, SinhNam) VALUES ('9686212f-84ae-4508-9708-8445c931040b', N'Nguyễn Thị Nhiên', NULL, '1996-12-12', '215418891', 1996);
INSERT INTO [HoTroCovid].[dbo].[CaNhan_DoanhNghiep] (ID, IDDoanhNghiep, IDCaNhan, IDDoiTuong, NgheNghiep, DaTra50) VALUES ('9a8cdde8-8a53-4312-b9b6-471b1f2bbf3e', 'e49841c9-785e-405e-9bf6-c9e9638c10e4', '9686212f-84ae-4508-9708-8445c931040b', NULL, N'CNCBHSĐL', null);
INSERT INTO [HoTroCovid].[dbo].[ThongTinHoTro] (ID, IDNoiDung, IDDoiTuong, IDCaNhan) VALUES ('470be916-fce4-4d85-9ace-c094f8b30535', 1, NULL, '9686212f-84ae-4508-9708-8445c931040b');
INSERT INTO [HoTroCovid].[dbo].[HoSo] (ID, IDCaNhan, IDNoiDungHoTro, IDDoiTuong, SoThang, SoTien, ThanhTien, IDThongTinHoTro, DaChi, NguoiTao) VALUES ('2813b62c-fbc4-49da-bdae-8aa53d9b7af4', '9686212f-84ae-4508-9708-8445c931040b', 1, NULL, 3, 1800000, 5400000, '470be916-fce4-4d85-9ace-c094f8b30535', 0, 'solaodong');
INSERT INTO [HoTroCovid].[dbo].[CaNhan] (ID, HoTen, GioiTinh, NgaySinh, CMND, SinhNam) VALUES ('235b948d-6bf9-48d2-a04c-7c6de35d39ef', N'Nguyễn Thị Kim Hạnh', NULL, '1990-12-20', '215221137', 1990);
INSERT INTO [HoTroCovid].[dbo].[CaNhan_DoanhNghiep] (ID, IDDoanhNghiep, IDCaNhan, IDDoiTuong, NgheNghiep, DaTra50) VALUES ('d8d598d7-2bc2-4e4d-a893-898c04dbe98d', 'e49841c9-785e-405e-9bf6-c9e9638c10e4', '235b948d-6bf9-48d2-a04c-7c6de35d39ef', NULL, N'CNCBHSĐL', null);
INSERT INTO [HoTroCovid].[dbo].[ThongTinHoTro] (ID, IDNoiDung, IDDoiTuong, IDCaNhan) VALUES ('4c460e43-3426-4ae6-8711-cc8e4ed6259c', 1, NULL, '235b948d-6bf9-48d2-a04c-7c6de35d39ef');
INSERT INTO [HoTroCovid].[dbo].[HoSo] (ID, IDCaNhan, IDNoiDungHoTro, IDDoiTuong, SoThang, SoTien, ThanhTien, IDThongTinHoTro, DaChi, NguoiTao) VALUES ('1769955c-da50-43a3-a38e-8e73db2012b3', '235b948d-6bf9-48d2-a04c-7c6de35d39ef', 1, NULL, 3, 1800000, 5400000, '4c460e43-3426-4ae6-8711-cc8e4ed6259c', 0, 'solaodong');
INSERT INTO [HoTroCovid].[dbo].[CaNhan] (ID, HoTen, GioiTinh, NgaySinh, CMND, SinhNam) VALUES ('305797d4-6d7b-4bc2-af17-440cb2acad48', N'Từ Thị Kim Huệ', NULL, '1987-06-18', '215024177', 1987);
INSERT INTO [HoTroCovid].[dbo].[CaNhan_DoanhNghiep] (ID, IDDoanhNghiep, IDCaNhan, IDDoiTuong, NgheNghiep, DaTra50) VALUES ('5f6425d6-8d1c-480e-87d9-4c1cc465ddf9', 'e49841c9-785e-405e-9bf6-c9e9638c10e4', '305797d4-6d7b-4bc2-af17-440cb2acad48', NULL, N'CNCBHSĐL', null);
INSERT INTO [HoTroCovid].[dbo].[ThongTinHoTro] (ID, IDNoiDung, IDDoiTuong, IDCaNhan) VALUES ('28cd6674-1f03-439b-956b-3a4c43778ab7', 1, NULL, '305797d4-6d7b-4bc2-af17-440cb2acad48');
INSERT INTO [HoTroCovid].[dbo].[HoSo] (ID, IDCaNhan, IDNoiDungHoTro, IDDoiTuong, SoThang, SoTien, ThanhTien, IDThongTinHoTro, DaChi, NguoiTao) VALUES ('583dc963-5918-418e-91f2-d4292e3cb0b8', '305797d4-6d7b-4bc2-af17-440cb2acad48', 1, NULL, 3, 1800000, 5400000, '28cd6674-1f03-439b-956b-3a4c43778ab7', 0, 'solaodong');
INSERT INTO [HoTroCovid].[dbo].[CaNhan] (ID, HoTen, GioiTinh, NgaySinh, CMND, SinhNam) VALUES ('4b09e177-7c3c-48b8-9d0b-2c19b3b65735', N'Huỳnh Bảo Nhân', 1, '1983-11-04', '211805770', 1983);
INSERT INTO [HoTroCovid].[dbo].[CaNhan_DoanhNghiep] (ID, IDDoanhNghiep, IDCaNhan, IDDoiTuong, NgheNghiep, DaTra50) VALUES ('02e47c23-66ed-436b-8c0f-a5ae00822eb2', 'e49841c9-785e-405e-9bf6-c9e9638c10e4', '4b09e177-7c3c-48b8-9d0b-2c19b3b65735', NULL, N'CNCBHSĐL', null);
INSERT INTO [HoTroCovid].[dbo].[ThongTinHoTro] (ID, IDNoiDung, IDDoiTuong, IDCaNhan) VALUES ('9c16d1f1-6244-4452-8387-c4faaa0dcc8f', 1, NULL, '4b09e177-7c3c-48b8-9d0b-2c19b3b65735');
INSERT INTO [HoTroCovid].[dbo].[HoSo] (ID, IDCaNhan, IDNoiDungHoTro, IDDoiTuong, SoThang, SoTien, ThanhTien, IDThongTinHoTro, DaChi, NguoiTao) VALUES ('72fa3d32-3ea8-40ef-be81-f4bc325a43ff', '4b09e177-7c3c-48b8-9d0b-2c19b3b65735', 1, NULL, 3, 1800000, 5400000, '9c16d1f1-6244-4452-8387-c4faaa0dcc8f', 0, 'solaodong');
INSERT INTO [HoTroCovid].[dbo].[CaNhan] (ID, HoTen, GioiTinh, NgaySinh, CMND, SinhNam) VALUES ('18ed2b96-0ab0-4a5f-bb25-c390a60453a0', N'Hồ Thị Mỹ Thoa', NULL, '1990-08-09', '215131428', 1990);
INSERT INTO [HoTroCovid].[dbo].[CaNhan_DoanhNghiep] (ID, IDDoanhNghiep, IDCaNhan, IDDoiTuong, NgheNghiep, DaTra50) VALUES ('d573fda2-69fd-422f-a2a9-8ccace94c8f2', 'e49841c9-785e-405e-9bf6-c9e9638c10e4', '18ed2b96-0ab0-4a5f-bb25-c390a60453a0', NULL, N'CNCBHSĐL', null);
INSERT INTO [HoTroCovid].[dbo].[ThongTinHoTro] (ID, IDNoiDung, IDDoiTuong, IDCaNhan) VALUES ('731f3e5e-5274-47c8-8aaf-a93ff2e7c0ef', 1, NULL, '18ed2b96-0ab0-4a5f-bb25-c390a60453a0');
INSERT INTO [HoTroCovid].[dbo].[HoSo] (ID, IDCaNhan, IDNoiDungHoTro, IDDoiTuong, SoThang, SoTien, ThanhTien, IDThongTinHoTro, DaChi, NguoiTao) VALUES ('bcfc1ee4-e833-437a-9400-9b54f8eaf639', '18ed2b96-0ab0-4a5f-bb25-c390a60453a0', 1, NULL, 3, 1800000, 5400000, '731f3e5e-5274-47c8-8aaf-a93ff2e7c0ef', 0, 'solaodong');
INSERT INTO [HoTroCovid].[dbo].[CaNhan] (ID, HoTen, GioiTinh, NgaySinh, CMND, SinhNam) VALUES ('07d709c4-b312-4662-a067-6c7b9e8d3cde', N'Trần Minh Thắng', 1, '1999-01-16', '215503910', 1999);
INSERT INTO [HoTroCovid].[dbo].[CaNhan_DoanhNghiep] (ID, IDDoanhNghiep, IDCaNhan, IDDoiTuong, NgheNghiep, DaTra50) VALUES ('84e97ebc-e5b6-405f-8cfb-4fe092031abf', 'e49841c9-785e-405e-9bf6-c9e9638c10e4', '07d709c4-b312-4662-a067-6c7b9e8d3cde', NULL, N'CNCBHSĐL', null);
INSERT INTO [HoTroCovid].[dbo].[ThongTinHoTro] (ID, IDNoiDung, IDDoiTuong, IDCaNhan) VALUES ('e15bf8b4-8077-4095-a2d8-7cbb4911ffd6', 1, NULL, '07d709c4-b312-4662-a067-6c7b9e8d3cde');
INSERT INTO [HoTroCovid].[dbo].[HoSo] (ID, IDCaNhan, IDNoiDungHoTro, IDDoiTuong, SoThang, SoTien, ThanhTien, IDThongTinHoTro, DaChi, NguoiTao) VALUES ('f21afc86-2e8e-43f3-a172-edca5412454f', '07d709c4-b312-4662-a067-6c7b9e8d3cde', 1, NULL, 3, 1800000, 5400000, 'e15bf8b4-8077-4095-a2d8-7cbb4911ffd6', 0, 'solaodong');
INSERT INTO [HoTroCovid].[dbo].[CaNhan] (ID, HoTen, GioiTinh, NgaySinh, CMND, SinhNam) VALUES ('2392b858-1229-43f1-a207-8a01b5d0b652', N'Bùi Văn Ký', 1, '1987-04-24', '230640949', 1987);
INSERT INTO [HoTroCovid].[dbo].[CaNhan_DoanhNghiep] (ID, IDDoanhNghiep, IDCaNhan, IDDoiTuong, NgheNghiep, DaTra50) VALUES ('9499dbe1-e4c8-4634-ad37-5d8a6e831920', 'e49841c9-785e-405e-9bf6-c9e9638c10e4', '2392b858-1229-43f1-a207-8a01b5d0b652', NULL, N'CNCBHSĐL', null);
INSERT INTO [HoTroCovid].[dbo].[ThongTinHoTro] (ID, IDNoiDung, IDDoiTuong, IDCaNhan) VALUES ('bba0430f-362b-4f49-8867-479730d687b1', 1, NULL, '2392b858-1229-43f1-a207-8a01b5d0b652');
INSERT INTO [HoTroCovid].[dbo].[HoSo] (ID, IDCaNhan, IDNoiDungHoTro, IDDoiTuong, SoThang, SoTien, ThanhTien, IDThongTinHoTro, DaChi, NguoiTao) VALUES ('6c2b4e28-9ac1-441b-89c5-c7a42003f6ad', '2392b858-1229-43f1-a207-8a01b5d0b652', 1, NULL, 3, 1800000, 5400000, 'bba0430f-362b-4f49-8867-479730d687b1', 0, 'solaodong');
INSERT INTO [HoTroCovid].[dbo].[CaNhan] (ID, HoTen, GioiTinh, NgaySinh, CMND, SinhNam) VALUES ('bb45fed1-ce77-4ac7-9b8f-4546792e8f1a', N'Nguyễn Nhật Bình An', NULL, '1999-09-03', '231191352', 1999);
INSERT INTO [HoTroCovid].[dbo].[CaNhan_DoanhNghiep] (ID, IDDoanhNghiep, IDCaNhan, IDDoiTuong, NgheNghiep, DaTra50) VALUES ('0f5018c3-efed-401b-aa79-18426d47e6b0', 'e49841c9-785e-405e-9bf6-c9e9638c10e4', 'bb45fed1-ce77-4ac7-9b8f-4546792e8f1a', NULL, N'CNCBHSĐL', null);
INSERT INTO [HoTroCovid].[dbo].[ThongTinHoTro] (ID, IDNoiDung, IDDoiTuong, IDCaNhan) VALUES ('bed7e4cf-a846-4d69-b754-0fc44e69e63c', 1, NULL, 'bb45fed1-ce77-4ac7-9b8f-4546792e8f1a');
INSERT INTO [HoTroCovid].[dbo].[HoSo] (ID, IDCaNhan, IDNoiDungHoTro, IDDoiTuong, SoThang, SoTien, ThanhTien, IDThongTinHoTro, DaChi, NguoiTao) VALUES ('421faccc-afcf-414a-ba8e-874d932184ae', 'bb45fed1-ce77-4ac7-9b8f-4546792e8f1a', 1, NULL, 3, 1800000, 5400000, 'bed7e4cf-a846-4d69-b754-0fc44e69e63c', 0, 'solaodong');
INSERT INTO [HoTroCovid].[dbo].[CaNhan] (ID, HoTen, GioiTinh, NgaySinh, CMND, SinhNam) VALUES ('3c3e6a41-e65c-4d06-95b1-b4d73a003b79', N'Võ Thị Hằng', NULL, '1996-03-19', '215439952', 1996);
INSERT INTO [HoTroCovid].[dbo].[CaNhan_DoanhNghiep] (ID, IDDoanhNghiep, IDCaNhan, IDDoiTuong, NgheNghiep, DaTra50) VALUES ('047c7650-9a85-4046-88c4-2204679ec69c', 'e49841c9-785e-405e-9bf6-c9e9638c10e4', '3c3e6a41-e65c-4d06-95b1-b4d73a003b79', NULL, N'CNCBHSĐL', null);
INSERT INTO [HoTroCovid].[dbo].[ThongTinHoTro] (ID, IDNoiDung, IDDoiTuong, IDCaNhan) VALUES ('a77d8016-d8ff-43c8-af87-67280bda1478', 1, NULL, '3c3e6a41-e65c-4d06-95b1-b4d73a003b79');
INSERT INTO [HoTroCovid].[dbo].[HoSo] (ID, IDCaNhan, IDNoiDungHoTro, IDDoiTuong, SoThang, SoTien, ThanhTien, IDThongTinHoTro, DaChi, NguoiTao) VALUES ('d7dd3a55-beba-4a3a-906e-b1a65038fed0', '3c3e6a41-e65c-4d06-95b1-b4d73a003b79', 1, NULL, 3, 1800000, 5400000, 'a77d8016-d8ff-43c8-af87-67280bda1478', 0, 'solaodong');
INSERT INTO [HoTroCovid].[dbo].[CaNhan] (ID, HoTen, GioiTinh, NgaySinh, CMND, SinhNam) VALUES ('c4951ed5-573d-462c-b2ba-a0669b58d641', N'Huỳnh Thị Xuân', NULL, '1991-09-24', '215132171', 1991);
INSERT INTO [HoTroCovid].[dbo].[CaNhan_DoanhNghiep] (ID, IDDoanhNghiep, IDCaNhan, IDDoiTuong, NgheNghiep, DaTra50) VALUES ('4e4b67c3-0bee-4d39-8baa-7e5c67266f93', 'e49841c9-785e-405e-9bf6-c9e9638c10e4', 'c4951ed5-573d-462c-b2ba-a0669b58d641', NULL, N'CNCBHSĐL', null);
INSERT INTO [HoTroCovid].[dbo].[ThongTinHoTro] (ID, IDNoiDung, IDDoiTuong, IDCaNhan) VALUES ('6cb235d1-73b8-4231-8294-30ab56337c00', 1, NULL, 'c4951ed5-573d-462c-b2ba-a0669b58d641');
INSERT INTO [HoTroCovid].[dbo].[HoSo] (ID, IDCaNhan, IDNoiDungHoTro, IDDoiTuong, SoThang, SoTien, ThanhTien, IDThongTinHoTro, DaChi, NguoiTao) VALUES ('2bb3d5ca-54c9-4d91-9759-4bbbf6decf6d', 'c4951ed5-573d-462c-b2ba-a0669b58d641', 1, NULL, 3, 1800000, 5400000, '6cb235d1-73b8-4231-8294-30ab56337c00', 0, 'solaodong');
INSERT INTO [HoTroCovid].[dbo].[CaNhan] (ID, HoTen, GioiTinh, NgaySinh, CMND, SinhNam) VALUES ('3ab7f055-71d1-412e-b02b-6c88c516a6ae', N'Đặng Trường Hào', 1, '2000-09-26', '215546980', 2000);
INSERT INTO [HoTroCovid].[dbo].[CaNhan_DoanhNghiep] (ID, IDDoanhNghiep, IDCaNhan, IDDoiTuong, NgheNghiep, DaTra50) VALUES ('793c9ae1-7dc9-43e4-9f6b-fe85ccca5de5', 'e49841c9-785e-405e-9bf6-c9e9638c10e4', '3ab7f055-71d1-412e-b02b-6c88c516a6ae', NULL, N'CNCBHSĐL', null);
INSERT INTO [HoTroCovid].[dbo].[ThongTinHoTro] (ID, IDNoiDung, IDDoiTuong, IDCaNhan) VALUES ('13e02d78-0d36-4842-84c7-b5e8508a9997', 1, NULL, '3ab7f055-71d1-412e-b02b-6c88c516a6ae');
INSERT INTO [HoTroCovid].[dbo].[HoSo] (ID, IDCaNhan, IDNoiDungHoTro, IDDoiTuong, SoThang, SoTien, ThanhTien, IDThongTinHoTro, DaChi, NguoiTao) VALUES ('21c568ba-93ee-4aef-9120-c08cf097ddf5', '3ab7f055-71d1-412e-b02b-6c88c516a6ae', 1, NULL, 3, 1800000, 5400000, '13e02d78-0d36-4842-84c7-b5e8508a9997', 0, 'solaodong');
INSERT INTO [HoTroCovid].[dbo].[CaNhan] (ID, HoTen, GioiTinh, NgaySinh, CMND, SinhNam) VALUES ('1b834e10-fc8d-4eec-8310-75724c1786cd', N'Đoàn Thị Hà', NULL, '1995-03-02', '215324608', 1995);
INSERT INTO [HoTroCovid].[dbo].[CaNhan_DoanhNghiep] (ID, IDDoanhNghiep, IDCaNhan, IDDoiTuong, NgheNghiep, DaTra50) VALUES ('5f321899-37b0-4077-9621-96421600c069', 'e49841c9-785e-405e-9bf6-c9e9638c10e4', '1b834e10-fc8d-4eec-8310-75724c1786cd', NULL, N'CNCBHSĐL', null);
INSERT INTO [HoTroCovid].[dbo].[ThongTinHoTro] (ID, IDNoiDung, IDDoiTuong, IDCaNhan) VALUES ('310e6e8f-a204-43d3-9a10-0e9103722e8f', 1, NULL, '1b834e10-fc8d-4eec-8310-75724c1786cd');
INSERT INTO [HoTroCovid].[dbo].[HoSo] (ID, IDCaNhan, IDNoiDungHoTro, IDDoiTuong, SoThang, SoTien, ThanhTien, IDThongTinHoTro, DaChi, NguoiTao) VALUES ('ad401331-b161-45a9-8942-44fcc53e14d8', '1b834e10-fc8d-4eec-8310-75724c1786cd', 1, NULL, 3, 1800000, 5400000, '310e6e8f-a204-43d3-9a10-0e9103722e8f', 0, 'solaodong');
INSERT INTO [HoTroCovid].[dbo].[CaNhan] (ID, HoTen, GioiTinh, NgaySinh, CMND, SinhNam) VALUES ('f2629de6-3def-482b-80b0-b3e3e17c8a1a', N'Lê Thị Thành', NULL, '1989-03-09', '215089951', 1989);
INSERT INTO [HoTroCovid].[dbo].[CaNhan_DoanhNghiep] (ID, IDDoanhNghiep, IDCaNhan, IDDoiTuong, NgheNghiep, DaTra50) VALUES ('7d8d2fa5-1de2-4804-9091-de2115c014f8', 'e49841c9-785e-405e-9bf6-c9e9638c10e4', 'f2629de6-3def-482b-80b0-b3e3e17c8a1a', NULL, N'CNCBHSĐL', null);
INSERT INTO [HoTroCovid].[dbo].[ThongTinHoTro] (ID, IDNoiDung, IDDoiTuong, IDCaNhan) VALUES ('ebf85aad-6707-452a-91e2-e6decdcbd876', 1, NULL, 'f2629de6-3def-482b-80b0-b3e3e17c8a1a');
INSERT INTO [HoTroCovid].[dbo].[HoSo] (ID, IDCaNhan, IDNoiDungHoTro, IDDoiTuong, SoThang, SoTien, ThanhTien, IDThongTinHoTro, DaChi, NguoiTao) VALUES ('702ea275-9fc0-4d10-8719-5864e5b20011', 'f2629de6-3def-482b-80b0-b3e3e17c8a1a', 1, NULL, 3, 1800000, 5400000, 'ebf85aad-6707-452a-91e2-e6decdcbd876', 0, 'solaodong');
INSERT INTO [HoTroCovid].[dbo].[CaNhan] (ID, HoTen, GioiTinh, NgaySinh, CMND, SinhNam) VALUES ('46d4c314-a1d6-4ea4-9ab1-bda0bb9d463e', N'Đặng Tấn Thiên', 1, '1993-02-10', '215269331', 1993);
INSERT INTO [HoTroCovid].[dbo].[CaNhan_DoanhNghiep] (ID, IDDoanhNghiep, IDCaNhan, IDDoiTuong, NgheNghiep, DaTra50) VALUES ('b59419af-fbd9-43d0-85c0-6cac66493ac9', 'e49841c9-785e-405e-9bf6-c9e9638c10e4', '46d4c314-a1d6-4ea4-9ab1-bda0bb9d463e', NULL, N'CNCBHSĐL', null);
INSERT INTO [HoTroCovid].[dbo].[ThongTinHoTro] (ID, IDNoiDung, IDDoiTuong, IDCaNhan) VALUES ('0818984c-7573-4fd7-b8e7-b1d4b59dcf21', 1, NULL, '46d4c314-a1d6-4ea4-9ab1-bda0bb9d463e');
INSERT INTO [HoTroCovid].[dbo].[HoSo] (ID, IDCaNhan, IDNoiDungHoTro, IDDoiTuong, SoThang, SoTien, ThanhTien, IDThongTinHoTro, DaChi, NguoiTao) VALUES ('9a4f2c5a-e906-4664-9d92-faec9a2cb9b0', '46d4c314-a1d6-4ea4-9ab1-bda0bb9d463e', 1, NULL, 3, 1800000, 5400000, '0818984c-7573-4fd7-b8e7-b1d4b59dcf21', 0, 'solaodong');
INSERT INTO [HoTroCovid].[dbo].[CaNhan] (ID, HoTen, GioiTinh, NgaySinh, CMND, SinhNam) VALUES ('ceb90b1a-65e5-4d9b-a63b-c2cf4e7a6038', N'Nguyễn Văn Sĩ', 1, '1981-05-03', '211731236', 1981);
INSERT INTO [HoTroCovid].[dbo].[CaNhan_DoanhNghiep] (ID, IDDoanhNghiep, IDCaNhan, IDDoiTuong, NgheNghiep, DaTra50) VALUES ('e372ef68-ca0b-47fc-86a5-c62192068eb1', 'e49841c9-785e-405e-9bf6-c9e9638c10e4', 'ceb90b1a-65e5-4d9b-a63b-c2cf4e7a6038', NULL, N'Tổ trưởng Cưa', null);
INSERT INTO [HoTroCovid].[dbo].[ThongTinHoTro] (ID, IDNoiDung, IDDoiTuong, IDCaNhan) VALUES ('a911ec84-2e53-42c6-b9b3-80f8b5978ece', 1, NULL, 'ceb90b1a-65e5-4d9b-a63b-c2cf4e7a6038');
INSERT INTO [HoTroCovid].[dbo].[HoSo] (ID, IDCaNhan, IDNoiDungHoTro, IDDoiTuong, SoThang, SoTien, ThanhTien, IDThongTinHoTro, DaChi, NguoiTao) VALUES ('2f0e2b15-e9ef-4958-9ba2-cc00a319e2a2', 'ceb90b1a-65e5-4d9b-a63b-c2cf4e7a6038', 1, NULL, 3, 1800000, 5400000, 'a911ec84-2e53-42c6-b9b3-80f8b5978ece', 0, 'solaodong');
INSERT INTO [HoTroCovid].[dbo].[CaNhan] (ID, HoTen, GioiTinh, NgaySinh, CMND, SinhNam) VALUES ('c86f74ee-002f-44e8-a827-17e0e7545061', N'Nguyễn Thị Kim Thạch', NULL, '1975-07-12', '211723283', 1975);
INSERT INTO [HoTroCovid].[dbo].[CaNhan_DoanhNghiep] (ID, IDDoanhNghiep, IDCaNhan, IDDoiTuong, NgheNghiep, DaTra50) VALUES ('786e06ce-19a1-4983-9303-37598ca0adb0', 'e49841c9-785e-405e-9bf6-c9e9638c10e4', 'c86f74ee-002f-44e8-a827-17e0e7545061', NULL, N'N/viên quẹt thẻ', null);
INSERT INTO [HoTroCovid].[dbo].[ThongTinHoTro] (ID, IDNoiDung, IDDoiTuong, IDCaNhan) VALUES ('0d30dcd6-9784-4378-bc84-e14361f6072a', 1, NULL, 'c86f74ee-002f-44e8-a827-17e0e7545061');
INSERT INTO [HoTroCovid].[dbo].[HoSo] (ID, IDCaNhan, IDNoiDungHoTro, IDDoiTuong, SoThang, SoTien, ThanhTien, IDThongTinHoTro, DaChi, NguoiTao) VALUES ('71ca8aea-d1c3-479a-b12f-9a891365e6b8', 'c86f74ee-002f-44e8-a827-17e0e7545061', 1, NULL, 3, 1800000, 5400000, '0d30dcd6-9784-4378-bc84-e14361f6072a', 0, 'solaodong');
INSERT INTO [HoTroCovid].[dbo].[CaNhan] (ID, HoTen, GioiTinh, NgaySinh, CMND, SinhNam) VALUES ('ce4ac3be-de61-47ad-9a3c-21bd396621ed', N'Thái Thị Thải', NULL, '1964-08-10', '211136161', 1964);
INSERT INTO [HoTroCovid].[dbo].[CaNhan_DoanhNghiep] (ID, IDDoanhNghiep, IDCaNhan, IDDoiTuong, NgheNghiep, DaTra50) VALUES ('29a66cc6-f6d2-44e9-a734-94412f589445', 'e49841c9-785e-405e-9bf6-c9e9638c10e4', 'ce4ac3be-de61-47ad-9a3c-21bd396621ed', NULL, N'Kế toán Trưởng', false);
INSERT INTO [HoTroCovid].[dbo].[ThongTinHoTro] (ID, IDNoiDung, IDDoiTuong, IDCaNhan) VALUES ('71101a82-e45b-4e0d-af24-8db9651b1cc6', 1, NULL, 'ce4ac3be-de61-47ad-9a3c-21bd396621ed');
INSERT INTO [HoTroCovid].[dbo].[HoSo] (ID, IDCaNhan, IDNoiDungHoTro, IDDoiTuong, SoThang, SoTien, ThanhTien, IDThongTinHoTro, DaChi, NguoiTao) VALUES ('56400802-b1ef-4d3e-b6bb-9e877399afa0', 'ce4ac3be-de61-47ad-9a3c-21bd396621ed', 1, NULL, 3, 1800000, 5400000, '71101a82-e45b-4e0d-af24-8db9651b1cc6', 0, 'solaodong');
INSERT INTO [HoTroCovid].[dbo].[CaNhan] (ID, HoTen, GioiTinh, NgaySinh, CMND, SinhNam) VALUES ('0ebd6393-f3db-47d4-865a-8cd37430fbc7', N'Nguyễn Đức Thảo', 1, '1979-07-06', '211600234', 1979);
INSERT INTO [HoTroCovid].[dbo].[CaNhan_DoanhNghiep] (ID, IDDoanhNghiep, IDCaNhan, IDDoiTuong, NgheNghiep, DaTra50) VALUES ('a4647c34-0c83-4ac8-8475-e5e2bfc6239c', 'e49841c9-785e-405e-9bf6-c9e9638c10e4', '0ebd6393-f3db-47d4-865a-8cd37430fbc7', NULL, N'N/viên bảo vệ', null);
INSERT INTO [HoTroCovid].[dbo].[ThongTinHoTro] (ID, IDNoiDung, IDDoiTuong, IDCaNhan) VALUES ('5a1cccc6-d8b5-4253-a8d9-c911b80cc079', 1, NULL, '0ebd6393-f3db-47d4-865a-8cd37430fbc7');
INSERT INTO [HoTroCovid].[dbo].[HoSo] (ID, IDCaNhan, IDNoiDungHoTro, IDDoiTuong, SoThang, SoTien, ThanhTien, IDThongTinHoTro, DaChi, NguoiTao) VALUES ('97c082ab-60a7-4148-911a-34b5a7e88838', '0ebd6393-f3db-47d4-865a-8cd37430fbc7', 1, NULL, 3, 1800000, 5400000, '5a1cccc6-d8b5-4253-a8d9-c911b80cc079', 0, 'solaodong');
INSERT INTO [HoTroCovid].[dbo].[CaNhan] (ID, HoTen, GioiTinh, NgaySinh, CMND, SinhNam) VALUES ('326bb351-a441-4114-98f3-dd45a248fa74', N'Ngô Quý Thành Nhân', 1, '1984-11-12', '212205031', 1984);
INSERT INTO [HoTroCovid].[dbo].[CaNhan_DoanhNghiep] (ID, IDDoanhNghiep, IDCaNhan, IDDoiTuong, NgheNghiep, DaTra50) VALUES ('1c7a19e6-1c4a-47a8-bcee-5db84aaf1a3b', 'e49841c9-785e-405e-9bf6-c9e9638c10e4', '326bb351-a441-4114-98f3-dd45a248fa74', NULL, N'N/viên BBVT', null);
INSERT INTO [HoTroCovid].[dbo].[ThongTinHoTro] (ID, IDNoiDung, IDDoiTuong, IDCaNhan) VALUES ('6827ffcf-a107-4942-b8c3-898d73703065', 1, NULL, '326bb351-a441-4114-98f3-dd45a248fa74');
INSERT INTO [HoTroCovid].[dbo].[HoSo] (ID, IDCaNhan, IDNoiDungHoTro, IDDoiTuong, SoThang, SoTien, ThanhTien, IDThongTinHoTro, DaChi, NguoiTao) VALUES ('921d3fd8-40a4-4d25-b83a-339f444d3058', '326bb351-a441-4114-98f3-dd45a248fa74', 1, NULL, 3, 1800000, 5400000, '6827ffcf-a107-4942-b8c3-898d73703065', 0, 'solaodong');
INSERT INTO [HoTroCovid].[dbo].[CaNhan] (ID, HoTen, GioiTinh, NgaySinh, CMND, SinhNam) VALUES ('4a1308dd-9001-486c-89c5-f7b5e544098f', N'Nguyễn Dương Trường Hải', 1, '1988-05-03', '215090988', 1988);
INSERT INTO [HoTroCovid].[dbo].[CaNhan_DoanhNghiep] (ID, IDDoanhNghiep, IDCaNhan, IDDoiTuong, NgheNghiep, DaTra50) VALUES ('b973c137-81b0-4805-a487-2a18de107bb4', 'e49841c9-785e-405e-9bf6-c9e9638c10e4', '4a1308dd-9001-486c-89c5-f7b5e544098f', NULL, N'N/viên HACCP', null);
INSERT INTO [HoTroCovid].[dbo].[ThongTinHoTro] (ID, IDNoiDung, IDDoiTuong, IDCaNhan) VALUES ('66a31aea-cf6c-492a-8ab6-5ec63f02d8a5', 1, NULL, '4a1308dd-9001-486c-89c5-f7b5e544098f');
INSERT INTO [HoTroCovid].[dbo].[HoSo] (ID, IDCaNhan, IDNoiDungHoTro, IDDoiTuong, SoThang, SoTien, ThanhTien, IDThongTinHoTro, DaChi, NguoiTao) VALUES ('0389f6de-b3a1-4df1-9582-0562764c1f11', '4a1308dd-9001-486c-89c5-f7b5e544098f', 1, NULL, 3, 1800000, 5400000, '66a31aea-cf6c-492a-8ab6-5ec63f02d8a5', 0, 'solaodong');
INSERT INTO [HoTroCovid].[dbo].[CaNhan] (ID, HoTen, GioiTinh, NgaySinh, CMND, SinhNam) VALUES ('08c6e80f-29ae-423d-be6d-e6a38d981fef', N'Nguyễn Hoàng Tuấn', 1, '1989-06-02', '230731852', 1989);
INSERT INTO [HoTroCovid].[dbo].[CaNhan_DoanhNghiep] (ID, IDDoanhNghiep, IDCaNhan, IDDoiTuong, NgheNghiep, DaTra50) VALUES ('8f725c78-72e0-41b2-b651-a0d059bab924', 'e49841c9-785e-405e-9bf6-c9e9638c10e4', '08c6e80f-29ae-423d-be6d-e6a38d981fef', NULL, N'CN kho lạnh', null);
INSERT INTO [HoTroCovid].[dbo].[ThongTinHoTro] (ID, IDNoiDung, IDDoiTuong, IDCaNhan) VALUES ('38cad810-f3a9-4575-b02f-87a5240a5089', 1, NULL, '08c6e80f-29ae-423d-be6d-e6a38d981fef');
INSERT INTO [HoTroCovid].[dbo].[HoSo] (ID, IDCaNhan, IDNoiDungHoTro, IDDoiTuong, SoThang, SoTien, ThanhTien, IDThongTinHoTro, DaChi, NguoiTao) VALUES ('48666a3c-a6df-4ea0-9d33-2294e16cf54b', '08c6e80f-29ae-423d-be6d-e6a38d981fef', 1, NULL, 3, 1800000, 5400000, '38cad810-f3a9-4575-b02f-87a5240a5089', 0, 'solaodong');
INSERT INTO [HoTroCovid].[dbo].[CaNhan] (ID, HoTen, GioiTinh, NgaySinh, CMND, SinhNam) VALUES ('172a3c49-0781-4658-bcf0-357021a6aae4', N'TRẦN QUANG SANH', 1, '1987-01-14', '215016060', 1987);
INSERT INTO [HoTroCovid].[dbo].[CaNhan_DoanhNghiep] (ID, IDDoanhNghiep, IDCaNhan, IDDoiTuong, NgheNghiep, DaTra50) VALUES ('d7677caa-0d5a-4db0-9185-0434251a6c7c', '661117c5-fd90-4c1d-b623-4d81db47679a', '172a3c49-0781-4658-bcf0-357021a6aae4', NULL, N'Lái xe', null);
INSERT INTO [HoTroCovid].[dbo].[ThongTinHoTro] (ID, IDNoiDung, IDDoiTuong, IDCaNhan) VALUES ('6b63b389-3e76-475d-9ef3-e872cce82512', 1, NULL, '172a3c49-0781-4658-bcf0-357021a6aae4');
INSERT INTO [HoTroCovid].[dbo].[HoSo] (ID, IDCaNhan, IDNoiDungHoTro, IDDoiTuong, SoThang, SoTien, ThanhTien, IDThongTinHoTro, DaChi, NguoiTao) VALUES ('3f90c852-337b-4fe8-803d-1aef72acbde1', '172a3c49-0781-4658-bcf0-357021a6aae4', 1, NULL, 3, 1800000, 5400000, '6b63b389-3e76-475d-9ef3-e872cce82512', 0, 'solaodong');
INSERT INTO [HoTroCovid].[dbo].[CaNhan] (ID, HoTen, GioiTinh, NgaySinh, CMND, SinhNam) VALUES ('dbe99e60-840c-4d44-8f44-4d819ec64db4', N'Nguyễn Văn Diện', 1, '1976-07-19', '211584741', 1976);
INSERT INTO [HoTroCovid].[dbo].[CaNhan_DoanhNghiep] (ID, IDDoanhNghiep, IDCaNhan, IDDoiTuong, NgheNghiep, DaTra50) VALUES ('7d6e2764-76eb-4e02-9e1f-cd4a8b742ba1', 'f921f32f-ba1f-4295-a29a-f4ede878141b', 'dbe99e60-840c-4d44-8f44-4d819ec64db4', NULL, N'Công nhân cầu đường', false);
INSERT INTO [HoTroCovid].[dbo].[ThongTinHoTro] (ID, IDNoiDung, IDDoiTuong, IDCaNhan) VALUES ('299d97d1-cbd3-495f-9b27-b8c4b9cc2797', 1, NULL, 'dbe99e60-840c-4d44-8f44-4d819ec64db4');
INSERT INTO [HoTroCovid].[dbo].[HoSo] (ID, IDCaNhan, IDNoiDungHoTro, IDDoiTuong, SoThang, SoTien, ThanhTien, IDThongTinHoTro, DaChi, NguoiTao) VALUES ('78045fd8-d6a9-4066-995f-0d7e3f2f71a3', 'dbe99e60-840c-4d44-8f44-4d819ec64db4', 1, NULL, 3, 1800000, 5400000, '299d97d1-cbd3-495f-9b27-b8c4b9cc2797', 0, 'solaodong');
INSERT INTO [HoTroCovid].[dbo].[CaNhan] (ID, HoTen, GioiTinh, NgaySinh, CMND, SinhNam) VALUES ('1cb69929-bf32-42ff-93e0-096cc9bbad3b', N'Đào Duy Tài', 1, '1999-05-01', '215507478', 1999);
INSERT INTO [HoTroCovid].[dbo].[CaNhan_DoanhNghiep] (ID, IDDoanhNghiep, IDCaNhan, IDDoiTuong, NgheNghiep, DaTra50) VALUES ('3f6fbdd4-8baa-4284-afa2-09de0d9441aa', 'e49841c9-785e-405e-9bf6-c9e9638c10e4', '1cb69929-bf32-42ff-93e0-096cc9bbad3b', NULL, N'CNCBHSĐL', null);
INSERT INTO [HoTroCovid].[dbo].[ThongTinHoTro] (ID, IDNoiDung, IDDoiTuong, IDCaNhan) VALUES ('7dd83e3d-6008-4c6c-a7db-16d7f756733f', 1, NULL, '1cb69929-bf32-42ff-93e0-096cc9bbad3b');
INSERT INTO [HoTroCovid].[dbo].[HoSo] (ID, IDCaNhan, IDNoiDungHoTro, IDDoiTuong, SoThang, SoTien, ThanhTien, IDThongTinHoTro, DaChi, NguoiTao) VALUES ('526c1b1d-64bf-41b4-b3ab-14a0cdd54bae', '1cb69929-bf32-42ff-93e0-096cc9bbad3b', 1, NULL, 3, 1800000, 5400000, '7dd83e3d-6008-4c6c-a7db-16d7f756733f', 0, 'solaodong');
INSERT INTO [HoTroCovid].[dbo].[CaNhan] (ID, HoTen, GioiTinh, NgaySinh, CMND, SinhNam) VALUES ('04a6c650-2bad-4844-b059-0cb94f5f71b8', N'Đỗ Tiến Dũng', 1, '1985-11-29', '211858222', 1985);
INSERT INTO [HoTroCovid].[dbo].[CaNhan_DoanhNghiep] (ID, IDDoanhNghiep, IDCaNhan, IDDoiTuong, NgheNghiep, DaTra50) VALUES ('43089961-7976-48b6-8ea5-ee4f92c6b497', 'e49841c9-785e-405e-9bf6-c9e9638c10e4', '04a6c650-2bad-4844-b059-0cb94f5f71b8', NULL, N'Tổ phó Cưa', null);
INSERT INTO [HoTroCovid].[dbo].[ThongTinHoTro] (ID, IDNoiDung, IDDoiTuong, IDCaNhan) VALUES ('12808d88-1bb6-4ffa-977b-ecf8607984dc', 1, NULL, '04a6c650-2bad-4844-b059-0cb94f5f71b8');
INSERT INTO [HoTroCovid].[dbo].[HoSo] (ID, IDCaNhan, IDNoiDungHoTro, IDDoiTuong, SoThang, SoTien, ThanhTien, IDThongTinHoTro, DaChi, NguoiTao) VALUES ('e82157e4-e92c-4ec1-9b7e-886dc4e74e15', '04a6c650-2bad-4844-b059-0cb94f5f71b8', 1, NULL, 3, 1800000, 5400000, '12808d88-1bb6-4ffa-977b-ecf8607984dc', 0, 'solaodong');
INSERT INTO [HoTroCovid].[dbo].[CaNhan] (ID, HoTen, GioiTinh, NgaySinh, CMND, SinhNam) VALUES ('4602f7d2-2bfb-49da-a253-5add8fe0252e', N'Trần Võ Công', 1, '1985-12-20', '211882277', 1985);
INSERT INTO [HoTroCovid].[dbo].[CaNhan_DoanhNghiep] (ID, IDDoanhNghiep, IDCaNhan, IDDoiTuong, NgheNghiep, DaTra50) VALUES ('30f54c3f-5a52-4a43-8cf7-798ccc575cb7', 'e49841c9-785e-405e-9bf6-c9e9638c10e4', '4602f7d2-2bfb-49da-a253-5add8fe0252e', NULL, N'CNCBHSĐL', null);
INSERT INTO [HoTroCovid].[dbo].[ThongTinHoTro] (ID, IDNoiDung, IDDoiTuong, IDCaNhan) VALUES ('19f397a0-a55b-40d2-b28f-95358a4fdbe0', 1, NULL, '4602f7d2-2bfb-49da-a253-5add8fe0252e');
INSERT INTO [HoTroCovid].[dbo].[HoSo] (ID, IDCaNhan, IDNoiDungHoTro, IDDoiTuong, SoThang, SoTien, ThanhTien, IDThongTinHoTro, DaChi, NguoiTao) VALUES ('af279ac3-0659-47f9-85f8-fc1fa39f2f2e', '4602f7d2-2bfb-49da-a253-5add8fe0252e', 1, NULL, 3, 1800000, 5400000, '19f397a0-a55b-40d2-b28f-95358a4fdbe0', 0, 'solaodong');
INSERT INTO [HoTroCovid].[dbo].[CaNhan] (ID, HoTen, GioiTinh, NgaySinh, CMND, SinhNam) VALUES ('88b734e9-0564-4cc9-b200-22672a4c5bd3', N'Tô Thị Tuyết Khương', NULL, '1993-10-10', '215256291', 1993);
INSERT INTO [HoTroCovid].[dbo].[CaNhan_DoanhNghiep] (ID, IDDoanhNghiep, IDCaNhan, IDDoiTuong, NgheNghiep, DaTra50) VALUES ('3ebcaa68-0317-4003-9867-0a8c1355ac45', 'e49841c9-785e-405e-9bf6-c9e9638c10e4', '88b734e9-0564-4cc9-b200-22672a4c5bd3', NULL, N'CNCBHSĐL', null);
INSERT INTO [HoTroCovid].[dbo].[ThongTinHoTro] (ID, IDNoiDung, IDDoiTuong, IDCaNhan) VALUES ('796fd9d6-3e70-41ed-a303-ff8156dba50c', 1, NULL, '88b734e9-0564-4cc9-b200-22672a4c5bd3');
INSERT INTO [HoTroCovid].[dbo].[HoSo] (ID, IDCaNhan, IDNoiDungHoTro, IDDoiTuong, SoThang, SoTien, ThanhTien, IDThongTinHoTro, DaChi, NguoiTao) VALUES ('8edfc81a-12b4-4803-b776-8787e4c4cbfb', '88b734e9-0564-4cc9-b200-22672a4c5bd3', 1, NULL, 3, 1800000, 5400000, '796fd9d6-3e70-41ed-a303-ff8156dba50c', 0, 'solaodong');
INSERT INTO [HoTroCovid].[dbo].[CaNhan] (ID, HoTen, GioiTinh, NgaySinh, CMND, SinhNam) VALUES ('7037104e-5422-448f-912b-f578fea15783', N'Huỳnh Nhật Thạch', 1, '1993-01-10', '215301848', 1993);
INSERT INTO [HoTroCovid].[dbo].[CaNhan_DoanhNghiep] (ID, IDDoanhNghiep, IDCaNhan, IDDoiTuong, NgheNghiep, DaTra50) VALUES ('8d9f548c-fb37-41d5-90af-52a282d17fad', 'e49841c9-785e-405e-9bf6-c9e9638c10e4', '7037104e-5422-448f-912b-f578fea15783', NULL, N'CNCBHSĐL', null);
INSERT INTO [HoTroCovid].[dbo].[ThongTinHoTro] (ID, IDNoiDung, IDDoiTuong, IDCaNhan) VALUES ('dc097dc1-f7ea-4e5f-8240-2f6cf700b27e', 1, NULL, '7037104e-5422-448f-912b-f578fea15783');
INSERT INTO [HoTroCovid].[dbo].[HoSo] (ID, IDCaNhan, IDNoiDungHoTro, IDDoiTuong, SoThang, SoTien, ThanhTien, IDThongTinHoTro, DaChi, NguoiTao) VALUES ('b09a4f75-0a0f-44ea-a9d5-093c646cdc88', '7037104e-5422-448f-912b-f578fea15783', 1, NULL, 3, 1800000, 5400000, 'dc097dc1-f7ea-4e5f-8240-2f6cf700b27e', 0, 'solaodong');
INSERT INTO [HoTroCovid].[dbo].[CaNhan] (ID, HoTen, GioiTinh, NgaySinh, CMND, SinhNam) VALUES ('6a90100e-ab0d-48f2-9ac0-9cb3881522ed', N'Nguyễn Thị Quỳnh Như', NULL, '1976-09-03', '211523961', 1976);
INSERT INTO [HoTroCovid].[dbo].[CaNhan_DoanhNghiep] (ID, IDDoanhNghiep, IDCaNhan, IDDoiTuong, NgheNghiep, DaTra50) VALUES ('b7918c20-647b-4484-9b3e-79144d8772ab', '8f68b99e-5018-4e4c-9fdb-8acedd7189fa', '6a90100e-ab0d-48f2-9ac0-9cb3881522ed', NULL, N'Nhân viên Bếp Canteen', false);
INSERT INTO [HoTroCovid].[dbo].[ThongTinHoTro] (ID, IDNoiDung, IDDoiTuong, IDCaNhan) VALUES ('05e8b538-7165-4f99-bf5d-244850c9bead', 1, NULL, '6a90100e-ab0d-48f2-9ac0-9cb3881522ed');
INSERT INTO [HoTroCovid].[dbo].[HoSo] (ID, IDCaNhan, IDNoiDungHoTro, IDDoiTuong, SoThang, SoTien, ThanhTien, IDThongTinHoTro, DaChi, NguoiTao) VALUES ('071bcbd2-0fff-4666-b813-d1c42eac7ed1', '6a90100e-ab0d-48f2-9ac0-9cb3881522ed', 1, NULL, 3, 1800000, 5400000, '05e8b538-7165-4f99-bf5d-244850c9bead', 0, 'solaodong');
INSERT INTO [HoTroCovid].[dbo].[CaNhan] (ID, HoTen, GioiTinh, NgaySinh, CMND, SinhNam) VALUES ('ff52b7a3-94f5-4812-89b3-a4599ddaf0db', N'Phan Nguyễn Băng Cơ', NULL, '1993-11-25', '215251613', 1993);
INSERT INTO [HoTroCovid].[dbo].[CaNhan_DoanhNghiep] (ID, IDDoanhNghiep, IDCaNhan, IDDoiTuong, NgheNghiep, DaTra50) VALUES ('bd5b1d88-48c8-48aa-b57b-f00d998a2bdd', '8f68b99e-5018-4e4c-9fdb-8acedd7189fa', 'ff52b7a3-94f5-4812-89b3-a4599ddaf0db', NULL, N'Kế toán công nợ', false);
INSERT INTO [HoTroCovid].[dbo].[ThongTinHoTro] (ID, IDNoiDung, IDDoiTuong, IDCaNhan) VALUES ('a3237e4d-eb46-4e71-831c-0d154f0b2ed1', 1, NULL, 'ff52b7a3-94f5-4812-89b3-a4599ddaf0db');
INSERT INTO [HoTroCovid].[dbo].[HoSo] (ID, IDCaNhan, IDNoiDungHoTro, IDDoiTuong, SoThang, SoTien, ThanhTien, IDThongTinHoTro, DaChi, NguoiTao) VALUES ('6a108a90-3ba1-4237-8140-ca67b9b27c37', 'ff52b7a3-94f5-4812-89b3-a4599ddaf0db', 1, NULL, 3, 1800000, 5400000, 'a3237e4d-eb46-4e71-831c-0d154f0b2ed1', 0, 'solaodong');
INSERT INTO [HoTroCovid].[dbo].[CaNhan] (ID, HoTen, GioiTinh, NgaySinh, CMND, SinhNam) VALUES ('65748ad5-ded3-4ba7-ae27-2c71d5fb897c', N'Nguyễn Bá Nghĩa', 1, '1976-07-09', '001076014175', 1976);
INSERT INTO [HoTroCovid].[dbo].[CaNhan_DoanhNghiep] (ID, IDDoanhNghiep, IDCaNhan, IDDoiTuong, NgheNghiep, DaTra50) VALUES ('93e722ef-4ed3-4a24-b3e8-b46baffeff5f', '8f68b99e-5018-4e4c-9fdb-8acedd7189fa', '65748ad5-ded3-4ba7-ae27-2c71d5fb897c', NULL, N'Giám đốc 
Kinh doanh -Tiếp thị', false);
INSERT INTO [HoTroCovid].[dbo].[ThongTinHoTro] (ID, IDNoiDung, IDDoiTuong, IDCaNhan) VALUES ('d4b34a4f-678b-4261-8b34-184c4999f8a7', 1, NULL, '65748ad5-ded3-4ba7-ae27-2c71d5fb897c');
INSERT INTO [HoTroCovid].[dbo].[HoSo] (ID, IDCaNhan, IDNoiDungHoTro, IDDoiTuong, SoThang, SoTien, ThanhTien, IDThongTinHoTro, DaChi, NguoiTao) VALUES ('06a35845-0b20-4595-9608-fc4f111858e0', '65748ad5-ded3-4ba7-ae27-2c71d5fb897c', 1, NULL, 3, 1800000, 5400000, 'd4b34a4f-678b-4261-8b34-184c4999f8a7', 0, 'solaodong');
INSERT INTO [HoTroCovid].[dbo].[CaNhan] (ID, HoTen, GioiTinh, NgaySinh, CMND, SinhNam) VALUES ('787246fa-fe36-4545-ae5a-f071dd176336', N'Nguyễn Văn Mỹ', 1, '1987-04-24', '215091911', 1987);
INSERT INTO [HoTroCovid].[dbo].[CaNhan_DoanhNghiep] (ID, IDDoanhNghiep, IDCaNhan, IDDoiTuong, NgheNghiep, DaTra50) VALUES ('43727276-643c-4b7c-a372-3762d98cf69c', '8f68b99e-5018-4e4c-9fdb-8acedd7189fa', '787246fa-fe36-4545-ae5a-f071dd176336', NULL, N'Nhân viên An ninh', false);
INSERT INTO [HoTroCovid].[dbo].[ThongTinHoTro] (ID, IDNoiDung, IDDoiTuong, IDCaNhan) VALUES ('869f379b-d9eb-4a0a-90a2-c1e482eeffc5', 1, NULL, '787246fa-fe36-4545-ae5a-f071dd176336');
INSERT INTO [HoTroCovid].[dbo].[HoSo] (ID, IDCaNhan, IDNoiDungHoTro, IDDoiTuong, SoThang, SoTien, ThanhTien, IDThongTinHoTro, DaChi, NguoiTao) VALUES ('a93ab1d0-e3f4-4d20-8b65-5d15f8d2f212', '787246fa-fe36-4545-ae5a-f071dd176336', 1, NULL, 3, 1800000, 5400000, '869f379b-d9eb-4a0a-90a2-c1e482eeffc5', 0, 'solaodong');
INSERT INTO [HoTroCovid].[dbo].[CaNhan] (ID, HoTen, GioiTinh, NgaySinh, CMND, SinhNam) VALUES ('e9a9e13f-5b48-4368-a127-3f011c360fed', N'Đỗ Thanh Phong', 1, '1990-10-14', '215132964', 1990);
INSERT INTO [HoTroCovid].[dbo].[CaNhan_DoanhNghiep] (ID, IDDoanhNghiep, IDCaNhan, IDDoiTuong, NgheNghiep, DaTra50) VALUES ('cb325bc4-b5df-4efe-9a7a-16a870ae29f0', '8f68b99e-5018-4e4c-9fdb-8acedd7189fa', 'e9a9e13f-5b48-4368-a127-3f011c360fed', NULL, N'Nhân viên Kỹ thuật', false);
INSERT INTO [HoTroCovid].[dbo].[ThongTinHoTro] (ID, IDNoiDung, IDDoiTuong, IDCaNhan) VALUES ('ca2eb5dd-43a4-4b10-ac9b-f04768bfe73b', 1, NULL, 'e9a9e13f-5b48-4368-a127-3f011c360fed');
INSERT INTO [HoTroCovid].[dbo].[HoSo] (ID, IDCaNhan, IDNoiDungHoTro, IDDoiTuong, SoThang, SoTien, ThanhTien, IDThongTinHoTro, DaChi, NguoiTao) VALUES ('3506a2bb-6ae3-4b4e-a90e-b98977ad2583', 'e9a9e13f-5b48-4368-a127-3f011c360fed', 1, NULL, 3, 1800000, 5400000, 'ca2eb5dd-43a4-4b10-ac9b-f04768bfe73b', 0, 'solaodong');
INSERT INTO [HoTroCovid].[dbo].[CaNhan] (ID, HoTen, GioiTinh, NgaySinh, CMND, SinhNam) VALUES ('0dd70e9e-42c3-4357-8de1-dbea1d48b63f', N'Trần Thị Thu Hằng', NULL, '1992-10-06', '215285831', 1992);
INSERT INTO [HoTroCovid].[dbo].[CaNhan_DoanhNghiep] (ID, IDDoanhNghiep, IDCaNhan, IDDoiTuong, NgheNghiep, DaTra50) VALUES ('5e6fa4c3-1217-4366-8798-82e4c65bb155', '8f68b99e-5018-4e4c-9fdb-8acedd7189fa', '0dd70e9e-42c3-4357-8de1-dbea1d48b63f', NULL, N'Nhân viên mua hàng', false);
INSERT INTO [HoTroCovid].[dbo].[ThongTinHoTro] (ID, IDNoiDung, IDDoiTuong, IDCaNhan) VALUES ('73dc3cc8-7125-4783-89bf-ce14e73bd0fa', 1, NULL, '0dd70e9e-42c3-4357-8de1-dbea1d48b63f');
INSERT INTO [HoTroCovid].[dbo].[HoSo] (ID, IDCaNhan, IDNoiDungHoTro, IDDoiTuong, SoThang, SoTien, ThanhTien, IDThongTinHoTro, DaChi, NguoiTao) VALUES ('eaf19dc2-9a38-4adb-b406-d9d9715d357e', '0dd70e9e-42c3-4357-8de1-dbea1d48b63f', 1, NULL, 3, 1800000, 5400000, '73dc3cc8-7125-4783-89bf-ce14e73bd0fa', 0, 'solaodong');
INSERT INTO [HoTroCovid].[dbo].[CaNhan] (ID, HoTen, GioiTinh, NgaySinh, CMND, SinhNam) VALUES ('269ea891-e922-49bd-a100-6fe64d409abb', N'Nguyễn Thị Hoài Thương', NULL, '1994-04-04', '215298396', 1994);
INSERT INTO [HoTroCovid].[dbo].[CaNhan_DoanhNghiep] (ID, IDDoanhNghiep, IDCaNhan, IDDoiTuong, NgheNghiep, DaTra50) VALUES ('11bb1676-6e60-42da-ad2f-d1208c0e2dc7', '8f68b99e-5018-4e4c-9fdb-8acedd7189fa', '269ea891-e922-49bd-a100-6fe64d409abb', NULL, N'Nhân viên Đặt phòng', false);
INSERT INTO [HoTroCovid].[dbo].[ThongTinHoTro] (ID, IDNoiDung, IDDoiTuong, IDCaNhan) VALUES ('13c62e20-70c9-4392-ae3d-3b49652ee637', 1, NULL, '269ea891-e922-49bd-a100-6fe64d409abb');
INSERT INTO [HoTroCovid].[dbo].[HoSo] (ID, IDCaNhan, IDNoiDungHoTro, IDDoiTuong, SoThang, SoTien, ThanhTien, IDThongTinHoTro, DaChi, NguoiTao) VALUES ('eb1788d0-8c51-4619-bb2f-d9a1e60cfc25', '269ea891-e922-49bd-a100-6fe64d409abb', 1, NULL, 3, 1800000, 5400000, '13c62e20-70c9-4392-ae3d-3b49652ee637', 0, 'solaodong');
INSERT INTO [HoTroCovid].[dbo].[CaNhan] (ID, HoTen, GioiTinh, NgaySinh, CMND, SinhNam) VALUES ('d19d5454-9a24-4b5e-89a1-dfd286da71b9', N'Phạm Thị Hồng Thu', NULL, '1975-07-29', '211521121', 1975);
INSERT INTO [HoTroCovid].[dbo].[CaNhan_DoanhNghiep] (ID, IDDoanhNghiep, IDCaNhan, IDDoiTuong, NgheNghiep, DaTra50) VALUES ('9eb2cc1d-0a1c-4113-b575-40da4a829c85', '8f68b99e-5018-4e4c-9fdb-8acedd7189fa', 'd19d5454-9a24-4b5e-89a1-dfd286da71b9', NULL, N'Nhân viên phụ bếp', false);
INSERT INTO [HoTroCovid].[dbo].[ThongTinHoTro] (ID, IDNoiDung, IDDoiTuong, IDCaNhan) VALUES ('e1c00575-386d-44a5-bb3f-6e61874fc3f1', 1, NULL, 'd19d5454-9a24-4b5e-89a1-dfd286da71b9');
INSERT INTO [HoTroCovid].[dbo].[HoSo] (ID, IDCaNhan, IDNoiDungHoTro, IDDoiTuong, SoThang, SoTien, ThanhTien, IDThongTinHoTro, DaChi, NguoiTao) VALUES ('1108aa9a-db57-4fb3-9cca-83733630ecb8', 'd19d5454-9a24-4b5e-89a1-dfd286da71b9', 1, NULL, 3, 1800000, 5400000, 'e1c00575-386d-44a5-bb3f-6e61874fc3f1', 0, 'solaodong');
INSERT INTO [HoTroCovid].[dbo].[CaNhan] (ID, HoTen, GioiTinh, NgaySinh, CMND, SinhNam) VALUES ('88db2529-bb8e-4323-9ff7-5e5d6d37ab96', N'Lê Quang Thạch', 1, '1986-11-30', '221145144', 1986);
INSERT INTO [HoTroCovid].[dbo].[CaNhan_DoanhNghiep] (ID, IDDoanhNghiep, IDCaNhan, IDDoiTuong, NgheNghiep, DaTra50) VALUES ('c2788364-0adc-4bb0-9551-70f3f0bfff92', '8f68b99e-5018-4e4c-9fdb-8acedd7189fa', '88db2529-bb8e-4323-9ff7-5e5d6d37ab96', NULL, N'Kế toán trưởng', false);
INSERT INTO [HoTroCovid].[dbo].[ThongTinHoTro] (ID, IDNoiDung, IDDoiTuong, IDCaNhan) VALUES ('8fec22db-14ad-456c-9e06-56022d490cdc', 1, NULL, '88db2529-bb8e-4323-9ff7-5e5d6d37ab96');
INSERT INTO [HoTroCovid].[dbo].[HoSo] (ID, IDCaNhan, IDNoiDungHoTro, IDDoiTuong, SoThang, SoTien, ThanhTien, IDThongTinHoTro, DaChi, NguoiTao) VALUES ('b3a69fea-44cd-44ca-8778-8f5e25e74eb9', '88db2529-bb8e-4323-9ff7-5e5d6d37ab96', 1, NULL, 3, 1800000, 5400000, '8fec22db-14ad-456c-9e06-56022d490cdc', 0, 'solaodong');
INSERT INTO [HoTroCovid].[dbo].[CaNhan] (ID, HoTen, GioiTinh, NgaySinh, CMND, SinhNam) VALUES ('d12d5ad5-531a-429e-98c4-fb174771c09c', N'Nguyễn Xuân Sang', 1, '1989-09-11', '215166708', 1989);
INSERT INTO [HoTroCovid].[dbo].[CaNhan_DoanhNghiep] (ID, IDDoanhNghiep, IDCaNhan, IDDoiTuong, NgheNghiep, DaTra50) VALUES ('b7aa42f3-2c68-4e6d-ad85-6480e0240ad2', '8f68b99e-5018-4e4c-9fdb-8acedd7189fa', 'd12d5ad5-531a-429e-98c4-fb174771c09c', NULL, N'Thủ kho tổng', false);
INSERT INTO [HoTroCovid].[dbo].[ThongTinHoTro] (ID, IDNoiDung, IDDoiTuong, IDCaNhan) VALUES ('5012e245-c3a0-4367-ab38-9f7e1367e6e5', 1, NULL, 'd12d5ad5-531a-429e-98c4-fb174771c09c');
INSERT INTO [HoTroCovid].[dbo].[HoSo] (ID, IDCaNhan, IDNoiDungHoTro, IDDoiTuong, SoThang, SoTien, ThanhTien, IDThongTinHoTro, DaChi, NguoiTao) VALUES ('08034a34-9144-4337-8d97-a6ddc8a01b5b', 'd12d5ad5-531a-429e-98c4-fb174771c09c', 1, NULL, 3, 1800000, 5400000, '5012e245-c3a0-4367-ab38-9f7e1367e6e5', 0, 'solaodong');
INSERT INTO [HoTroCovid].[dbo].[CaNhan] (ID, HoTen, GioiTinh, NgaySinh, CMND, SinhNam) VALUES ('f8da2711-99ed-4575-af56-e8348589393f', N'Ngô Thị Hảo', NULL, '1985-01-01', '211896102', 1985);
INSERT INTO [HoTroCovid].[dbo].[CaNhan_DoanhNghiep] (ID, IDDoanhNghiep, IDCaNhan, IDDoiTuong, NgheNghiep, DaTra50) VALUES ('e4b1a63a-f311-4af1-bc94-25d087a05626', 'f921f32f-ba1f-4295-a29a-f4ede878141b', 'f8da2711-99ed-4575-af56-e8348589393f', NULL, N'Kế toán', false);
INSERT INTO [HoTroCovid].[dbo].[ThongTinHoTro] (ID, IDNoiDung, IDDoiTuong, IDCaNhan) VALUES ('881eb833-c645-487c-aea3-f95599c23507', 1, NULL, 'f8da2711-99ed-4575-af56-e8348589393f');
INSERT INTO [HoTroCovid].[dbo].[HoSo] (ID, IDCaNhan, IDNoiDungHoTro, IDDoiTuong, SoThang, SoTien, ThanhTien, IDThongTinHoTro, DaChi, NguoiTao) VALUES ('67b14e31-a3d0-4003-aaf3-fcb54b93d394', 'f8da2711-99ed-4575-af56-e8348589393f', 1, NULL, 3, 1800000, 5400000, '881eb833-c645-487c-aea3-f95599c23507', 0, 'solaodong');
INSERT INTO [HoTroCovid].[dbo].[CaNhan] (ID, HoTen, GioiTinh, NgaySinh, CMND, SinhNam) VALUES ('1c4b7fdd-9aa6-4c17-94de-cc9802e37aa7', N'NGUYỄN VĂN PHƯỚC', 1, '1982-08-09', '211756147', 1982);
INSERT INTO [HoTroCovid].[dbo].[CaNhan_DoanhNghiep] (ID, IDDoanhNghiep, IDCaNhan, IDDoiTuong, NgheNghiep, DaTra50) VALUES ('ab21aef5-0a61-47fd-b3e8-f49d7e7cb624', '661117c5-fd90-4c1d-b623-4d81db47679a', '1c4b7fdd-9aa6-4c17-94de-cc9802e37aa7', NULL, N'Công nhân xây lắp', null);
INSERT INTO [HoTroCovid].[dbo].[ThongTinHoTro] (ID, IDNoiDung, IDDoiTuong, IDCaNhan) VALUES ('d79fd2f5-18d2-4128-a641-c8874c3c83ff', 1, NULL, '1c4b7fdd-9aa6-4c17-94de-cc9802e37aa7');
INSERT INTO [HoTroCovid].[dbo].[HoSo] (ID, IDCaNhan, IDNoiDungHoTro, IDDoiTuong, SoThang, SoTien, ThanhTien, IDThongTinHoTro, DaChi, NguoiTao) VALUES ('ec578821-25e5-447e-9977-9b3f272404be', '1c4b7fdd-9aa6-4c17-94de-cc9802e37aa7', 1, NULL, 3, 1800000, 5400000, 'd79fd2f5-18d2-4128-a641-c8874c3c83ff', 0, 'solaodong');
INSERT INTO [HoTroCovid].[dbo].[CaNhan] (ID, HoTen, GioiTinh, NgaySinh, CMND, SinhNam) VALUES ('b71762b8-1499-4709-a56d-e8b938a37f63', N'PHAN NGỌC ANH', 1, '1988-03-01', '215014876', 1988);
INSERT INTO [HoTroCovid].[dbo].[CaNhan_DoanhNghiep] (ID, IDDoanhNghiep, IDCaNhan, IDDoiTuong, NgheNghiep, DaTra50) VALUES ('1500431e-bac7-4ecf-8aa7-2d1044f198c9', '661117c5-fd90-4c1d-b623-4d81db47679a', 'b71762b8-1499-4709-a56d-e8b938a37f63', NULL, N'Công nhân xây lắp', null);
INSERT INTO [HoTroCovid].[dbo].[ThongTinHoTro] (ID, IDNoiDung, IDDoiTuong, IDCaNhan) VALUES ('7eb66588-4ede-4516-8bf0-01272306be2b', 1, NULL, 'b71762b8-1499-4709-a56d-e8b938a37f63');
INSERT INTO [HoTroCovid].[dbo].[HoSo] (ID, IDCaNhan, IDNoiDungHoTro, IDDoiTuong, SoThang, SoTien, ThanhTien, IDThongTinHoTro, DaChi, NguoiTao) VALUES ('1e70590d-d8b9-410a-a9db-2e99b836f75d', 'b71762b8-1499-4709-a56d-e8b938a37f63', 1, NULL, 3, 1800000, 5400000, '7eb66588-4ede-4516-8bf0-01272306be2b', 0, 'solaodong');
INSERT INTO [HoTroCovid].[dbo].[CaNhan] (ID, HoTen, GioiTinh, NgaySinh, CMND, SinhNam) VALUES ('32801880-64b6-4a5d-9c47-540707a027ff', N'Hà Thị Thu Hà', NULL, '1968-12-26', '211185702', 1968);
INSERT INTO [HoTroCovid].[dbo].[CaNhan_DoanhNghiep] (ID, IDDoanhNghiep, IDCaNhan, IDDoiTuong, NgheNghiep, DaTra50) VALUES ('f552bef2-5f43-4e9a-a78f-1a5d1ad15738', 'f921f32f-ba1f-4295-a29a-f4ede878141b', '32801880-64b6-4a5d-9c47-540707a027ff', NULL, N'Y tá', false);
INSERT INTO [HoTroCovid].[dbo].[ThongTinHoTro] (ID, IDNoiDung, IDDoiTuong, IDCaNhan) VALUES ('44caedee-419f-450d-90c4-47c2c7ce5379', 1, NULL, '32801880-64b6-4a5d-9c47-540707a027ff');
INSERT INTO [HoTroCovid].[dbo].[HoSo] (ID, IDCaNhan, IDNoiDungHoTro, IDDoiTuong, SoThang, SoTien, ThanhTien, IDThongTinHoTro, DaChi, NguoiTao) VALUES ('5a187101-2ffe-4070-918a-4cfae76ac8b6', '32801880-64b6-4a5d-9c47-540707a027ff', 1, NULL, 3, 1800000, 5400000, '44caedee-419f-450d-90c4-47c2c7ce5379', 0, 'solaodong');
INSERT INTO [HoTroCovid].[dbo].[CaNhan] (ID, HoTen, GioiTinh, NgaySinh, CMND, SinhNam) VALUES ('e193a8b8-97f2-4141-8ab2-4e6bbf15d60d', N'Đào Phương Trúc', NULL, '1987-07-05', '215084613', 1987);
INSERT INTO [HoTroCovid].[dbo].[CaNhan_DoanhNghiep] (ID, IDDoanhNghiep, IDCaNhan, IDDoiTuong, NgheNghiep, DaTra50) VALUES ('fa1cf4b8-4da2-4c53-9a39-7a6d58279cfc', 'f921f32f-ba1f-4295-a29a-f4ede878141b', 'e193a8b8-97f2-4141-8ab2-4e6bbf15d60d', NULL, N'Văn thư', false);
INSERT INTO [HoTroCovid].[dbo].[ThongTinHoTro] (ID, IDNoiDung, IDDoiTuong, IDCaNhan) VALUES ('e828473e-9837-4464-b53b-40673d162999', 1, NULL, 'e193a8b8-97f2-4141-8ab2-4e6bbf15d60d');
INSERT INTO [HoTroCovid].[dbo].[HoSo] (ID, IDCaNhan, IDNoiDungHoTro, IDDoiTuong, SoThang, SoTien, ThanhTien, IDThongTinHoTro, DaChi, NguoiTao) VALUES ('e38b2fdd-8bb6-418d-b8ab-011dafafc8fe', 'e193a8b8-97f2-4141-8ab2-4e6bbf15d60d', 1, NULL, 3, 1800000, 5400000, 'e828473e-9837-4464-b53b-40673d162999', 0, 'solaodong');
INSERT INTO [HoTroCovid].[dbo].[CaNhan] (ID, HoTen, GioiTinh, NgaySinh, CMND, SinhNam) VALUES ('90d54c39-0735-471d-b78b-72186c3a8c23', N'Lê Thanh Thảo', NULL, '1981-11-25', '211761153', 1981);
INSERT INTO [HoTroCovid].[dbo].[CaNhan_DoanhNghiep] (ID, IDDoanhNghiep, IDCaNhan, IDDoiTuong, NgheNghiep, DaTra50) VALUES ('6ab6d572-ae81-4e70-9e1b-30a0340b8a8b', 'f921f32f-ba1f-4295-a29a-f4ede878141b', '90d54c39-0735-471d-b78b-72186c3a8c23', NULL, N'Kế toán', false);
INSERT INTO [HoTroCovid].[dbo].[ThongTinHoTro] (ID, IDNoiDung, IDDoiTuong, IDCaNhan) VALUES ('ef8849ff-3410-42f0-a556-4acf967d1109', 1, NULL, '90d54c39-0735-471d-b78b-72186c3a8c23');
INSERT INTO [HoTroCovid].[dbo].[HoSo] (ID, IDCaNhan, IDNoiDungHoTro, IDDoiTuong, SoThang, SoTien, ThanhTien, IDThongTinHoTro, DaChi, NguoiTao) VALUES ('1803e912-60f3-4255-b17d-2201d6717bf4', '90d54c39-0735-471d-b78b-72186c3a8c23', 1, NULL, 3, 1800000, 5400000, 'ef8849ff-3410-42f0-a556-4acf967d1109', 0, 'solaodong');
INSERT INTO [HoTroCovid].[dbo].[CaNhan] (ID, HoTen, GioiTinh, NgaySinh, CMND, SinhNam) VALUES ('53dc6df5-c7ab-4c6f-b92f-800ee880ae7e', N'Nguyễn Thanh Lượng', 1, '1964-10-14', '211638759', 1964);
INSERT INTO [HoTroCovid].[dbo].[CaNhan_DoanhNghiep] (ID, IDDoanhNghiep, IDCaNhan, IDDoiTuong, NgheNghiep, DaTra50) VALUES ('aa614168-9785-433b-ae7b-aee280f61e49', 'f921f32f-ba1f-4295-a29a-f4ede878141b', '53dc6df5-c7ab-4c6f-b92f-800ee880ae7e', NULL, N'Công nhân lái xe', false);
INSERT INTO [HoTroCovid].[dbo].[ThongTinHoTro] (ID, IDNoiDung, IDDoiTuong, IDCaNhan) VALUES ('6f9fd5da-7924-44d1-a8c6-e75cc3378f1f', 1, NULL, '53dc6df5-c7ab-4c6f-b92f-800ee880ae7e');
INSERT INTO [HoTroCovid].[dbo].[HoSo] (ID, IDCaNhan, IDNoiDungHoTro, IDDoiTuong, SoThang, SoTien, ThanhTien, IDThongTinHoTro, DaChi, NguoiTao) VALUES ('661c8994-8809-4d16-95cb-2958805b5424', '53dc6df5-c7ab-4c6f-b92f-800ee880ae7e', 1, NULL, 3, 1800000, 5400000, '6f9fd5da-7924-44d1-a8c6-e75cc3378f1f', 0, 'solaodong');
INSERT INTO [HoTroCovid].[dbo].[CaNhan] (ID, HoTen, GioiTinh, NgaySinh, CMND, SinhNam) VALUES ('efff7bad-0c90-4c5d-bd64-03ef8d021fc6', N'Nguyễn Thị Uyên', NULL, '1979-03-01', '211683260', 1979);
INSERT INTO [HoTroCovid].[dbo].[CaNhan_DoanhNghiep] (ID, IDDoanhNghiep, IDCaNhan, IDDoiTuong, NgheNghiep, DaTra50) VALUES ('621e8ad1-58b7-40cb-adc1-0206a773e98d', 'f921f32f-ba1f-4295-a29a-f4ede878141b', 'efff7bad-0c90-4c5d-bd64-03ef8d021fc6', NULL, N'Văn thư', false);
INSERT INTO [HoTroCovid].[dbo].[ThongTinHoTro] (ID, IDNoiDung, IDDoiTuong, IDCaNhan) VALUES ('3651ed95-80a8-41a8-93a8-e9d6c376cc13', 1, NULL, 'efff7bad-0c90-4c5d-bd64-03ef8d021fc6');
INSERT INTO [HoTroCovid].[dbo].[HoSo] (ID, IDCaNhan, IDNoiDungHoTro, IDDoiTuong, SoThang, SoTien, ThanhTien, IDThongTinHoTro, DaChi, NguoiTao) VALUES ('b6b89919-2c0d-4324-a4b6-70a80a5103e7', 'efff7bad-0c90-4c5d-bd64-03ef8d021fc6', 1, NULL, 3, 1800000, 5400000, '3651ed95-80a8-41a8-93a8-e9d6c376cc13', 0, 'solaodong');
INSERT INTO [HoTroCovid].[dbo].[CaNhan] (ID, HoTen, GioiTinh, NgaySinh, CMND, SinhNam) VALUES ('bede5c24-d3f2-4285-8046-0465d61b7f58', N'ĐẶNG VĂN BÌNH', 1, '2001-01-04', '215586854', 2001);
INSERT INTO [HoTroCovid].[dbo].[CaNhan_DoanhNghiep] (ID, IDDoanhNghiep, IDCaNhan, IDDoiTuong, NgheNghiep, DaTra50) VALUES ('6e1635ca-961e-47f4-90e9-c26e4e764f08', '661117c5-fd90-4c1d-b623-4d81db47679a', 'bede5c24-d3f2-4285-8046-0465d61b7f58', NULL, N'Công nhân xây lắp', null);
INSERT INTO [HoTroCovid].[dbo].[ThongTinHoTro] (ID, IDNoiDung, IDDoiTuong, IDCaNhan) VALUES ('2f76afdf-a4c0-4077-8165-cfcaf099c690', 1, NULL, 'bede5c24-d3f2-4285-8046-0465d61b7f58');
INSERT INTO [HoTroCovid].[dbo].[HoSo] (ID, IDCaNhan, IDNoiDungHoTro, IDDoiTuong, SoThang, SoTien, ThanhTien, IDThongTinHoTro, DaChi, NguoiTao) VALUES ('b0c2e3d2-317e-485e-9d23-e887fc622ea3', 'bede5c24-d3f2-4285-8046-0465d61b7f58', 1, NULL, 3, 1800000, 5400000, '2f76afdf-a4c0-4077-8165-cfcaf099c690', 0, 'solaodong');
INSERT INTO [HoTroCovid].[dbo].[CaNhan] (ID, HoTen, GioiTinh, NgaySinh, CMND, SinhNam) VALUES ('666a9045-b8ad-4571-bfa4-0dd26ba09969', N'Phan Thị Kim Thanh', NULL, '1970-10-24', '211702141', 1970);
INSERT INTO [HoTroCovid].[dbo].[CaNhan_DoanhNghiep] (ID, IDDoanhNghiep, IDCaNhan, IDDoiTuong, NgheNghiep, DaTra50) VALUES ('3762a616-81c8-4d11-beee-53be1da1ee74', 'f921f32f-ba1f-4295-a29a-f4ede878141b', '666a9045-b8ad-4571-bfa4-0dd26ba09969', NULL, N'Thủ quỹ', false);
INSERT INTO [HoTroCovid].[dbo].[ThongTinHoTro] (ID, IDNoiDung, IDDoiTuong, IDCaNhan) VALUES ('8c487cdc-49e5-4574-a442-3a5454df5822', 1, NULL, '666a9045-b8ad-4571-bfa4-0dd26ba09969');
INSERT INTO [HoTroCovid].[dbo].[HoSo] (ID, IDCaNhan, IDNoiDungHoTro, IDDoiTuong, SoThang, SoTien, ThanhTien, IDThongTinHoTro, DaChi, NguoiTao) VALUES ('b8624204-04a9-4e12-ba4c-c1f4b29b9f09', '666a9045-b8ad-4571-bfa4-0dd26ba09969', 1, NULL, 3, 1800000, 5400000, '8c487cdc-49e5-4574-a442-3a5454df5822', 0, 'solaodong');
INSERT INTO [HoTroCovid].[dbo].[CaNhan] (ID, HoTen, GioiTinh, NgaySinh, CMND, SinhNam) VALUES ('7b6a0436-b79b-469a-9773-a09de80a532e', N'TRƯƠNG VĂN NAM', 1, '1980-01-01', '211676624', 1980);
INSERT INTO [HoTroCovid].[dbo].[CaNhan_DoanhNghiep] (ID, IDDoanhNghiep, IDCaNhan, IDDoiTuong, NgheNghiep, DaTra50) VALUES ('af9d3d3d-8425-4dd5-a6cf-1d4e84efd7bd', '661117c5-fd90-4c1d-b623-4d81db47679a', '7b6a0436-b79b-469a-9773-a09de80a532e', NULL, N'Công nhân xây lắp', null);
INSERT INTO [HoTroCovid].[dbo].[ThongTinHoTro] (ID, IDNoiDung, IDDoiTuong, IDCaNhan) VALUES ('945f1f0b-8829-4a18-ba18-c0c1cde7d3c9', 1, NULL, '7b6a0436-b79b-469a-9773-a09de80a532e');
INSERT INTO [HoTroCovid].[dbo].[HoSo] (ID, IDCaNhan, IDNoiDungHoTro, IDDoiTuong, SoThang, SoTien, ThanhTien, IDThongTinHoTro, DaChi, NguoiTao) VALUES ('2efe61b6-d9cf-4aac-9364-2288972307b3', '7b6a0436-b79b-469a-9773-a09de80a532e', 1, NULL, 3, 1800000, 5400000, '945f1f0b-8829-4a18-ba18-c0c1cde7d3c9', 0, 'solaodong');
INSERT INTO [HoTroCovid].[dbo].[CaNhan] (ID, HoTen, GioiTinh, NgaySinh, CMND, SinhNam) VALUES ('84f4fc72-9c7a-474e-b436-25343ccfccdd', N'Nguyễn Thị Lân', NULL, '1979-05-29', '211596976', 1979);
INSERT INTO [HoTroCovid].[dbo].[CaNhan_DoanhNghiep] (ID, IDDoanhNghiep, IDCaNhan, IDDoiTuong, NgheNghiep, DaTra50) VALUES ('89664035-63f5-442a-90a4-3a70b4abd954', 'e49841c9-785e-405e-9bf6-c9e9638c10e4', '84f4fc72-9c7a-474e-b436-25343ccfccdd', NULL, N'CNCBHSĐL', null);
INSERT INTO [HoTroCovid].[dbo].[ThongTinHoTro] (ID, IDNoiDung, IDDoiTuong, IDCaNhan) VALUES ('2dd1cc46-2c7b-4164-ad9f-6c089b920e46', 1, NULL, '84f4fc72-9c7a-474e-b436-25343ccfccdd');
INSERT INTO [HoTroCovid].[dbo].[HoSo] (ID, IDCaNhan, IDNoiDungHoTro, IDDoiTuong, SoThang, SoTien, ThanhTien, IDThongTinHoTro, DaChi, NguoiTao) VALUES ('18a67181-3ebc-49fe-851c-42980c14903d', '84f4fc72-9c7a-474e-b436-25343ccfccdd', 1, NULL, 3, 1800000, 5400000, '2dd1cc46-2c7b-4164-ad9f-6c089b920e46', 0, 'solaodong');
INSERT INTO [HoTroCovid].[dbo].[CaNhan] (ID, HoTen, GioiTinh, NgaySinh, CMND, SinhNam) VALUES ('7c9183c4-d86e-41c6-a5ca-eccd652417ef', N'Huỳnh Thị Ái Hương', NULL, '1982-09-01', '211850625', 1982);
INSERT INTO [HoTroCovid].[dbo].[CaNhan_DoanhNghiep] (ID, IDDoanhNghiep, IDCaNhan, IDDoiTuong, NgheNghiep, DaTra50) VALUES ('2d531b03-e662-449a-b04e-98ac24163808', 'f921f32f-ba1f-4295-a29a-f4ede878141b', '7c9183c4-d86e-41c6-a5ca-eccd652417ef', NULL, N'Tạp vụ', false);
INSERT INTO [HoTroCovid].[dbo].[ThongTinHoTro] (ID, IDNoiDung, IDDoiTuong, IDCaNhan) VALUES ('e7790686-6469-45dc-8e24-b8627c81d6a3', 1, NULL, '7c9183c4-d86e-41c6-a5ca-eccd652417ef');
INSERT INTO [HoTroCovid].[dbo].[HoSo] (ID, IDCaNhan, IDNoiDungHoTro, IDDoiTuong, SoThang, SoTien, ThanhTien, IDThongTinHoTro, DaChi, NguoiTao) VALUES ('29376216-adc9-43e7-af56-014bf955ab83', '7c9183c4-d86e-41c6-a5ca-eccd652417ef', 1, NULL, 3, 1800000, 5400000, 'e7790686-6469-45dc-8e24-b8627c81d6a3', 0, 'solaodong');
INSERT INTO [HoTroCovid].[dbo].[CaNhan] (ID, HoTen, GioiTinh, NgaySinh, CMND, SinhNam) VALUES ('00023608-cc9f-4e8f-95bb-27fcb48fa2d2', N'Trần Thị Vân', NULL, '1983-11-25', '215031712', 1983);
INSERT INTO [HoTroCovid].[dbo].[CaNhan_DoanhNghiep] (ID, IDDoanhNghiep, IDCaNhan, IDDoiTuong, NgheNghiep, DaTra50) VALUES ('07570aeb-1515-4bab-ac9f-7112a2ef2038', 'e49841c9-785e-405e-9bf6-c9e9638c10e4', '00023608-cc9f-4e8f-95bb-27fcb48fa2d2', NULL, N'CNCBHSĐL', null);
INSERT INTO [HoTroCovid].[dbo].[ThongTinHoTro] (ID, IDNoiDung, IDDoiTuong, IDCaNhan) VALUES ('83a12847-4cee-4f1b-966a-25c95d172dc9', 1, NULL, '00023608-cc9f-4e8f-95bb-27fcb48fa2d2');
INSERT INTO [HoTroCovid].[dbo].[HoSo] (ID, IDCaNhan, IDNoiDungHoTro, IDDoiTuong, SoThang, SoTien, ThanhTien, IDThongTinHoTro, DaChi, NguoiTao) VALUES ('31630832-362b-4ea6-a600-798892e23eed', '00023608-cc9f-4e8f-95bb-27fcb48fa2d2', 1, NULL, 3, 1800000, 5400000, '83a12847-4cee-4f1b-966a-25c95d172dc9', 0, 'solaodong');
INSERT INTO [HoTroCovid].[dbo].[CaNhan] (ID, HoTen, GioiTinh, NgaySinh, CMND, SinhNam) VALUES ('924d77e5-ba6b-4ab0-9b28-fbb3039ac5b1', N'Ngô Thị Thảo', NULL, '1989-09-26', '215176134', 1989);
INSERT INTO [HoTroCovid].[dbo].[CaNhan_DoanhNghiep] (ID, IDDoanhNghiep, IDCaNhan, IDDoiTuong, NgheNghiep, DaTra50) VALUES ('5da87a3e-84d5-425b-a0ed-d13102d01895', 'e49841c9-785e-405e-9bf6-c9e9638c10e4', '924d77e5-ba6b-4ab0-9b28-fbb3039ac5b1', NULL, N'CNCBHSĐL', null);
INSERT INTO [HoTroCovid].[dbo].[ThongTinHoTro] (ID, IDNoiDung, IDDoiTuong, IDCaNhan) VALUES ('6a37d587-ad1d-4dd8-82fa-978d8f4a9961', 1, NULL, '924d77e5-ba6b-4ab0-9b28-fbb3039ac5b1');
INSERT INTO [HoTroCovid].[dbo].[HoSo] (ID, IDCaNhan, IDNoiDungHoTro, IDDoiTuong, SoThang, SoTien, ThanhTien, IDThongTinHoTro, DaChi, NguoiTao) VALUES ('15665880-2d97-4c7f-9771-665b04fd0757', '924d77e5-ba6b-4ab0-9b28-fbb3039ac5b1', 1, NULL, 3, 1800000, 5400000, '6a37d587-ad1d-4dd8-82fa-978d8f4a9961', 0, 'solaodong');
INSERT INTO [HoTroCovid].[dbo].[CaNhan] (ID, HoTen, GioiTinh, NgaySinh, CMND, SinhNam) VALUES ('1997050f-f5e6-48e1-a8a3-f28179af354e', N'Đoàn Thị Phương Thảo', NULL, '1982-12-07', '211853581', 1982);
INSERT INTO [HoTroCovid].[dbo].[CaNhan_DoanhNghiep] (ID, IDDoanhNghiep, IDCaNhan, IDDoiTuong, NgheNghiep, DaTra50) VALUES ('4eafda27-f281-47fa-9717-da26f40e41c1', 'e49841c9-785e-405e-9bf6-c9e9638c10e4', '1997050f-f5e6-48e1-a8a3-f28179af354e', NULL, N'CNCBHSĐL', null);
INSERT INTO [HoTroCovid].[dbo].[ThongTinHoTro] (ID, IDNoiDung, IDDoiTuong, IDCaNhan) VALUES ('f70aa06d-df33-4794-8ceb-84ddf4929d4c', 1, NULL, '1997050f-f5e6-48e1-a8a3-f28179af354e');
INSERT INTO [HoTroCovid].[dbo].[HoSo] (ID, IDCaNhan, IDNoiDungHoTro, IDDoiTuong, SoThang, SoTien, ThanhTien, IDThongTinHoTro, DaChi, NguoiTao) VALUES ('47e34ef6-e90b-4088-824c-b6d908cc14b1', '1997050f-f5e6-48e1-a8a3-f28179af354e', 1, NULL, 3, 1800000, 5400000, 'f70aa06d-df33-4794-8ceb-84ddf4929d4c', 0, 'solaodong');
INSERT INTO [HoTroCovid].[dbo].[CaNhan] (ID, HoTen, GioiTinh, NgaySinh, CMND, SinhNam) VALUES ('7d207f42-f38a-4048-8422-8b979f5ad14c', N'Đặng Thị Liên', NULL, '1991-08-20', '215221142', 1991);
INSERT INTO [HoTroCovid].[dbo].[CaNhan_DoanhNghiep] (ID, IDDoanhNghiep, IDCaNhan, IDDoiTuong, NgheNghiep, DaTra50) VALUES ('f1d599de-7c1b-4dee-b0bd-7515e4d291da', 'e49841c9-785e-405e-9bf6-c9e9638c10e4', '7d207f42-f38a-4048-8422-8b979f5ad14c', NULL, N'CNCBHSĐL', null);
INSERT INTO [HoTroCovid].[dbo].[ThongTinHoTro] (ID, IDNoiDung, IDDoiTuong, IDCaNhan) VALUES ('e945ef92-b1ce-412e-99c4-83236d71c3eb', 1, NULL, '7d207f42-f38a-4048-8422-8b979f5ad14c');
INSERT INTO [HoTroCovid].[dbo].[HoSo] (ID, IDCaNhan, IDNoiDungHoTro, IDDoiTuong, SoThang, SoTien, ThanhTien, IDThongTinHoTro, DaChi, NguoiTao) VALUES ('768984c7-87b4-4e0e-8a4c-98f587547c20', '7d207f42-f38a-4048-8422-8b979f5ad14c', 1, NULL, 3, 1800000, 5400000, 'e945ef92-b1ce-412e-99c4-83236d71c3eb', 0, 'solaodong');
INSERT INTO [HoTroCovid].[dbo].[CaNhan] (ID, HoTen, GioiTinh, NgaySinh, CMND, SinhNam) VALUES ('73317d6d-d0d6-4aad-b607-b4087c3e3b62', N'Phan Thị Thu Thủy', NULL, '1995-02-10', '215285746', 1995);
INSERT INTO [HoTroCovid].[dbo].[CaNhan_DoanhNghiep] (ID, IDDoanhNghiep, IDCaNhan, IDDoiTuong, NgheNghiep, DaTra50) VALUES ('686d9fbe-a758-4213-9ecf-305b02663f3d', 'e49841c9-785e-405e-9bf6-c9e9638c10e4', '73317d6d-d0d6-4aad-b607-b4087c3e3b62', NULL, N'CNCBHSĐL', null);
INSERT INTO [HoTroCovid].[dbo].[ThongTinHoTro] (ID, IDNoiDung, IDDoiTuong, IDCaNhan) VALUES ('66021024-15b6-40bd-a1c4-325d25cf5ec0', 1, NULL, '73317d6d-d0d6-4aad-b607-b4087c3e3b62');
INSERT INTO [HoTroCovid].[dbo].[HoSo] (ID, IDCaNhan, IDNoiDungHoTro, IDDoiTuong, SoThang, SoTien, ThanhTien, IDThongTinHoTro, DaChi, NguoiTao) VALUES ('cb2cc488-aaca-4ad8-88cc-83585f2fc7b2', '73317d6d-d0d6-4aad-b607-b4087c3e3b62', 1, NULL, 3, 1800000, 5400000, '66021024-15b6-40bd-a1c4-325d25cf5ec0', 0, 'solaodong');
INSERT INTO [HoTroCovid].[dbo].[CaNhan] (ID, HoTen, GioiTinh, NgaySinh, CMND, SinhNam) VALUES ('14da8e7d-4776-42c1-addd-bb06b394b7ea', N'Huỳnh Thị Thanh Thủy', NULL, '1985-02-09', '211852431', 1985);
INSERT INTO [HoTroCovid].[dbo].[CaNhan_DoanhNghiep] (ID, IDDoanhNghiep, IDCaNhan, IDDoiTuong, NgheNghiep, DaTra50) VALUES ('c7028ce5-084b-4d6b-aa68-ac4407945a04', 'e49841c9-785e-405e-9bf6-c9e9638c10e4', '14da8e7d-4776-42c1-addd-bb06b394b7ea', NULL, N'CNCBHSĐL', null);
INSERT INTO [HoTroCovid].[dbo].[ThongTinHoTro] (ID, IDNoiDung, IDDoiTuong, IDCaNhan) VALUES ('d8271f25-0d0e-4740-a090-6401c9b75bd6', 1, NULL, '14da8e7d-4776-42c1-addd-bb06b394b7ea');
INSERT INTO [HoTroCovid].[dbo].[HoSo] (ID, IDCaNhan, IDNoiDungHoTro, IDDoiTuong, SoThang, SoTien, ThanhTien, IDThongTinHoTro, DaChi, NguoiTao) VALUES ('1ce4eed1-4ad6-4d30-acc3-68787cd2abc8', '14da8e7d-4776-42c1-addd-bb06b394b7ea', 1, NULL, 3, 1800000, 5400000, 'd8271f25-0d0e-4740-a090-6401c9b75bd6', 0, 'solaodong');
INSERT INTO [HoTroCovid].[dbo].[CaNhan] (ID, HoTen, GioiTinh, NgaySinh, CMND, SinhNam) VALUES ('31573ebe-213e-43e7-9c5a-857b56aad972', N'Nguyễn Ngọc Minh', 1, '1994-03-28', '215337473', 1994);
INSERT INTO [HoTroCovid].[dbo].[CaNhan_DoanhNghiep] (ID, IDDoanhNghiep, IDCaNhan, IDDoiTuong, NgheNghiep, DaTra50) VALUES ('4e3c9c77-c81e-414d-b876-2ca6c529fbdd', 'e49841c9-785e-405e-9bf6-c9e9638c10e4', '31573ebe-213e-43e7-9c5a-857b56aad972', NULL, N'CNCBHSĐL', null);
INSERT INTO [HoTroCovid].[dbo].[ThongTinHoTro] (ID, IDNoiDung, IDDoiTuong, IDCaNhan) VALUES ('cd279c22-0a2f-46e7-a608-44bf22178e43', 1, NULL, '31573ebe-213e-43e7-9c5a-857b56aad972');
INSERT INTO [HoTroCovid].[dbo].[HoSo] (ID, IDCaNhan, IDNoiDungHoTro, IDDoiTuong, SoThang, SoTien, ThanhTien, IDThongTinHoTro, DaChi, NguoiTao) VALUES ('ab2189e8-7d52-43aa-994a-e8411ad340da', '31573ebe-213e-43e7-9c5a-857b56aad972', 1, NULL, 3, 1800000, 5400000, 'cd279c22-0a2f-46e7-a608-44bf22178e43', 0, 'solaodong');
INSERT INTO [HoTroCovid].[dbo].[CaNhan] (ID, HoTen, GioiTinh, NgaySinh, CMND, SinhNam) VALUES ('3183a63b-8063-48c4-8700-777ba217bce6', N'Trần  Thị Hồng Phấn', NULL, '1985-03-10', '211877347', 1985);
INSERT INTO [HoTroCovid].[dbo].[CaNhan_DoanhNghiep] (ID, IDDoanhNghiep, IDCaNhan, IDDoiTuong, NgheNghiep, DaTra50) VALUES ('2aa6d736-ba57-4c6f-bac7-12d69e587832', 'e49841c9-785e-405e-9bf6-c9e9638c10e4', '3183a63b-8063-48c4-8700-777ba217bce6', NULL, N'Tổ phó Steak', null);
INSERT INTO [HoTroCovid].[dbo].[ThongTinHoTro] (ID, IDNoiDung, IDDoiTuong, IDCaNhan) VALUES ('db489f12-cd56-46b3-b3c1-d3a31224ec7e', 1, NULL, '3183a63b-8063-48c4-8700-777ba217bce6');
INSERT INTO [HoTroCovid].[dbo].[HoSo] (ID, IDCaNhan, IDNoiDungHoTro, IDDoiTuong, SoThang, SoTien, ThanhTien, IDThongTinHoTro, DaChi, NguoiTao) VALUES ('974e0a37-e85a-4b0c-b90a-ba1bb6aa842d', '3183a63b-8063-48c4-8700-777ba217bce6', 1, NULL, 3, 1800000, 5400000, 'db489f12-cd56-46b3-b3c1-d3a31224ec7e', 0, 'solaodong');
INSERT INTO [HoTroCovid].[dbo].[CaNhan] (ID, HoTen, GioiTinh, NgaySinh, CMND, SinhNam) VALUES ('7853946f-f678-4f82-9e4c-8fa87160515c', N'Nguyễn Thị Phúc', NULL, '1992-07-11', '215209583', 1992);
INSERT INTO [HoTroCovid].[dbo].[CaNhan_DoanhNghiep] (ID, IDDoanhNghiep, IDCaNhan, IDDoiTuong, NgheNghiep, DaTra50) VALUES ('6500defd-26cc-4665-9c15-e0e7005cf07e', 'e49841c9-785e-405e-9bf6-c9e9638c10e4', '7853946f-f678-4f82-9e4c-8fa87160515c', NULL, N'CNCBHSĐL', null);
INSERT INTO [HoTroCovid].[dbo].[ThongTinHoTro] (ID, IDNoiDung, IDDoiTuong, IDCaNhan) VALUES ('fafa40f5-b658-4e25-b461-665b22bfc593', 1, NULL, '7853946f-f678-4f82-9e4c-8fa87160515c');
INSERT INTO [HoTroCovid].[dbo].[HoSo] (ID, IDCaNhan, IDNoiDungHoTro, IDDoiTuong, SoThang, SoTien, ThanhTien, IDThongTinHoTro, DaChi, NguoiTao) VALUES ('150c3281-8523-4085-a76b-666853342c5d', '7853946f-f678-4f82-9e4c-8fa87160515c', 1, NULL, 3, 1800000, 5400000, 'fafa40f5-b658-4e25-b461-665b22bfc593', 0, 'solaodong');
INSERT INTO [HoTroCovid].[dbo].[CaNhan] (ID, HoTen, GioiTinh, NgaySinh, CMND, SinhNam) VALUES ('674392ab-8a6c-4a10-b743-a7c22669149a', N'Tô Thị Kim Huệ', NULL, '1981-07-29', '215036619', 1981);
INSERT INTO [HoTroCovid].[dbo].[CaNhan_DoanhNghiep] (ID, IDDoanhNghiep, IDCaNhan, IDDoiTuong, NgheNghiep, DaTra50) VALUES ('12449215-3161-474a-b4f4-4ba7da83fc8e', 'e49841c9-785e-405e-9bf6-c9e9638c10e4', '674392ab-8a6c-4a10-b743-a7c22669149a', NULL, N'Tổ trưởng Lườn', null);
INSERT INTO [HoTroCovid].[dbo].[ThongTinHoTro] (ID, IDNoiDung, IDDoiTuong, IDCaNhan) VALUES ('ea49aadf-a635-42ca-ae9a-9b194703727f', 1, NULL, '674392ab-8a6c-4a10-b743-a7c22669149a');
INSERT INTO [HoTroCovid].[dbo].[HoSo] (ID, IDCaNhan, IDNoiDungHoTro, IDDoiTuong, SoThang, SoTien, ThanhTien, IDThongTinHoTro, DaChi, NguoiTao) VALUES ('13d7e262-e73d-429d-a1d2-559ec1f73e04', '674392ab-8a6c-4a10-b743-a7c22669149a', 1, NULL, 3, 1800000, 5400000, 'ea49aadf-a635-42ca-ae9a-9b194703727f', 0, 'solaodong');
INSERT INTO [HoTroCovid].[dbo].[CaNhan] (ID, HoTen, GioiTinh, NgaySinh, CMND, SinhNam) VALUES ('caddf527-7272-436d-b545-91ecb516a184', N'Đỗ Thị Kiều Diễm', NULL, '1978-06-06', '211563218', 1978);
INSERT INTO [HoTroCovid].[dbo].[CaNhan_DoanhNghiep] (ID, IDDoanhNghiep, IDCaNhan, IDDoiTuong, NgheNghiep, DaTra50) VALUES ('35cc98cd-935d-4e5b-9450-948fc19db184', 'e49841c9-785e-405e-9bf6-c9e9638c10e4', 'caddf527-7272-436d-b545-91ecb516a184', NULL, N'CNCBHSĐL', null);
INSERT INTO [HoTroCovid].[dbo].[ThongTinHoTro] (ID, IDNoiDung, IDDoiTuong, IDCaNhan) VALUES ('b8c8e5f1-401c-4645-96ef-55b6f8976e94', 1, NULL, 'caddf527-7272-436d-b545-91ecb516a184');
INSERT INTO [HoTroCovid].[dbo].[HoSo] (ID, IDCaNhan, IDNoiDungHoTro, IDDoiTuong, SoThang, SoTien, ThanhTien, IDThongTinHoTro, DaChi, NguoiTao) VALUES ('57d16e47-5cbb-4fb7-98cb-e32aecc0b54b', 'caddf527-7272-436d-b545-91ecb516a184', 1, NULL, 3, 1800000, 5400000, 'b8c8e5f1-401c-4645-96ef-55b6f8976e94', 0, 'solaodong');
INSERT INTO [HoTroCovid].[dbo].[CaNhan] (ID, HoTen, GioiTinh, NgaySinh, CMND, SinhNam) VALUES ('876bd12b-9d3d-4a19-a006-2f5224fe58fc', N'Nguyễn Thị Nguyệt', NULL, '1984-10-31', '215030768', 1984);
INSERT INTO [HoTroCovid].[dbo].[CaNhan_DoanhNghiep] (ID, IDDoanhNghiep, IDCaNhan, IDDoiTuong, NgheNghiep, DaTra50) VALUES ('d3c46111-843d-4500-951b-3c2327679622', 'e49841c9-785e-405e-9bf6-c9e9638c10e4', '876bd12b-9d3d-4a19-a006-2f5224fe58fc', NULL, N'Tổ trưởng CB2', null);
INSERT INTO [HoTroCovid].[dbo].[ThongTinHoTro] (ID, IDNoiDung, IDDoiTuong, IDCaNhan) VALUES ('de067a68-be0e-4a82-8a1f-6e12e9c8fd2b', 1, NULL, '876bd12b-9d3d-4a19-a006-2f5224fe58fc');
INSERT INTO [HoTroCovid].[dbo].[HoSo] (ID, IDCaNhan, IDNoiDungHoTro, IDDoiTuong, SoThang, SoTien, ThanhTien, IDThongTinHoTro, DaChi, NguoiTao) VALUES ('36335af1-9d87-4ee9-8097-58d97cf33e32', '876bd12b-9d3d-4a19-a006-2f5224fe58fc', 1, NULL, 3, 1800000, 5400000, 'de067a68-be0e-4a82-8a1f-6e12e9c8fd2b', 0, 'solaodong');
INSERT INTO [HoTroCovid].[dbo].[CaNhan] (ID, HoTen, GioiTinh, NgaySinh, CMND, SinhNam) VALUES ('6e817143-540a-4657-a50b-e894d54ccee7', N'Trương Thị Ngọc Mai', NULL, '1990-01-09', '215091602', 1990);
INSERT INTO [HoTroCovid].[dbo].[CaNhan_DoanhNghiep] (ID, IDDoanhNghiep, IDCaNhan, IDDoiTuong, NgheNghiep, DaTra50) VALUES ('653fbc1b-0439-4d86-9f2c-51ad9038164a', 'e49841c9-785e-405e-9bf6-c9e9638c10e4', '6e817143-540a-4657-a50b-e894d54ccee7', NULL, N'CNCBHSĐL', null);
INSERT INTO [HoTroCovid].[dbo].[ThongTinHoTro] (ID, IDNoiDung, IDDoiTuong, IDCaNhan) VALUES ('256edbe4-d310-43c8-9b7e-b7d46254842e', 1, NULL, '6e817143-540a-4657-a50b-e894d54ccee7');
INSERT INTO [HoTroCovid].[dbo].[HoSo] (ID, IDCaNhan, IDNoiDungHoTro, IDDoiTuong, SoThang, SoTien, ThanhTien, IDThongTinHoTro, DaChi, NguoiTao) VALUES ('c68c974e-3368-42ba-bf2b-6f36b8119b42', '6e817143-540a-4657-a50b-e894d54ccee7', 1, NULL, 3, 1800000, 5400000, '256edbe4-d310-43c8-9b7e-b7d46254842e', 0, 'solaodong');
INSERT INTO [HoTroCovid].[dbo].[CaNhan] (ID, HoTen, GioiTinh, NgaySinh, CMND, SinhNam) VALUES ('9a3c3c2e-81ff-4c12-a6a9-2239ac187a37', N'Nguyễn Hùng Dũng', 1, '1991-01-02', '215092308', 1991);
INSERT INTO [HoTroCovid].[dbo].[CaNhan_DoanhNghiep] (ID, IDDoanhNghiep, IDCaNhan, IDDoiTuong, NgheNghiep, DaTra50) VALUES ('d07df32c-44e7-4a46-9271-6d7f5d6614c8', 'e49841c9-785e-405e-9bf6-c9e9638c10e4', '9a3c3c2e-81ff-4c12-a6a9-2239ac187a37', NULL, N'CNCBHSĐL', null);
INSERT INTO [HoTroCovid].[dbo].[ThongTinHoTro] (ID, IDNoiDung, IDDoiTuong, IDCaNhan) VALUES ('52421da9-00f7-44e5-9c96-cf83bdeac241', 1, NULL, '9a3c3c2e-81ff-4c12-a6a9-2239ac187a37');
INSERT INTO [HoTroCovid].[dbo].[HoSo] (ID, IDCaNhan, IDNoiDungHoTro, IDDoiTuong, SoThang, SoTien, ThanhTien, IDThongTinHoTro, DaChi, NguoiTao) VALUES ('65b6df3e-4a4c-40bb-81dc-9d8f81b2a23f', '9a3c3c2e-81ff-4c12-a6a9-2239ac187a37', 1, NULL, 3, 1800000, 5400000, '52421da9-00f7-44e5-9c96-cf83bdeac241', 0, 'solaodong');
INSERT INTO [HoTroCovid].[dbo].[CaNhan] (ID, HoTen, GioiTinh, NgaySinh, CMND, SinhNam) VALUES ('af7588b7-aec7-47cf-9316-daac9eb3a541', N'Hồ Thị Diễn', NULL, '1993-11-21', '183992653', 1993);
INSERT INTO [HoTroCovid].[dbo].[CaNhan_DoanhNghiep] (ID, IDDoanhNghiep, IDCaNhan, IDDoiTuong, NgheNghiep, DaTra50) VALUES ('10e5a7f2-dd58-477a-addd-8c9bf0d53ba6', 'e49841c9-785e-405e-9bf6-c9e9638c10e4', 'af7588b7-aec7-47cf-9316-daac9eb3a541', NULL, N'CNCBHSĐL', null);
INSERT INTO [HoTroCovid].[dbo].[ThongTinHoTro] (ID, IDNoiDung, IDDoiTuong, IDCaNhan) VALUES ('7674e2dc-6205-483f-bb03-e11e36e836c6', 1, NULL, 'af7588b7-aec7-47cf-9316-daac9eb3a541');
INSERT INTO [HoTroCovid].[dbo].[HoSo] (ID, IDCaNhan, IDNoiDungHoTro, IDDoiTuong, SoThang, SoTien, ThanhTien, IDThongTinHoTro, DaChi, NguoiTao) VALUES ('108cd76b-de9e-4426-b800-cb8a54ed53bd', 'af7588b7-aec7-47cf-9316-daac9eb3a541', 1, NULL, 3, 1800000, 5400000, '7674e2dc-6205-483f-bb03-e11e36e836c6', 0, 'solaodong');
INSERT INTO [HoTroCovid].[dbo].[CaNhan] (ID, HoTen, GioiTinh, NgaySinh, CMND, SinhNam) VALUES ('4ad9177a-c48c-468c-8dac-4b062cbb9e08', N'Trần Sang', 1, '1980-04-20', '211786484', 1980);
INSERT INTO [HoTroCovid].[dbo].[CaNhan_DoanhNghiep] (ID, IDDoanhNghiep, IDCaNhan, IDDoiTuong, NgheNghiep, DaTra50) VALUES ('1bf7f002-93ff-4469-9641-a1f13961a6c1', 'e49841c9-785e-405e-9bf6-c9e9638c10e4', '4ad9177a-c48c-468c-8dac-4b062cbb9e08', NULL, N'CNCBHSĐL', null);
INSERT INTO [HoTroCovid].[dbo].[ThongTinHoTro] (ID, IDNoiDung, IDDoiTuong, IDCaNhan) VALUES ('5e04e650-2ab3-4d95-8dc3-66b51332d997', 1, NULL, '4ad9177a-c48c-468c-8dac-4b062cbb9e08');
INSERT INTO [HoTroCovid].[dbo].[HoSo] (ID, IDCaNhan, IDNoiDungHoTro, IDDoiTuong, SoThang, SoTien, ThanhTien, IDThongTinHoTro, DaChi, NguoiTao) VALUES ('d578fea4-1373-49e4-bb9d-68e1e4ef5bfd', '4ad9177a-c48c-468c-8dac-4b062cbb9e08', 1, NULL, 3, 1800000, 5400000, '5e04e650-2ab3-4d95-8dc3-66b51332d997', 0, 'solaodong');
INSERT INTO [HoTroCovid].[dbo].[CaNhan] (ID, HoTen, GioiTinh, NgaySinh, CMND, SinhNam) VALUES ('201cf8e7-366b-4189-b0eb-4442bf6b0543', N'Huỳnh Ngọc Viên', 1, '1993-11-27', '215251179', 1993);
INSERT INTO [HoTroCovid].[dbo].[CaNhan_DoanhNghiep] (ID, IDDoanhNghiep, IDCaNhan, IDDoiTuong, NgheNghiep, DaTra50) VALUES ('65846f32-3d60-462c-8cfe-4cfaea8b4787', 'e49841c9-785e-405e-9bf6-c9e9638c10e4', '201cf8e7-366b-4189-b0eb-4442bf6b0543', NULL, N'CNCBHSĐL', null);
INSERT INTO [HoTroCovid].[dbo].[ThongTinHoTro] (ID, IDNoiDung, IDDoiTuong, IDCaNhan) VALUES ('55dff118-f038-40d0-88dd-8ef21be61781', 1, NULL, '201cf8e7-366b-4189-b0eb-4442bf6b0543');
INSERT INTO [HoTroCovid].[dbo].[HoSo] (ID, IDCaNhan, IDNoiDungHoTro, IDDoiTuong, SoThang, SoTien, ThanhTien, IDThongTinHoTro, DaChi, NguoiTao) VALUES ('8b8b76fd-8efb-4d33-bfae-49145df72bf8', '201cf8e7-366b-4189-b0eb-4442bf6b0543', 1, NULL, 3, 1800000, 5400000, '55dff118-f038-40d0-88dd-8ef21be61781', 0, 'solaodong');
INSERT INTO [HoTroCovid].[dbo].[CaNhan] (ID, HoTen, GioiTinh, NgaySinh, CMND, SinhNam) VALUES ('b6273e62-7d4c-48b3-856d-efab08512204', N'Vương Văn Nghiệm', 1, '1994-06-08', '215294260', 1994);
INSERT INTO [HoTroCovid].[dbo].[CaNhan_DoanhNghiep] (ID, IDDoanhNghiep, IDCaNhan, IDDoiTuong, NgheNghiep, DaTra50) VALUES ('fda9e24f-6b7b-4f4e-98af-b9691329204f', 'e49841c9-785e-405e-9bf6-c9e9638c10e4', 'b6273e62-7d4c-48b3-856d-efab08512204', NULL, N'CNCBHSĐL', null);
INSERT INTO [HoTroCovid].[dbo].[ThongTinHoTro] (ID, IDNoiDung, IDDoiTuong, IDCaNhan) VALUES ('f607c37a-15c7-47c9-8d1f-7c34dfe56fd5', 1, NULL, 'b6273e62-7d4c-48b3-856d-efab08512204');
INSERT INTO [HoTroCovid].[dbo].[HoSo] (ID, IDCaNhan, IDNoiDungHoTro, IDDoiTuong, SoThang, SoTien, ThanhTien, IDThongTinHoTro, DaChi, NguoiTao) VALUES ('ae8ee8bf-557b-488a-b3b1-c0450655cba7', 'b6273e62-7d4c-48b3-856d-efab08512204', 1, NULL, 3, 1800000, 5400000, 'f607c37a-15c7-47c9-8d1f-7c34dfe56fd5', 0, 'solaodong');
INSERT INTO [HoTroCovid].[dbo].[CaNhan] (ID, HoTen, GioiTinh, NgaySinh, CMND, SinhNam) VALUES ('d710283f-1e07-48dd-a9d0-0cee6a82b797', N'Lê Đức Anh', 1, '1992-04-10', '215278118', 1992);
INSERT INTO [HoTroCovid].[dbo].[CaNhan_DoanhNghiep] (ID, IDDoanhNghiep, IDCaNhan, IDDoiTuong, NgheNghiep, DaTra50) VALUES ('1303c8a4-703b-4ad4-909f-c36e8b3c27b3', 'e49841c9-785e-405e-9bf6-c9e9638c10e4', 'd710283f-1e07-48dd-a9d0-0cee6a82b797', NULL, N'CNCBHSĐL', null);
INSERT INTO [HoTroCovid].[dbo].[ThongTinHoTro] (ID, IDNoiDung, IDDoiTuong, IDCaNhan) VALUES ('c17ff7c7-4382-4163-8d0e-f14b58ea9798', 1, NULL, 'd710283f-1e07-48dd-a9d0-0cee6a82b797');
INSERT INTO [HoTroCovid].[dbo].[HoSo] (ID, IDCaNhan, IDNoiDungHoTro, IDDoiTuong, SoThang, SoTien, ThanhTien, IDThongTinHoTro, DaChi, NguoiTao) VALUES ('d6377205-a4fd-4ef6-970a-5dafdb32a66b', 'd710283f-1e07-48dd-a9d0-0cee6a82b797', 1, NULL, 3, 1800000, 5400000, 'c17ff7c7-4382-4163-8d0e-f14b58ea9798', 0, 'solaodong');
INSERT INTO [HoTroCovid].[dbo].[CaNhan] (ID, HoTen, GioiTinh, NgaySinh, CMND, SinhNam) VALUES ('23d9838a-3f97-4726-bd99-93db40901307', N'Huỳnh Trọng Ái', 1, '1986-07-14', '211883001', 1986);
INSERT INTO [HoTroCovid].[dbo].[CaNhan_DoanhNghiep] (ID, IDDoanhNghiep, IDCaNhan, IDDoiTuong, NgheNghiep, DaTra50) VALUES ('f84bbed2-fd47-463c-88c3-10bad2b54740', 'e49841c9-785e-405e-9bf6-c9e9638c10e4', '23d9838a-3f97-4726-bd99-93db40901307', NULL, N'CNCBHSĐL', null);
INSERT INTO [HoTroCovid].[dbo].[ThongTinHoTro] (ID, IDNoiDung, IDDoiTuong, IDCaNhan) VALUES ('bca51842-c48c-442d-800d-b4d270604778', 1, NULL, '23d9838a-3f97-4726-bd99-93db40901307');
INSERT INTO [HoTroCovid].[dbo].[HoSo] (ID, IDCaNhan, IDNoiDungHoTro, IDDoiTuong, SoThang, SoTien, ThanhTien, IDThongTinHoTro, DaChi, NguoiTao) VALUES ('1207603f-5249-41c2-bdae-370d4fa69985', '23d9838a-3f97-4726-bd99-93db40901307', 1, NULL, 3, 1800000, 5400000, 'bca51842-c48c-442d-800d-b4d270604778', 0, 'solaodong');
INSERT INTO [HoTroCovid].[dbo].[CaNhan] (ID, HoTen, GioiTinh, NgaySinh, CMND, SinhNam) VALUES ('a2a4a5ca-bd6c-4195-87f2-6847ebd90513', N'Phạm Thị Thu Sen', NULL, '1989-08-15', '184360746', 1989);
INSERT INTO [HoTroCovid].[dbo].[CaNhan_DoanhNghiep] (ID, IDDoanhNghiep, IDCaNhan, IDDoiTuong, NgheNghiep, DaTra50) VALUES ('43a89286-cf32-462d-bf1e-aba0d0017cb4', 'e49841c9-785e-405e-9bf6-c9e9638c10e4', 'a2a4a5ca-bd6c-4195-87f2-6847ebd90513', NULL, N'CNCBHSĐL', null);
INSERT INTO [HoTroCovid].[dbo].[ThongTinHoTro] (ID, IDNoiDung, IDDoiTuong, IDCaNhan) VALUES ('05fdc1af-67f9-4ab0-89c2-6148059774ed', 1, NULL, 'a2a4a5ca-bd6c-4195-87f2-6847ebd90513');
INSERT INTO [HoTroCovid].[dbo].[HoSo] (ID, IDCaNhan, IDNoiDungHoTro, IDDoiTuong, SoThang, SoTien, ThanhTien, IDThongTinHoTro, DaChi, NguoiTao) VALUES ('024275c1-9745-41e8-ba07-4806598b8d4d', 'a2a4a5ca-bd6c-4195-87f2-6847ebd90513', 1, NULL, 3, 1800000, 5400000, '05fdc1af-67f9-4ab0-89c2-6148059774ed', 0, 'solaodong');
INSERT INTO [HoTroCovid].[dbo].[CaNhan] (ID, HoTen, GioiTinh, NgaySinh, CMND, SinhNam) VALUES ('8f56f31f-4d61-4527-822a-f91cb2a7d4de', N'Nguyễn Thị Huyền', NULL, '1991-06-20', '183645052', 1991);
INSERT INTO [HoTroCovid].[dbo].[CaNhan_DoanhNghiep] (ID, IDDoanhNghiep, IDCaNhan, IDDoiTuong, NgheNghiep, DaTra50) VALUES ('110be166-2bbc-4bd1-93f1-f676a3482f31', 'e49841c9-785e-405e-9bf6-c9e9638c10e4', '8f56f31f-4d61-4527-822a-f91cb2a7d4de', NULL, N'CNCBHSĐL', null);
INSERT INTO [HoTroCovid].[dbo].[ThongTinHoTro] (ID, IDNoiDung, IDDoiTuong, IDCaNhan) VALUES ('c5e83031-6f52-46c9-8951-ad034608a28a', 1, NULL, '8f56f31f-4d61-4527-822a-f91cb2a7d4de');
INSERT INTO [HoTroCovid].[dbo].[HoSo] (ID, IDCaNhan, IDNoiDungHoTro, IDDoiTuong, SoThang, SoTien, ThanhTien, IDThongTinHoTro, DaChi, NguoiTao) VALUES ('1be5031f-427c-43c6-bb86-6c81ff2feca3', '8f56f31f-4d61-4527-822a-f91cb2a7d4de', 1, NULL, 3, 1800000, 5400000, 'c5e83031-6f52-46c9-8951-ad034608a28a', 0, 'solaodong');
INSERT INTO [HoTroCovid].[dbo].[CaNhan] (ID, HoTen, GioiTinh, NgaySinh, CMND, SinhNam) VALUES ('a6da6baa-0aab-4059-b24e-af90ed838a49', N'Phan Thị Mỹ Hiền', NULL, '1983-05-24', '211814595', 1983);
INSERT INTO [HoTroCovid].[dbo].[CaNhan_DoanhNghiep] (ID, IDDoanhNghiep, IDCaNhan, IDDoiTuong, NgheNghiep, DaTra50) VALUES ('d2496aa7-fc72-48b6-9eaf-d29e79e55b07', 'e49841c9-785e-405e-9bf6-c9e9638c10e4', 'a6da6baa-0aab-4059-b24e-af90ed838a49', NULL, N'N/viên P.TCHC', null);
INSERT INTO [HoTroCovid].[dbo].[ThongTinHoTro] (ID, IDNoiDung, IDDoiTuong, IDCaNhan) VALUES ('645ecab8-5fe8-492e-be87-1667be151093', 1, NULL, 'a6da6baa-0aab-4059-b24e-af90ed838a49');
INSERT INTO [HoTroCovid].[dbo].[HoSo] (ID, IDCaNhan, IDNoiDungHoTro, IDDoiTuong, SoThang, SoTien, ThanhTien, IDThongTinHoTro, DaChi, NguoiTao) VALUES ('92bf3fcf-055b-44fc-b1a2-14c35910b1ca', 'a6da6baa-0aab-4059-b24e-af90ed838a49', 1, NULL, 3, 1800000, 5400000, '645ecab8-5fe8-492e-be87-1667be151093', 0, 'solaodong');
INSERT INTO [HoTroCovid].[dbo].[CaNhan] (ID, HoTen, GioiTinh, NgaySinh, CMND, SinhNam) VALUES ('929592b3-a9dc-4e0a-9169-1769f2b9093f', N'Trần Minh Quốc Thái', 1, '1993-04-20', '215251095', 1993);
INSERT INTO [HoTroCovid].[dbo].[CaNhan_DoanhNghiep] (ID, IDDoanhNghiep, IDCaNhan, IDDoiTuong, NgheNghiep, DaTra50) VALUES ('51a8674e-d9da-41a9-a09e-9ed83e14c9c3', 'e49841c9-785e-405e-9bf6-c9e9638c10e4', '929592b3-a9dc-4e0a-9169-1769f2b9093f', NULL, N'CNCBHSĐL', null);
INSERT INTO [HoTroCovid].[dbo].[ThongTinHoTro] (ID, IDNoiDung, IDDoiTuong, IDCaNhan) VALUES ('12af44b7-b33e-4702-8bee-0a0bd02a1953', 1, NULL, '929592b3-a9dc-4e0a-9169-1769f2b9093f');
INSERT INTO [HoTroCovid].[dbo].[HoSo] (ID, IDCaNhan, IDNoiDungHoTro, IDDoiTuong, SoThang, SoTien, ThanhTien, IDThongTinHoTro, DaChi, NguoiTao) VALUES ('d477b22c-1d20-444c-857e-5ef6c73b141e', '929592b3-a9dc-4e0a-9169-1769f2b9093f', 1, NULL, 3, 1800000, 5400000, '12af44b7-b33e-4702-8bee-0a0bd02a1953', 0, 'solaodong');
INSERT INTO [HoTroCovid].[dbo].[CaNhan] (ID, HoTen, GioiTinh, NgaySinh, CMND, SinhNam) VALUES ('2e3d5fac-1a4e-4811-81d3-f4e64727b905', N'Nguyễn Ngọc Danh', 1, '1990-04-20', '231179400', 1990);
INSERT INTO [HoTroCovid].[dbo].[CaNhan_DoanhNghiep] (ID, IDDoanhNghiep, IDCaNhan, IDDoiTuong, NgheNghiep, DaTra50) VALUES ('c5b183c0-2b2b-42ee-8b26-c3bb950068ab', 'e49841c9-785e-405e-9bf6-c9e9638c10e4', '2e3d5fac-1a4e-4811-81d3-f4e64727b905', NULL, N'CNCBHSĐL', null);
INSERT INTO [HoTroCovid].[dbo].[ThongTinHoTro] (ID, IDNoiDung, IDDoiTuong, IDCaNhan) VALUES ('68904b5d-02ab-4490-ad7a-793e3776bb09', 1, NULL, '2e3d5fac-1a4e-4811-81d3-f4e64727b905');
INSERT INTO [HoTroCovid].[dbo].[HoSo] (ID, IDCaNhan, IDNoiDungHoTro, IDDoiTuong, SoThang, SoTien, ThanhTien, IDThongTinHoTro, DaChi, NguoiTao) VALUES ('35b33c7b-64ef-485c-b27a-29a11341a981', '2e3d5fac-1a4e-4811-81d3-f4e64727b905', 1, NULL, 3, 1800000, 5400000, '68904b5d-02ab-4490-ad7a-793e3776bb09', 0, 'solaodong');
INSERT INTO [HoTroCovid].[dbo].[CaNhan] (ID, HoTen, GioiTinh, NgaySinh, CMND, SinhNam) VALUES ('6128245e-0eda-4f5b-b0e0-3f037cf9ee11', N'Huỳnh Văn Bạc', 1, '1996-04-30', '215410076', 1996);
INSERT INTO [HoTroCovid].[dbo].[CaNhan_DoanhNghiep] (ID, IDDoanhNghiep, IDCaNhan, IDDoiTuong, NgheNghiep, DaTra50) VALUES ('85b833c3-a2f2-4566-bde2-65b6de4dd0e0', 'e49841c9-785e-405e-9bf6-c9e9638c10e4', '6128245e-0eda-4f5b-b0e0-3f037cf9ee11', NULL, N'CNCBHSĐL', null);
INSERT INTO [HoTroCovid].[dbo].[ThongTinHoTro] (ID, IDNoiDung, IDDoiTuong, IDCaNhan) VALUES ('aced2667-c727-4e16-bcae-28d2d37e97d6', 1, NULL, '6128245e-0eda-4f5b-b0e0-3f037cf9ee11');
INSERT INTO [HoTroCovid].[dbo].[HoSo] (ID, IDCaNhan, IDNoiDungHoTro, IDDoiTuong, SoThang, SoTien, ThanhTien, IDThongTinHoTro, DaChi, NguoiTao) VALUES ('acec2b2f-aa11-4e52-a91f-6696d7fac3f5', '6128245e-0eda-4f5b-b0e0-3f037cf9ee11', 1, NULL, 3, 1800000, 5400000, 'aced2667-c727-4e16-bcae-28d2d37e97d6', 0, 'solaodong');
INSERT INTO [HoTroCovid].[dbo].[CaNhan] (ID, HoTen, GioiTinh, NgaySinh, CMND, SinhNam) VALUES ('bb67fc0a-78ce-42ba-a9a0-b5c06775d072', N'Bạch Thị Thu', NULL, '1988-11-19', '215005185', 1988);
INSERT INTO [HoTroCovid].[dbo].[CaNhan_DoanhNghiep] (ID, IDDoanhNghiep, IDCaNhan, IDDoiTuong, NgheNghiep, DaTra50) VALUES ('990f070d-ab9f-42b6-ad4d-6603b07681a9', 'e49841c9-785e-405e-9bf6-c9e9638c10e4', 'bb67fc0a-78ce-42ba-a9a0-b5c06775d072', NULL, N'CNCBHSĐL', null);
INSERT INTO [HoTroCovid].[dbo].[ThongTinHoTro] (ID, IDNoiDung, IDDoiTuong, IDCaNhan) VALUES ('d793a5d3-6c5c-4fd7-b7fb-33add5fe25f0', 1, NULL, 'bb67fc0a-78ce-42ba-a9a0-b5c06775d072');
INSERT INTO [HoTroCovid].[dbo].[HoSo] (ID, IDCaNhan, IDNoiDungHoTro, IDDoiTuong, SoThang, SoTien, ThanhTien, IDThongTinHoTro, DaChi, NguoiTao) VALUES ('4de85c04-ed36-45f2-8516-77526dc27d61', 'bb67fc0a-78ce-42ba-a9a0-b5c06775d072', 1, NULL, 3, 1800000, 5400000, 'd793a5d3-6c5c-4fd7-b7fb-33add5fe25f0', 0, 'solaodong');
INSERT INTO [HoTroCovid].[dbo].[CaNhan] (ID, HoTen, GioiTinh, NgaySinh, CMND, SinhNam) VALUES ('fccc97d5-042e-4f30-a89a-e6308478eea6', N'Lê Thị Ngọc Quyên', NULL, '1994-04-17', '215286280', 1994);
INSERT INTO [HoTroCovid].[dbo].[CaNhan_DoanhNghiep] (ID, IDDoanhNghiep, IDCaNhan, IDDoiTuong, NgheNghiep, DaTra50) VALUES ('e2a065ba-efd1-4439-84c2-9848936e0a8e', 'e49841c9-785e-405e-9bf6-c9e9638c10e4', 'fccc97d5-042e-4f30-a89a-e6308478eea6', NULL, N'CNCBHSĐL', null);
INSERT INTO [HoTroCovid].[dbo].[ThongTinHoTro] (ID, IDNoiDung, IDDoiTuong, IDCaNhan) VALUES ('07cca947-0f6b-4314-b644-2b3eeb74cecb', 1, NULL, 'fccc97d5-042e-4f30-a89a-e6308478eea6');
INSERT INTO [HoTroCovid].[dbo].[HoSo] (ID, IDCaNhan, IDNoiDungHoTro, IDDoiTuong, SoThang, SoTien, ThanhTien, IDThongTinHoTro, DaChi, NguoiTao) VALUES ('3463c215-0884-407f-9367-277d8d0f2ca4', 'fccc97d5-042e-4f30-a89a-e6308478eea6', 1, NULL, 3, 1800000, 5400000, '07cca947-0f6b-4314-b644-2b3eeb74cecb', 0, 'solaodong');
INSERT INTO [HoTroCovid].[dbo].[CaNhan] (ID, HoTen, GioiTinh, NgaySinh, CMND, SinhNam) VALUES ('82f9fdf5-fd74-4f12-a98c-0e88e7b3942b', N'Trần Hòa Hiếu', 1, '1988-12-20', '215038540', 1988);
INSERT INTO [HoTroCovid].[dbo].[CaNhan_DoanhNghiep] (ID, IDDoanhNghiep, IDCaNhan, IDDoiTuong, NgheNghiep, DaTra50) VALUES ('90d98bfc-c499-4a88-95f0-4cc55c9ad58d', 'e49841c9-785e-405e-9bf6-c9e9638c10e4', '82f9fdf5-fd74-4f12-a98c-0e88e7b3942b', NULL, N'CNCBHSĐL', null);
INSERT INTO [HoTroCovid].[dbo].[ThongTinHoTro] (ID, IDNoiDung, IDDoiTuong, IDCaNhan) VALUES ('30a1c880-9493-4b87-8eb1-caae02247010', 1, NULL, '82f9fdf5-fd74-4f12-a98c-0e88e7b3942b');
INSERT INTO [HoTroCovid].[dbo].[HoSo] (ID, IDCaNhan, IDNoiDungHoTro, IDDoiTuong, SoThang, SoTien, ThanhTien, IDThongTinHoTro, DaChi, NguoiTao) VALUES ('edd0630d-d215-44fc-a111-d6e440ed9b42', '82f9fdf5-fd74-4f12-a98c-0e88e7b3942b', 1, NULL, 3, 1800000, 5400000, '30a1c880-9493-4b87-8eb1-caae02247010', 0, 'solaodong');
INSERT INTO [HoTroCovid].[dbo].[CaNhan] (ID, HoTen, GioiTinh, NgaySinh, CMND, SinhNam) VALUES ('3bbb1216-b329-41ab-9fc5-bad1cc5e8008', N'Thái Thị Nghiệp', NULL, '1983-12-10', '215036353', 1983);
INSERT INTO [HoTroCovid].[dbo].[CaNhan_DoanhNghiep] (ID, IDDoanhNghiep, IDCaNhan, IDDoiTuong, NgheNghiep, DaTra50) VALUES ('8643c83b-f6ef-4b8e-9160-f4a33214ca9f', 'e49841c9-785e-405e-9bf6-c9e9638c10e4', '3bbb1216-b329-41ab-9fc5-bad1cc5e8008', NULL, N'CN giặt BHLĐ', null);
INSERT INTO [HoTroCovid].[dbo].[ThongTinHoTro] (ID, IDNoiDung, IDDoiTuong, IDCaNhan) VALUES ('63bf5318-70ea-461e-b3f0-94045b6c6e58', 1, NULL, '3bbb1216-b329-41ab-9fc5-bad1cc5e8008');
INSERT INTO [HoTroCovid].[dbo].[HoSo] (ID, IDCaNhan, IDNoiDungHoTro, IDDoiTuong, SoThang, SoTien, ThanhTien, IDThongTinHoTro, DaChi, NguoiTao) VALUES ('df5f18bf-ab1d-41f6-a477-0931dc22e714', '3bbb1216-b329-41ab-9fc5-bad1cc5e8008', 1, NULL, 3, 1800000, 5400000, '63bf5318-70ea-461e-b3f0-94045b6c6e58', 0, 'solaodong');
INSERT INTO [HoTroCovid].[dbo].[CaNhan] (ID, HoTen, GioiTinh, NgaySinh, CMND, SinhNam) VALUES ('0f7003d1-3a16-4ba8-821e-e4b4dbdae796', N'Phan Thị Như Ý', NULL, '1991-04-13', '215098544', 1991);
INSERT INTO [HoTroCovid].[dbo].[CaNhan_DoanhNghiep] (ID, IDDoanhNghiep, IDCaNhan, IDDoiTuong, NgheNghiep, DaTra50) VALUES ('3fc6bccc-cf47-4f94-bad1-28f1dc0d8da4', 'e49841c9-785e-405e-9bf6-c9e9638c10e4', '0f7003d1-3a16-4ba8-821e-e4b4dbdae796', NULL, N'Tổ phó Lên hàng', null);
INSERT INTO [HoTroCovid].[dbo].[ThongTinHoTro] (ID, IDNoiDung, IDDoiTuong, IDCaNhan) VALUES ('79aeb8dd-3c7d-44eb-82e9-39a68ba79374', 1, NULL, '0f7003d1-3a16-4ba8-821e-e4b4dbdae796');
INSERT INTO [HoTroCovid].[dbo].[HoSo] (ID, IDCaNhan, IDNoiDungHoTro, IDDoiTuong, SoThang, SoTien, ThanhTien, IDThongTinHoTro, DaChi, NguoiTao) VALUES ('d8fce9c7-1549-4df5-924c-4673ef93f54f', '0f7003d1-3a16-4ba8-821e-e4b4dbdae796', 1, NULL, 3, 1800000, 5400000, '79aeb8dd-3c7d-44eb-82e9-39a68ba79374', 0, 'solaodong');
INSERT INTO [HoTroCovid].[dbo].[CaNhan] (ID, HoTen, GioiTinh, NgaySinh, CMND, SinhNam) VALUES ('21027908-6b04-4935-9d6b-da794191cdba', N'Văn Thế Thiện', 1, '1995-09-04', '215330854', 1995);
INSERT INTO [HoTroCovid].[dbo].[CaNhan_DoanhNghiep] (ID, IDDoanhNghiep, IDCaNhan, IDDoiTuong, NgheNghiep, DaTra50) VALUES ('19e6b4ae-f866-4b63-9f8d-ad44bcfa3e81', 'e49841c9-785e-405e-9bf6-c9e9638c10e4', '21027908-6b04-4935-9d6b-da794191cdba', NULL, N'CNCBHSĐL', null);
INSERT INTO [HoTroCovid].[dbo].[ThongTinHoTro] (ID, IDNoiDung, IDDoiTuong, IDCaNhan) VALUES ('e27011e4-f9ef-4a1e-9e8a-4bbdd02f7b1b', 1, NULL, '21027908-6b04-4935-9d6b-da794191cdba');
INSERT INTO [HoTroCovid].[dbo].[HoSo] (ID, IDCaNhan, IDNoiDungHoTro, IDDoiTuong, SoThang, SoTien, ThanhTien, IDThongTinHoTro, DaChi, NguoiTao) VALUES ('fcce06c2-3862-49af-b0fc-afc6ea9bb987', '21027908-6b04-4935-9d6b-da794191cdba', 1, NULL, 3, 1800000, 5400000, 'e27011e4-f9ef-4a1e-9e8a-4bbdd02f7b1b', 0, 'solaodong');
INSERT INTO [HoTroCovid].[dbo].[CaNhan] (ID, HoTen, GioiTinh, NgaySinh, CMND, SinhNam) VALUES ('673599f5-c3d8-4f2a-bb74-4267352708dd', N'Trần Thế Dương', 1, '1993-02-18', '215219111', 1993);
INSERT INTO [HoTroCovid].[dbo].[CaNhan_DoanhNghiep] (ID, IDDoanhNghiep, IDCaNhan, IDDoiTuong, NgheNghiep, DaTra50) VALUES ('87fd6aff-99a9-4a23-87bb-c6a156a0e1d7', 'e49841c9-785e-405e-9bf6-c9e9638c10e4', '673599f5-c3d8-4f2a-bb74-4267352708dd', NULL, N'CNCBHSĐL', null);
INSERT INTO [HoTroCovid].[dbo].[ThongTinHoTro] (ID, IDNoiDung, IDDoiTuong, IDCaNhan) VALUES ('7ec4bdb2-a652-44e4-a037-81cc767651a7', 1, NULL, '673599f5-c3d8-4f2a-bb74-4267352708dd');
INSERT INTO [HoTroCovid].[dbo].[HoSo] (ID, IDCaNhan, IDNoiDungHoTro, IDDoiTuong, SoThang, SoTien, ThanhTien, IDThongTinHoTro, DaChi, NguoiTao) VALUES ('9c18731d-8920-4721-a3d2-89858b299097', '673599f5-c3d8-4f2a-bb74-4267352708dd', 1, NULL, 3, 1800000, 5400000, '7ec4bdb2-a652-44e4-a037-81cc767651a7', 0, 'solaodong');
INSERT INTO [HoTroCovid].[dbo].[CaNhan] (ID, HoTen, GioiTinh, NgaySinh, CMND, SinhNam) VALUES ('969aba06-c727-4b2b-9c55-48b8bc7a8923', N'Kiều Thị Lệ Sương', NULL, '1996-10-22', '215366773', 1996);
INSERT INTO [HoTroCovid].[dbo].[CaNhan_DoanhNghiep] (ID, IDDoanhNghiep, IDCaNhan, IDDoiTuong, NgheNghiep, DaTra50) VALUES ('4f01f87c-c61f-474a-8959-f724dafd16f0', 'e49841c9-785e-405e-9bf6-c9e9638c10e4', '969aba06-c727-4b2b-9c55-48b8bc7a8923', NULL, N'CNCBHSĐL', null);
INSERT INTO [HoTroCovid].[dbo].[ThongTinHoTro] (ID, IDNoiDung, IDDoiTuong, IDCaNhan) VALUES ('f6c4ef41-26b2-4524-be07-913f27cca8e3', 1, NULL, '969aba06-c727-4b2b-9c55-48b8bc7a8923');
INSERT INTO [HoTroCovid].[dbo].[HoSo] (ID, IDCaNhan, IDNoiDungHoTro, IDDoiTuong, SoThang, SoTien, ThanhTien, IDThongTinHoTro, DaChi, NguoiTao) VALUES ('0130e544-ab02-4309-a4ce-b1dbadca7fc7', '969aba06-c727-4b2b-9c55-48b8bc7a8923', 1, NULL, 3, 1800000, 5400000, 'f6c4ef41-26b2-4524-be07-913f27cca8e3', 0, 'solaodong');
INSERT INTO [HoTroCovid].[dbo].[CaNhan] (ID, HoTen, GioiTinh, NgaySinh, CMND, SinhNam) VALUES ('7255a5ab-88cf-4b49-8155-6118ee6bd345', N'Phan Thị Thảnh', NULL, '1990-12-16', '215217600', 1990);
INSERT INTO [HoTroCovid].[dbo].[CaNhan_DoanhNghiep] (ID, IDDoanhNghiep, IDCaNhan, IDDoiTuong, NgheNghiep, DaTra50) VALUES ('35b0b18b-40f6-4124-9c00-31858de96f3d', 'e49841c9-785e-405e-9bf6-c9e9638c10e4', '7255a5ab-88cf-4b49-8155-6118ee6bd345', NULL, N'CNCBHSĐL', null);
INSERT INTO [HoTroCovid].[dbo].[ThongTinHoTro] (ID, IDNoiDung, IDDoiTuong, IDCaNhan) VALUES ('c9f6b7b1-43fb-45e5-bb39-c3ffa440c22f', 1, NULL, '7255a5ab-88cf-4b49-8155-6118ee6bd345');
INSERT INTO [HoTroCovid].[dbo].[HoSo] (ID, IDCaNhan, IDNoiDungHoTro, IDDoiTuong, SoThang, SoTien, ThanhTien, IDThongTinHoTro, DaChi, NguoiTao) VALUES ('a26a0d0e-8ff6-46af-81c2-db8ccf4ea27f', '7255a5ab-88cf-4b49-8155-6118ee6bd345', 1, NULL, 3, 1800000, 5400000, 'c9f6b7b1-43fb-45e5-bb39-c3ffa440c22f', 0, 'solaodong');
INSERT INTO [HoTroCovid].[dbo].[CaNhan] (ID, HoTen, GioiTinh, NgaySinh, CMND, SinhNam) VALUES ('714f1c41-d297-480d-8923-28659ebdc52a', N'Ngô Quang Thao', 1, '1981-08-28', '215479969', 1981);
INSERT INTO [HoTroCovid].[dbo].[CaNhan_DoanhNghiep] (ID, IDDoanhNghiep, IDCaNhan, IDDoiTuong, NgheNghiep, DaTra50) VALUES ('45c2326c-13f4-460c-b558-69f1c146a6a7', 'e49841c9-785e-405e-9bf6-c9e9638c10e4', '714f1c41-d297-480d-8923-28659ebdc52a', NULL, N'CNCBHSĐL', null);
INSERT INTO [HoTroCovid].[dbo].[ThongTinHoTro] (ID, IDNoiDung, IDDoiTuong, IDCaNhan) VALUES ('663112bd-b2e0-46b0-a947-a4a60a3ed49d', 1, NULL, '714f1c41-d297-480d-8923-28659ebdc52a');
INSERT INTO [HoTroCovid].[dbo].[HoSo] (ID, IDCaNhan, IDNoiDungHoTro, IDDoiTuong, SoThang, SoTien, ThanhTien, IDThongTinHoTro, DaChi, NguoiTao) VALUES ('7706eef4-dd75-428d-800c-c2fe855a9cbd', '714f1c41-d297-480d-8923-28659ebdc52a', 1, NULL, 3, 1800000, 5400000, '663112bd-b2e0-46b0-a947-a4a60a3ed49d', 0, 'solaodong');
INSERT INTO [HoTroCovid].[dbo].[CaNhan] (ID, HoTen, GioiTinh, NgaySinh, CMND, SinhNam) VALUES ('73f934d6-5dc1-47a0-ac3d-f3b674755eb3', N'Hồ Văn Ngọc', 1, '1988-04-20', '215044348', 1988);
INSERT INTO [HoTroCovid].[dbo].[CaNhan_DoanhNghiep] (ID, IDDoanhNghiep, IDCaNhan, IDDoiTuong, NgheNghiep, DaTra50) VALUES ('7ae3b3fa-e717-4384-a09b-b28f112dd397', 'e49841c9-785e-405e-9bf6-c9e9638c10e4', '73f934d6-5dc1-47a0-ac3d-f3b674755eb3', NULL, N'CNCBHSĐL', null);
INSERT INTO [HoTroCovid].[dbo].[ThongTinHoTro] (ID, IDNoiDung, IDDoiTuong, IDCaNhan) VALUES ('2a1d7c63-efea-466c-bda2-285a85af0719', 1, NULL, '73f934d6-5dc1-47a0-ac3d-f3b674755eb3');
INSERT INTO [HoTroCovid].[dbo].[HoSo] (ID, IDCaNhan, IDNoiDungHoTro, IDDoiTuong, SoThang, SoTien, ThanhTien, IDThongTinHoTro, DaChi, NguoiTao) VALUES ('0fdcb2ed-4af9-4753-920b-db42a37a8f4c', '73f934d6-5dc1-47a0-ac3d-f3b674755eb3', 1, NULL, 3, 1800000, 5400000, '2a1d7c63-efea-466c-bda2-285a85af0719', 0, 'solaodong');
INSERT INTO [HoTroCovid].[dbo].[CaNhan] (ID, HoTen, GioiTinh, NgaySinh, CMND, SinhNam) VALUES ('2d773a97-c183-43a6-9f59-8735d0015a41', N'Phạm Thị Diệu My', NULL, '1992-06-12', '215315721', 1992);
INSERT INTO [HoTroCovid].[dbo].[CaNhan_DoanhNghiep] (ID, IDDoanhNghiep, IDCaNhan, IDDoiTuong, NgheNghiep, DaTra50) VALUES ('0a35564b-e96c-4345-8659-73ac8bae01ca', 'e49841c9-785e-405e-9bf6-c9e9638c10e4', '2d773a97-c183-43a6-9f59-8735d0015a41', NULL, N'N/viên Thống kê', null);
INSERT INTO [HoTroCovid].[dbo].[ThongTinHoTro] (ID, IDNoiDung, IDDoiTuong, IDCaNhan) VALUES ('ddcd2606-2e4a-402b-bcb1-579f3019eb8b', 1, NULL, '2d773a97-c183-43a6-9f59-8735d0015a41');
INSERT INTO [HoTroCovid].[dbo].[HoSo] (ID, IDCaNhan, IDNoiDungHoTro, IDDoiTuong, SoThang, SoTien, ThanhTien, IDThongTinHoTro, DaChi, NguoiTao) VALUES ('36ddd3a9-9231-425a-baca-0607a8bfceea', '2d773a97-c183-43a6-9f59-8735d0015a41', 1, NULL, 3, 1800000, 5400000, 'ddcd2606-2e4a-402b-bcb1-579f3019eb8b', 0, 'solaodong');
INSERT INTO [HoTroCovid].[dbo].[CaNhan] (ID, HoTen, GioiTinh, NgaySinh, CMND, SinhNam) VALUES ('59a722f6-fec0-49bf-bf79-e3f0cab12e44', N'Mai Văn Tráng', 1, '1990-06-02', '187119586', 1990);
INSERT INTO [HoTroCovid].[dbo].[CaNhan_DoanhNghiep] (ID, IDDoanhNghiep, IDCaNhan, IDDoiTuong, NgheNghiep, DaTra50) VALUES ('3ff1831d-32e4-4a95-b875-97d771d64e5a', 'e49841c9-785e-405e-9bf6-c9e9638c10e4', '59a722f6-fec0-49bf-bf79-e3f0cab12e44', NULL, N'CNCBHSĐL', null);
INSERT INTO [HoTroCovid].[dbo].[ThongTinHoTro] (ID, IDNoiDung, IDDoiTuong, IDCaNhan) VALUES ('6f597e12-1c06-48e9-b5c3-784f44c8dc2a', 1, NULL, '59a722f6-fec0-49bf-bf79-e3f0cab12e44');
INSERT INTO [HoTroCovid].[dbo].[HoSo] (ID, IDCaNhan, IDNoiDungHoTro, IDDoiTuong, SoThang, SoTien, ThanhTien, IDThongTinHoTro, DaChi, NguoiTao) VALUES ('96cf5fe2-026f-4ee9-a607-a28b4e265f9a', '59a722f6-fec0-49bf-bf79-e3f0cab12e44', 1, NULL, 3, 1800000, 5400000, '6f597e12-1c06-48e9-b5c3-784f44c8dc2a', 0, 'solaodong');
INSERT INTO [HoTroCovid].[dbo].[CaNhan] (ID, HoTen, GioiTinh, NgaySinh, CMND, SinhNam) VALUES ('e3a1cb67-230c-4335-af35-073b15bf55a6', N'Phan Thị Mỹ Ngọc', NULL, '1991-05-20', '215096110', 1991);
INSERT INTO [HoTroCovid].[dbo].[CaNhan_DoanhNghiep] (ID, IDDoanhNghiep, IDCaNhan, IDDoiTuong, NgheNghiep, DaTra50) VALUES ('8b7f064c-4cd9-43f2-8578-da7e04cde5b9', 'e49841c9-785e-405e-9bf6-c9e9638c10e4', 'e3a1cb67-230c-4335-af35-073b15bf55a6', NULL, N'CNCBHSĐL', null);
INSERT INTO [HoTroCovid].[dbo].[ThongTinHoTro] (ID, IDNoiDung, IDDoiTuong, IDCaNhan) VALUES ('4992766a-6392-4a11-a8e8-51930097eb12', 1, NULL, 'e3a1cb67-230c-4335-af35-073b15bf55a6');
INSERT INTO [HoTroCovid].[dbo].[HoSo] (ID, IDCaNhan, IDNoiDungHoTro, IDDoiTuong, SoThang, SoTien, ThanhTien, IDThongTinHoTro, DaChi, NguoiTao) VALUES ('1a3e0bff-739b-4f92-a9d9-6d83e6024ea8', 'e3a1cb67-230c-4335-af35-073b15bf55a6', 1, NULL, 3, 1800000, 5400000, '4992766a-6392-4a11-a8e8-51930097eb12', 0, 'solaodong');
INSERT INTO [HoTroCovid].[dbo].[CaNhan] (ID, HoTen, GioiTinh, NgaySinh, CMND, SinhNam) VALUES ('29a27367-e644-4f4c-8965-de67148186bd', N'Nguyễn Thành Trung', 1, '1994-05-12', '215262771', 1994);
INSERT INTO [HoTroCovid].[dbo].[CaNhan_DoanhNghiep] (ID, IDDoanhNghiep, IDCaNhan, IDDoiTuong, NgheNghiep, DaTra50) VALUES ('75f36de4-51e8-45f1-ada7-4eadba905bbd', 'e49841c9-785e-405e-9bf6-c9e9638c10e4', '29a27367-e644-4f4c-8965-de67148186bd', NULL, N'CNCBHSĐL', null);
INSERT INTO [HoTroCovid].[dbo].[ThongTinHoTro] (ID, IDNoiDung, IDDoiTuong, IDCaNhan) VALUES ('c78c4273-0f55-4a5c-84cf-6f994bf29616', 1, NULL, '29a27367-e644-4f4c-8965-de67148186bd');
INSERT INTO [HoTroCovid].[dbo].[HoSo] (ID, IDCaNhan, IDNoiDungHoTro, IDDoiTuong, SoThang, SoTien, ThanhTien, IDThongTinHoTro, DaChi, NguoiTao) VALUES ('e3271334-fd9e-4c01-a313-3cb32b4b8350', '29a27367-e644-4f4c-8965-de67148186bd', 1, NULL, 3, 1800000, 5400000, 'c78c4273-0f55-4a5c-84cf-6f994bf29616', 0, 'solaodong');
INSERT INTO [HoTroCovid].[dbo].[CaNhan] (ID, HoTen, GioiTinh, NgaySinh, CMND, SinhNam) VALUES ('729af63b-e4eb-4afc-8dfa-3998e560088a', N'Nguyễn Thị Thanh Nhật', NULL, '1990-05-08', '215129791', 1990);
INSERT INTO [HoTroCovid].[dbo].[CaNhan_DoanhNghiep] (ID, IDDoanhNghiep, IDCaNhan, IDDoiTuong, NgheNghiep, DaTra50) VALUES ('e45bf6e7-da3f-4385-8f9d-b8da3c03ad34', 'e49841c9-785e-405e-9bf6-c9e9638c10e4', '729af63b-e4eb-4afc-8dfa-3998e560088a', NULL, N'Tổ phó Thống kê', null);
INSERT INTO [HoTroCovid].[dbo].[ThongTinHoTro] (ID, IDNoiDung, IDDoiTuong, IDCaNhan) VALUES ('93173991-6f8a-455f-a478-62807e9544bb', 1, NULL, '729af63b-e4eb-4afc-8dfa-3998e560088a');
INSERT INTO [HoTroCovid].[dbo].[HoSo] (ID, IDCaNhan, IDNoiDungHoTro, IDDoiTuong, SoThang, SoTien, ThanhTien, IDThongTinHoTro, DaChi, NguoiTao) VALUES ('cddf7e18-175e-408d-91b7-704383226b0d', '729af63b-e4eb-4afc-8dfa-3998e560088a', 1, NULL, 3, 1800000, 5400000, '93173991-6f8a-455f-a478-62807e9544bb', 0, 'solaodong');
INSERT INTO [HoTroCovid].[dbo].[CaNhan] (ID, HoTen, GioiTinh, NgaySinh, CMND, SinhNam) VALUES ('939480a1-1d27-44b6-8442-3b379bf06870', N'Nguyễn Thị Bích Hậu', NULL, '1995-09-02', '215351215', 1995);
INSERT INTO [HoTroCovid].[dbo].[CaNhan_DoanhNghiep] (ID, IDDoanhNghiep, IDCaNhan, IDDoiTuong, NgheNghiep, DaTra50) VALUES ('08850bd7-2d46-4c31-8cb4-a410787d4b56', 'e49841c9-785e-405e-9bf6-c9e9638c10e4', '939480a1-1d27-44b6-8442-3b379bf06870', NULL, N'CNCBHSĐL', null);
INSERT INTO [HoTroCovid].[dbo].[ThongTinHoTro] (ID, IDNoiDung, IDDoiTuong, IDCaNhan) VALUES ('98904c38-980c-4dcd-af5a-c40b9c41644e', 1, NULL, '939480a1-1d27-44b6-8442-3b379bf06870');
INSERT INTO [HoTroCovid].[dbo].[HoSo] (ID, IDCaNhan, IDNoiDungHoTro, IDDoiTuong, SoThang, SoTien, ThanhTien, IDThongTinHoTro, DaChi, NguoiTao) VALUES ('7e31a045-fb38-4ace-bf13-cfe55632c618', '939480a1-1d27-44b6-8442-3b379bf06870', 1, NULL, 3, 1800000, 5400000, '98904c38-980c-4dcd-af5a-c40b9c41644e', 0, 'solaodong');
INSERT INTO [HoTroCovid].[dbo].[CaNhan] (ID, HoTen, GioiTinh, NgaySinh, CMND, SinhNam) VALUES ('121553c9-25e6-469d-ab5b-defc86b15d51', N'Cao Văn Dưỡng', 1, '1993-01-10', '215299140', 1993);
INSERT INTO [HoTroCovid].[dbo].[CaNhan_DoanhNghiep] (ID, IDDoanhNghiep, IDCaNhan, IDDoiTuong, NgheNghiep, DaTra50) VALUES ('380f0611-56cf-4ca5-8494-d1015d32f174', 'e49841c9-785e-405e-9bf6-c9e9638c10e4', '121553c9-25e6-469d-ab5b-defc86b15d51', NULL, N'CNCBHSĐL', null);
INSERT INTO [HoTroCovid].[dbo].[ThongTinHoTro] (ID, IDNoiDung, IDDoiTuong, IDCaNhan) VALUES ('f4554c19-fe12-4ebe-abf7-db0adc6891c3', 1, NULL, '121553c9-25e6-469d-ab5b-defc86b15d51');
INSERT INTO [HoTroCovid].[dbo].[HoSo] (ID, IDCaNhan, IDNoiDungHoTro, IDDoiTuong, SoThang, SoTien, ThanhTien, IDThongTinHoTro, DaChi, NguoiTao) VALUES ('15844a14-69e2-4b58-a382-0632e0e8d1e9', '121553c9-25e6-469d-ab5b-defc86b15d51', 1, NULL, 3, 1800000, 5400000, 'f4554c19-fe12-4ebe-abf7-db0adc6891c3', 0, 'solaodong');
INSERT INTO [HoTroCovid].[dbo].[CaNhan] (ID, HoTen, GioiTinh, NgaySinh, CMND, SinhNam) VALUES ('802d8635-cfc5-487b-8c21-7d99b3906524', N'Hồ Sĩ Nhân', 1, '1992-01-10', '215247961', 1992);
INSERT INTO [HoTroCovid].[dbo].[CaNhan_DoanhNghiep] (ID, IDDoanhNghiep, IDCaNhan, IDDoiTuong, NgheNghiep, DaTra50) VALUES ('9e9ffee0-f93d-4484-b5e8-117ee8a5a342', 'e49841c9-785e-405e-9bf6-c9e9638c10e4', '802d8635-cfc5-487b-8c21-7d99b3906524', NULL, N'CNCBHSĐL', null);
INSERT INTO [HoTroCovid].[dbo].[ThongTinHoTro] (ID, IDNoiDung, IDDoiTuong, IDCaNhan) VALUES ('ef8f85eb-e1bd-4bb8-a00e-2a36dae05aa7', 1, NULL, '802d8635-cfc5-487b-8c21-7d99b3906524');
INSERT INTO [HoTroCovid].[dbo].[HoSo] (ID, IDCaNhan, IDNoiDungHoTro, IDDoiTuong, SoThang, SoTien, ThanhTien, IDThongTinHoTro, DaChi, NguoiTao) VALUES ('111d7e23-0545-45a8-aab7-e7439addb1fe', '802d8635-cfc5-487b-8c21-7d99b3906524', 1, NULL, 3, 1800000, 5400000, 'ef8f85eb-e1bd-4bb8-a00e-2a36dae05aa7', 0, 'solaodong');
INSERT INTO [HoTroCovid].[dbo].[CaNhan] (ID, HoTen, GioiTinh, NgaySinh, CMND, SinhNam) VALUES ('60c541c6-036c-4bd1-9472-73520f1fee29', N'Nguyễn Thị Kim', NULL, '1988-10-10', '215014082', 1988);
INSERT INTO [HoTroCovid].[dbo].[CaNhan_DoanhNghiep] (ID, IDDoanhNghiep, IDCaNhan, IDDoiTuong, NgheNghiep, DaTra50) VALUES ('47cd8fec-0dc5-41ae-be55-ec0434fb8068', 'e49841c9-785e-405e-9bf6-c9e9638c10e4', '60c541c6-036c-4bd1-9472-73520f1fee29', NULL, N'CNCBHSĐL', null);
INSERT INTO [HoTroCovid].[dbo].[ThongTinHoTro] (ID, IDNoiDung, IDDoiTuong, IDCaNhan) VALUES ('cc7db1cd-8b55-42bc-b751-01255d3b9baf', 1, NULL, '60c541c6-036c-4bd1-9472-73520f1fee29');
INSERT INTO [HoTroCovid].[dbo].[HoSo] (ID, IDCaNhan, IDNoiDungHoTro, IDDoiTuong, SoThang, SoTien, ThanhTien, IDThongTinHoTro, DaChi, NguoiTao) VALUES ('10c9827a-b462-4e3b-aa4b-aed12e0d01cd', '60c541c6-036c-4bd1-9472-73520f1fee29', 1, NULL, 3, 1800000, 5400000, 'cc7db1cd-8b55-42bc-b751-01255d3b9baf', 0, 'solaodong');
INSERT INTO [HoTroCovid].[dbo].[CaNhan] (ID, HoTen, GioiTinh, NgaySinh, CMND, SinhNam) VALUES ('46ad1195-6511-4264-a0f7-9cba86a16dcb', N'Huỳnh Thị Nguyên', NULL, '1977-06-03', '211607531', 1977);
INSERT INTO [HoTroCovid].[dbo].[CaNhan_DoanhNghiep] (ID, IDDoanhNghiep, IDCaNhan, IDDoiTuong, NgheNghiep, DaTra50) VALUES ('a8b27058-a90a-485c-a700-b8ca66242298', 'e49841c9-785e-405e-9bf6-c9e9638c10e4', '46ad1195-6511-4264-a0f7-9cba86a16dcb', NULL, N'CNCBHSĐL', null);
INSERT INTO [HoTroCovid].[dbo].[ThongTinHoTro] (ID, IDNoiDung, IDDoiTuong, IDCaNhan) VALUES ('5c5d632b-82f6-4084-9255-572f074f78e2', 1, NULL, '46ad1195-6511-4264-a0f7-9cba86a16dcb');
INSERT INTO [HoTroCovid].[dbo].[HoSo] (ID, IDCaNhan, IDNoiDungHoTro, IDDoiTuong, SoThang, SoTien, ThanhTien, IDThongTinHoTro, DaChi, NguoiTao) VALUES ('35c50a3e-3b2f-4f95-9dac-bd7a2e09c243', '46ad1195-6511-4264-a0f7-9cba86a16dcb', 1, NULL, 3, 1800000, 5400000, '5c5d632b-82f6-4084-9255-572f074f78e2', 0, 'solaodong');
INSERT INTO [HoTroCovid].[dbo].[CaNhan] (ID, HoTen, GioiTinh, NgaySinh, CMND, SinhNam) VALUES ('4af3974f-9ad5-4f57-a8fe-94fdcc6a1577', N'Huỳnh Văn Hoang', 1, '1992-06-22', '215251042', 1992);
INSERT INTO [HoTroCovid].[dbo].[CaNhan_DoanhNghiep] (ID, IDDoanhNghiep, IDCaNhan, IDDoiTuong, NgheNghiep, DaTra50) VALUES ('7334c8e0-dab7-4510-a5e0-a9948d6ba68d', 'e49841c9-785e-405e-9bf6-c9e9638c10e4', '4af3974f-9ad5-4f57-a8fe-94fdcc6a1577', NULL, N'CNCBHSĐL', null);
INSERT INTO [HoTroCovid].[dbo].[ThongTinHoTro] (ID, IDNoiDung, IDDoiTuong, IDCaNhan) VALUES ('2ea21563-25bb-41c1-9ecc-cb0f55e72ba5', 1, NULL, '4af3974f-9ad5-4f57-a8fe-94fdcc6a1577');
INSERT INTO [HoTroCovid].[dbo].[HoSo] (ID, IDCaNhan, IDNoiDungHoTro, IDDoiTuong, SoThang, SoTien, ThanhTien, IDThongTinHoTro, DaChi, NguoiTao) VALUES ('d80b8e77-9924-41c0-8220-c5bb6fdc63f1', '4af3974f-9ad5-4f57-a8fe-94fdcc6a1577', 1, NULL, 3, 1800000, 5400000, '2ea21563-25bb-41c1-9ecc-cb0f55e72ba5', 0, 'solaodong');
INSERT INTO [HoTroCovid].[dbo].[CaNhan] (ID, HoTen, GioiTinh, NgaySinh, CMND, SinhNam) VALUES ('23146692-8091-464b-b35b-25bba8fb875b', N'Trần Thị Hồng', NULL, '1995-04-20', '215361029', 1995);
INSERT INTO [HoTroCovid].[dbo].[CaNhan_DoanhNghiep] (ID, IDDoanhNghiep, IDCaNhan, IDDoiTuong, NgheNghiep, DaTra50) VALUES ('072ca52f-3ccc-4a65-94e8-a53524b140b7', 'e49841c9-785e-405e-9bf6-c9e9638c10e4', '23146692-8091-464b-b35b-25bba8fb875b', NULL, N'CNCBHSĐL', null);
INSERT INTO [HoTroCovid].[dbo].[ThongTinHoTro] (ID, IDNoiDung, IDDoiTuong, IDCaNhan) VALUES ('c176e709-92c1-489e-82f6-d306de9eb568', 1, NULL, '23146692-8091-464b-b35b-25bba8fb875b');
INSERT INTO [HoTroCovid].[dbo].[HoSo] (ID, IDCaNhan, IDNoiDungHoTro, IDDoiTuong, SoThang, SoTien, ThanhTien, IDThongTinHoTro, DaChi, NguoiTao) VALUES ('634733b4-7963-4742-96aa-56ed4e500437', '23146692-8091-464b-b35b-25bba8fb875b', 1, NULL, 3, 1800000, 5400000, 'c176e709-92c1-489e-82f6-d306de9eb568', 0, 'solaodong');
INSERT INTO [HoTroCovid].[dbo].[CaNhan] (ID, HoTen, GioiTinh, NgaySinh, CMND, SinhNam) VALUES ('66d0853a-fdcf-4d57-b021-b0167858b6ed', N'Phan Thị Thu Lệ', NULL, '1979-07-20', '211723023', 1979);
INSERT INTO [HoTroCovid].[dbo].[CaNhan_DoanhNghiep] (ID, IDDoanhNghiep, IDCaNhan, IDDoiTuong, NgheNghiep, DaTra50) VALUES ('4c8ee1ac-f660-460e-885b-0d1db576c566', 'e49841c9-785e-405e-9bf6-c9e9638c10e4', '66d0853a-fdcf-4d57-b021-b0167858b6ed', NULL, N'CN giặt BHLĐ', null);
INSERT INTO [HoTroCovid].[dbo].[ThongTinHoTro] (ID, IDNoiDung, IDDoiTuong, IDCaNhan) VALUES ('2d78c204-6264-4840-9b6e-a10e06b1e1be', 1, NULL, '66d0853a-fdcf-4d57-b021-b0167858b6ed');
INSERT INTO [HoTroCovid].[dbo].[HoSo] (ID, IDCaNhan, IDNoiDungHoTro, IDDoiTuong, SoThang, SoTien, ThanhTien, IDThongTinHoTro, DaChi, NguoiTao) VALUES ('0bd5a907-a92d-400e-991a-1edf2bf24c8d', '66d0853a-fdcf-4d57-b021-b0167858b6ed', 1, NULL, 3, 1800000, 5400000, '2d78c204-6264-4840-9b6e-a10e06b1e1be', 0, 'solaodong');
INSERT INTO [HoTroCovid].[dbo].[CaNhan] (ID, HoTen, GioiTinh, NgaySinh, CMND, SinhNam) VALUES ('8916c423-4a4c-4e9d-b6ab-e3159787f0ea', N'Ngô Đình Quang Trường', 1, '1996-03-10', '215334368', 1996);
INSERT INTO [HoTroCovid].[dbo].[CaNhan_DoanhNghiep] (ID, IDDoanhNghiep, IDCaNhan, IDDoiTuong, NgheNghiep, DaTra50) VALUES ('95471d92-6e70-421d-820f-1ab04b922e21', 'e49841c9-785e-405e-9bf6-c9e9638c10e4', '8916c423-4a4c-4e9d-b6ab-e3159787f0ea', NULL, N'CNCBHSĐL', null);
INSERT INTO [HoTroCovid].[dbo].[ThongTinHoTro] (ID, IDNoiDung, IDDoiTuong, IDCaNhan) VALUES ('b48768c2-0559-4a0c-bfa3-70403ed31022', 1, NULL, '8916c423-4a4c-4e9d-b6ab-e3159787f0ea');
INSERT INTO [HoTroCovid].[dbo].[HoSo] (ID, IDCaNhan, IDNoiDungHoTro, IDDoiTuong, SoThang, SoTien, ThanhTien, IDThongTinHoTro, DaChi, NguoiTao) VALUES ('65a21db4-741f-4ee6-bfc2-8004617d21e7', '8916c423-4a4c-4e9d-b6ab-e3159787f0ea', 1, NULL, 3, 1800000, 5400000, 'b48768c2-0559-4a0c-bfa3-70403ed31022', 0, 'solaodong');
INSERT INTO [HoTroCovid].[dbo].[CaNhan] (ID, HoTen, GioiTinh, NgaySinh, CMND, SinhNam) VALUES ('600c9e92-f0b5-4e3c-90b6-bdca84811bfc', N'Nguyễn Thị An Thúy', NULL, '1988-07-20', '215181566', 1988);
INSERT INTO [HoTroCovid].[dbo].[CaNhan_DoanhNghiep] (ID, IDDoanhNghiep, IDCaNhan, IDDoiTuong, NgheNghiep, DaTra50) VALUES ('a534e8eb-0fef-4425-8be6-f4140ec6c899', 'e49841c9-785e-405e-9bf6-c9e9638c10e4', '600c9e92-f0b5-4e3c-90b6-bdca84811bfc', NULL, N'CNCBHSĐL', null);
INSERT INTO [HoTroCovid].[dbo].[ThongTinHoTro] (ID, IDNoiDung, IDDoiTuong, IDCaNhan) VALUES ('f4a8c023-6930-4f7c-80d5-a98784ccdc15', 1, NULL, '600c9e92-f0b5-4e3c-90b6-bdca84811bfc');
INSERT INTO [HoTroCovid].[dbo].[HoSo] (ID, IDCaNhan, IDNoiDungHoTro, IDDoiTuong, SoThang, SoTien, ThanhTien, IDThongTinHoTro, DaChi, NguoiTao) VALUES ('e2e22ed9-9422-494d-abf9-62e639543266', '600c9e92-f0b5-4e3c-90b6-bdca84811bfc', 1, NULL, 3, 1800000, 5400000, 'f4a8c023-6930-4f7c-80d5-a98784ccdc15', 0, 'solaodong');
INSERT INTO [HoTroCovid].[dbo].[CaNhan] (ID, HoTen, GioiTinh, NgaySinh, CMND, SinhNam) VALUES ('dce45bec-280a-484d-9bf8-19bb814825f3', N'Lê Thị Biết', NULL, '1986-03-30', '215047038', 1986);
INSERT INTO [HoTroCovid].[dbo].[CaNhan_DoanhNghiep] (ID, IDDoanhNghiep, IDCaNhan, IDDoiTuong, NgheNghiep, DaTra50) VALUES ('1d804f5e-f8e5-4069-b34f-de6898401b39', 'e49841c9-785e-405e-9bf6-c9e9638c10e4', 'dce45bec-280a-484d-9bf8-19bb814825f3', NULL, N'CNCBHSĐL', null);
INSERT INTO [HoTroCovid].[dbo].[ThongTinHoTro] (ID, IDNoiDung, IDDoiTuong, IDCaNhan) VALUES ('722999db-a932-467e-94f2-2775484d9bdd', 1, NULL, 'dce45bec-280a-484d-9bf8-19bb814825f3');
INSERT INTO [HoTroCovid].[dbo].[HoSo] (ID, IDCaNhan, IDNoiDungHoTro, IDDoiTuong, SoThang, SoTien, ThanhTien, IDThongTinHoTro, DaChi, NguoiTao) VALUES ('e55a15cc-90d2-4474-b7e1-94cec1edce4a', 'dce45bec-280a-484d-9bf8-19bb814825f3', 1, NULL, 3, 1800000, 5400000, '722999db-a932-467e-94f2-2775484d9bdd', 0, 'solaodong');
INSERT INTO [HoTroCovid].[dbo].[CaNhan] (ID, HoTen, GioiTinh, NgaySinh, CMND, SinhNam) VALUES ('98c82c8e-7c2a-4c3c-b005-6abd9f85ca09', N'Nguyễn Thị Hiền', NULL, '1988-07-04', '221184603', 1988);
INSERT INTO [HoTroCovid].[dbo].[CaNhan_DoanhNghiep] (ID, IDDoanhNghiep, IDCaNhan, IDDoiTuong, NgheNghiep, DaTra50) VALUES ('6bc21470-c930-4102-8a40-996c0fc7b051', 'e49841c9-785e-405e-9bf6-c9e9638c10e4', '98c82c8e-7c2a-4c3c-b005-6abd9f85ca09', NULL, N'CNCBHSĐL', null);
INSERT INTO [HoTroCovid].[dbo].[ThongTinHoTro] (ID, IDNoiDung, IDDoiTuong, IDCaNhan) VALUES ('11f22f17-d49c-4e95-b2b4-92ea9a77d72d', 1, NULL, '98c82c8e-7c2a-4c3c-b005-6abd9f85ca09');
INSERT INTO [HoTroCovid].[dbo].[HoSo] (ID, IDCaNhan, IDNoiDungHoTro, IDDoiTuong, SoThang, SoTien, ThanhTien, IDThongTinHoTro, DaChi, NguoiTao) VALUES ('f123e559-fd72-405e-a359-264488499cc1', '98c82c8e-7c2a-4c3c-b005-6abd9f85ca09', 1, NULL, 3, 1800000, 5400000, '11f22f17-d49c-4e95-b2b4-92ea9a77d72d', 0, 'solaodong');
INSERT INTO [HoTroCovid].[dbo].[CaNhan] (ID, HoTen, GioiTinh, NgaySinh, CMND, SinhNam) VALUES ('3e043e83-81e0-489f-8614-538a37204f5a', N'Lê Thị Hàng', NULL, '1987-04-23', '211880658', 1987);
INSERT INTO [HoTroCovid].[dbo].[CaNhan_DoanhNghiep] (ID, IDDoanhNghiep, IDCaNhan, IDDoiTuong, NgheNghiep, DaTra50) VALUES ('6a1901e4-1fef-4683-b427-576b7f8cabce', 'e49841c9-785e-405e-9bf6-c9e9638c10e4', '3e043e83-81e0-489f-8614-538a37204f5a', NULL, N'CNCBHSĐL', null);
INSERT INTO [HoTroCovid].[dbo].[ThongTinHoTro] (ID, IDNoiDung, IDDoiTuong, IDCaNhan) VALUES ('0f79b903-baa1-4444-9d12-42f6da98da1e', 1, NULL, '3e043e83-81e0-489f-8614-538a37204f5a');
INSERT INTO [HoTroCovid].[dbo].[HoSo] (ID, IDCaNhan, IDNoiDungHoTro, IDDoiTuong, SoThang, SoTien, ThanhTien, IDThongTinHoTro, DaChi, NguoiTao) VALUES ('2dc3492f-8ecc-49a0-8652-7d49e6f09d28', '3e043e83-81e0-489f-8614-538a37204f5a', 1, NULL, 3, 1800000, 5400000, '0f79b903-baa1-4444-9d12-42f6da98da1e', 0, 'solaodong');
INSERT INTO [HoTroCovid].[dbo].[CaNhan] (ID, HoTen, GioiTinh, NgaySinh, CMND, SinhNam) VALUES ('9ae7196a-8fe9-44ee-81a5-fe6dae2aec0a', N'Võ Minh Tiện', 1, '1991-04-22', '215112666', 1991);
INSERT INTO [HoTroCovid].[dbo].[CaNhan_DoanhNghiep] (ID, IDDoanhNghiep, IDCaNhan, IDDoiTuong, NgheNghiep, DaTra50) VALUES ('fc65b932-003f-47ad-b5d8-6e9c2eb03c14', 'e49841c9-785e-405e-9bf6-c9e9638c10e4', '9ae7196a-8fe9-44ee-81a5-fe6dae2aec0a', NULL, N'CNCBHSĐL', null);
INSERT INTO [HoTroCovid].[dbo].[ThongTinHoTro] (ID, IDNoiDung, IDDoiTuong, IDCaNhan) VALUES ('a11d0706-bdd3-4bb2-b97d-e6e630ec7858', 1, NULL, '9ae7196a-8fe9-44ee-81a5-fe6dae2aec0a');
INSERT INTO [HoTroCovid].[dbo].[HoSo] (ID, IDCaNhan, IDNoiDungHoTro, IDDoiTuong, SoThang, SoTien, ThanhTien, IDThongTinHoTro, DaChi, NguoiTao) VALUES ('c2ec9979-b338-4a25-95b5-68a548c849d4', '9ae7196a-8fe9-44ee-81a5-fe6dae2aec0a', 1, NULL, 3, 1800000, 5400000, 'a11d0706-bdd3-4bb2-b97d-e6e630ec7858', 0, 'solaodong');
INSERT INTO [HoTroCovid].[dbo].[CaNhan] (ID, HoTen, GioiTinh, NgaySinh, CMND, SinhNam) VALUES ('8c2fb592-efb3-4fa5-bce9-8027d6eefd00', N'Võ Huỳnh Minh Đức', 1, '1997-06-16', '231156750', 1997);
INSERT INTO [HoTroCovid].[dbo].[CaNhan_DoanhNghiep] (ID, IDDoanhNghiep, IDCaNhan, IDDoiTuong, NgheNghiep, DaTra50) VALUES ('893e0ae8-fb44-44c3-b5f6-c02f75117d50', 'e49841c9-785e-405e-9bf6-c9e9638c10e4', '8c2fb592-efb3-4fa5-bce9-8027d6eefd00', NULL, N'CNCBHSĐL', null);
INSERT INTO [HoTroCovid].[dbo].[ThongTinHoTro] (ID, IDNoiDung, IDDoiTuong, IDCaNhan) VALUES ('57467051-b243-4217-95fa-b17c30c2ea22', 1, NULL, '8c2fb592-efb3-4fa5-bce9-8027d6eefd00');
INSERT INTO [HoTroCovid].[dbo].[HoSo] (ID, IDCaNhan, IDNoiDungHoTro, IDDoiTuong, SoThang, SoTien, ThanhTien, IDThongTinHoTro, DaChi, NguoiTao) VALUES ('78bbc920-8dfd-4336-9368-d3b8eb006018', '8c2fb592-efb3-4fa5-bce9-8027d6eefd00', 1, NULL, 3, 1800000, 5400000, '57467051-b243-4217-95fa-b17c30c2ea22', 0, 'solaodong');
INSERT INTO [HoTroCovid].[dbo].[CaNhan] (ID, HoTen, GioiTinh, NgaySinh, CMND, SinhNam) VALUES ('aa408d9c-5eed-4f2d-bbad-a134221df5ac', N'Lê Thị Hiền', NULL, '1992-10-17', '215212749', 1992);
INSERT INTO [HoTroCovid].[dbo].[CaNhan_DoanhNghiep] (ID, IDDoanhNghiep, IDCaNhan, IDDoiTuong, NgheNghiep, DaTra50) VALUES ('875f7c36-7790-4220-a934-2f5bcb3775b5', 'e49841c9-785e-405e-9bf6-c9e9638c10e4', 'aa408d9c-5eed-4f2d-bbad-a134221df5ac', NULL, N'CNCBHSĐL', null);
INSERT INTO [HoTroCovid].[dbo].[ThongTinHoTro] (ID, IDNoiDung, IDDoiTuong, IDCaNhan) VALUES ('c334e1be-9c1f-4a49-9ff7-a28583408ede', 1, NULL, 'aa408d9c-5eed-4f2d-bbad-a134221df5ac');
INSERT INTO [HoTroCovid].[dbo].[HoSo] (ID, IDCaNhan, IDNoiDungHoTro, IDDoiTuong, SoThang, SoTien, ThanhTien, IDThongTinHoTro, DaChi, NguoiTao) VALUES ('7081afbd-278b-404f-b0ec-8b4dea6abb86', 'aa408d9c-5eed-4f2d-bbad-a134221df5ac', 1, NULL, 3, 1800000, 5400000, 'c334e1be-9c1f-4a49-9ff7-a28583408ede', 0, 'solaodong');
INSERT INTO [HoTroCovid].[dbo].[CaNhan] (ID, HoTen, GioiTinh, NgaySinh, CMND, SinhNam) VALUES ('13c188d2-c5f5-4fb0-8bea-28b7d04d29de', N'Trần Thị Ngọc Như', NULL, '2002-06-12', '215575457', 2002);
INSERT INTO [HoTroCovid].[dbo].[CaNhan_DoanhNghiep] (ID, IDDoanhNghiep, IDCaNhan, IDDoiTuong, NgheNghiep, DaTra50) VALUES ('e2950264-f830-4d38-911b-f668f4e0bbe3', 'e49841c9-785e-405e-9bf6-c9e9638c10e4', '13c188d2-c5f5-4fb0-8bea-28b7d04d29de', NULL, N'CNCBHSĐL', null);
INSERT INTO [HoTroCovid].[dbo].[ThongTinHoTro] (ID, IDNoiDung, IDDoiTuong, IDCaNhan) VALUES ('7ea7809c-fcb0-40b4-bc57-e0c7d78336e8', 1, NULL, '13c188d2-c5f5-4fb0-8bea-28b7d04d29de');
INSERT INTO [HoTroCovid].[dbo].[HoSo] (ID, IDCaNhan, IDNoiDungHoTro, IDDoiTuong, SoThang, SoTien, ThanhTien, IDThongTinHoTro, DaChi, NguoiTao) VALUES ('0fbe77a1-96cb-4c2f-93c0-4d782a1af06b', '13c188d2-c5f5-4fb0-8bea-28b7d04d29de', 1, NULL, 3, 1800000, 5400000, '7ea7809c-fcb0-40b4-bc57-e0c7d78336e8', 0, 'solaodong');
INSERT INTO [HoTroCovid].[dbo].[CaNhan] (ID, HoTen, GioiTinh, NgaySinh, CMND, SinhNam) VALUES ('e77168f3-0172-4809-981d-8ca9aa475369', N'Thái Thị Lành', NULL, '1992-05-18', '215323646', 1992);
INSERT INTO [HoTroCovid].[dbo].[CaNhan_DoanhNghiep] (ID, IDDoanhNghiep, IDCaNhan, IDDoiTuong, NgheNghiep, DaTra50) VALUES ('e77caeab-5bf3-4dca-ab2f-f7be73481db4', 'e49841c9-785e-405e-9bf6-c9e9638c10e4', 'e77168f3-0172-4809-981d-8ca9aa475369', NULL, N'CNCBHSĐL', null);
INSERT INTO [HoTroCovid].[dbo].[ThongTinHoTro] (ID, IDNoiDung, IDDoiTuong, IDCaNhan) VALUES ('560c21c3-2807-427d-bb04-4aa0cb466253', 1, NULL, 'e77168f3-0172-4809-981d-8ca9aa475369');
INSERT INTO [HoTroCovid].[dbo].[HoSo] (ID, IDCaNhan, IDNoiDungHoTro, IDDoiTuong, SoThang, SoTien, ThanhTien, IDThongTinHoTro, DaChi, NguoiTao) VALUES ('6f37db23-05d6-4e52-8872-dfc504eddbdd', 'e77168f3-0172-4809-981d-8ca9aa475369', 1, NULL, 3, 1800000, 5400000, '560c21c3-2807-427d-bb04-4aa0cb466253', 0, 'solaodong');
INSERT INTO [HoTroCovid].[dbo].[CaNhan] (ID, HoTen, GioiTinh, NgaySinh, CMND, SinhNam) VALUES ('54c2bdb8-eb3e-4fc2-b396-841f33c50573', N'Bùi Thị Bảo', NULL, '1991-07-13', '215196222', 1991);
INSERT INTO [HoTroCovid].[dbo].[CaNhan_DoanhNghiep] (ID, IDDoanhNghiep, IDCaNhan, IDDoiTuong, NgheNghiep, DaTra50) VALUES ('e726303f-f102-402f-bbde-8083021c09a6', 'e49841c9-785e-405e-9bf6-c9e9638c10e4', '54c2bdb8-eb3e-4fc2-b396-841f33c50573', NULL, N'CNCBHSĐL', null);
INSERT INTO [HoTroCovid].[dbo].[ThongTinHoTro] (ID, IDNoiDung, IDDoiTuong, IDCaNhan) VALUES ('d1292615-d9f0-417a-8e2d-408e860e8a45', 1, NULL, '54c2bdb8-eb3e-4fc2-b396-841f33c50573');
INSERT INTO [HoTroCovid].[dbo].[HoSo] (ID, IDCaNhan, IDNoiDungHoTro, IDDoiTuong, SoThang, SoTien, ThanhTien, IDThongTinHoTro, DaChi, NguoiTao) VALUES ('ec310f4f-4ed5-4ae8-88b1-a015124e1a56', '54c2bdb8-eb3e-4fc2-b396-841f33c50573', 1, NULL, 3, 1800000, 5400000, 'd1292615-d9f0-417a-8e2d-408e860e8a45', 0, 'solaodong');
INSERT INTO [HoTroCovid].[dbo].[CaNhan] (ID, HoTen, GioiTinh, NgaySinh, CMND, SinhNam) VALUES ('756db176-f454-4fd9-892b-ab3a32dc2eb8', N'Lê Thị Trúc', NULL, '1970-12-15', '211280370', 1970);
INSERT INTO [HoTroCovid].[dbo].[CaNhan_DoanhNghiep] (ID, IDDoanhNghiep, IDCaNhan, IDDoiTuong, NgheNghiep, DaTra50) VALUES ('90026782-a377-4ba6-8b02-ee70f13a45b9', 'e49841c9-785e-405e-9bf6-c9e9638c10e4', '756db176-f454-4fd9-892b-ab3a32dc2eb8', NULL, N'N/viên cấp dưỡng', null);
INSERT INTO [HoTroCovid].[dbo].[ThongTinHoTro] (ID, IDNoiDung, IDDoiTuong, IDCaNhan) VALUES ('c63641b2-7878-424a-907b-957d341a1d04', 1, NULL, '756db176-f454-4fd9-892b-ab3a32dc2eb8');
INSERT INTO [HoTroCovid].[dbo].[HoSo] (ID, IDCaNhan, IDNoiDungHoTro, IDDoiTuong, SoThang, SoTien, ThanhTien, IDThongTinHoTro, DaChi, NguoiTao) VALUES ('9e7dc14f-fc04-40ea-9918-d29a1ba14757', '756db176-f454-4fd9-892b-ab3a32dc2eb8', 1, NULL, 3, 1800000, 5400000, 'c63641b2-7878-424a-907b-957d341a1d04', 0, 'solaodong');
INSERT INTO [HoTroCovid].[dbo].[CaNhan] (ID, HoTen, GioiTinh, NgaySinh, CMND, SinhNam) VALUES ('9b08d625-5574-4d9b-89a7-c715498e4b92', N'Huỳnh Thị Vân', NULL, '1991-03-05', '215188278', 1991);
INSERT INTO [HoTroCovid].[dbo].[CaNhan_DoanhNghiep] (ID, IDDoanhNghiep, IDCaNhan, IDDoiTuong, NgheNghiep, DaTra50) VALUES ('a39fa15f-e951-47ee-9202-ac5159ca91ae', 'e49841c9-785e-405e-9bf6-c9e9638c10e4', '9b08d625-5574-4d9b-89a7-c715498e4b92', NULL, N'CNCBHSĐL', null);
INSERT INTO [HoTroCovid].[dbo].[ThongTinHoTro] (ID, IDNoiDung, IDDoiTuong, IDCaNhan) VALUES ('ea491e67-2a78-40cb-959f-2b8eb3f7b695', 1, NULL, '9b08d625-5574-4d9b-89a7-c715498e4b92');
INSERT INTO [HoTroCovid].[dbo].[HoSo] (ID, IDCaNhan, IDNoiDungHoTro, IDDoiTuong, SoThang, SoTien, ThanhTien, IDThongTinHoTro, DaChi, NguoiTao) VALUES ('752e09c5-120e-42cc-a22f-d727397bab58', '9b08d625-5574-4d9b-89a7-c715498e4b92', 1, NULL, 3, 1800000, 5400000, 'ea491e67-2a78-40cb-959f-2b8eb3f7b695', 0, 'solaodong');
INSERT INTO [HoTroCovid].[dbo].[CaNhan] (ID, HoTen, GioiTinh, NgaySinh, CMND, SinhNam) VALUES ('1e715606-7f77-42f3-99bd-8ea6bcb6a3e6', N'Hà Thị Cẩm Thu', NULL, '1994-10-20', '215268894', 1994);
INSERT INTO [HoTroCovid].[dbo].[CaNhan_DoanhNghiep] (ID, IDDoanhNghiep, IDCaNhan, IDDoiTuong, NgheNghiep, DaTra50) VALUES ('21810dec-4ec7-414a-99ec-4e18d78f407e', 'e49841c9-785e-405e-9bf6-c9e9638c10e4', '1e715606-7f77-42f3-99bd-8ea6bcb6a3e6', NULL, N'CNCBHSĐL', null);
INSERT INTO [HoTroCovid].[dbo].[ThongTinHoTro] (ID, IDNoiDung, IDDoiTuong, IDCaNhan) VALUES ('9e03820a-7bb3-436a-b3d4-7b971d99d7d0', 1, NULL, '1e715606-7f77-42f3-99bd-8ea6bcb6a3e6');
INSERT INTO [HoTroCovid].[dbo].[HoSo] (ID, IDCaNhan, IDNoiDungHoTro, IDDoiTuong, SoThang, SoTien, ThanhTien, IDThongTinHoTro, DaChi, NguoiTao) VALUES ('ecaff267-c8aa-4548-a68d-484abb470407', '1e715606-7f77-42f3-99bd-8ea6bcb6a3e6', 1, NULL, 3, 1800000, 5400000, '9e03820a-7bb3-436a-b3d4-7b971d99d7d0', 0, 'solaodong');
INSERT INTO [HoTroCovid].[dbo].[CaNhan] (ID, HoTen, GioiTinh, NgaySinh, CMND, SinhNam) VALUES ('425dc63e-efac-4533-9d14-a5ba99c52053', N'Phan Thị Ngân Phương', NULL, '1992-02-16', '215299240', 1992);
INSERT INTO [HoTroCovid].[dbo].[CaNhan_DoanhNghiep] (ID, IDDoanhNghiep, IDCaNhan, IDDoiTuong, NgheNghiep, DaTra50) VALUES ('e0f56fbe-547a-45ee-a892-8c65461a7a6d', 'e49841c9-785e-405e-9bf6-c9e9638c10e4', '425dc63e-efac-4533-9d14-a5ba99c52053', NULL, N'CNCBHSĐL', null);
INSERT INTO [HoTroCovid].[dbo].[ThongTinHoTro] (ID, IDNoiDung, IDDoiTuong, IDCaNhan) VALUES ('9b471e5c-c8e4-4137-908f-50f88b16b759', 1, NULL, '425dc63e-efac-4533-9d14-a5ba99c52053');
INSERT INTO [HoTroCovid].[dbo].[HoSo] (ID, IDCaNhan, IDNoiDungHoTro, IDDoiTuong, SoThang, SoTien, ThanhTien, IDThongTinHoTro, DaChi, NguoiTao) VALUES ('e181a383-b7b3-4f47-9d31-0ab24c9bd6eb', '425dc63e-efac-4533-9d14-a5ba99c52053', 1, NULL, 3, 1800000, 5400000, '9b471e5c-c8e4-4137-908f-50f88b16b759', 0, 'solaodong');
INSERT INTO [HoTroCovid].[dbo].[CaNhan] (ID, HoTen, GioiTinh, NgaySinh, CMND, SinhNam) VALUES ('b8300259-fc08-4aeb-8a24-6e4b89671daf', N'Nguyễn Thị Xuân Phương', NULL, '1995-08-13', '215302168', 1995);
INSERT INTO [HoTroCovid].[dbo].[CaNhan_DoanhNghiep] (ID, IDDoanhNghiep, IDCaNhan, IDDoiTuong, NgheNghiep, DaTra50) VALUES ('91732062-65ff-4620-bac6-2c6071c9c10e', 'e49841c9-785e-405e-9bf6-c9e9638c10e4', 'b8300259-fc08-4aeb-8a24-6e4b89671daf', NULL, N'CNCBHSĐL', null);
INSERT INTO [HoTroCovid].[dbo].[ThongTinHoTro] (ID, IDNoiDung, IDDoiTuong, IDCaNhan) VALUES ('dfb8ffb5-a480-4209-bb1f-321e03812a5e', 1, NULL, 'b8300259-fc08-4aeb-8a24-6e4b89671daf');
INSERT INTO [HoTroCovid].[dbo].[HoSo] (ID, IDCaNhan, IDNoiDungHoTro, IDDoiTuong, SoThang, SoTien, ThanhTien, IDThongTinHoTro, DaChi, NguoiTao) VALUES ('a5119a86-47fe-4dcd-98c7-ffc599e71dd3', 'b8300259-fc08-4aeb-8a24-6e4b89671daf', 1, NULL, 3, 1800000, 5400000, 'dfb8ffb5-a480-4209-bb1f-321e03812a5e', 0, 'solaodong');
INSERT INTO [HoTroCovid].[dbo].[CaNhan] (ID, HoTen, GioiTinh, NgaySinh, CMND, SinhNam) VALUES ('45c55b13-3582-4baf-8d38-b66e5682aeba', N'Nguyễn Hồ Bạch Lan Anh', NULL, '1993-02-15', '215197484', 1993);
INSERT INTO [HoTroCovid].[dbo].[CaNhan_DoanhNghiep] (ID, IDDoanhNghiep, IDCaNhan, IDDoiTuong, NgheNghiep, DaTra50) VALUES ('f90962c7-eacc-457e-a02f-8e97aa72d4ed', 'e49841c9-785e-405e-9bf6-c9e9638c10e4', '45c55b13-3582-4baf-8d38-b66e5682aeba', NULL, N'CNCBHSĐL', null);
INSERT INTO [HoTroCovid].[dbo].[ThongTinHoTro] (ID, IDNoiDung, IDDoiTuong, IDCaNhan) VALUES ('38a3283e-ff5e-4a4a-808b-0a56d2aca862', 1, NULL, '45c55b13-3582-4baf-8d38-b66e5682aeba');
INSERT INTO [HoTroCovid].[dbo].[HoSo] (ID, IDCaNhan, IDNoiDungHoTro, IDDoiTuong, SoThang, SoTien, ThanhTien, IDThongTinHoTro, DaChi, NguoiTao) VALUES ('b2cc7bec-9a2d-4d59-9846-80d880174e4e', '45c55b13-3582-4baf-8d38-b66e5682aeba', 1, NULL, 3, 1800000, 5400000, '38a3283e-ff5e-4a4a-808b-0a56d2aca862', 0, 'solaodong');
INSERT INTO [HoTroCovid].[dbo].[CaNhan] (ID, HoTen, GioiTinh, NgaySinh, CMND, SinhNam) VALUES ('915c0796-9e34-485b-b834-cd4d08807edf', N'Phạm Đình Tri', 1, '1988-06-14', '215083816', 1988);
INSERT INTO [HoTroCovid].[dbo].[CaNhan_DoanhNghiep] (ID, IDDoanhNghiep, IDCaNhan, IDDoiTuong, NgheNghiep, DaTra50) VALUES ('efda64a1-9ac1-44b0-80e9-c7d8796bd334', 'e49841c9-785e-405e-9bf6-c9e9638c10e4', '915c0796-9e34-485b-b834-cd4d08807edf', NULL, N'Tổ phó HCK', null);
INSERT INTO [HoTroCovid].[dbo].[ThongTinHoTro] (ID, IDNoiDung, IDDoiTuong, IDCaNhan) VALUES ('975d81e2-224c-4e0e-b23c-cdd09c8978f0', 1, NULL, '915c0796-9e34-485b-b834-cd4d08807edf');
INSERT INTO [HoTroCovid].[dbo].[HoSo] (ID, IDCaNhan, IDNoiDungHoTro, IDDoiTuong, SoThang, SoTien, ThanhTien, IDThongTinHoTro, DaChi, NguoiTao) VALUES ('c432eabf-d803-471c-9aef-6804b8e9a308', '915c0796-9e34-485b-b834-cd4d08807edf', 1, NULL, 3, 1800000, 5400000, '975d81e2-224c-4e0e-b23c-cdd09c8978f0', 0, 'solaodong');
INSERT INTO [HoTroCovid].[dbo].[CaNhan] (ID, HoTen, GioiTinh, NgaySinh, CMND, SinhNam) VALUES ('95a11cb1-4c3a-4703-846a-cefb7ac046e4', N'Nguyễn Thị Tố Nga', NULL, '1968-10-28', '211413676', 1968);
INSERT INTO [HoTroCovid].[dbo].[CaNhan_DoanhNghiep] (ID, IDDoanhNghiep, IDCaNhan, IDDoiTuong, NgheNghiep, DaTra50) VALUES ('7f9b78fe-c3b5-4338-96ad-5c402fb249c6', 'e49841c9-785e-405e-9bf6-c9e9638c10e4', '95a11cb1-4c3a-4703-846a-cefb7ac046e4', NULL, N'CN vệ sinh CN', null);
INSERT INTO [HoTroCovid].[dbo].[ThongTinHoTro] (ID, IDNoiDung, IDDoiTuong, IDCaNhan) VALUES ('e796fd3d-1dfb-4d81-af63-4ca5086e4619', 1, NULL, '95a11cb1-4c3a-4703-846a-cefb7ac046e4');
INSERT INTO [HoTroCovid].[dbo].[HoSo] (ID, IDCaNhan, IDNoiDungHoTro, IDDoiTuong, SoThang, SoTien, ThanhTien, IDThongTinHoTro, DaChi, NguoiTao) VALUES ('1af4176e-f080-42f0-8666-bc799aac68c3', '95a11cb1-4c3a-4703-846a-cefb7ac046e4', 1, NULL, 3, 1800000, 5400000, 'e796fd3d-1dfb-4d81-af63-4ca5086e4619', 0, 'solaodong');
INSERT INTO [HoTroCovid].[dbo].[CaNhan] (ID, HoTen, GioiTinh, NgaySinh, CMND, SinhNam) VALUES ('230bb199-c089-4218-bc05-931a2adaaaae', N'Đặng Thị Hồng Vân', NULL, '1994-03-27', '215202834', 1994);
INSERT INTO [HoTroCovid].[dbo].[CaNhan_DoanhNghiep] (ID, IDDoanhNghiep, IDCaNhan, IDDoiTuong, NgheNghiep, DaTra50) VALUES ('ef6c1385-4329-4e0e-88b5-2ef8071cc7cd', 'e49841c9-785e-405e-9bf6-c9e9638c10e4', '230bb199-c089-4218-bc05-931a2adaaaae', NULL, N'CNCBHSĐL', null);
INSERT INTO [HoTroCovid].[dbo].[ThongTinHoTro] (ID, IDNoiDung, IDDoiTuong, IDCaNhan) VALUES ('6ae191b5-4186-4849-93c8-1c676727f541', 1, NULL, '230bb199-c089-4218-bc05-931a2adaaaae');
INSERT INTO [HoTroCovid].[dbo].[HoSo] (ID, IDCaNhan, IDNoiDungHoTro, IDDoiTuong, SoThang, SoTien, ThanhTien, IDThongTinHoTro, DaChi, NguoiTao) VALUES ('8dbab503-02aa-4d01-94fd-19cf4bf47759', '230bb199-c089-4218-bc05-931a2adaaaae', 1, NULL, 3, 1800000, 5400000, '6ae191b5-4186-4849-93c8-1c676727f541', 0, 'solaodong');
INSERT INTO [HoTroCovid].[dbo].[CaNhan] (ID, HoTen, GioiTinh, NgaySinh, CMND, SinhNam) VALUES ('0862332b-9d09-41a9-9247-9636f87bef2b', N'Phan Thị Thu Đông', NULL, '1993-06-24', '215270457', 1993);
INSERT INTO [HoTroCovid].[dbo].[CaNhan_DoanhNghiep] (ID, IDDoanhNghiep, IDCaNhan, IDDoiTuong, NgheNghiep, DaTra50) VALUES ('0cd730a0-8474-4956-9371-9c96f013c5ac', 'e49841c9-785e-405e-9bf6-c9e9638c10e4', '0862332b-9d09-41a9-9247-9636f87bef2b', NULL, N'CNCBHSĐL', null);
INSERT INTO [HoTroCovid].[dbo].[ThongTinHoTro] (ID, IDNoiDung, IDDoiTuong, IDCaNhan) VALUES ('cea2cc0f-91cd-46c5-8823-a26fb66cdf8d', 1, NULL, '0862332b-9d09-41a9-9247-9636f87bef2b');
INSERT INTO [HoTroCovid].[dbo].[HoSo] (ID, IDCaNhan, IDNoiDungHoTro, IDDoiTuong, SoThang, SoTien, ThanhTien, IDThongTinHoTro, DaChi, NguoiTao) VALUES ('a079e8c6-8474-4220-bcf1-db72a9e0d71f', '0862332b-9d09-41a9-9247-9636f87bef2b', 1, NULL, 3, 1800000, 5400000, 'cea2cc0f-91cd-46c5-8823-a26fb66cdf8d', 0, 'solaodong');
INSERT INTO [HoTroCovid].[dbo].[CaNhan] (ID, HoTen, GioiTinh, NgaySinh, CMND, SinhNam) VALUES ('beffc6e2-88c8-425c-8608-f03fa93672d9', N'Ngô Thị Mỹ Phụng', NULL, '1995-08-10', '215302030', 1995);
INSERT INTO [HoTroCovid].[dbo].[CaNhan_DoanhNghiep] (ID, IDDoanhNghiep, IDCaNhan, IDDoiTuong, NgheNghiep, DaTra50) VALUES ('58038e05-eb55-4242-9dbe-5d01e7241704', 'e49841c9-785e-405e-9bf6-c9e9638c10e4', 'beffc6e2-88c8-425c-8608-f03fa93672d9', NULL, N'CNCBHSĐL', null);
INSERT INTO [HoTroCovid].[dbo].[ThongTinHoTro] (ID, IDNoiDung, IDDoiTuong, IDCaNhan) VALUES ('db0f9a0d-da08-4252-bc75-575f2c4addad', 1, NULL, 'beffc6e2-88c8-425c-8608-f03fa93672d9');
INSERT INTO [HoTroCovid].[dbo].[HoSo] (ID, IDCaNhan, IDNoiDungHoTro, IDDoiTuong, SoThang, SoTien, ThanhTien, IDThongTinHoTro, DaChi, NguoiTao) VALUES ('521235fe-0970-4eaa-8e4c-80b18a756939', 'beffc6e2-88c8-425c-8608-f03fa93672d9', 1, NULL, 3, 1800000, 5400000, 'db0f9a0d-da08-4252-bc75-575f2c4addad', 0, 'solaodong');
INSERT INTO [HoTroCovid].[dbo].[CaNhan] (ID, HoTen, GioiTinh, NgaySinh, CMND, SinhNam) VALUES ('03ed1d59-7aa7-458e-b2af-9a8e7056e470', N'Tạ Thị Tú Anh', NULL, '1994-08-28', '215406121', 1994);
INSERT INTO [HoTroCovid].[dbo].[CaNhan_DoanhNghiep] (ID, IDDoanhNghiep, IDCaNhan, IDDoiTuong, NgheNghiep, DaTra50) VALUES ('c277e859-ac46-4df2-8831-e6a2cab63c4f', 'e49841c9-785e-405e-9bf6-c9e9638c10e4', '03ed1d59-7aa7-458e-b2af-9a8e7056e470', NULL, N'CNCBHSĐL', null);
INSERT INTO [HoTroCovid].[dbo].[ThongTinHoTro] (ID, IDNoiDung, IDDoiTuong, IDCaNhan) VALUES ('9fe531ce-fdea-4960-8282-04d895f85010', 1, NULL, '03ed1d59-7aa7-458e-b2af-9a8e7056e470');
INSERT INTO [HoTroCovid].[dbo].[HoSo] (ID, IDCaNhan, IDNoiDungHoTro, IDDoiTuong, SoThang, SoTien, ThanhTien, IDThongTinHoTro, DaChi, NguoiTao) VALUES ('9e0b6981-f33c-4513-ba34-1bcf06d3da64', '03ed1d59-7aa7-458e-b2af-9a8e7056e470', 1, NULL, 3, 1800000, 5400000, '9fe531ce-fdea-4960-8282-04d895f85010', 0, 'solaodong');
INSERT INTO [HoTroCovid].[dbo].[CaNhan] (ID, HoTen, GioiTinh, NgaySinh, CMND, SinhNam) VALUES ('744cdff2-17e5-46b1-b4c4-5998109bd9ae', N'Nguyễn Thị Bích Gió', NULL, '1988-10-10', '215022884', 1988);
INSERT INTO [HoTroCovid].[dbo].[CaNhan_DoanhNghiep] (ID, IDDoanhNghiep, IDCaNhan, IDDoiTuong, NgheNghiep, DaTra50) VALUES ('f1a46a7f-bb96-490e-bb3c-ffb147eb2f05', 'e49841c9-785e-405e-9bf6-c9e9638c10e4', '744cdff2-17e5-46b1-b4c4-5998109bd9ae', NULL, N'CNCBHSĐL', null);
INSERT INTO [HoTroCovid].[dbo].[ThongTinHoTro] (ID, IDNoiDung, IDDoiTuong, IDCaNhan) VALUES ('53556985-8c32-4e6a-9ff4-4b9730bf9e3a', 1, NULL, '744cdff2-17e5-46b1-b4c4-5998109bd9ae');
INSERT INTO [HoTroCovid].[dbo].[HoSo] (ID, IDCaNhan, IDNoiDungHoTro, IDDoiTuong, SoThang, SoTien, ThanhTien, IDThongTinHoTro, DaChi, NguoiTao) VALUES ('9cbabee8-7267-4594-a65e-653175e2c0dd', '744cdff2-17e5-46b1-b4c4-5998109bd9ae', 1, NULL, 3, 1800000, 5400000, '53556985-8c32-4e6a-9ff4-4b9730bf9e3a', 0, 'solaodong');
INSERT INTO [HoTroCovid].[dbo].[CaNhan] (ID, HoTen, GioiTinh, NgaySinh, CMND, SinhNam) VALUES ('dfe45b29-d62f-4814-a06b-deadabcead29', N'Nguyễn Thị Phường', NULL, '1990-02-10', '215129577', 1990);
INSERT INTO [HoTroCovid].[dbo].[CaNhan_DoanhNghiep] (ID, IDDoanhNghiep, IDCaNhan, IDDoiTuong, NgheNghiep, DaTra50) VALUES ('1f04df4d-e488-4ea0-b489-50a3d4fb593f', 'e49841c9-785e-405e-9bf6-c9e9638c10e4', 'dfe45b29-d62f-4814-a06b-deadabcead29', NULL, N'CNCBHSĐL', null);
INSERT INTO [HoTroCovid].[dbo].[ThongTinHoTro] (ID, IDNoiDung, IDDoiTuong, IDCaNhan) VALUES ('b862479a-d2b8-4e14-8765-c3eb60ffbbb1', 1, NULL, 'dfe45b29-d62f-4814-a06b-deadabcead29');
INSERT INTO [HoTroCovid].[dbo].[HoSo] (ID, IDCaNhan, IDNoiDungHoTro, IDDoiTuong, SoThang, SoTien, ThanhTien, IDThongTinHoTro, DaChi, NguoiTao) VALUES ('f203e2b7-0ad4-4172-9e3a-45f0fe25d8e4', 'dfe45b29-d62f-4814-a06b-deadabcead29', 1, NULL, 3, 1800000, 5400000, 'b862479a-d2b8-4e14-8765-c3eb60ffbbb1', 0, 'solaodong');
INSERT INTO [HoTroCovid].[dbo].[CaNhan] (ID, HoTen, GioiTinh, NgaySinh, CMND, SinhNam) VALUES ('84ec896d-ba84-4dea-b555-9b703bdc1fe7', N'Nguyễn Thanh Tùng', 1, '1993-12-30', '215198521', 1993);
INSERT INTO [HoTroCovid].[dbo].[CaNhan_DoanhNghiep] (ID, IDDoanhNghiep, IDCaNhan, IDDoiTuong, NgheNghiep, DaTra50) VALUES ('f2406282-8f50-4765-af93-b1d8aa8adbc8', 'e49841c9-785e-405e-9bf6-c9e9638c10e4', '84ec896d-ba84-4dea-b555-9b703bdc1fe7', NULL, N'CNCBHSĐL', null);
INSERT INTO [HoTroCovid].[dbo].[ThongTinHoTro] (ID, IDNoiDung, IDDoiTuong, IDCaNhan) VALUES ('07983caf-2d22-4950-a851-e7667dae5993', 1, NULL, '84ec896d-ba84-4dea-b555-9b703bdc1fe7');
INSERT INTO [HoTroCovid].[dbo].[HoSo] (ID, IDCaNhan, IDNoiDungHoTro, IDDoiTuong, SoThang, SoTien, ThanhTien, IDThongTinHoTro, DaChi, NguoiTao) VALUES ('28e3e482-7b38-4353-b7a5-3a12ec566df5', '84ec896d-ba84-4dea-b555-9b703bdc1fe7', 1, NULL, 3, 1800000, 5400000, '07983caf-2d22-4950-a851-e7667dae5993', 0, 'solaodong');
INSERT INTO [HoTroCovid].[dbo].[CaNhan] (ID, HoTen, GioiTinh, NgaySinh, CMND, SinhNam) VALUES ('3eb34d63-a351-4ac1-ad33-961cce8dd158', N'Phạm Văn Lợi', 1, '1995-09-16', '215390304', 1995);
INSERT INTO [HoTroCovid].[dbo].[CaNhan_DoanhNghiep] (ID, IDDoanhNghiep, IDCaNhan, IDDoiTuong, NgheNghiep, DaTra50) VALUES ('e5c5a44d-92ff-4e22-a019-1f0b9582741d', 'e49841c9-785e-405e-9bf6-c9e9638c10e4', '3eb34d63-a351-4ac1-ad33-961cce8dd158', NULL, N'CNCBHSĐL', null);
INSERT INTO [HoTroCovid].[dbo].[ThongTinHoTro] (ID, IDNoiDung, IDDoiTuong, IDCaNhan) VALUES ('221567a8-4ad9-4fc6-bca8-67925e823af0', 1, NULL, '3eb34d63-a351-4ac1-ad33-961cce8dd158');
INSERT INTO [HoTroCovid].[dbo].[HoSo] (ID, IDCaNhan, IDNoiDungHoTro, IDDoiTuong, SoThang, SoTien, ThanhTien, IDThongTinHoTro, DaChi, NguoiTao) VALUES ('1f5eb95e-dbff-41d7-b567-58fbf8902d4f', '3eb34d63-a351-4ac1-ad33-961cce8dd158', 1, NULL, 3, 1800000, 5400000, '221567a8-4ad9-4fc6-bca8-67925e823af0', 0, 'solaodong');
INSERT INTO [HoTroCovid].[dbo].[CaNhan] (ID, HoTen, GioiTinh, NgaySinh, CMND, SinhNam) VALUES ('205436db-3973-4952-adc2-cb5a233466cb', N'Nguyễn Thị Ngọc Trang', NULL, '1996-05-06', '215333283', 1996);
INSERT INTO [HoTroCovid].[dbo].[CaNhan_DoanhNghiep] (ID, IDDoanhNghiep, IDCaNhan, IDDoiTuong, NgheNghiep, DaTra50) VALUES ('567ba437-b247-40a0-a073-76811f87c7aa', 'e49841c9-785e-405e-9bf6-c9e9638c10e4', '205436db-3973-4952-adc2-cb5a233466cb', NULL, N'CNCBHSĐL', null);
INSERT INTO [HoTroCovid].[dbo].[ThongTinHoTro] (ID, IDNoiDung, IDDoiTuong, IDCaNhan) VALUES ('afebf078-afd7-48bc-be65-a3a9136e837b', 1, NULL, '205436db-3973-4952-adc2-cb5a233466cb');
INSERT INTO [HoTroCovid].[dbo].[HoSo] (ID, IDCaNhan, IDNoiDungHoTro, IDDoiTuong, SoThang, SoTien, ThanhTien, IDThongTinHoTro, DaChi, NguoiTao) VALUES ('b7f30b41-c49f-4682-affd-f536d6e2e617', '205436db-3973-4952-adc2-cb5a233466cb', 1, NULL, 3, 1800000, 5400000, 'afebf078-afd7-48bc-be65-a3a9136e837b', 0, 'solaodong');
INSERT INTO [HoTroCovid].[dbo].[CaNhan] (ID, HoTen, GioiTinh, NgaySinh, CMND, SinhNam) VALUES ('eae19dbd-7c93-4340-9d5d-a82480855d44', N'Đỗ Thành Luân', 1, '1995-07-26', '215387404', 1995);
INSERT INTO [HoTroCovid].[dbo].[CaNhan_DoanhNghiep] (ID, IDDoanhNghiep, IDCaNhan, IDDoiTuong, NgheNghiep, DaTra50) VALUES ('958bec42-b7ec-4f44-88e6-9e592049d8f1', 'e49841c9-785e-405e-9bf6-c9e9638c10e4', 'eae19dbd-7c93-4340-9d5d-a82480855d44', NULL, N'CNCBHSĐL', null);
INSERT INTO [HoTroCovid].[dbo].[ThongTinHoTro] (ID, IDNoiDung, IDDoiTuong, IDCaNhan) VALUES ('5674c343-df58-4fbf-a3a9-883d3ae0817d', 1, NULL, 'eae19dbd-7c93-4340-9d5d-a82480855d44');
INSERT INTO [HoTroCovid].[dbo].[HoSo] (ID, IDCaNhan, IDNoiDungHoTro, IDDoiTuong, SoThang, SoTien, ThanhTien, IDThongTinHoTro, DaChi, NguoiTao) VALUES ('77acd74c-27fd-42f4-bc48-dccd28a9553a', 'eae19dbd-7c93-4340-9d5d-a82480855d44', 1, NULL, 3, 1800000, 5400000, '5674c343-df58-4fbf-a3a9-883d3ae0817d', 0, 'solaodong');
INSERT INTO [HoTroCovid].[dbo].[CaNhan] (ID, HoTen, GioiTinh, NgaySinh, CMND, SinhNam) VALUES ('b70b8d28-d6da-4232-8776-ceb1d960cfa4', N'Đào Ngọc Tuyển', 1, '1994-01-06', '215296798', 1994);
INSERT INTO [HoTroCovid].[dbo].[CaNhan_DoanhNghiep] (ID, IDDoanhNghiep, IDCaNhan, IDDoiTuong, NgheNghiep, DaTra50) VALUES ('fba628a2-1bd4-4972-aa06-7abd76dd7203', 'e49841c9-785e-405e-9bf6-c9e9638c10e4', 'b70b8d28-d6da-4232-8776-ceb1d960cfa4', NULL, N'CNCBHSĐL', null);
INSERT INTO [HoTroCovid].[dbo].[ThongTinHoTro] (ID, IDNoiDung, IDDoiTuong, IDCaNhan) VALUES ('ca242e41-af97-4b9f-913e-5a9007c76177', 1, NULL, 'b70b8d28-d6da-4232-8776-ceb1d960cfa4');
INSERT INTO [HoTroCovid].[dbo].[HoSo] (ID, IDCaNhan, IDNoiDungHoTro, IDDoiTuong, SoThang, SoTien, ThanhTien, IDThongTinHoTro, DaChi, NguoiTao) VALUES ('495f4a29-0500-46c9-a5e1-32dc7795c408', 'b70b8d28-d6da-4232-8776-ceb1d960cfa4', 1, NULL, 3, 1800000, 5400000, 'ca242e41-af97-4b9f-913e-5a9007c76177', 0, 'solaodong');
INSERT INTO [HoTroCovid].[dbo].[CaNhan] (ID, HoTen, GioiTinh, NgaySinh, CMND, SinhNam) VALUES ('125276a1-ddd1-4e0b-b71c-49e9e6f74fdd', N'Nguyễn Thị Phúc', NULL, '1991-10-27', '215167065', 1991);
INSERT INTO [HoTroCovid].[dbo].[CaNhan_DoanhNghiep] (ID, IDDoanhNghiep, IDCaNhan, IDDoiTuong, NgheNghiep, DaTra50) VALUES ('8243d287-81c7-43d1-a093-925adb675d66', 'e49841c9-785e-405e-9bf6-c9e9638c10e4', '125276a1-ddd1-4e0b-b71c-49e9e6f74fdd', NULL, N'CNCBHSĐL', null);
INSERT INTO [HoTroCovid].[dbo].[ThongTinHoTro] (ID, IDNoiDung, IDDoiTuong, IDCaNhan) VALUES ('5a9e3129-2a61-4543-aad5-142bf2fcabd0', 1, NULL, '125276a1-ddd1-4e0b-b71c-49e9e6f74fdd');
INSERT INTO [HoTroCovid].[dbo].[HoSo] (ID, IDCaNhan, IDNoiDungHoTro, IDDoiTuong, SoThang, SoTien, ThanhTien, IDThongTinHoTro, DaChi, NguoiTao) VALUES ('f71e2a07-48ec-4c3d-94de-6b28deb3edbe', '125276a1-ddd1-4e0b-b71c-49e9e6f74fdd', 1, NULL, 3, 1800000, 5400000, '5a9e3129-2a61-4543-aad5-142bf2fcabd0', 0, 'solaodong');
INSERT INTO [HoTroCovid].[dbo].[CaNhan] (ID, HoTen, GioiTinh, NgaySinh, CMND, SinhNam) VALUES ('8ce8efdf-8e31-420d-a1a6-10391906d75a', N'Nguyễn Thị Phương Kiều', NULL, '1991-08-01', '215140017', 1991);
INSERT INTO [HoTroCovid].[dbo].[CaNhan_DoanhNghiep] (ID, IDDoanhNghiep, IDCaNhan, IDDoiTuong, NgheNghiep, DaTra50) VALUES ('ffddbe63-f61a-4437-813e-21b72329634a', 'e49841c9-785e-405e-9bf6-c9e9638c10e4', '8ce8efdf-8e31-420d-a1a6-10391906d75a', NULL, N'CNCBHSĐL', null);
INSERT INTO [HoTroCovid].[dbo].[ThongTinHoTro] (ID, IDNoiDung, IDDoiTuong, IDCaNhan) VALUES ('b6b2c294-30f4-4ad2-87f1-3ea454c5726b', 1, NULL, '8ce8efdf-8e31-420d-a1a6-10391906d75a');
INSERT INTO [HoTroCovid].[dbo].[HoSo] (ID, IDCaNhan, IDNoiDungHoTro, IDDoiTuong, SoThang, SoTien, ThanhTien, IDThongTinHoTro, DaChi, NguoiTao) VALUES ('ff279817-b805-481a-934f-54fe7858878a', '8ce8efdf-8e31-420d-a1a6-10391906d75a', 1, NULL, 3, 1800000, 5400000, 'b6b2c294-30f4-4ad2-87f1-3ea454c5726b', 0, 'solaodong');
INSERT INTO [HoTroCovid].[dbo].[CaNhan] (ID, HoTen, GioiTinh, NgaySinh, CMND, SinhNam) VALUES ('672c6e2b-5d01-43bb-9ab2-47e2fa78a961', N'Lê Thị Thúy Tâm', NULL, '1997-04-08', '215406698', 1997);
INSERT INTO [HoTroCovid].[dbo].[CaNhan_DoanhNghiep] (ID, IDDoanhNghiep, IDCaNhan, IDDoiTuong, NgheNghiep, DaTra50) VALUES ('3b674bc0-8623-48cc-9ce0-15a6d88e20f9', 'e49841c9-785e-405e-9bf6-c9e9638c10e4', '672c6e2b-5d01-43bb-9ab2-47e2fa78a961', NULL, N'CNCBHSĐL', null);
INSERT INTO [HoTroCovid].[dbo].[ThongTinHoTro] (ID, IDNoiDung, IDDoiTuong, IDCaNhan) VALUES ('21e55eb7-7840-4fba-b32b-5780d557a037', 1, NULL, '672c6e2b-5d01-43bb-9ab2-47e2fa78a961');
INSERT INTO [HoTroCovid].[dbo].[HoSo] (ID, IDCaNhan, IDNoiDungHoTro, IDDoiTuong, SoThang, SoTien, ThanhTien, IDThongTinHoTro, DaChi, NguoiTao) VALUES ('4b392666-d559-4551-97ba-bac9c80c1abf', '672c6e2b-5d01-43bb-9ab2-47e2fa78a961', 1, NULL, 3, 1800000, 5400000, '21e55eb7-7840-4fba-b32b-5780d557a037', 0, 'solaodong');
INSERT INTO [HoTroCovid].[dbo].[CaNhan] (ID, HoTen, GioiTinh, NgaySinh, CMND, SinhNam) VALUES ('bda31b78-07ab-4d36-8830-bbb3d2c15a6e', N'Đặng Minh Quốc', 1, '1988-11-30', '215008654', 1988);
INSERT INTO [HoTroCovid].[dbo].[CaNhan_DoanhNghiep] (ID, IDDoanhNghiep, IDCaNhan, IDDoiTuong, NgheNghiep, DaTra50) VALUES ('da30584e-9b55-40cb-87d6-de19dc120588', 'd0b238df-7762-4686-9dd8-74cb3efc86ec', 'bda31b78-07ab-4d36-8830-bbb3d2c15a6e', NULL, N'công nhân', null);
INSERT INTO [HoTroCovid].[dbo].[ThongTinHoTro] (ID, IDNoiDung, IDDoiTuong, IDCaNhan) VALUES ('d372520d-03cc-412a-923c-ba5d887537f1', 1, NULL, 'bda31b78-07ab-4d36-8830-bbb3d2c15a6e');
INSERT INTO [HoTroCovid].[dbo].[HoSo] (ID, IDCaNhan, IDNoiDungHoTro, IDDoiTuong, SoThang, SoTien, ThanhTien, IDThongTinHoTro, DaChi, NguoiTao) VALUES ('a124df19-187e-45d4-bc75-49dd250fefc0', 'bda31b78-07ab-4d36-8830-bbb3d2c15a6e', 1, NULL, 3, 1800000, 5400000, 'd372520d-03cc-412a-923c-ba5d887537f1', 0, 'solaodong');
INSERT INTO [HoTroCovid].[dbo].[CaNhan] (ID, HoTen, GioiTinh, NgaySinh, CMND, SinhNam) VALUES ('214fb486-df85-46d4-831d-b936d5f68396', N'Đỗ Thị Thảo Ngân', NULL, '1997-08-06', '215396937', 1997);
INSERT INTO [HoTroCovid].[dbo].[CaNhan_DoanhNghiep] (ID, IDDoanhNghiep, IDCaNhan, IDDoiTuong, NgheNghiep, DaTra50) VALUES ('594f59a3-1965-472a-813b-f5552959d1ca', '8f68b99e-5018-4e4c-9fdb-8acedd7189fa', '214fb486-df85-46d4-831d-b936d5f68396', NULL, N'Nhân viên phục vụ', false);
INSERT INTO [HoTroCovid].[dbo].[ThongTinHoTro] (ID, IDNoiDung, IDDoiTuong, IDCaNhan) VALUES ('c39700ca-4cdc-49e6-89cf-86cb8f2344a5', 1, NULL, '214fb486-df85-46d4-831d-b936d5f68396');
INSERT INTO [HoTroCovid].[dbo].[HoSo] (ID, IDCaNhan, IDNoiDungHoTro, IDDoiTuong, SoThang, SoTien, ThanhTien, IDThongTinHoTro, DaChi, NguoiTao) VALUES ('85f1051b-31c7-4f9f-9fb6-287a227dd06d', '214fb486-df85-46d4-831d-b936d5f68396', 1, NULL, 3, 1800000, 5400000, 'c39700ca-4cdc-49e6-89cf-86cb8f2344a5', 0, 'solaodong');
INSERT INTO [HoTroCovid].[dbo].[CaNhan] (ID, HoTen, GioiTinh, NgaySinh, CMND, SinhNam) VALUES ('e3cbac95-6ab4-4135-9d51-36514d638b16', N'PHẠM XUÂN THỌ', 1, '1997-02-15', '215015555', 1997);
INSERT INTO [HoTroCovid].[dbo].[CaNhan_DoanhNghiep] (ID, IDDoanhNghiep, IDCaNhan, IDDoiTuong, NgheNghiep, DaTra50) VALUES ('fee16ac0-08f4-4b19-89fc-5d14acb67601', '661117c5-fd90-4c1d-b623-4d81db47679a', 'e3cbac95-6ab4-4135-9d51-36514d638b16', NULL, N'Lái máy', null);
INSERT INTO [HoTroCovid].[dbo].[ThongTinHoTro] (ID, IDNoiDung, IDDoiTuong, IDCaNhan) VALUES ('2ac5ad65-0bc4-4db3-9b4b-c4f38d300316', 1, NULL, 'e3cbac95-6ab4-4135-9d51-36514d638b16');
INSERT INTO [HoTroCovid].[dbo].[HoSo] (ID, IDCaNhan, IDNoiDungHoTro, IDDoiTuong, SoThang, SoTien, ThanhTien, IDThongTinHoTro, DaChi, NguoiTao) VALUES ('bdace586-cd02-4729-89fd-da2675138e21', 'e3cbac95-6ab4-4135-9d51-36514d638b16', 1, NULL, 3, 1800000, 5400000, '2ac5ad65-0bc4-4db3-9b4b-c4f38d300316', 0, 'solaodong');
INSERT INTO [HoTroCovid].[dbo].[CaNhan] (ID, HoTen, GioiTinh, NgaySinh, CMND, SinhNam) VALUES ('ea5e8741-2988-4698-bead-e5ad319e3f5d', N'ĐĂNG VĂN THUẬN', 1, '1956-08-13', '210035303', 1956);
INSERT INTO [HoTroCovid].[dbo].[CaNhan_DoanhNghiep] (ID, IDDoanhNghiep, IDCaNhan, IDDoiTuong, NgheNghiep, DaTra50) VALUES ('c026334a-d4ab-4fbf-adb1-c611a292a17e', '661117c5-fd90-4c1d-b623-4d81db47679a', 'ea5e8741-2988-4698-bead-e5ad319e3f5d', NULL, N'Kỷ thuật thi công', null);
INSERT INTO [HoTroCovid].[dbo].[ThongTinHoTro] (ID, IDNoiDung, IDDoiTuong, IDCaNhan) VALUES ('e7814d43-9a2f-4538-ac99-c7d639bc9736', 1, NULL, 'ea5e8741-2988-4698-bead-e5ad319e3f5d');
INSERT INTO [HoTroCovid].[dbo].[HoSo] (ID, IDCaNhan, IDNoiDungHoTro, IDDoiTuong, SoThang, SoTien, ThanhTien, IDThongTinHoTro, DaChi, NguoiTao) VALUES ('80634bca-2868-42d6-8491-0de23b0c362e', 'ea5e8741-2988-4698-bead-e5ad319e3f5d', 1, NULL, 3, 1800000, 5400000, 'e7814d43-9a2f-4538-ac99-c7d639bc9736', 0, 'solaodong');
INSERT INTO [HoTroCovid].[dbo].[CaNhan] (ID, HoTen, GioiTinh, NgaySinh, CMND, SinhNam) VALUES ('842b6873-ae4d-4923-bfa0-999533ffa877', N'Huỳnh Thị Mai', NULL, '1969-12-31', '211186843', 1969);
INSERT INTO [HoTroCovid].[dbo].[CaNhan_DoanhNghiep] (ID, IDDoanhNghiep, IDCaNhan, IDDoiTuong, NgheNghiep, DaTra50) VALUES ('44a9d7c2-5e90-4116-84ce-5e7d9b02e6db', '8f68b99e-5018-4e4c-9fdb-8acedd7189fa', '842b6873-ae4d-4923-bfa0-999533ffa877', NULL, N'Nhân viên tạp vụ', false);
INSERT INTO [HoTroCovid].[dbo].[ThongTinHoTro] (ID, IDNoiDung, IDDoiTuong, IDCaNhan) VALUES ('bc339c10-da96-4d64-bf50-3ccb21aa8450', 1, NULL, '842b6873-ae4d-4923-bfa0-999533ffa877');
INSERT INTO [HoTroCovid].[dbo].[HoSo] (ID, IDCaNhan, IDNoiDungHoTro, IDDoiTuong, SoThang, SoTien, ThanhTien, IDThongTinHoTro, DaChi, NguoiTao) VALUES ('f6924ea7-dd28-4ae2-9963-3678177f04cc', '842b6873-ae4d-4923-bfa0-999533ffa877', 1, NULL, 3, 1800000, 5400000, 'bc339c10-da96-4d64-bf50-3ccb21aa8450', 0, 'solaodong');
INSERT INTO [HoTroCovid].[dbo].[CaNhan] (ID, HoTen, GioiTinh, NgaySinh, CMND, SinhNam) VALUES ('3bf0e396-e034-4292-9698-51700b85088f', N'Trần Quyết Trung', 1, '1996-06-11', '215356594', 1996);
INSERT INTO [HoTroCovid].[dbo].[CaNhan_DoanhNghiep] (ID, IDDoanhNghiep, IDCaNhan, IDDoiTuong, NgheNghiep, DaTra50) VALUES ('419b2286-686c-404e-90b1-c74654ce9403', '8f68b99e-5018-4e4c-9fdb-8acedd7189fa', '3bf0e396-e034-4292-9698-51700b85088f', NULL, N'Nhân viên phụ bếp', false);
INSERT INTO [HoTroCovid].[dbo].[ThongTinHoTro] (ID, IDNoiDung, IDDoiTuong, IDCaNhan) VALUES ('0cacc806-44b3-43be-a6fb-ec2d3caa7da1', 1, NULL, '3bf0e396-e034-4292-9698-51700b85088f');
INSERT INTO [HoTroCovid].[dbo].[HoSo] (ID, IDCaNhan, IDNoiDungHoTro, IDDoiTuong, SoThang, SoTien, ThanhTien, IDThongTinHoTro, DaChi, NguoiTao) VALUES ('8bd52b18-c364-49ba-9084-d5430bb20163', '3bf0e396-e034-4292-9698-51700b85088f', 1, NULL, 3, 1800000, 5400000, '0cacc806-44b3-43be-a6fb-ec2d3caa7da1', 0, 'solaodong');
INSERT INTO [HoTroCovid].[dbo].[CaNhan] (ID, HoTen, GioiTinh, NgaySinh, CMND, SinhNam) VALUES ('35bfb155-91b5-4168-af23-165d5891bfa8', N'Nguyễn Nhất Thành', 1, '1999-09-03', '215515354', 1999);
INSERT INTO [HoTroCovid].[dbo].[CaNhan_DoanhNghiep] (ID, IDDoanhNghiep, IDCaNhan, IDDoiTuong, NgheNghiep, DaTra50) VALUES ('20839073-4213-499d-843b-3e3fced4ef1d', 'd0b238df-7762-4686-9dd8-74cb3efc86ec', '35bfb155-91b5-4168-af23-165d5891bfa8', NULL, N'công nhân', null);
INSERT INTO [HoTroCovid].[dbo].[ThongTinHoTro] (ID, IDNoiDung, IDDoiTuong, IDCaNhan) VALUES ('e8bf61ec-b542-4ed4-99e3-13f40485a95d', 1, NULL, '35bfb155-91b5-4168-af23-165d5891bfa8');
INSERT INTO [HoTroCovid].[dbo].[HoSo] (ID, IDCaNhan, IDNoiDungHoTro, IDDoiTuong, SoThang, SoTien, ThanhTien, IDThongTinHoTro, DaChi, NguoiTao) VALUES ('e81ff517-c1bb-47cc-a366-761f012cc640', '35bfb155-91b5-4168-af23-165d5891bfa8', 1, NULL, 3, 1800000, 5400000, 'e8bf61ec-b542-4ed4-99e3-13f40485a95d', 0, 'solaodong');
INSERT INTO [HoTroCovid].[dbo].[CaNhan] (ID, HoTen, GioiTinh, NgaySinh, CMND, SinhNam) VALUES ('4fc2b3eb-7974-4f25-9956-aeb4172cca1a', N'Đào Thế Sửu', 1, '1984-10-24', '211764076', 1984);
INSERT INTO [HoTroCovid].[dbo].[CaNhan_DoanhNghiep] (ID, IDDoanhNghiep, IDCaNhan, IDDoiTuong, NgheNghiep, DaTra50) VALUES ('e601c65e-0a35-4576-8dcb-aba7654d9f94', 'd0b238df-7762-4686-9dd8-74cb3efc86ec', '4fc2b3eb-7974-4f25-9956-aeb4172cca1a', NULL, N'công nhân', null);
INSERT INTO [HoTroCovid].[dbo].[ThongTinHoTro] (ID, IDNoiDung, IDDoiTuong, IDCaNhan) VALUES ('e6d102c7-06a5-4574-b55b-c7cfab6f2c33', 1, NULL, '4fc2b3eb-7974-4f25-9956-aeb4172cca1a');
INSERT INTO [HoTroCovid].[dbo].[HoSo] (ID, IDCaNhan, IDNoiDungHoTro, IDDoiTuong, SoThang, SoTien, ThanhTien, IDThongTinHoTro, DaChi, NguoiTao) VALUES ('45d53f96-457c-4990-8290-93d36b81674a', '4fc2b3eb-7974-4f25-9956-aeb4172cca1a', 1, NULL, 3, 1800000, 5400000, 'e6d102c7-06a5-4574-b55b-c7cfab6f2c33', 0, 'solaodong');
INSERT INTO [HoTroCovid].[dbo].[CaNhan] (ID, HoTen, GioiTinh, NgaySinh, CMND, SinhNam) VALUES ('54b5a5f4-626b-4c35-87e6-09262e1e7d82', N'NGUYỄN ĐỨC ÂN', 1, '1950-01-01', '211660405', 1950);
INSERT INTO [HoTroCovid].[dbo].[CaNhan_DoanhNghiep] (ID, IDDoanhNghiep, IDCaNhan, IDDoiTuong, NgheNghiep, DaTra50) VALUES ('2ad0a2f3-ce99-4a65-b433-aa3a95043390', '661117c5-fd90-4c1d-b623-4d81db47679a', '54b5a5f4-626b-4c35-87e6-09262e1e7d82', NULL, N'Bảo vệ', null);
INSERT INTO [HoTroCovid].[dbo].[ThongTinHoTro] (ID, IDNoiDung, IDDoiTuong, IDCaNhan) VALUES ('3778d710-70ef-4f16-b1e6-c00a7c65060a', 1, NULL, '54b5a5f4-626b-4c35-87e6-09262e1e7d82');
INSERT INTO [HoTroCovid].[dbo].[HoSo] (ID, IDCaNhan, IDNoiDungHoTro, IDDoiTuong, SoThang, SoTien, ThanhTien, IDThongTinHoTro, DaChi, NguoiTao) VALUES ('92928a68-eaf8-4a2e-a9a4-1a8426ad8adf', '54b5a5f4-626b-4c35-87e6-09262e1e7d82', 1, NULL, 3, 1800000, 5400000, '3778d710-70ef-4f16-b1e6-c00a7c65060a', 0, 'solaodong');
INSERT INTO [HoTroCovid].[dbo].[CaNhan] (ID, HoTen, GioiTinh, NgaySinh, CMND, SinhNam) VALUES ('42b719fd-7c6b-4828-9bd7-10de32d56e44', N'ĐỖ NGỌC XUÂN', 1, '1984-02-12', '215011666', 1984);
INSERT INTO [HoTroCovid].[dbo].[CaNhan_DoanhNghiep] (ID, IDDoanhNghiep, IDCaNhan, IDDoiTuong, NgheNghiep, DaTra50) VALUES ('9b2694e6-f1bd-40b6-bff0-1cdb854e77d5', '661117c5-fd90-4c1d-b623-4d81db47679a', '42b719fd-7c6b-4828-9bd7-10de32d56e44', NULL, N'Công nhân xây lắp', null);
INSERT INTO [HoTroCovid].[dbo].[ThongTinHoTro] (ID, IDNoiDung, IDDoiTuong, IDCaNhan) VALUES ('95ca8743-3e91-4325-a202-e13dd1656296', 1, NULL, '42b719fd-7c6b-4828-9bd7-10de32d56e44');
INSERT INTO [HoTroCovid].[dbo].[HoSo] (ID, IDCaNhan, IDNoiDungHoTro, IDDoiTuong, SoThang, SoTien, ThanhTien, IDThongTinHoTro, DaChi, NguoiTao) VALUES ('60100981-6fb6-4b4d-a61d-8b582f59753f', '42b719fd-7c6b-4828-9bd7-10de32d56e44', 1, NULL, 3, 1800000, 5400000, '95ca8743-3e91-4325-a202-e13dd1656296', 0, 'solaodong');
INSERT INTO [HoTroCovid].[dbo].[CaNhan] (ID, HoTen, GioiTinh, NgaySinh, CMND, SinhNam) VALUES ('caaf3500-aeb3-487c-b456-0feecac61bc4', N'BÙI NGỌC TRANG', 1, '1971-06-11', '211493821', 1971);
INSERT INTO [HoTroCovid].[dbo].[CaNhan_DoanhNghiep] (ID, IDDoanhNghiep, IDCaNhan, IDDoiTuong, NgheNghiep, DaTra50) VALUES ('0afbee7f-955f-4767-bf76-8c01bcba7220', '661117c5-fd90-4c1d-b623-4d81db47679a', 'caaf3500-aeb3-487c-b456-0feecac61bc4', NULL, N'Công nhân xây lắp', null);
INSERT INTO [HoTroCovid].[dbo].[ThongTinHoTro] (ID, IDNoiDung, IDDoiTuong, IDCaNhan) VALUES ('9927621b-db37-4d6d-9704-3f2369b671a4', 1, NULL, 'caaf3500-aeb3-487c-b456-0feecac61bc4');
INSERT INTO [HoTroCovid].[dbo].[HoSo] (ID, IDCaNhan, IDNoiDungHoTro, IDDoiTuong, SoThang, SoTien, ThanhTien, IDThongTinHoTro, DaChi, NguoiTao) VALUES ('d21d7576-76b0-4e44-9606-508dab699901', 'caaf3500-aeb3-487c-b456-0feecac61bc4', 1, NULL, 3, 1800000, 5400000, '9927621b-db37-4d6d-9704-3f2369b671a4', 0, 'solaodong');
INSERT INTO [HoTroCovid].[dbo].[CaNhan] (ID, HoTen, GioiTinh, NgaySinh, CMND, SinhNam) VALUES ('5b5e6840-6dc0-4d73-8057-e9e5a047ddbd', N'NGUYỄN ĐỨC TÍCH', 1, '1985-03-25', '215128840', 1985);
INSERT INTO [HoTroCovid].[dbo].[CaNhan_DoanhNghiep] (ID, IDDoanhNghiep, IDCaNhan, IDDoiTuong, NgheNghiep, DaTra50) VALUES ('fdae1610-dda9-427f-9870-3b9108e6997c', '661117c5-fd90-4c1d-b623-4d81db47679a', '5b5e6840-6dc0-4d73-8057-e9e5a047ddbd', NULL, N'Lái máy', null);
INSERT INTO [HoTroCovid].[dbo].[ThongTinHoTro] (ID, IDNoiDung, IDDoiTuong, IDCaNhan) VALUES ('b945612c-e045-4898-a3c1-b36faf89cf6b', 1, NULL, '5b5e6840-6dc0-4d73-8057-e9e5a047ddbd');
INSERT INTO [HoTroCovid].[dbo].[HoSo] (ID, IDCaNhan, IDNoiDungHoTro, IDDoiTuong, SoThang, SoTien, ThanhTien, IDThongTinHoTro, DaChi, NguoiTao) VALUES ('b27e2f6b-2d26-40d1-a94e-4bd0bfba2ff2', '5b5e6840-6dc0-4d73-8057-e9e5a047ddbd', 1, NULL, 3, 1800000, 5400000, 'b945612c-e045-4898-a3c1-b36faf89cf6b', 0, 'solaodong');
INSERT INTO [HoTroCovid].[dbo].[CaNhan] (ID, HoTen, GioiTinh, NgaySinh, CMND, SinhNam) VALUES ('696b4d6f-9b00-4bee-8b8e-5f79d630526e', N'ĐỖ NGỌC LỰC', 1, '1992-12-22', '215326824', 1992);
INSERT INTO [HoTroCovid].[dbo].[CaNhan_DoanhNghiep] (ID, IDDoanhNghiep, IDCaNhan, IDDoiTuong, NgheNghiep, DaTra50) VALUES ('81adeb6b-63e1-47d4-a99e-7ada5904dcd2', '661117c5-fd90-4c1d-b623-4d81db47679a', '696b4d6f-9b00-4bee-8b8e-5f79d630526e', NULL, N'Công nhân xây lắp', null);
INSERT INTO [HoTroCovid].[dbo].[ThongTinHoTro] (ID, IDNoiDung, IDDoiTuong, IDCaNhan) VALUES ('e063928b-336f-4437-a840-989d9378782c', 1, NULL, '696b4d6f-9b00-4bee-8b8e-5f79d630526e');
INSERT INTO [HoTroCovid].[dbo].[HoSo] (ID, IDCaNhan, IDNoiDungHoTro, IDDoiTuong, SoThang, SoTien, ThanhTien, IDThongTinHoTro, DaChi, NguoiTao) VALUES ('0bd148b0-4a36-42f7-a924-af7b6a2cc1f3', '696b4d6f-9b00-4bee-8b8e-5f79d630526e', 1, NULL, 3, 1800000, 5400000, 'e063928b-336f-4437-a840-989d9378782c', 0, 'solaodong');
INSERT INTO [HoTroCovid].[dbo].[CaNhan] (ID, HoTen, GioiTinh, NgaySinh, CMND, SinhNam) VALUES ('3ee43284-35ce-491d-8533-87f0ec129409', N'TRAÀN BÌNH THANH', 1, '1970-03-12', '211221413', 1970);
INSERT INTO [HoTroCovid].[dbo].[CaNhan_DoanhNghiep] (ID, IDDoanhNghiep, IDCaNhan, IDDoiTuong, NgheNghiep, DaTra50) VALUES ('a19604ae-911e-4eaa-9921-20ce2c4d7e84', '661117c5-fd90-4c1d-b623-4d81db47679a', '3ee43284-35ce-491d-8533-87f0ec129409', NULL, N'Kế toán Ttoán', null);
INSERT INTO [HoTroCovid].[dbo].[ThongTinHoTro] (ID, IDNoiDung, IDDoiTuong, IDCaNhan) VALUES ('096b2f7c-a811-4501-b359-0172589fd3ad', 1, NULL, '3ee43284-35ce-491d-8533-87f0ec129409');
INSERT INTO [HoTroCovid].[dbo].[HoSo] (ID, IDCaNhan, IDNoiDungHoTro, IDDoiTuong, SoThang, SoTien, ThanhTien, IDThongTinHoTro, DaChi, NguoiTao) VALUES ('94b04005-cc73-4e86-adc4-9cfac32e32af', '3ee43284-35ce-491d-8533-87f0ec129409', 1, NULL, 3, 1800000, 5400000, '096b2f7c-a811-4501-b359-0172589fd3ad', 0, 'solaodong');
INSERT INTO [HoTroCovid].[dbo].[CaNhan] (ID, HoTen, GioiTinh, NgaySinh, CMND, SinhNam) VALUES ('4e2bc2d9-cb21-4f10-81d0-f307d69e1b94', N'Lê Nguyễn Ka Thy', NULL, '1996-09-29', '215334323', 1996);
INSERT INTO [HoTroCovid].[dbo].[CaNhan_DoanhNghiep] (ID, IDDoanhNghiep, IDCaNhan, IDDoiTuong, NgheNghiep, DaTra50) VALUES ('b4a66bee-64c0-489c-8848-8120556edc68', 'd0b238df-7762-4686-9dd8-74cb3efc86ec', '4e2bc2d9-cb21-4f10-81d0-f307d69e1b94', NULL, N'NV Kinh doanh', null);
INSERT INTO [HoTroCovid].[dbo].[ThongTinHoTro] (ID, IDNoiDung, IDDoiTuong, IDCaNhan) VALUES ('4a3e7ce2-e135-4c9d-93ca-d3d062be1394', 1, NULL, '4e2bc2d9-cb21-4f10-81d0-f307d69e1b94');
INSERT INTO [HoTroCovid].[dbo].[HoSo] (ID, IDCaNhan, IDNoiDungHoTro, IDDoiTuong, SoThang, SoTien, ThanhTien, IDThongTinHoTro, DaChi, NguoiTao) VALUES ('1d9c8283-6f20-475c-8bf9-96b24d234916', '4e2bc2d9-cb21-4f10-81d0-f307d69e1b94', 1, NULL, 3, 1800000, 5400000, '4a3e7ce2-e135-4c9d-93ca-d3d062be1394', 0, 'solaodong');
INSERT INTO [HoTroCovid].[dbo].[CaNhan] (ID, HoTen, GioiTinh, NgaySinh, CMND, SinhNam) VALUES ('8560ec9d-c94b-4d51-9811-a02ac75bf8e1', N'CAO THỊ NGUYỆT', NULL, '1990-10-20', '211675130', 1990);
INSERT INTO [HoTroCovid].[dbo].[CaNhan_DoanhNghiep] (ID, IDDoanhNghiep, IDCaNhan, IDDoiTuong, NgheNghiep, DaTra50) VALUES ('c13be677-d621-4c5d-8565-9e381c66a8d9', '661117c5-fd90-4c1d-b623-4d81db47679a', '8560ec9d-c94b-4d51-9811-a02ac75bf8e1', NULL, N'Công nhân đời sống', null);
INSERT INTO [HoTroCovid].[dbo].[ThongTinHoTro] (ID, IDNoiDung, IDDoiTuong, IDCaNhan) VALUES ('20180c56-8b1d-4a5b-a967-5302b89c41f9', 1, NULL, '8560ec9d-c94b-4d51-9811-a02ac75bf8e1');
INSERT INTO [HoTroCovid].[dbo].[HoSo] (ID, IDCaNhan, IDNoiDungHoTro, IDDoiTuong, SoThang, SoTien, ThanhTien, IDThongTinHoTro, DaChi, NguoiTao) VALUES ('09ce33db-9fce-42d1-9ef2-1e05e8dc8595', '8560ec9d-c94b-4d51-9811-a02ac75bf8e1', 1, NULL, 3, 1800000, 5400000, '20180c56-8b1d-4a5b-a967-5302b89c41f9', 0, 'solaodong');
INSERT INTO [HoTroCovid].[dbo].[CaNhan] (ID, HoTen, GioiTinh, NgaySinh, CMND, SinhNam) VALUES ('1c2a11d5-8631-463d-9529-6463f27d7d0a', N'TRẦN VĂN SƠN', 1, '1954-02-02', '233080445', 1954);
INSERT INTO [HoTroCovid].[dbo].[CaNhan_DoanhNghiep] (ID, IDDoanhNghiep, IDCaNhan, IDDoiTuong, NgheNghiep, DaTra50) VALUES ('55bd74b5-6356-457d-9b24-e3c6cbd33225', '661117c5-fd90-4c1d-b623-4d81db47679a', '1c2a11d5-8631-463d-9529-6463f27d7d0a', NULL, N'Bảo vệ', null);
INSERT INTO [HoTroCovid].[dbo].[ThongTinHoTro] (ID, IDNoiDung, IDDoiTuong, IDCaNhan) VALUES ('92209bac-ffba-431b-aab7-d58bb6d3b623', 1, NULL, '1c2a11d5-8631-463d-9529-6463f27d7d0a');
INSERT INTO [HoTroCovid].[dbo].[HoSo] (ID, IDCaNhan, IDNoiDungHoTro, IDDoiTuong, SoThang, SoTien, ThanhTien, IDThongTinHoTro, DaChi, NguoiTao) VALUES ('356225ef-9bac-4241-8a00-f3325b3be396', '1c2a11d5-8631-463d-9529-6463f27d7d0a', 1, NULL, 3, 1800000, 5400000, '92209bac-ffba-431b-aab7-d58bb6d3b623', 0, 'solaodong');
INSERT INTO [HoTroCovid].[dbo].[CaNhan] (ID, HoTen, GioiTinh, NgaySinh, CMND, SinhNam) VALUES ('14bf54ca-2f08-4ebe-8bd3-689bddc504c9', N'Nguyễn Thanh Tùng', 1, '1992-11-30', '215298829', 1992);
INSERT INTO [HoTroCovid].[dbo].[CaNhan_DoanhNghiep] (ID, IDDoanhNghiep, IDCaNhan, IDDoiTuong, NgheNghiep, DaTra50) VALUES ('10d22c6a-3475-416a-9fb7-a4301b1e1776', 'd0b238df-7762-4686-9dd8-74cb3efc86ec', '14bf54ca-2f08-4ebe-8bd3-689bddc504c9', NULL, N'công nhân', null);
INSERT INTO [HoTroCovid].[dbo].[ThongTinHoTro] (ID, IDNoiDung, IDDoiTuong, IDCaNhan) VALUES ('f1b69639-8c21-4aaa-a748-097784499807', 1, NULL, '14bf54ca-2f08-4ebe-8bd3-689bddc504c9');
INSERT INTO [HoTroCovid].[dbo].[HoSo] (ID, IDCaNhan, IDNoiDungHoTro, IDDoiTuong, SoThang, SoTien, ThanhTien, IDThongTinHoTro, DaChi, NguoiTao) VALUES ('f5e61b59-7ecf-45f1-ace6-6f1a95e259b3', '14bf54ca-2f08-4ebe-8bd3-689bddc504c9', 1, NULL, 3, 1800000, 5400000, 'f1b69639-8c21-4aaa-a748-097784499807', 0, 'solaodong');
INSERT INTO [HoTroCovid].[dbo].[CaNhan] (ID, HoTen, GioiTinh, NgaySinh, CMND, SinhNam) VALUES ('f94801cf-dff3-4fe9-a497-4da94b03ae93', N'Huỳnh Tấn Lê', 1, '1985-08-01', '215319577', 1985);
INSERT INTO [HoTroCovid].[dbo].[CaNhan_DoanhNghiep] (ID, IDDoanhNghiep, IDCaNhan, IDDoiTuong, NgheNghiep, DaTra50) VALUES ('c4ae8bea-2fbe-4ec4-8d37-34a1dc54e2da', 'd0b238df-7762-4686-9dd8-74cb3efc86ec', 'f94801cf-dff3-4fe9-a497-4da94b03ae93', NULL, N'công nhân', null);
INSERT INTO [HoTroCovid].[dbo].[ThongTinHoTro] (ID, IDNoiDung, IDDoiTuong, IDCaNhan) VALUES ('f293f794-ad14-4be3-9709-c9999da5fe43', 1, NULL, 'f94801cf-dff3-4fe9-a497-4da94b03ae93');
INSERT INTO [HoTroCovid].[dbo].[HoSo] (ID, IDCaNhan, IDNoiDungHoTro, IDDoiTuong, SoThang, SoTien, ThanhTien, IDThongTinHoTro, DaChi, NguoiTao) VALUES ('ed7945d4-fbac-42d8-b6c4-e18e06b40425', 'f94801cf-dff3-4fe9-a497-4da94b03ae93', 1, NULL, 3, 1800000, 5400000, 'f293f794-ad14-4be3-9709-c9999da5fe43', 0, 'solaodong');
INSERT INTO [HoTroCovid].[dbo].[CaNhan] (ID, HoTen, GioiTinh, NgaySinh, CMND, SinhNam) VALUES ('8dccb572-8849-49d8-8a01-c0776bf699af', N'TRƯƠNG THÀNH DINH', 1, '1968-01-01', '211030973', 1968);
INSERT INTO [HoTroCovid].[dbo].[CaNhan_DoanhNghiep] (ID, IDDoanhNghiep, IDCaNhan, IDDoiTuong, NgheNghiep, DaTra50) VALUES ('17f52cda-89b3-436b-9acf-3fd6b5edb19f', '661117c5-fd90-4c1d-b623-4d81db47679a', '8dccb572-8849-49d8-8a01-c0776bf699af', NULL, N'Công nhân xây lắp', null);
INSERT INTO [HoTroCovid].[dbo].[ThongTinHoTro] (ID, IDNoiDung, IDDoiTuong, IDCaNhan) VALUES ('3ec80914-4791-4bf1-8bce-bcb3092e3b68', 1, NULL, '8dccb572-8849-49d8-8a01-c0776bf699af');
INSERT INTO [HoTroCovid].[dbo].[HoSo] (ID, IDCaNhan, IDNoiDungHoTro, IDDoiTuong, SoThang, SoTien, ThanhTien, IDThongTinHoTro, DaChi, NguoiTao) VALUES ('5519e0e5-bb10-450a-800c-b5bc40c22205', '8dccb572-8849-49d8-8a01-c0776bf699af', 1, NULL, 3, 1800000, 5400000, '3ec80914-4791-4bf1-8bce-bcb3092e3b68', 0, 'solaodong');
INSERT INTO [HoTroCovid].[dbo].[CaNhan] (ID, HoTen, GioiTinh, NgaySinh, CMND, SinhNam) VALUES ('e4f46918-e288-407d-b43d-f7a04d9bc277', N'ĐẶNG VĂN ĐÂY', 1, '1971-03-15', '211379379', 1971);
INSERT INTO [HoTroCovid].[dbo].[CaNhan_DoanhNghiep] (ID, IDDoanhNghiep, IDCaNhan, IDDoiTuong, NgheNghiep, DaTra50) VALUES ('146adbad-b270-470a-91f3-a59c721912fd', '661117c5-fd90-4c1d-b623-4d81db47679a', 'e4f46918-e288-407d-b43d-f7a04d9bc277', NULL, N'Công nhân xây lắp', null);
INSERT INTO [HoTroCovid].[dbo].[ThongTinHoTro] (ID, IDNoiDung, IDDoiTuong, IDCaNhan) VALUES ('2973c1c9-fa5e-4e59-a37c-f2584e56efe1', 1, NULL, 'e4f46918-e288-407d-b43d-f7a04d9bc277');
INSERT INTO [HoTroCovid].[dbo].[HoSo] (ID, IDCaNhan, IDNoiDungHoTro, IDDoiTuong, SoThang, SoTien, ThanhTien, IDThongTinHoTro, DaChi, NguoiTao) VALUES ('6be5bf8d-7776-4ff4-9a69-0410e448e5ca', 'e4f46918-e288-407d-b43d-f7a04d9bc277', 1, NULL, 3, 1800000, 5400000, '2973c1c9-fa5e-4e59-a37c-f2584e56efe1', 0, 'solaodong');
INSERT INTO [HoTroCovid].[dbo].[CaNhan] (ID, HoTen, GioiTinh, NgaySinh, CMND, SinhNam) VALUES ('938b87ec-0ea9-48e0-85fe-81aced63d024', N'ĐỖ NGỌC THÀNH', 1, '1986-03-20', '211861726', 1986);
INSERT INTO [HoTroCovid].[dbo].[CaNhan_DoanhNghiep] (ID, IDDoanhNghiep, IDCaNhan, IDDoiTuong, NgheNghiep, DaTra50) VALUES ('dbef5ccb-523f-447f-8a3d-39f98b110417', '661117c5-fd90-4c1d-b623-4d81db47679a', '938b87ec-0ea9-48e0-85fe-81aced63d024', NULL, N'Công nhân xây lắp', null);
INSERT INTO [HoTroCovid].[dbo].[ThongTinHoTro] (ID, IDNoiDung, IDDoiTuong, IDCaNhan) VALUES ('3b7e7e91-17a1-475f-9ec8-1fbb0b56219b', 1, NULL, '938b87ec-0ea9-48e0-85fe-81aced63d024');
INSERT INTO [HoTroCovid].[dbo].[HoSo] (ID, IDCaNhan, IDNoiDungHoTro, IDDoiTuong, SoThang, SoTien, ThanhTien, IDThongTinHoTro, DaChi, NguoiTao) VALUES ('ff114e50-d5d2-477e-beb3-b7560fd7811e', '938b87ec-0ea9-48e0-85fe-81aced63d024', 1, NULL, 3, 1800000, 5400000, '3b7e7e91-17a1-475f-9ec8-1fbb0b56219b', 0, 'solaodong');
INSERT INTO [HoTroCovid].[dbo].[CaNhan] (ID, HoTen, GioiTinh, NgaySinh, CMND, SinhNam) VALUES ('8dfe94a5-37eb-49fb-9ffb-84037b23447b', N'NGUYỄN NGỌC THỌ', 1, '1974-09-01', '211439268', 1974);
INSERT INTO [HoTroCovid].[dbo].[CaNhan_DoanhNghiep] (ID, IDDoanhNghiep, IDCaNhan, IDDoiTuong, NgheNghiep, DaTra50) VALUES ('8d1fc016-e580-4d00-a069-7ed670680324', '661117c5-fd90-4c1d-b623-4d81db47679a', '8dfe94a5-37eb-49fb-9ffb-84037b23447b', NULL, N'Công nhân xây lắp', null);
INSERT INTO [HoTroCovid].[dbo].[ThongTinHoTro] (ID, IDNoiDung, IDDoiTuong, IDCaNhan) VALUES ('c16a3143-5ae2-43a7-822a-0c0d73dc0c61', 1, NULL, '8dfe94a5-37eb-49fb-9ffb-84037b23447b');
INSERT INTO [HoTroCovid].[dbo].[HoSo] (ID, IDCaNhan, IDNoiDungHoTro, IDDoiTuong, SoThang, SoTien, ThanhTien, IDThongTinHoTro, DaChi, NguoiTao) VALUES ('845b60fb-67e8-45d5-b999-ca927c48659e', '8dfe94a5-37eb-49fb-9ffb-84037b23447b', 1, NULL, 3, 1800000, 5400000, 'c16a3143-5ae2-43a7-822a-0c0d73dc0c61', 0, 'solaodong');
INSERT INTO [HoTroCovid].[dbo].[CaNhan] (ID, HoTen, GioiTinh, NgaySinh, CMND, SinhNam) VALUES ('f7257e33-ce0a-44ea-82ee-4d72b844406d', N'NGUYỄN QUÍ', 1, '1978-12-01', '211598961', 1978);
INSERT INTO [HoTroCovid].[dbo].[CaNhan_DoanhNghiep] (ID, IDDoanhNghiep, IDCaNhan, IDDoiTuong, NgheNghiep, DaTra50) VALUES ('1a4603d9-4659-43f2-8179-81269ed41ea7', '661117c5-fd90-4c1d-b623-4d81db47679a', 'f7257e33-ce0a-44ea-82ee-4d72b844406d', NULL, N'Kỷ thuật thi công', null);
INSERT INTO [HoTroCovid].[dbo].[ThongTinHoTro] (ID, IDNoiDung, IDDoiTuong, IDCaNhan) VALUES ('387d4617-dd7f-4928-82f5-1b000f29a708', 1, NULL, 'f7257e33-ce0a-44ea-82ee-4d72b844406d');
INSERT INTO [HoTroCovid].[dbo].[HoSo] (ID, IDCaNhan, IDNoiDungHoTro, IDDoiTuong, SoThang, SoTien, ThanhTien, IDThongTinHoTro, DaChi, NguoiTao) VALUES ('5f88f5fe-cfac-4130-8165-3bc74679531c', 'f7257e33-ce0a-44ea-82ee-4d72b844406d', 1, NULL, 3, 1800000, 5400000, '387d4617-dd7f-4928-82f5-1b000f29a708', 0, 'solaodong');
INSERT INTO [HoTroCovid].[dbo].[CaNhan] (ID, HoTen, GioiTinh, NgaySinh, CMND, SinhNam) VALUES ('176ed09f-cae4-4b24-a709-13c36ed54e76', N'ĐẶNG HẬU', 1, '1994-03-01', '215278295', 1994);
INSERT INTO [HoTroCovid].[dbo].[CaNhan_DoanhNghiep] (ID, IDDoanhNghiep, IDCaNhan, IDDoiTuong, NgheNghiep, DaTra50) VALUES ('ad92f3aa-a148-40ad-a67d-4207e3a9bb73', '661117c5-fd90-4c1d-b623-4d81db47679a', '176ed09f-cae4-4b24-a709-13c36ed54e76', NULL, N'Công nhân xây lắp', null);
INSERT INTO [HoTroCovid].[dbo].[ThongTinHoTro] (ID, IDNoiDung, IDDoiTuong, IDCaNhan) VALUES ('1968a45d-d5de-41e7-981b-7d2a599503f0', 1, NULL, '176ed09f-cae4-4b24-a709-13c36ed54e76');
INSERT INTO [HoTroCovid].[dbo].[HoSo] (ID, IDCaNhan, IDNoiDungHoTro, IDDoiTuong, SoThang, SoTien, ThanhTien, IDThongTinHoTro, DaChi, NguoiTao) VALUES ('f58e1922-f4d1-4a9d-ae70-ad2b9a26c249', '176ed09f-cae4-4b24-a709-13c36ed54e76', 1, NULL, 3, 1800000, 5400000, '1968a45d-d5de-41e7-981b-7d2a599503f0', 0, 'solaodong');
INSERT INTO [HoTroCovid].[dbo].[CaNhan] (ID, HoTen, GioiTinh, NgaySinh, CMND, SinhNam) VALUES ('d0776a09-7d5e-4365-a70e-41419ce16961', N'Cao Sao Biển', 1, '1990-02-01', '215191368', 1990);
INSERT INTO [HoTroCovid].[dbo].[CaNhan_DoanhNghiep] (ID, IDDoanhNghiep, IDCaNhan, IDDoiTuong, NgheNghiep, DaTra50) VALUES ('d41dc02b-123e-4b4b-a96d-e5cfb6db056a', 'd0b238df-7762-4686-9dd8-74cb3efc86ec', 'd0776a09-7d5e-4365-a70e-41419ce16961', NULL, N'công nhân', null);
INSERT INTO [HoTroCovid].[dbo].[ThongTinHoTro] (ID, IDNoiDung, IDDoiTuong, IDCaNhan) VALUES ('72215776-e06d-4990-bc00-d6ae30e265c7', 1, NULL, 'd0776a09-7d5e-4365-a70e-41419ce16961');
INSERT INTO [HoTroCovid].[dbo].[HoSo] (ID, IDCaNhan, IDNoiDungHoTro, IDDoiTuong, SoThang, SoTien, ThanhTien, IDThongTinHoTro, DaChi, NguoiTao) VALUES ('1cc51f37-fa46-43ff-9573-d39b30252964', 'd0776a09-7d5e-4365-a70e-41419ce16961', 1, NULL, 3, 1800000, 5400000, '72215776-e06d-4990-bc00-d6ae30e265c7', 0, 'solaodong');
INSERT INTO [HoTroCovid].[dbo].[CaNhan] (ID, HoTen, GioiTinh, NgaySinh, CMND, SinhNam) VALUES ('7f7a2ae7-90a7-4729-990d-ac777133bd38', N'LÊ VĂN HỮU', 1, '1973-03-02', '211460291', 1973);
INSERT INTO [HoTroCovid].[dbo].[CaNhan_DoanhNghiep] (ID, IDDoanhNghiep, IDCaNhan, IDDoiTuong, NgheNghiep, DaTra50) VALUES ('54665815-7aed-47b6-959a-5c66959f7220', '661117c5-fd90-4c1d-b623-4d81db47679a', '7f7a2ae7-90a7-4729-990d-ac777133bd38', NULL, N'Công nhân xây lắp', null);
INSERT INTO [HoTroCovid].[dbo].[ThongTinHoTro] (ID, IDNoiDung, IDDoiTuong, IDCaNhan) VALUES ('800ccd1d-b604-4f8c-8e33-e7bb63473504', 1, NULL, '7f7a2ae7-90a7-4729-990d-ac777133bd38');
INSERT INTO [HoTroCovid].[dbo].[HoSo] (ID, IDCaNhan, IDNoiDungHoTro, IDDoiTuong, SoThang, SoTien, ThanhTien, IDThongTinHoTro, DaChi, NguoiTao) VALUES ('47d965e9-3935-4b98-b47c-ef479fdd93cf', '7f7a2ae7-90a7-4729-990d-ac777133bd38', 1, NULL, 3, 1800000, 5400000, '800ccd1d-b604-4f8c-8e33-e7bb63473504', 0, 'solaodong');
INSERT INTO [HoTroCovid].[dbo].[CaNhan] (ID, HoTen, GioiTinh, NgaySinh, CMND, SinhNam) VALUES ('b3ecdad8-9296-4e77-a146-fb75f323ddbc', N'NGUYỄN HUY TRUNG', 1, '1994-11-25', '215378371', 1994);
INSERT INTO [HoTroCovid].[dbo].[CaNhan_DoanhNghiep] (ID, IDDoanhNghiep, IDCaNhan, IDDoiTuong, NgheNghiep, DaTra50) VALUES ('3c4c13b3-f27c-4882-a42c-93056828076b', '661117c5-fd90-4c1d-b623-4d81db47679a', 'b3ecdad8-9296-4e77-a146-fb75f323ddbc', NULL, N'Công nhân xây lắp', null);
INSERT INTO [HoTroCovid].[dbo].[ThongTinHoTro] (ID, IDNoiDung, IDDoiTuong, IDCaNhan) VALUES ('5991ff08-5143-436e-94c4-7f98675d9457', 1, NULL, 'b3ecdad8-9296-4e77-a146-fb75f323ddbc');
INSERT INTO [HoTroCovid].[dbo].[HoSo] (ID, IDCaNhan, IDNoiDungHoTro, IDDoiTuong, SoThang, SoTien, ThanhTien, IDThongTinHoTro, DaChi, NguoiTao) VALUES ('0885a198-e05b-4732-8f20-1996bed4ad19', 'b3ecdad8-9296-4e77-a146-fb75f323ddbc', 1, NULL, 3, 1800000, 5400000, '5991ff08-5143-436e-94c4-7f98675d9457', 0, 'solaodong');
INSERT INTO [HoTroCovid].[dbo].[CaNhan] (ID, HoTen, GioiTinh, NgaySinh, CMND, SinhNam) VALUES ('475de9c0-a80d-4723-966f-6f6fc2d3348e', N'HỒ NAM SƠN', 1, '1978-05-03', '211612642', 1978);
INSERT INTO [HoTroCovid].[dbo].[CaNhan_DoanhNghiep] (ID, IDDoanhNghiep, IDCaNhan, IDDoiTuong, NgheNghiep, DaTra50) VALUES ('d8e4d3a7-c600-41aa-afc7-2a61b86b09f0', '661117c5-fd90-4c1d-b623-4d81db47679a', '475de9c0-a80d-4723-966f-6f6fc2d3348e', NULL, N'Kỷ thuật thi công', null);
INSERT INTO [HoTroCovid].[dbo].[ThongTinHoTro] (ID, IDNoiDung, IDDoiTuong, IDCaNhan) VALUES ('e6b7a378-01e4-40e7-b3ad-e6a07ac9d595', 1, NULL, '475de9c0-a80d-4723-966f-6f6fc2d3348e');
INSERT INTO [HoTroCovid].[dbo].[HoSo] (ID, IDCaNhan, IDNoiDungHoTro, IDDoiTuong, SoThang, SoTien, ThanhTien, IDThongTinHoTro, DaChi, NguoiTao) VALUES ('081b6a66-b875-4325-af71-d6c44db4de0b', '475de9c0-a80d-4723-966f-6f6fc2d3348e', 1, NULL, 3, 1800000, 5400000, 'e6b7a378-01e4-40e7-b3ad-e6a07ac9d595', 0, 'solaodong');
INSERT INTO [HoTroCovid].[dbo].[CaNhan] (ID, HoTen, GioiTinh, NgaySinh, CMND, SinhNam) VALUES ('196495f2-75bf-495c-8203-001d6ab4cf4d', N'TRƯƠNG PHÚ QUỐC', 1, '1977-06-11', '211541396', 1977);
INSERT INTO [HoTroCovid].[dbo].[CaNhan_DoanhNghiep] (ID, IDDoanhNghiep, IDCaNhan, IDDoiTuong, NgheNghiep, DaTra50) VALUES ('1f2d6921-1bcf-4fd0-9ca0-5d8a118026c3', '661117c5-fd90-4c1d-b623-4d81db47679a', '196495f2-75bf-495c-8203-001d6ab4cf4d', NULL, N'Công nhân xây lắp', null);
INSERT INTO [HoTroCovid].[dbo].[ThongTinHoTro] (ID, IDNoiDung, IDDoiTuong, IDCaNhan) VALUES ('bb7f6ec6-48e9-4094-8c2d-019dc5f6850b', 1, NULL, '196495f2-75bf-495c-8203-001d6ab4cf4d');
INSERT INTO [HoTroCovid].[dbo].[HoSo] (ID, IDCaNhan, IDNoiDungHoTro, IDDoiTuong, SoThang, SoTien, ThanhTien, IDThongTinHoTro, DaChi, NguoiTao) VALUES ('acbd7d33-9245-41ad-941a-cdfb8d465ca3', '196495f2-75bf-495c-8203-001d6ab4cf4d', 1, NULL, 3, 1800000, 5400000, 'bb7f6ec6-48e9-4094-8c2d-019dc5f6850b', 0, 'solaodong');
INSERT INTO [HoTroCovid].[dbo].[CaNhan] (ID, HoTen, GioiTinh, NgaySinh, CMND, SinhNam) VALUES ('ff835d0c-ddb9-4564-b56b-67127711ddf3', N'PHAN VĂN THANH', 1, '1985-02-11', '211858311', 1985);
INSERT INTO [HoTroCovid].[dbo].[CaNhan_DoanhNghiep] (ID, IDDoanhNghiep, IDCaNhan, IDDoiTuong, NgheNghiep, DaTra50) VALUES ('1709a8cd-1455-4bfb-8807-330d406bda09', '661117c5-fd90-4c1d-b623-4d81db47679a', 'ff835d0c-ddb9-4564-b56b-67127711ddf3', NULL, N'Lái máy', null);
INSERT INTO [HoTroCovid].[dbo].[ThongTinHoTro] (ID, IDNoiDung, IDDoiTuong, IDCaNhan) VALUES ('a13f4cdf-6272-45e0-a675-0a30d0ace3e6', 1, NULL, 'ff835d0c-ddb9-4564-b56b-67127711ddf3');
INSERT INTO [HoTroCovid].[dbo].[HoSo] (ID, IDCaNhan, IDNoiDungHoTro, IDDoiTuong, SoThang, SoTien, ThanhTien, IDThongTinHoTro, DaChi, NguoiTao) VALUES ('e7b32fd6-3874-425e-88d8-2e7e5dd485e4', 'ff835d0c-ddb9-4564-b56b-67127711ddf3', 1, NULL, 3, 1800000, 5400000, 'a13f4cdf-6272-45e0-a675-0a30d0ace3e6', 0, 'solaodong');
INSERT INTO [HoTroCovid].[dbo].[CaNhan] (ID, HoTen, GioiTinh, NgaySinh, CMND, SinhNam) VALUES ('845fcd77-0aae-4a09-b323-5a67f32ab769', N'HỒ ĐỨC THUẬN', 1, '1972-04-28', '211390919', 1972);
INSERT INTO [HoTroCovid].[dbo].[CaNhan_DoanhNghiep] (ID, IDDoanhNghiep, IDCaNhan, IDDoiTuong, NgheNghiep, DaTra50) VALUES ('5746fc41-5980-436b-8dea-bfe9cd31d94d', '661117c5-fd90-4c1d-b623-4d81db47679a', '845fcd77-0aae-4a09-b323-5a67f32ab769', NULL, N'Công nhân xây lắp', null);
INSERT INTO [HoTroCovid].[dbo].[ThongTinHoTro] (ID, IDNoiDung, IDDoiTuong, IDCaNhan) VALUES ('be664450-07c5-445a-b504-eacf7a8985a3', 1, NULL, '845fcd77-0aae-4a09-b323-5a67f32ab769');
INSERT INTO [HoTroCovid].[dbo].[HoSo] (ID, IDCaNhan, IDNoiDungHoTro, IDDoiTuong, SoThang, SoTien, ThanhTien, IDThongTinHoTro, DaChi, NguoiTao) VALUES ('96af9829-0435-480c-bd3d-2d2516672a6e', '845fcd77-0aae-4a09-b323-5a67f32ab769', 1, NULL, 3, 1800000, 5400000, 'be664450-07c5-445a-b504-eacf7a8985a3', 0, 'solaodong');
INSERT INTO [HoTroCovid].[dbo].[CaNhan] (ID, HoTen, GioiTinh, NgaySinh, CMND, SinhNam) VALUES ('b1204947-a4b0-4a6e-a9b1-50551afa90f3', N'Phạm Thị Mộng Mơ', NULL, '1997-01-25', '215408170', 1997);
INSERT INTO [HoTroCovid].[dbo].[CaNhan_DoanhNghiep] (ID, IDDoanhNghiep, IDCaNhan, IDDoiTuong, NgheNghiep, DaTra50) VALUES ('10b42b6a-f566-46af-8180-931443396f66', '8f68b99e-5018-4e4c-9fdb-8acedd7189fa', 'b1204947-a4b0-4a6e-a9b1-50551afa90f3', NULL, N'Nhân viên Lễ tân', false);
INSERT INTO [HoTroCovid].[dbo].[ThongTinHoTro] (ID, IDNoiDung, IDDoiTuong, IDCaNhan) VALUES ('f123b6d7-868f-4587-9b28-abc077f38c3e', 1, NULL, 'b1204947-a4b0-4a6e-a9b1-50551afa90f3');
INSERT INTO [HoTroCovid].[dbo].[HoSo] (ID, IDCaNhan, IDNoiDungHoTro, IDDoiTuong, SoThang, SoTien, ThanhTien, IDThongTinHoTro, DaChi, NguoiTao) VALUES ('9edfe3c7-ebce-4193-91c8-6906e316b8d4', 'b1204947-a4b0-4a6e-a9b1-50551afa90f3', 1, NULL, 3, 1800000, 5400000, 'f123b6d7-868f-4587-9b28-abc077f38c3e', 0, 'solaodong');
INSERT INTO [HoTroCovid].[dbo].[CaNhan] (ID, HoTen, GioiTinh, NgaySinh, CMND, SinhNam) VALUES ('c6cae414-c4fe-4ddb-9ee0-b52018186c09', N'Phan Thị Ngọc Diễm', NULL, '1983-01-23', '211775967', 1983);
INSERT INTO [HoTroCovid].[dbo].[CaNhan_DoanhNghiep] (ID, IDDoanhNghiep, IDCaNhan, IDDoiTuong, NgheNghiep, DaTra50) VALUES ('7ee0d126-fad1-4990-b5a8-a8f05d082863', '8f68b99e-5018-4e4c-9fdb-8acedd7189fa', 'c6cae414-c4fe-4ddb-9ee0-b52018186c09', NULL, N'Giám sát Buồng phòng', false);
INSERT INTO [HoTroCovid].[dbo].[ThongTinHoTro] (ID, IDNoiDung, IDDoiTuong, IDCaNhan) VALUES ('45740b7c-747d-4f31-858a-216ab456e99b', 1, NULL, 'c6cae414-c4fe-4ddb-9ee0-b52018186c09');
INSERT INTO [HoTroCovid].[dbo].[HoSo] (ID, IDCaNhan, IDNoiDungHoTro, IDDoiTuong, SoThang, SoTien, ThanhTien, IDThongTinHoTro, DaChi, NguoiTao) VALUES ('51c33fe0-507b-4531-9d65-4eaafc0a82ae', 'c6cae414-c4fe-4ddb-9ee0-b52018186c09', 1, NULL, 3, 1800000, 5400000, '45740b7c-747d-4f31-858a-216ab456e99b', 0, 'solaodong');
INSERT INTO [HoTroCovid].[dbo].[CaNhan] (ID, HoTen, GioiTinh, NgaySinh, CMND, SinhNam) VALUES ('05643af4-529d-44bb-b6f6-73bfdeb643a3', N'Nguyễn Thị Hằng', 1, '1987-04-26', '211854466', 1987);
INSERT INTO [HoTroCovid].[dbo].[CaNhan_DoanhNghiep] (ID, IDDoanhNghiep, IDCaNhan, IDDoiTuong, NgheNghiep, DaTra50) VALUES ('254e1f6f-66b4-4372-990b-9b98d4b2f580', '8f68b99e-5018-4e4c-9fdb-8acedd7189fa', '05643af4-529d-44bb-b6f6-73bfdeb643a3', NULL, N'Nhân viên dọn phòng', false);
INSERT INTO [HoTroCovid].[dbo].[ThongTinHoTro] (ID, IDNoiDung, IDDoiTuong, IDCaNhan) VALUES ('72ad08b4-0329-436f-8288-543b804e1037', 1, NULL, '05643af4-529d-44bb-b6f6-73bfdeb643a3');
INSERT INTO [HoTroCovid].[dbo].[HoSo] (ID, IDCaNhan, IDNoiDungHoTro, IDDoiTuong, SoThang, SoTien, ThanhTien, IDThongTinHoTro, DaChi, NguoiTao) VALUES ('5b0190ef-8d85-4eac-90a5-d6a71932cbda', '05643af4-529d-44bb-b6f6-73bfdeb643a3', 1, NULL, 3, 1800000, 5400000, '72ad08b4-0329-436f-8288-543b804e1037', 0, 'solaodong');
INSERT INTO [HoTroCovid].[dbo].[CaNhan] (ID, HoTen, GioiTinh, NgaySinh, CMND, SinhNam) VALUES ('5563c6a4-09ab-475f-8231-121e5a2bf5bb', N'Nguyễn Xuân Hiếu', 1, '1994-10-20', '215326882', 1994);
INSERT INTO [HoTroCovid].[dbo].[CaNhan_DoanhNghiep] (ID, IDDoanhNghiep, IDCaNhan, IDDoiTuong, NgheNghiep, DaTra50) VALUES ('8079f5cc-8370-4178-9638-988b99d389fd', '8f68b99e-5018-4e4c-9fdb-8acedd7189fa', '5563c6a4-09ab-475f-8231-121e5a2bf5bb', NULL, N'Giám sát Buồng phòng', false);
INSERT INTO [HoTroCovid].[dbo].[ThongTinHoTro] (ID, IDNoiDung, IDDoiTuong, IDCaNhan) VALUES ('4cb552ec-095a-4b07-b041-e595fe53b332', 1, NULL, '5563c6a4-09ab-475f-8231-121e5a2bf5bb');
INSERT INTO [HoTroCovid].[dbo].[HoSo] (ID, IDCaNhan, IDNoiDungHoTro, IDDoiTuong, SoThang, SoTien, ThanhTien, IDThongTinHoTro, DaChi, NguoiTao) VALUES ('857ab242-85cd-464a-b5c0-ad049043fc4a', '5563c6a4-09ab-475f-8231-121e5a2bf5bb', 1, NULL, 3, 1800000, 5400000, '4cb552ec-095a-4b07-b041-e595fe53b332', 0, 'solaodong');
INSERT INTO [HoTroCovid].[dbo].[CaNhan] (ID, HoTen, GioiTinh, NgaySinh, CMND, SinhNam) VALUES ('cb6ab11d-bbc9-4eb1-8b4a-886b4dcde062', N'Lê Thị Kim Tính', NULL, '1970-01-14', '211328017', 1970);
INSERT INTO [HoTroCovid].[dbo].[CaNhan_DoanhNghiep] (ID, IDDoanhNghiep, IDCaNhan, IDDoiTuong, NgheNghiep, DaTra50) VALUES ('f8b72253-b7b1-4a50-96d2-0447686af286', '8f68b99e-5018-4e4c-9fdb-8acedd7189fa', 'cb6ab11d-bbc9-4eb1-8b4a-886b4dcde062', NULL, N'Nhân viên dọn phòng', false);
INSERT INTO [HoTroCovid].[dbo].[ThongTinHoTro] (ID, IDNoiDung, IDDoiTuong, IDCaNhan) VALUES ('c2b64ec4-9d18-43a9-aa52-817a29618a32', 1, NULL, 'cb6ab11d-bbc9-4eb1-8b4a-886b4dcde062');
INSERT INTO [HoTroCovid].[dbo].[HoSo] (ID, IDCaNhan, IDNoiDungHoTro, IDDoiTuong, SoThang, SoTien, ThanhTien, IDThongTinHoTro, DaChi, NguoiTao) VALUES ('707692f9-fee2-4eb4-a671-3904ed425f03', 'cb6ab11d-bbc9-4eb1-8b4a-886b4dcde062', 1, NULL, 3, 1800000, 5400000, 'c2b64ec4-9d18-43a9-aa52-817a29618a32', 0, 'solaodong');
INSERT INTO [HoTroCovid].[dbo].[CaNhan] (ID, HoTen, GioiTinh, NgaySinh, CMND, SinhNam) VALUES ('8d441362-13a9-4ac4-9686-461730ac9d81', N'Phạm Thị Hồng Yến', NULL, '1989-04-28', '215177630', 1989);
INSERT INTO [HoTroCovid].[dbo].[CaNhan_DoanhNghiep] (ID, IDDoanhNghiep, IDCaNhan, IDDoiTuong, NgheNghiep, DaTra50) VALUES ('03fbb318-77d1-4b83-8d47-b9ce40a8fc10', '8f68b99e-5018-4e4c-9fdb-8acedd7189fa', '8d441362-13a9-4ac4-9686-461730ac9d81', NULL, N'Nhân viên cắm hoa', false);
INSERT INTO [HoTroCovid].[dbo].[ThongTinHoTro] (ID, IDNoiDung, IDDoiTuong, IDCaNhan) VALUES ('0e34be91-69b7-4dba-98b8-c9f513678c7a', 1, NULL, '8d441362-13a9-4ac4-9686-461730ac9d81');
INSERT INTO [HoTroCovid].[dbo].[HoSo] (ID, IDCaNhan, IDNoiDungHoTro, IDDoiTuong, SoThang, SoTien, ThanhTien, IDThongTinHoTro, DaChi, NguoiTao) VALUES ('4c27d8c1-9c6d-46e8-b4a2-92e6f00d6e80', '8d441362-13a9-4ac4-9686-461730ac9d81', 1, NULL, 3, 1800000, 5400000, '0e34be91-69b7-4dba-98b8-c9f513678c7a', 0, 'solaodong');
INSERT INTO [HoTroCovid].[dbo].[CaNhan] (ID, HoTen, GioiTinh, NgaySinh, CMND, SinhNam) VALUES ('76569318-7f39-470b-b94c-0f49e002a094', N'Dương Thị Mai Hoa', NULL, '1966-04-08', '211095245', 1966);
INSERT INTO [HoTroCovid].[dbo].[CaNhan_DoanhNghiep] (ID, IDDoanhNghiep, IDCaNhan, IDDoiTuong, NgheNghiep, DaTra50) VALUES ('2bff0817-f643-4316-a4bd-8d8a54fb9c12', '8f68b99e-5018-4e4c-9fdb-8acedd7189fa', '76569318-7f39-470b-b94c-0f49e002a094', NULL, N'Nhân viên giặt ủi', false);
INSERT INTO [HoTroCovid].[dbo].[ThongTinHoTro] (ID, IDNoiDung, IDDoiTuong, IDCaNhan) VALUES ('fda063ad-a834-4127-9818-b11201a4a4e8', 1, NULL, '76569318-7f39-470b-b94c-0f49e002a094');
INSERT INTO [HoTroCovid].[dbo].[HoSo] (ID, IDCaNhan, IDNoiDungHoTro, IDDoiTuong, SoThang, SoTien, ThanhTien, IDThongTinHoTro, DaChi, NguoiTao) VALUES ('34a8bdc0-ffe9-43ab-b7b8-482e3737f974', '76569318-7f39-470b-b94c-0f49e002a094', 1, NULL, 3, 1800000, 5400000, 'fda063ad-a834-4127-9818-b11201a4a4e8', 0, 'solaodong');
INSERT INTO [HoTroCovid].[dbo].[CaNhan] (ID, HoTen, GioiTinh, NgaySinh, CMND, SinhNam) VALUES ('5a04ccb2-c6bf-4164-ae35-178682e5b323', N'Nguyễn Thị Hồng Phấn', NULL, '1988-02-28', '215100290', 1988);
INSERT INTO [HoTroCovid].[dbo].[CaNhan_DoanhNghiep] (ID, IDDoanhNghiep, IDCaNhan, IDDoiTuong, NgheNghiep, DaTra50) VALUES ('2a27199d-a186-4b04-8ac5-c68ead6e08e6', '8f68b99e-5018-4e4c-9fdb-8acedd7189fa', '5a04ccb2-c6bf-4164-ae35-178682e5b323', NULL, N'Nhân viên dọn phòng', false);
INSERT INTO [HoTroCovid].[dbo].[ThongTinHoTro] (ID, IDNoiDung, IDDoiTuong, IDCaNhan) VALUES ('8fd1974f-1a2c-4784-97cc-42dc40c820ba', 1, NULL, '5a04ccb2-c6bf-4164-ae35-178682e5b323');
INSERT INTO [HoTroCovid].[dbo].[HoSo] (ID, IDCaNhan, IDNoiDungHoTro, IDDoiTuong, SoThang, SoTien, ThanhTien, IDThongTinHoTro, DaChi, NguoiTao) VALUES ('cbede8f6-3e88-446e-b517-869dd41b19db', '5a04ccb2-c6bf-4164-ae35-178682e5b323', 1, NULL, 3, 1800000, 5400000, '8fd1974f-1a2c-4784-97cc-42dc40c820ba', 0, 'solaodong');
INSERT INTO [HoTroCovid].[dbo].[CaNhan] (ID, HoTen, GioiTinh, NgaySinh, CMND, SinhNam) VALUES ('d3033f50-1480-499d-9e63-4a5ee6bef690', N'Trần Thị Út', NULL, '1994-12-07', '205846285', 1994);
INSERT INTO [HoTroCovid].[dbo].[CaNhan_DoanhNghiep] (ID, IDDoanhNghiep, IDCaNhan, IDDoiTuong, NgheNghiep, DaTra50) VALUES ('c60c0a2e-0a15-4b3b-bf1a-e09b15e0d587', '8f68b99e-5018-4e4c-9fdb-8acedd7189fa', 'd3033f50-1480-499d-9e63-4a5ee6bef690', NULL, N'Nhân viên giặt ủi', false);
INSERT INTO [HoTroCovid].[dbo].[ThongTinHoTro] (ID, IDNoiDung, IDDoiTuong, IDCaNhan) VALUES ('5bd7e911-27d8-4d64-9dbe-d9bab75590a7', 1, NULL, 'd3033f50-1480-499d-9e63-4a5ee6bef690');
INSERT INTO [HoTroCovid].[dbo].[HoSo] (ID, IDCaNhan, IDNoiDungHoTro, IDDoiTuong, SoThang, SoTien, ThanhTien, IDThongTinHoTro, DaChi, NguoiTao) VALUES ('853a948d-0275-4ba6-9794-e682bc7e3f7b', 'd3033f50-1480-499d-9e63-4a5ee6bef690', 1, NULL, 3, 1800000, 5400000, '5bd7e911-27d8-4d64-9dbe-d9bab75590a7', 0, 'solaodong');
INSERT INTO [HoTroCovid].[dbo].[CaNhan] (ID, HoTen, GioiTinh, NgaySinh, CMND, SinhNam) VALUES ('412d16be-3350-4a14-a682-5acc14e46709', N'Nguyễn Văn Tưởng', 1, '2000-06-11', '215493641', 2000);
INSERT INTO [HoTroCovid].[dbo].[CaNhan_DoanhNghiep] (ID, IDDoanhNghiep, IDCaNhan, IDDoiTuong, NgheNghiep, DaTra50) VALUES ('adf525bb-aac8-46c2-8907-749e66d071ca', '8f68b99e-5018-4e4c-9fdb-8acedd7189fa', '412d16be-3350-4a14-a682-5acc14e46709', NULL, N'Nhân viên giặt ủi', false);
INSERT INTO [HoTroCovid].[dbo].[ThongTinHoTro] (ID, IDNoiDung, IDDoiTuong, IDCaNhan) VALUES ('3e310118-72f8-44dc-8f76-d42c65e33aa8', 1, NULL, '412d16be-3350-4a14-a682-5acc14e46709');
INSERT INTO [HoTroCovid].[dbo].[HoSo] (ID, IDCaNhan, IDNoiDungHoTro, IDDoiTuong, SoThang, SoTien, ThanhTien, IDThongTinHoTro, DaChi, NguoiTao) VALUES ('86d11511-4a23-4c50-8d00-4283c21b3e21', '412d16be-3350-4a14-a682-5acc14e46709', 1, NULL, 3, 1800000, 5400000, '3e310118-72f8-44dc-8f76-d42c65e33aa8', 0, 'solaodong');
INSERT INTO [HoTroCovid].[dbo].[CaNhan] (ID, HoTen, GioiTinh, NgaySinh, CMND, SinhNam) VALUES ('a35cd880-bbb3-4075-b862-69d278e07d16', N'Hà Thị Ngọc Anh', NULL, '1978-05-28', '211586408', 1978);
INSERT INTO [HoTroCovid].[dbo].[CaNhan_DoanhNghiep] (ID, IDDoanhNghiep, IDCaNhan, IDDoiTuong, NgheNghiep, DaTra50) VALUES ('57bb61fc-5c2f-4073-8fe5-7d310d597e32', '8f68b99e-5018-4e4c-9fdb-8acedd7189fa', 'a35cd880-bbb3-4075-b862-69d278e07d16', NULL, N'Nhân viên dọn phòng', false);
INSERT INTO [HoTroCovid].[dbo].[ThongTinHoTro] (ID, IDNoiDung, IDDoiTuong, IDCaNhan) VALUES ('978e6437-ad20-43b4-88c9-742897e989ea', 1, NULL, 'a35cd880-bbb3-4075-b862-69d278e07d16');
INSERT INTO [HoTroCovid].[dbo].[HoSo] (ID, IDCaNhan, IDNoiDungHoTro, IDDoiTuong, SoThang, SoTien, ThanhTien, IDThongTinHoTro, DaChi, NguoiTao) VALUES ('c2e96213-0d4b-4e88-93e1-8b8ae8a04fdc', 'a35cd880-bbb3-4075-b862-69d278e07d16', 1, NULL, 3, 1800000, 5400000, '978e6437-ad20-43b4-88c9-742897e989ea', 0, 'solaodong');
INSERT INTO [HoTroCovid].[dbo].[CaNhan] (ID, HoTen, GioiTinh, NgaySinh, CMND, SinhNam) VALUES ('d34728f0-aee2-4b71-9b06-da4e751c0572', N'Nguyễn Thành Luân', 1, '1992-10-10', '215213608', 1992);
INSERT INTO [HoTroCovid].[dbo].[CaNhan_DoanhNghiep] (ID, IDDoanhNghiep, IDCaNhan, IDDoiTuong, NgheNghiep, DaTra50) VALUES ('c52545aa-e05a-4125-9a09-b0bbc6e50d04', 'e49841c9-785e-405e-9bf6-c9e9638c10e4', 'd34728f0-aee2-4b71-9b06-da4e751c0572', NULL, N'CN CP BBVT', null);
INSERT INTO [HoTroCovid].[dbo].[ThongTinHoTro] (ID, IDNoiDung, IDDoiTuong, IDCaNhan) VALUES ('6dec16b1-c2a9-47e0-9330-e68b348b4b2b', 1, NULL, 'd34728f0-aee2-4b71-9b06-da4e751c0572');
INSERT INTO [HoTroCovid].[dbo].[HoSo] (ID, IDCaNhan, IDNoiDungHoTro, IDDoiTuong, SoThang, SoTien, ThanhTien, IDThongTinHoTro, DaChi, NguoiTao) VALUES ('c0e7d1e4-b368-4b20-b919-e18ba36d5fb6', 'd34728f0-aee2-4b71-9b06-da4e751c0572', 1, NULL, 3, 1800000, 5400000, '6dec16b1-c2a9-47e0-9330-e68b348b4b2b', 0, 'solaodong');
INSERT INTO [HoTroCovid].[dbo].[CaNhan] (ID, HoTen, GioiTinh, NgaySinh, CMND, SinhNam) VALUES ('337e4a3c-0287-4e65-a464-bd3236415395', N'Nguyễn Văn Danh', 1, '1975-01-16', '211462129', 1975);
INSERT INTO [HoTroCovid].[dbo].[CaNhan_DoanhNghiep] (ID, IDDoanhNghiep, IDCaNhan, IDDoiTuong, NgheNghiep, DaTra50) VALUES ('998297f8-1f83-449a-9988-19c58e7ea625', 'e49841c9-785e-405e-9bf6-c9e9638c10e4', '337e4a3c-0287-4e65-a464-bd3236415395', NULL, N'CNCBHSĐL', null);
INSERT INTO [HoTroCovid].[dbo].[ThongTinHoTro] (ID, IDNoiDung, IDDoiTuong, IDCaNhan) VALUES ('b87d31ab-e455-4574-963b-d1264c5e8cd6', 1, NULL, '337e4a3c-0287-4e65-a464-bd3236415395');
INSERT INTO [HoTroCovid].[dbo].[HoSo] (ID, IDCaNhan, IDNoiDungHoTro, IDDoiTuong, SoThang, SoTien, ThanhTien, IDThongTinHoTro, DaChi, NguoiTao) VALUES ('ee79b089-eddc-4ab7-922c-27ca216a3eeb', '337e4a3c-0287-4e65-a464-bd3236415395', 1, NULL, 3, 1800000, 5400000, 'b87d31ab-e455-4574-963b-d1264c5e8cd6', 0, 'solaodong');
INSERT INTO [HoTroCovid].[dbo].[CaNhan] (ID, HoTen, GioiTinh, NgaySinh, CMND, SinhNam) VALUES ('390bdda6-3982-40fb-9278-619c459d499c', N'Phan Thanh Bình', 1, '1984-11-17', '215026464', 1984);
INSERT INTO [HoTroCovid].[dbo].[CaNhan_DoanhNghiep] (ID, IDDoanhNghiep, IDCaNhan, IDDoiTuong, NgheNghiep, DaTra50) VALUES ('20aa15fe-583f-41fa-bd28-2a8af78898f6', 'e49841c9-785e-405e-9bf6-c9e9638c10e4', '390bdda6-3982-40fb-9278-619c459d499c', NULL, N'CNCBHSĐL', null);
INSERT INTO [HoTroCovid].[dbo].[ThongTinHoTro] (ID, IDNoiDung, IDDoiTuong, IDCaNhan) VALUES ('40f6b978-fae1-41c4-87d3-1805a290fe86', 1, NULL, '390bdda6-3982-40fb-9278-619c459d499c');
INSERT INTO [HoTroCovid].[dbo].[HoSo] (ID, IDCaNhan, IDNoiDungHoTro, IDDoiTuong, SoThang, SoTien, ThanhTien, IDThongTinHoTro, DaChi, NguoiTao) VALUES ('20dbe468-2ba2-416f-933d-2f8fb16ed3b0', '390bdda6-3982-40fb-9278-619c459d499c', 1, NULL, 3, 1800000, 5400000, '40f6b978-fae1-41c4-87d3-1805a290fe86', 0, 'solaodong');
INSERT INTO [HoTroCovid].[dbo].[CaNhan] (ID, HoTen, GioiTinh, NgaySinh, CMND, SinhNam) VALUES ('22232a3f-d98e-408b-9a62-29083dab8233', N'Nguyễn Tường Lợi', 1, '1982-09-10', '215084643', 1982);
INSERT INTO [HoTroCovid].[dbo].[CaNhan_DoanhNghiep] (ID, IDDoanhNghiep, IDCaNhan, IDDoiTuong, NgheNghiep, DaTra50) VALUES ('8a184e54-69d0-445e-af43-90e5b2bdbbf0', 'e49841c9-785e-405e-9bf6-c9e9638c10e4', '22232a3f-d98e-408b-9a62-29083dab8233', NULL, N'Tổ trưởng CP BBVT', null);
INSERT INTO [HoTroCovid].[dbo].[ThongTinHoTro] (ID, IDNoiDung, IDDoiTuong, IDCaNhan) VALUES ('dc195386-4074-48c4-85d3-11461171d9b3', 1, NULL, '22232a3f-d98e-408b-9a62-29083dab8233');
INSERT INTO [HoTroCovid].[dbo].[HoSo] (ID, IDCaNhan, IDNoiDungHoTro, IDDoiTuong, SoThang, SoTien, ThanhTien, IDThongTinHoTro, DaChi, NguoiTao) VALUES ('78f4aac1-368f-4f3c-adf0-6251d9578f5e', '22232a3f-d98e-408b-9a62-29083dab8233', 1, NULL, 3, 1800000, 5400000, 'dc195386-4074-48c4-85d3-11461171d9b3', 0, 'solaodong');
INSERT INTO [HoTroCovid].[dbo].[CaNhan] (ID, HoTen, GioiTinh, NgaySinh, CMND, SinhNam) VALUES ('0d5e0dc5-0c66-4cc4-9691-241365133dce', N'Phạm Văn Tín', 1, '1990-08-02', '215132249', 1990);
INSERT INTO [HoTroCovid].[dbo].[CaNhan_DoanhNghiep] (ID, IDDoanhNghiep, IDCaNhan, IDDoiTuong, NgheNghiep, DaTra50) VALUES ('a49e9a7d-2baf-4632-a1bb-e0f54ef72adb', 'e49841c9-785e-405e-9bf6-c9e9638c10e4', '0d5e0dc5-0c66-4cc4-9691-241365133dce', NULL, N'CNCBHSĐL', null);
INSERT INTO [HoTroCovid].[dbo].[ThongTinHoTro] (ID, IDNoiDung, IDDoiTuong, IDCaNhan) VALUES ('370a60f4-c440-4cb0-9af0-82e53ce35ae0', 1, NULL, '0d5e0dc5-0c66-4cc4-9691-241365133dce');
INSERT INTO [HoTroCovid].[dbo].[HoSo] (ID, IDCaNhan, IDNoiDungHoTro, IDDoiTuong, SoThang, SoTien, ThanhTien, IDThongTinHoTro, DaChi, NguoiTao) VALUES ('f0b43723-b50d-4cff-856d-ed5b7cc5040e', '0d5e0dc5-0c66-4cc4-9691-241365133dce', 1, NULL, 3, 1800000, 5400000, '370a60f4-c440-4cb0-9af0-82e53ce35ae0', 0, 'solaodong');
INSERT INTO [HoTroCovid].[dbo].[CaNhan] (ID, HoTen, GioiTinh, NgaySinh, CMND, SinhNam) VALUES ('6b62d282-8983-4c8d-ae90-016e9490a1fc', N'Nguyễn Văn Vi', 1, '1991-06-05', '215220829', 1991);
INSERT INTO [HoTroCovid].[dbo].[CaNhan_DoanhNghiep] (ID, IDDoanhNghiep, IDCaNhan, IDDoiTuong, NgheNghiep, DaTra50) VALUES ('41752ca1-bf22-486c-bd3c-f47b0f4f6a3f', 'e49841c9-785e-405e-9bf6-c9e9638c10e4', '6b62d282-8983-4c8d-ae90-016e9490a1fc', NULL, N'CNCBHSĐL', null);
INSERT INTO [HoTroCovid].[dbo].[ThongTinHoTro] (ID, IDNoiDung, IDDoiTuong, IDCaNhan) VALUES ('a645c152-34b5-4f18-839a-95ce940fa53c', 1, NULL, '6b62d282-8983-4c8d-ae90-016e9490a1fc');
INSERT INTO [HoTroCovid].[dbo].[HoSo] (ID, IDCaNhan, IDNoiDungHoTro, IDDoiTuong, SoThang, SoTien, ThanhTien, IDThongTinHoTro, DaChi, NguoiTao) VALUES ('809e10f0-97fe-47ed-9798-762b5a653d98', '6b62d282-8983-4c8d-ae90-016e9490a1fc', 1, NULL, 3, 1800000, 5400000, 'a645c152-34b5-4f18-839a-95ce940fa53c', 0, 'solaodong');
INSERT INTO [HoTroCovid].[dbo].[CaNhan] (ID, HoTen, GioiTinh, NgaySinh, CMND, SinhNam) VALUES ('c4b2b2bb-838b-4312-89f5-b21f3f780e64', N'Trần Thị Kim Thoa', NULL, '1993-11-13', '230856756', 1993);
INSERT INTO [HoTroCovid].[dbo].[CaNhan_DoanhNghiep] (ID, IDDoanhNghiep, IDCaNhan, IDDoiTuong, NgheNghiep, DaTra50) VALUES ('15bf450a-abb6-4872-8dd7-944ed2a0ff5b', 'e49841c9-785e-405e-9bf6-c9e9638c10e4', 'c4b2b2bb-838b-4312-89f5-b21f3f780e64', NULL, N'CN CP BBVT', null);
INSERT INTO [HoTroCovid].[dbo].[ThongTinHoTro] (ID, IDNoiDung, IDDoiTuong, IDCaNhan) VALUES ('cec0612a-bcec-49fd-b642-8ed88f950f3a', 1, NULL, 'c4b2b2bb-838b-4312-89f5-b21f3f780e64');
INSERT INTO [HoTroCovid].[dbo].[HoSo] (ID, IDCaNhan, IDNoiDungHoTro, IDDoiTuong, SoThang, SoTien, ThanhTien, IDThongTinHoTro, DaChi, NguoiTao) VALUES ('5c76985b-241c-4f8c-9707-a79b512f44aa', 'c4b2b2bb-838b-4312-89f5-b21f3f780e64', 1, NULL, 3, 1800000, 5400000, 'cec0612a-bcec-49fd-b642-8ed88f950f3a', 0, 'solaodong');
INSERT INTO [HoTroCovid].[dbo].[CaNhan] (ID, HoTen, GioiTinh, NgaySinh, CMND, SinhNam) VALUES ('ac90bbee-db57-43e4-8235-f9ac82b9dd73', N'Cao Thị Mỹ Lệ', NULL, '1982-08-17', '211586809', 1982);
INSERT INTO [HoTroCovid].[dbo].[CaNhan_DoanhNghiep] (ID, IDDoanhNghiep, IDCaNhan, IDDoiTuong, NgheNghiep, DaTra50) VALUES ('29064b5f-1605-4e89-8e9e-00b9ed26106f', '8f68b99e-5018-4e4c-9fdb-8acedd7189fa', 'ac90bbee-db57-43e4-8235-f9ac82b9dd73', NULL, N'Phó Bộ phận Lễ Tân', false);
INSERT INTO [HoTroCovid].[dbo].[ThongTinHoTro] (ID, IDNoiDung, IDDoiTuong, IDCaNhan) VALUES ('e7222fae-b464-47b7-8d08-0b3e77834e93', 1, NULL, 'ac90bbee-db57-43e4-8235-f9ac82b9dd73');
INSERT INTO [HoTroCovid].[dbo].[HoSo] (ID, IDCaNhan, IDNoiDungHoTro, IDDoiTuong, SoThang, SoTien, ThanhTien, IDThongTinHoTro, DaChi, NguoiTao) VALUES ('159603f1-f7d1-4f53-9d2a-45de67f7ac1f', 'ac90bbee-db57-43e4-8235-f9ac82b9dd73', 1, NULL, 3, 1800000, 5400000, 'e7222fae-b464-47b7-8d08-0b3e77834e93', 0, 'solaodong');
INSERT INTO [HoTroCovid].[dbo].[CaNhan] (ID, HoTen, GioiTinh, NgaySinh, CMND, SinhNam) VALUES ('c51edb2e-82fd-4fb9-b1b1-52b8a0f8fea3', N'Mai Thị Kiều Trang', NULL, '1996-12-30', '212276389', 1996);
INSERT INTO [HoTroCovid].[dbo].[CaNhan_DoanhNghiep] (ID, IDDoanhNghiep, IDCaNhan, IDDoiTuong, NgheNghiep, DaTra50) VALUES ('c018a953-d6c4-49d2-86bc-099c6ceec574', '8f68b99e-5018-4e4c-9fdb-8acedd7189fa', 'c51edb2e-82fd-4fb9-b1b1-52b8a0f8fea3', NULL, N'Nhân viên dọn phòng', false);
INSERT INTO [HoTroCovid].[dbo].[ThongTinHoTro] (ID, IDNoiDung, IDDoiTuong, IDCaNhan) VALUES ('61fbc666-efe1-4ac6-944f-26bba0d78769', 1, NULL, 'c51edb2e-82fd-4fb9-b1b1-52b8a0f8fea3');
INSERT INTO [HoTroCovid].[dbo].[HoSo] (ID, IDCaNhan, IDNoiDungHoTro, IDDoiTuong, SoThang, SoTien, ThanhTien, IDThongTinHoTro, DaChi, NguoiTao) VALUES ('1443850c-2d9e-4ee8-be69-ae61b81d8004', 'c51edb2e-82fd-4fb9-b1b1-52b8a0f8fea3', 1, NULL, 3, 1800000, 5400000, '61fbc666-efe1-4ac6-944f-26bba0d78769', 0, 'solaodong');
INSERT INTO [HoTroCovid].[dbo].[CaNhan] (ID, HoTen, GioiTinh, NgaySinh, CMND, SinhNam) VALUES ('e9e3653d-501b-4af7-8546-49d795b2c13f', N'Nguyễn Thị Thanh Thúy', NULL, '1996-10-19', '215380594', 1996);
INSERT INTO [HoTroCovid].[dbo].[CaNhan_DoanhNghiep] (ID, IDDoanhNghiep, IDCaNhan, IDDoiTuong, NgheNghiep, DaTra50) VALUES ('ddf70ded-00b1-45f9-8b0c-2b71eba1475e', '8f68b99e-5018-4e4c-9fdb-8acedd7189fa', 'e9e3653d-501b-4af7-8546-49d795b2c13f', NULL, N'Nhân viên dọn phòng', false);
INSERT INTO [HoTroCovid].[dbo].[ThongTinHoTro] (ID, IDNoiDung, IDDoiTuong, IDCaNhan) VALUES ('6109144c-cd41-4197-a39d-57c3035113ac', 1, NULL, 'e9e3653d-501b-4af7-8546-49d795b2c13f');
INSERT INTO [HoTroCovid].[dbo].[HoSo] (ID, IDCaNhan, IDNoiDungHoTro, IDDoiTuong, SoThang, SoTien, ThanhTien, IDThongTinHoTro, DaChi, NguoiTao) VALUES ('1a297ca5-b361-4c74-bb33-cf73c5fa8896', 'e9e3653d-501b-4af7-8546-49d795b2c13f', 1, NULL, 3, 1800000, 5400000, '6109144c-cd41-4197-a39d-57c3035113ac', 0, 'solaodong');
INSERT INTO [HoTroCovid].[dbo].[CaNhan] (ID, HoTen, GioiTinh, NgaySinh, CMND, SinhNam) VALUES ('3cbc0702-4d44-49df-9015-35e419120857', N'Võ Thị Ngọc Trang', NULL, '2000-08-27', '215493763', 2000);
INSERT INTO [HoTroCovid].[dbo].[CaNhan_DoanhNghiep] (ID, IDDoanhNghiep, IDCaNhan, IDDoiTuong, NgheNghiep, DaTra50) VALUES ('15377a18-7a9b-44d5-a70a-f5b0568f2870', '41e324fa-2a96-4769-8abf-ee78a2b0774c', '3cbc0702-4d44-49df-9015-35e419120857', '8540ba47-a84e-46f0-a108-b16507bc412e', N'NV phục vụ', null);
INSERT INTO [HoTroCovid].[dbo].[ThongTinHoTro] (ID, IDNoiDung, IDDoiTuong, IDCaNhan) VALUES ('20ebf0be-2217-4c41-80cb-8cec59f7c797', 4, '8540ba47-a84e-46f0-a108-b16507bc412e', '3cbc0702-4d44-49df-9015-35e419120857');
INSERT INTO [HoTroCovid].[dbo].[HoSo] (ID, IDCaNhan, IDNoiDungHoTro, IDDoiTuong, SoThang, SoTien, ThanhTien, IDThongTinHoTro, DaChi, NguoiTao) VALUES ('b065d9c6-1147-4262-99c1-5d1de2b8162f', '3cbc0702-4d44-49df-9015-35e419120857', 4, '8540ba47-a84e-46f0-a108-b16507bc412e', 3, 1000000, 3000000, '20ebf0be-2217-4c41-80cb-8cec59f7c797', 0, 'solaodong');
INSERT INTO [HoTroCovid].[dbo].[CaNhan] (ID, HoTen, GioiTinh, NgaySinh, CMND, SinhNam) VALUES ('b24dff86-11c8-4770-ac81-703ee5568f50', N'Nguyễn Thị Ngọc Bằng', NULL, '1994-09-20', '215298285', 1994);
INSERT INTO [HoTroCovid].[dbo].[CaNhan_DoanhNghiep] (ID, IDDoanhNghiep, IDCaNhan, IDDoiTuong, NgheNghiep, DaTra50) VALUES ('7c816ae0-0a0d-4876-b90e-5dd836c7d930', '8f68b99e-5018-4e4c-9fdb-8acedd7189fa', 'b24dff86-11c8-4770-ac81-703ee5568f50', NULL, N'Nhân viên dọn phòng', false);
INSERT INTO [HoTroCovid].[dbo].[ThongTinHoTro] (ID, IDNoiDung, IDDoiTuong, IDCaNhan) VALUES ('31a82d30-e3fc-400d-93b7-a10697de3201', 1, NULL, 'b24dff86-11c8-4770-ac81-703ee5568f50');
INSERT INTO [HoTroCovid].[dbo].[HoSo] (ID, IDCaNhan, IDNoiDungHoTro, IDDoiTuong, SoThang, SoTien, ThanhTien, IDThongTinHoTro, DaChi, NguoiTao) VALUES ('a206daa3-cf2b-4156-8101-5a6018ee9940', 'b24dff86-11c8-4770-ac81-703ee5568f50', 1, NULL, 3, 1800000, 5400000, '31a82d30-e3fc-400d-93b7-a10697de3201', 0, 'solaodong');
INSERT INTO [HoTroCovid].[dbo].[CaNhan] (ID, HoTen, GioiTinh, NgaySinh, CMND, SinhNam) VALUES ('c392a1f2-485b-409b-b5c7-248c71d7eb45', N'Trần Trung Việt', 1, '1987-04-08', '215030008', 1987);
INSERT INTO [HoTroCovid].[dbo].[CaNhan_DoanhNghiep] (ID, IDDoanhNghiep, IDCaNhan, IDDoiTuong, NgheNghiep, DaTra50) VALUES ('82f235b1-e9bb-4bb6-bfab-606d44020331', '8f68b99e-5018-4e4c-9fdb-8acedd7189fa', 'c392a1f2-485b-409b-b5c7-248c71d7eb45', NULL, N'Giám sát Lễ tân', false);
INSERT INTO [HoTroCovid].[dbo].[ThongTinHoTro] (ID, IDNoiDung, IDDoiTuong, IDCaNhan) VALUES ('5f3c11f3-7e03-4e3a-bb24-4710d7a34568', 1, NULL, 'c392a1f2-485b-409b-b5c7-248c71d7eb45');
INSERT INTO [HoTroCovid].[dbo].[HoSo] (ID, IDCaNhan, IDNoiDungHoTro, IDDoiTuong, SoThang, SoTien, ThanhTien, IDThongTinHoTro, DaChi, NguoiTao) VALUES ('b1668e57-b64a-4dd7-b818-9347bfb7f28d', 'c392a1f2-485b-409b-b5c7-248c71d7eb45', 1, NULL, 3, 1800000, 5400000, '5f3c11f3-7e03-4e3a-bb24-4710d7a34568', 0, 'solaodong');
INSERT INTO [HoTroCovid].[dbo].[CaNhan] (ID, HoTen, GioiTinh, NgaySinh, CMND, SinhNam) VALUES ('fdbcfe83-94cc-4cc5-b591-3c6332aadb53', N'Nguyễn Văn Hòa', 1, '1997-05-16', '215409197', 1997);
INSERT INTO [HoTroCovid].[dbo].[CaNhan_DoanhNghiep] (ID, IDDoanhNghiep, IDCaNhan, IDDoiTuong, NgheNghiep, DaTra50) VALUES ('66be3f10-9ac9-4ab2-8b67-26dc31e31769', '8f68b99e-5018-4e4c-9fdb-8acedd7189fa', 'fdbcfe83-94cc-4cc5-b591-3c6332aadb53', NULL, N'Nhân viên Lễ tân', false);
INSERT INTO [HoTroCovid].[dbo].[ThongTinHoTro] (ID, IDNoiDung, IDDoiTuong, IDCaNhan) VALUES ('960428f9-6154-4a26-b283-1373bbcea721', 1, NULL, 'fdbcfe83-94cc-4cc5-b591-3c6332aadb53');
INSERT INTO [HoTroCovid].[dbo].[HoSo] (ID, IDCaNhan, IDNoiDungHoTro, IDDoiTuong, SoThang, SoTien, ThanhTien, IDThongTinHoTro, DaChi, NguoiTao) VALUES ('f14c5ac1-07d0-4214-a857-4d461808b007', 'fdbcfe83-94cc-4cc5-b591-3c6332aadb53', 1, NULL, 3, 1800000, 5400000, '960428f9-6154-4a26-b283-1373bbcea721', 0, 'solaodong');
INSERT INTO [HoTroCovid].[dbo].[CaNhan] (ID, HoTen, GioiTinh, NgaySinh, CMND, SinhNam) VALUES ('7d86c950-5f7c-491e-9fd9-892315d1acf5', N'Trần Thị Mỹ Phương', NULL, '1984-06-20', '215012766', 1984);
INSERT INTO [HoTroCovid].[dbo].[CaNhan_DoanhNghiep] (ID, IDDoanhNghiep, IDCaNhan, IDDoiTuong, NgheNghiep, DaTra50) VALUES ('85aa0df2-3525-4fba-9681-88c47db51ac3', '8f68b99e-5018-4e4c-9fdb-8acedd7189fa', '7d86c950-5f7c-491e-9fd9-892315d1acf5', NULL, N'Nhân viên dọn phòng', false);
INSERT INTO [HoTroCovid].[dbo].[ThongTinHoTro] (ID, IDNoiDung, IDDoiTuong, IDCaNhan) VALUES ('f0c9bdcc-a39e-4dcb-9cd9-8a5db718866b', 1, NULL, '7d86c950-5f7c-491e-9fd9-892315d1acf5');
INSERT INTO [HoTroCovid].[dbo].[HoSo] (ID, IDCaNhan, IDNoiDungHoTro, IDDoiTuong, SoThang, SoTien, ThanhTien, IDThongTinHoTro, DaChi, NguoiTao) VALUES ('410098ae-2257-4cff-8306-12b852fd2d26', '7d86c950-5f7c-491e-9fd9-892315d1acf5', 1, NULL, 3, 1800000, 5400000, 'f0c9bdcc-a39e-4dcb-9cd9-8a5db718866b', 0, 'solaodong');
INSERT INTO [HoTroCovid].[dbo].[CaNhan] (ID, HoTen, GioiTinh, NgaySinh, CMND, SinhNam) VALUES ('d389f6a5-d6c4-46c3-bffa-16b115498698', N'Bùi Quang Tỵ', 1, '1989-03-15', '215102755', 1989);
INSERT INTO [HoTroCovid].[dbo].[CaNhan_DoanhNghiep] (ID, IDDoanhNghiep, IDCaNhan, IDDoiTuong, NgheNghiep, DaTra50) VALUES ('da71b643-e9fa-486b-8b5f-9f77d2c8adba', '8f68b99e-5018-4e4c-9fdb-8acedd7189fa', 'd389f6a5-d6c4-46c3-bffa-16b115498698', NULL, N'Trưởng BP Buồng phòng', false);
INSERT INTO [HoTroCovid].[dbo].[ThongTinHoTro] (ID, IDNoiDung, IDDoiTuong, IDCaNhan) VALUES ('49a6ab80-bb9a-4bdd-830d-24d51b5b5ba6', 1, NULL, 'd389f6a5-d6c4-46c3-bffa-16b115498698');
INSERT INTO [HoTroCovid].[dbo].[HoSo] (ID, IDCaNhan, IDNoiDungHoTro, IDDoiTuong, SoThang, SoTien, ThanhTien, IDThongTinHoTro, DaChi, NguoiTao) VALUES ('d1f8b3ae-e603-41be-ace9-eb8d368ba2aa', 'd389f6a5-d6c4-46c3-bffa-16b115498698', 1, NULL, 3, 1800000, 5400000, '49a6ab80-bb9a-4bdd-830d-24d51b5b5ba6', 0, 'solaodong');
INSERT INTO [HoTroCovid].[dbo].[CaNhan] (ID, HoTen, GioiTinh, NgaySinh, CMND, SinhNam) VALUES ('f7a9b4a3-4d5b-4059-9944-62bdb3338cda', N'Lê Thùy Ngân', NULL, '1987-08-05', '079187011095', 1987);
INSERT INTO [HoTroCovid].[dbo].[CaNhan_DoanhNghiep] (ID, IDDoanhNghiep, IDCaNhan, IDDoiTuong, NgheNghiep, DaTra50) VALUES ('91a35b84-2c5b-4ca6-b026-ec366e793890', '8f68b99e-5018-4e4c-9fdb-8acedd7189fa', 'f7a9b4a3-4d5b-4059-9944-62bdb3338cda', NULL, N'Nhân viên giặt ủi', false);
INSERT INTO [HoTroCovid].[dbo].[ThongTinHoTro] (ID, IDNoiDung, IDDoiTuong, IDCaNhan) VALUES ('dd050bf6-5ffa-4f0d-8742-c15c7138d6d7', 1, NULL, 'f7a9b4a3-4d5b-4059-9944-62bdb3338cda');
INSERT INTO [HoTroCovid].[dbo].[HoSo] (ID, IDCaNhan, IDNoiDungHoTro, IDDoiTuong, SoThang, SoTien, ThanhTien, IDThongTinHoTro, DaChi, NguoiTao) VALUES ('ad699d25-86c6-4e6d-8f88-03a58538da63', 'f7a9b4a3-4d5b-4059-9944-62bdb3338cda', 1, NULL, 3, 1800000, 5400000, 'dd050bf6-5ffa-4f0d-8742-c15c7138d6d7', 0, 'solaodong');
INSERT INTO [HoTroCovid].[dbo].[CaNhan] (ID, HoTen, GioiTinh, NgaySinh, CMND, SinhNam) VALUES ('49886598-6801-4673-9451-862398f501c0', N'Vũ Mạnh Hoàng', 1, '1981-01-31', '211653861', 1981);
INSERT INTO [HoTroCovid].[dbo].[CaNhan_DoanhNghiep] (ID, IDDoanhNghiep, IDCaNhan, IDDoiTuong, NgheNghiep, DaTra50) VALUES ('10f56fcd-e3d8-4b9c-8fee-44858809c325', '8f68b99e-5018-4e4c-9fdb-8acedd7189fa', '49886598-6801-4673-9451-862398f501c0', NULL, N'Lái xe', false);
INSERT INTO [HoTroCovid].[dbo].[ThongTinHoTro] (ID, IDNoiDung, IDDoiTuong, IDCaNhan) VALUES ('e8db1ffb-eac2-4ffc-af76-39f17dbadfe1', 1, NULL, '49886598-6801-4673-9451-862398f501c0');
INSERT INTO [HoTroCovid].[dbo].[HoSo] (ID, IDCaNhan, IDNoiDungHoTro, IDDoiTuong, SoThang, SoTien, ThanhTien, IDThongTinHoTro, DaChi, NguoiTao) VALUES ('9403f349-4128-4cc7-81a4-5728061e76a3', '49886598-6801-4673-9451-862398f501c0', 1, NULL, 3, 1800000, 5400000, 'e8db1ffb-eac2-4ffc-af76-39f17dbadfe1', 0, 'solaodong');
INSERT INTO [HoTroCovid].[dbo].[CaNhan] (ID, HoTen, GioiTinh, NgaySinh, CMND, SinhNam) VALUES ('2a7e3775-7f76-490a-a018-068628567f06', N'Võ Văn Định', 1, '1990-01-02', '205385600', 1990);
INSERT INTO [HoTroCovid].[dbo].[CaNhan_DoanhNghiep] (ID, IDDoanhNghiep, IDCaNhan, IDDoiTuong, NgheNghiep, DaTra50) VALUES ('75fd4f5c-7e06-463e-9720-03c14de32c00', '8f68b99e-5018-4e4c-9fdb-8acedd7189fa', '2a7e3775-7f76-490a-a018-068628567f06', NULL, N'Trưởng BP Buồng phòng', false);
INSERT INTO [HoTroCovid].[dbo].[ThongTinHoTro] (ID, IDNoiDung, IDDoiTuong, IDCaNhan) VALUES ('e4cd07d6-c731-4f5d-82a0-29784001833c', 1, NULL, '2a7e3775-7f76-490a-a018-068628567f06');
INSERT INTO [HoTroCovid].[dbo].[HoSo] (ID, IDCaNhan, IDNoiDungHoTro, IDDoiTuong, SoThang, SoTien, ThanhTien, IDThongTinHoTro, DaChi, NguoiTao) VALUES ('34c79e45-6215-4db8-84c2-ccc86956b91f', '2a7e3775-7f76-490a-a018-068628567f06', 1, NULL, 3, 1800000, 5400000, 'e4cd07d6-c731-4f5d-82a0-29784001833c', 0, 'solaodong');
INSERT INTO [HoTroCovid].[dbo].[CaNhan] (ID, HoTen, GioiTinh, NgaySinh, CMND, SinhNam) VALUES ('3de1d588-e81c-4329-bc5a-f1cbe07becfe', N'Huỳnh Kim Vũ', 1, '1997-10-26', '231103240', 1997);
INSERT INTO [HoTroCovid].[dbo].[CaNhan_DoanhNghiep] (ID, IDDoanhNghiep, IDCaNhan, IDDoiTuong, NgheNghiep, DaTra50) VALUES ('51cfa336-8695-49fe-8abc-2c76504abf96', '8f68b99e-5018-4e4c-9fdb-8acedd7189fa', '3de1d588-e81c-4329-bc5a-f1cbe07becfe', NULL, N'Nhân viên Lễ tân', false);
INSERT INTO [HoTroCovid].[dbo].[ThongTinHoTro] (ID, IDNoiDung, IDDoiTuong, IDCaNhan) VALUES ('47c372d7-7383-4777-a0b4-2ba048c4b1a3', 1, NULL, '3de1d588-e81c-4329-bc5a-f1cbe07becfe');
INSERT INTO [HoTroCovid].[dbo].[HoSo] (ID, IDCaNhan, IDNoiDungHoTro, IDDoiTuong, SoThang, SoTien, ThanhTien, IDThongTinHoTro, DaChi, NguoiTao) VALUES ('3217c13a-1d0f-449b-87cb-f38f50d16224', '3de1d588-e81c-4329-bc5a-f1cbe07becfe', 1, NULL, 3, 1800000, 5400000, '47c372d7-7383-4777-a0b4-2ba048c4b1a3', 0, 'solaodong');
INSERT INTO [HoTroCovid].[dbo].[CaNhan] (ID, HoTen, GioiTinh, NgaySinh, CMND, SinhNam) VALUES ('ebd694b4-c876-478d-8248-79a86620a6cb', N'Trần Thị Mỹ Linh', NULL, '1988-09-10', '211882989', 1988);
INSERT INTO [HoTroCovid].[dbo].[CaNhan_DoanhNghiep] (ID, IDDoanhNghiep, IDCaNhan, IDDoiTuong, NgheNghiep, DaTra50) VALUES ('e4cbd4e5-ae53-490e-b65c-91805d0f3a57', 'e49841c9-785e-405e-9bf6-c9e9638c10e4', 'ebd694b4-c876-478d-8248-79a86620a6cb', NULL, N'N/viên Thống kê', null);
INSERT INTO [HoTroCovid].[dbo].[ThongTinHoTro] (ID, IDNoiDung, IDDoiTuong, IDCaNhan) VALUES ('92161446-8081-47cb-ae54-c0069eb28ef5', 1, NULL, 'ebd694b4-c876-478d-8248-79a86620a6cb');
INSERT INTO [HoTroCovid].[dbo].[HoSo] (ID, IDCaNhan, IDNoiDungHoTro, IDDoiTuong, SoThang, SoTien, ThanhTien, IDThongTinHoTro, DaChi, NguoiTao) VALUES ('947c5f48-8bf1-4277-a9ad-eec319ec9e28', 'ebd694b4-c876-478d-8248-79a86620a6cb', 1, NULL, 3, 1800000, 5400000, '92161446-8081-47cb-ae54-c0069eb28ef5', 0, 'solaodong');
INSERT INTO [HoTroCovid].[dbo].[CaNhan] (ID, HoTen, GioiTinh, NgaySinh, CMND, SinhNam) VALUES ('6b13956f-09f7-492a-9ddf-aef02bdbca7d', N'Đào Thanh Hào', 1, '1986-11-10', '212731926', 1986);
INSERT INTO [HoTroCovid].[dbo].[CaNhan_DoanhNghiep] (ID, IDDoanhNghiep, IDCaNhan, IDDoiTuong, NgheNghiep, DaTra50) VALUES ('b5b4c490-1bf2-4749-9ca9-321fd9864691', 'e49841c9-785e-405e-9bf6-c9e9638c10e4', '6b13956f-09f7-492a-9ddf-aef02bdbca7d', NULL, N'C/nhân CĐL', null);
INSERT INTO [HoTroCovid].[dbo].[ThongTinHoTro] (ID, IDNoiDung, IDDoiTuong, IDCaNhan) VALUES ('d0104543-01cb-471f-8495-1fc28eb7e4ff', 1, NULL, '6b13956f-09f7-492a-9ddf-aef02bdbca7d');
INSERT INTO [HoTroCovid].[dbo].[HoSo] (ID, IDCaNhan, IDNoiDungHoTro, IDDoiTuong, SoThang, SoTien, ThanhTien, IDThongTinHoTro, DaChi, NguoiTao) VALUES ('dc3070f7-df50-4aef-959c-7161bb0f9410', '6b13956f-09f7-492a-9ddf-aef02bdbca7d', 1, NULL, 3, 1800000, 5400000, 'd0104543-01cb-471f-8495-1fc28eb7e4ff', 0, 'solaodong');
INSERT INTO [HoTroCovid].[dbo].[CaNhan] (ID, HoTen, GioiTinh, NgaySinh, CMND, SinhNam) VALUES ('cb847075-d057-47c2-9a45-b1354f776315', N'Phạm Văn Tần', 1, '1979-10-24', '211610262', 1979);
INSERT INTO [HoTroCovid].[dbo].[CaNhan_DoanhNghiep] (ID, IDDoanhNghiep, IDCaNhan, IDDoiTuong, NgheNghiep, DaTra50) VALUES ('91ce6bf4-cd61-4bf1-8bb1-f5eda59dca38', 'e49841c9-785e-405e-9bf6-c9e9638c10e4', 'cb847075-d057-47c2-9a45-b1354f776315', NULL, N'Ca phó ĐH', null);
INSERT INTO [HoTroCovid].[dbo].[ThongTinHoTro] (ID, IDNoiDung, IDDoiTuong, IDCaNhan) VALUES ('423ea9d1-cad5-4f2f-9368-81c542856e02', 1, NULL, 'cb847075-d057-47c2-9a45-b1354f776315');
INSERT INTO [HoTroCovid].[dbo].[HoSo] (ID, IDCaNhan, IDNoiDungHoTro, IDDoiTuong, SoThang, SoTien, ThanhTien, IDThongTinHoTro, DaChi, NguoiTao) VALUES ('36b0f0f8-6126-448a-99f9-2ed3c656f66c', 'cb847075-d057-47c2-9a45-b1354f776315', 1, NULL, 3, 1800000, 5400000, '423ea9d1-cad5-4f2f-9368-81c542856e02', 0, 'solaodong');
INSERT INTO [HoTroCovid].[dbo].[CaNhan] (ID, HoTen, GioiTinh, NgaySinh, CMND, SinhNam) VALUES ('a801d08b-6a45-42c1-86df-0ce3449b6ec7', N'Trương Quang Thạch', 1, '1997-11-28', '212578706', 1997);
INSERT INTO [HoTroCovid].[dbo].[CaNhan_DoanhNghiep] (ID, IDDoanhNghiep, IDCaNhan, IDDoiTuong, NgheNghiep, DaTra50) VALUES ('53c77b40-6301-44ef-8a9f-41359c5ee434', '8f68b99e-5018-4e4c-9fdb-8acedd7189fa', 'a801d08b-6a45-42c1-86df-0ce3449b6ec7', NULL, N'Nhân viên Hành lý', false);
INSERT INTO [HoTroCovid].[dbo].[ThongTinHoTro] (ID, IDNoiDung, IDDoiTuong, IDCaNhan) VALUES ('d73fda65-a48f-4327-915c-db88cedb413e', 1, NULL, 'a801d08b-6a45-42c1-86df-0ce3449b6ec7');
INSERT INTO [HoTroCovid].[dbo].[HoSo] (ID, IDCaNhan, IDNoiDungHoTro, IDDoiTuong, SoThang, SoTien, ThanhTien, IDThongTinHoTro, DaChi, NguoiTao) VALUES ('12af0016-a77b-457d-a9a8-e044f22b38be', 'a801d08b-6a45-42c1-86df-0ce3449b6ec7', 1, NULL, 3, 1800000, 5400000, 'd73fda65-a48f-4327-915c-db88cedb413e', 0, 'solaodong');
INSERT INTO [HoTroCovid].[dbo].[CaNhan] (ID, HoTen, GioiTinh, NgaySinh, CMND, SinhNam) VALUES ('464b65c7-0a7b-42d4-9466-823b95dbde57', N'Trần Bình', 1, '1990-11-16', '212761768', 1990);
INSERT INTO [HoTroCovid].[dbo].[CaNhan_DoanhNghiep] (ID, IDDoanhNghiep, IDCaNhan, IDDoiTuong, NgheNghiep, DaTra50) VALUES ('e895495f-fc03-48fa-97d7-a63846fe1d91', '8f68b99e-5018-4e4c-9fdb-8acedd7189fa', '464b65c7-0a7b-42d4-9466-823b95dbde57', NULL, N'Nhân viên giặt ủi', false);
INSERT INTO [HoTroCovid].[dbo].[ThongTinHoTro] (ID, IDNoiDung, IDDoiTuong, IDCaNhan) VALUES ('23a25e88-8824-40c0-b5d1-8dac35d034a4', 1, NULL, '464b65c7-0a7b-42d4-9466-823b95dbde57');
INSERT INTO [HoTroCovid].[dbo].[HoSo] (ID, IDCaNhan, IDNoiDungHoTro, IDDoiTuong, SoThang, SoTien, ThanhTien, IDThongTinHoTro, DaChi, NguoiTao) VALUES ('29dc43c4-3fc7-49ba-91b5-568318a83915', '464b65c7-0a7b-42d4-9466-823b95dbde57', 1, NULL, 3, 1800000, 5400000, '23a25e88-8824-40c0-b5d1-8dac35d034a4', 0, 'solaodong');
INSERT INTO [HoTroCovid].[dbo].[CaNhan] (ID, HoTen, GioiTinh, NgaySinh, CMND, SinhNam) VALUES ('fbc4b593-8c5f-4582-966a-f18f049dd300', N'Dương Thị Thừa', NULL, '1976-07-31', '211522740', 1976);
INSERT INTO [HoTroCovid].[dbo].[CaNhan_DoanhNghiep] (ID, IDDoanhNghiep, IDCaNhan, IDDoiTuong, NgheNghiep, DaTra50) VALUES ('9f63733c-b09d-4221-baa5-8e2f1430592d', '8f68b99e-5018-4e4c-9fdb-8acedd7189fa', 'fbc4b593-8c5f-4582-966a-f18f049dd300', NULL, N'Giám sát giặt ủi', false);
INSERT INTO [HoTroCovid].[dbo].[ThongTinHoTro] (ID, IDNoiDung, IDDoiTuong, IDCaNhan) VALUES ('59a9593e-e892-4232-b587-6edfaa067f90', 1, NULL, 'fbc4b593-8c5f-4582-966a-f18f049dd300');
INSERT INTO [HoTroCovid].[dbo].[HoSo] (ID, IDCaNhan, IDNoiDungHoTro, IDDoiTuong, SoThang, SoTien, ThanhTien, IDThongTinHoTro, DaChi, NguoiTao) VALUES ('b486ad0b-2186-4823-ab3c-d351693c0839', 'fbc4b593-8c5f-4582-966a-f18f049dd300', 1, NULL, 3, 1800000, 5400000, '59a9593e-e892-4232-b587-6edfaa067f90', 0, 'solaodong');
INSERT INTO [HoTroCovid].[dbo].[CaNhan] (ID, HoTen, GioiTinh, NgaySinh, CMND, SinhNam) VALUES ('05ccbc75-a556-41c8-a3d1-8fabaedb2c70', N'Phạm Thanh Trúc', NULL, '1993-12-30', '215197673', 1993);
INSERT INTO [HoTroCovid].[dbo].[CaNhan_DoanhNghiep] (ID, IDDoanhNghiep, IDCaNhan, IDDoiTuong, NgheNghiep, DaTra50) VALUES ('44b6a200-127f-4e25-8a07-d42b8f988ef3', 'e49841c9-785e-405e-9bf6-c9e9638c10e4', '05ccbc75-a556-41c8-a3d1-8fabaedb2c70', NULL, N'N/viên Thống kê', null);
INSERT INTO [HoTroCovid].[dbo].[ThongTinHoTro] (ID, IDNoiDung, IDDoiTuong, IDCaNhan) VALUES ('cc9d9572-f514-4a7e-afd7-a5c0afb6667e', 1, NULL, '05ccbc75-a556-41c8-a3d1-8fabaedb2c70');
INSERT INTO [HoTroCovid].[dbo].[HoSo] (ID, IDCaNhan, IDNoiDungHoTro, IDDoiTuong, SoThang, SoTien, ThanhTien, IDThongTinHoTro, DaChi, NguoiTao) VALUES ('105b8550-c7b0-44ed-bf2a-eaecdf1f9e88', '05ccbc75-a556-41c8-a3d1-8fabaedb2c70', 1, NULL, 3, 1800000, 5400000, 'cc9d9572-f514-4a7e-afd7-a5c0afb6667e', 0, 'solaodong');
INSERT INTO [HoTroCovid].[dbo].[CaNhan] (ID, HoTen, GioiTinh, NgaySinh, CMND, SinhNam) VALUES ('358b0538-8074-40a0-8f7a-a00a3d68d919', N'Đặng Thị Kim Loan', NULL, '1983-05-20', '211799632', 1983);
INSERT INTO [HoTroCovid].[dbo].[CaNhan_DoanhNghiep] (ID, IDDoanhNghiep, IDCaNhan, IDDoiTuong, NgheNghiep, DaTra50) VALUES ('7765f080-c3b8-42b6-a550-32b628dff2f5', 'e49841c9-785e-405e-9bf6-c9e9638c10e4', '358b0538-8074-40a0-8f7a-a00a3d68d919', NULL, N'CNCBHSĐL', null);
INSERT INTO [HoTroCovid].[dbo].[ThongTinHoTro] (ID, IDNoiDung, IDDoiTuong, IDCaNhan) VALUES ('a50a330c-5a49-4fa0-9310-2430895ce7bc', 1, NULL, '358b0538-8074-40a0-8f7a-a00a3d68d919');
INSERT INTO [HoTroCovid].[dbo].[HoSo] (ID, IDCaNhan, IDNoiDungHoTro, IDDoiTuong, SoThang, SoTien, ThanhTien, IDThongTinHoTro, DaChi, NguoiTao) VALUES ('f6687247-afb7-41a8-acae-8cde4eab443f', '358b0538-8074-40a0-8f7a-a00a3d68d919', 1, NULL, 3, 1800000, 5400000, 'a50a330c-5a49-4fa0-9310-2430895ce7bc', 0, 'solaodong');
INSERT INTO [HoTroCovid].[dbo].[CaNhan] (ID, HoTen, GioiTinh, NgaySinh, CMND, SinhNam) VALUES ('01d5749f-7a7c-49fe-bc1d-132d73bb9dd5', N'Ngô Văn Lanh', 1, '1994-07-15', '215302061', 1994);
INSERT INTO [HoTroCovid].[dbo].[CaNhan_DoanhNghiep] (ID, IDDoanhNghiep, IDCaNhan, IDDoiTuong, NgheNghiep, DaTra50) VALUES ('cb769819-8133-4ebe-8973-7dc420d31232', 'e49841c9-785e-405e-9bf6-c9e9638c10e4', '01d5749f-7a7c-49fe-bc1d-132d73bb9dd5', NULL, N'CNCBHSĐL', null);
INSERT INTO [HoTroCovid].[dbo].[ThongTinHoTro] (ID, IDNoiDung, IDDoiTuong, IDCaNhan) VALUES ('a952da1e-db14-45ae-a853-c90b71cc7e3c', 1, NULL, '01d5749f-7a7c-49fe-bc1d-132d73bb9dd5');
INSERT INTO [HoTroCovid].[dbo].[HoSo] (ID, IDCaNhan, IDNoiDungHoTro, IDDoiTuong, SoThang, SoTien, ThanhTien, IDThongTinHoTro, DaChi, NguoiTao) VALUES ('1d078a07-a14b-4478-8b7e-9c27e20cd6e3', '01d5749f-7a7c-49fe-bc1d-132d73bb9dd5', 1, NULL, 3, 1800000, 5400000, 'a952da1e-db14-45ae-a853-c90b71cc7e3c', 0, 'solaodong');
INSERT INTO [HoTroCovid].[dbo].[CaNhan] (ID, HoTen, GioiTinh, NgaySinh, CMND, SinhNam) VALUES ('8ca69890-cf29-4060-a11f-0d7eaf594183', N'Hồ Thị Mỹ Viên', NULL, '1995-10-18', '215336288', 1995);
INSERT INTO [HoTroCovid].[dbo].[CaNhan_DoanhNghiep] (ID, IDDoanhNghiep, IDCaNhan, IDDoiTuong, NgheNghiep, DaTra50) VALUES ('347e08a5-735c-49a3-afb8-7a115b9d3a5f', 'e49841c9-785e-405e-9bf6-c9e9638c10e4', '8ca69890-cf29-4060-a11f-0d7eaf594183', NULL, N'CNCBHSĐL', null);
INSERT INTO [HoTroCovid].[dbo].[ThongTinHoTro] (ID, IDNoiDung, IDDoiTuong, IDCaNhan) VALUES ('f505cb8c-13ff-4013-ad37-fc5d65addf04', 1, NULL, '8ca69890-cf29-4060-a11f-0d7eaf594183');
INSERT INTO [HoTroCovid].[dbo].[HoSo] (ID, IDCaNhan, IDNoiDungHoTro, IDDoiTuong, SoThang, SoTien, ThanhTien, IDThongTinHoTro, DaChi, NguoiTao) VALUES ('6a8472fc-9d99-412e-b213-fc0cf37a73c0', '8ca69890-cf29-4060-a11f-0d7eaf594183', 1, NULL, 3, 1800000, 5400000, 'f505cb8c-13ff-4013-ad37-fc5d65addf04', 0, 'solaodong');
INSERT INTO [HoTroCovid].[dbo].[CaNhan] (ID, HoTen, GioiTinh, NgaySinh, CMND, SinhNam) VALUES ('ef305ede-68be-4d0c-8314-b65a9d7b2a59', N'Nguyễn Thị Linh', NULL, '1990-07-19', '215225134', 1990);
INSERT INTO [HoTroCovid].[dbo].[CaNhan_DoanhNghiep] (ID, IDDoanhNghiep, IDCaNhan, IDDoiTuong, NgheNghiep, DaTra50) VALUES ('aef60548-0bdc-44cb-9948-298eb533239a', 'e49841c9-785e-405e-9bf6-c9e9638c10e4', 'ef305ede-68be-4d0c-8314-b65a9d7b2a59', NULL, N'Tổ trưởng Steak', null);
INSERT INTO [HoTroCovid].[dbo].[ThongTinHoTro] (ID, IDNoiDung, IDDoiTuong, IDCaNhan) VALUES ('ac730e92-afe0-494c-a654-444394cf0c1e', 1, NULL, 'ef305ede-68be-4d0c-8314-b65a9d7b2a59');
INSERT INTO [HoTroCovid].[dbo].[HoSo] (ID, IDCaNhan, IDNoiDungHoTro, IDDoiTuong, SoThang, SoTien, ThanhTien, IDThongTinHoTro, DaChi, NguoiTao) VALUES ('f4069c96-fe50-4e63-a3d4-c0c6b4f8c3db', 'ef305ede-68be-4d0c-8314-b65a9d7b2a59', 1, NULL, 3, 1800000, 5400000, 'ac730e92-afe0-494c-a654-444394cf0c1e', 0, 'solaodong');
INSERT INTO [HoTroCovid].[dbo].[CaNhan] (ID, HoTen, GioiTinh, NgaySinh, CMND, SinhNam) VALUES ('da59e184-d149-4af5-a2d1-61328676aa15', N'Trần Thị Mỹ Trinh', NULL, '1997-09-29', '215390601', 1997);
INSERT INTO [HoTroCovid].[dbo].[CaNhan_DoanhNghiep] (ID, IDDoanhNghiep, IDCaNhan, IDDoiTuong, NgheNghiep, DaTra50) VALUES ('f9375107-c70b-4fea-a96e-d95d197feffb', 'e49841c9-785e-405e-9bf6-c9e9638c10e4', 'da59e184-d149-4af5-a2d1-61328676aa15', NULL, N'CNCBHSĐL', null);
INSERT INTO [HoTroCovid].[dbo].[ThongTinHoTro] (ID, IDNoiDung, IDDoiTuong, IDCaNhan) VALUES ('d62a4692-a448-40d9-b1dd-1ef40eb3e40a', 1, NULL, 'da59e184-d149-4af5-a2d1-61328676aa15');
INSERT INTO [HoTroCovid].[dbo].[HoSo] (ID, IDCaNhan, IDNoiDungHoTro, IDDoiTuong, SoThang, SoTien, ThanhTien, IDThongTinHoTro, DaChi, NguoiTao) VALUES ('ede4deca-7eff-42c5-9dae-a90549a17ec4', 'da59e184-d149-4af5-a2d1-61328676aa15', 1, NULL, 3, 1800000, 5400000, 'd62a4692-a448-40d9-b1dd-1ef40eb3e40a', 0, 'solaodong');
INSERT INTO [HoTroCovid].[dbo].[CaNhan] (ID, HoTen, GioiTinh, NgaySinh, CMND, SinhNam) VALUES ('a0264a42-1486-4ff8-997b-c2ecece23a30', N'Huỳnh Thị Hồng Điểm', NULL, '1990-04-14', '215077669', 1990);
INSERT INTO [HoTroCovid].[dbo].[CaNhan_DoanhNghiep] (ID, IDDoanhNghiep, IDCaNhan, IDDoiTuong, NgheNghiep, DaTra50) VALUES ('89dbb847-1392-49ca-9581-c8139442bdad', 'e49841c9-785e-405e-9bf6-c9e9638c10e4', 'a0264a42-1486-4ff8-997b-c2ecece23a30', NULL, N'CNCBHSĐL', null);
INSERT INTO [HoTroCovid].[dbo].[ThongTinHoTro] (ID, IDNoiDung, IDDoiTuong, IDCaNhan) VALUES ('3a98c6db-9693-49d4-9193-23acd761c711', 1, NULL, 'a0264a42-1486-4ff8-997b-c2ecece23a30');
INSERT INTO [HoTroCovid].[dbo].[HoSo] (ID, IDCaNhan, IDNoiDungHoTro, IDDoiTuong, SoThang, SoTien, ThanhTien, IDThongTinHoTro, DaChi, NguoiTao) VALUES ('16dcb169-776e-4762-9996-ac542a09535e', 'a0264a42-1486-4ff8-997b-c2ecece23a30', 1, NULL, 3, 1800000, 5400000, '3a98c6db-9693-49d4-9193-23acd761c711', 0, 'solaodong');
INSERT INTO [HoTroCovid].[dbo].[CaNhan] (ID, HoTen, GioiTinh, NgaySinh, CMND, SinhNam) VALUES ('73a30ff3-6e43-409c-8651-18830cd79e99', N'Nguyễn Phương Nam', 1, '1984-04-11', '211784844', 1984);
INSERT INTO [HoTroCovid].[dbo].[CaNhan_DoanhNghiep] (ID, IDDoanhNghiep, IDCaNhan, IDDoiTuong, NgheNghiep, DaTra50) VALUES ('ca61a0ca-4d17-432c-8042-eb6f4b17fa12', '8f68b99e-5018-4e4c-9fdb-8acedd7189fa', '73a30ff3-6e43-409c-8651-18830cd79e99', NULL, N'Quản lý ca đêm', false);
INSERT INTO [HoTroCovid].[dbo].[ThongTinHoTro] (ID, IDNoiDung, IDDoiTuong, IDCaNhan) VALUES ('ed57e77a-4fab-4c7c-952c-249f5d11b342', 1, NULL, '73a30ff3-6e43-409c-8651-18830cd79e99');
INSERT INTO [HoTroCovid].[dbo].[HoSo] (ID, IDCaNhan, IDNoiDungHoTro, IDDoiTuong, SoThang, SoTien, ThanhTien, IDThongTinHoTro, DaChi, NguoiTao) VALUES ('b51ff467-5942-472d-9cf7-a22a77acd7d7', '73a30ff3-6e43-409c-8651-18830cd79e99', 1, NULL, 3, 1800000, 5400000, 'ed57e77a-4fab-4c7c-952c-249f5d11b342', 0, 'solaodong');
INSERT INTO [HoTroCovid].[dbo].[CaNhan] (ID, HoTen, GioiTinh, NgaySinh, CMND, SinhNam) VALUES ('926385ca-46f7-46c7-af9e-d82629d8a718', N'Ung Thị Tuyết Trang', NULL, '1997-01-11', '215408658', 1997);
INSERT INTO [HoTroCovid].[dbo].[CaNhan_DoanhNghiep] (ID, IDDoanhNghiep, IDCaNhan, IDDoiTuong, NgheNghiep, DaTra50) VALUES ('b6b352bc-1c2e-47cb-8060-9ba8984703b7', '8f68b99e-5018-4e4c-9fdb-8acedd7189fa', '926385ca-46f7-46c7-af9e-d82629d8a718', NULL, N'Nhân viên phục vụ', false);
INSERT INTO [HoTroCovid].[dbo].[ThongTinHoTro] (ID, IDNoiDung, IDDoiTuong, IDCaNhan) VALUES ('2ac62773-02fd-433e-9875-906097b87816', 1, NULL, '926385ca-46f7-46c7-af9e-d82629d8a718');
INSERT INTO [HoTroCovid].[dbo].[HoSo] (ID, IDCaNhan, IDNoiDungHoTro, IDDoiTuong, SoThang, SoTien, ThanhTien, IDThongTinHoTro, DaChi, NguoiTao) VALUES ('53f79c8e-292c-4082-b8f8-2559b84efb7f', '926385ca-46f7-46c7-af9e-d82629d8a718', 1, NULL, 3, 1800000, 5400000, '2ac62773-02fd-433e-9875-906097b87816', 0, 'solaodong');
