-- row: [0]);
INSERT INTO CovidChinhThuc.dbo.CaNhan (ID, HoTen, NgaySinh, CMND, SinhNam, DiaChi, IDPhuongXa, IDQuanHuyen, NguoiTaoDL) VALUES ('8c71d10d-8dc3-4d01-ac7f-4f7434ad8aa5', N'Võ Thành Long', '1950-01-01', '210218668', 1950, N'KP Tân Thuận, thị trấn Vân Canh', 153, 11, N'Nguyễn Đình Tạo');
INSERT INTO CovidChinhThuc.dbo.ThongTinHoTro (ID, IDNoiDung, IDDoiTuong, IDCaNhan, NguoiTaoDL) VALUES ('486f68b0-356d-4569-8d6d-a718ad9a8ec5', 6, '78AC3F79-5C50-4ACB-B626-E51ED3D4E8E5', '8c71d10d-8dc3-4d01-ac7f-4f7434ad8aa5', N'Nguyễn Đình Tạo');
INSERT INTO CovidChinhThuc.dbo.ChiTiet_NguoiCoCong (ID_ThongTin, NguoiTaoDL) VALUES ('486f68b0-356d-4569-8d6d-a718ad9a8ec5', N'Nguyễn Đình Tạo');
-- row: [1]);
INSERT INTO CovidChinhThuc.dbo.CaNhan (ID, HoTen, NgaySinh, CMND, SinhNam, DiaChi, IDPhuongXa, IDQuanHuyen, NguoiTaoDL) VALUES ('d50d8882-abe3-4531-a63f-027eee1c96e8', N'Đinh Văn Tỵ', '1947-01-01', NULL, 1947, N'KP Đăk Đưm, thị trấn Vân Canh', 153, 11, N'Nguyễn Đình Tạo');
INSERT INTO CovidChinhThuc.dbo.ThongTinHoTro (ID, IDNoiDung, IDDoiTuong, IDCaNhan, NguoiTaoDL) VALUES ('21396d80-9936-456d-80de-78e69dd4f482', 6, '78AC3F79-5C50-4ACB-B626-E51ED3D4E8E5', 'd50d8882-abe3-4531-a63f-027eee1c96e8', N'Nguyễn Đình Tạo');
INSERT INTO CovidChinhThuc.dbo.ChiTiet_NguoiCoCong (ID_ThongTin, NguoiTaoDL) VALUES ('21396d80-9936-456d-80de-78e69dd4f482', N'Nguyễn Đình Tạo');
-- row: [2]);
INSERT INTO CovidChinhThuc.dbo.CaNhan (ID, HoTen, NgaySinh, CMND, SinhNam, DiaChi, IDPhuongXa, IDQuanHuyen, NguoiTaoDL) VALUES ('eff789e9-10bf-45b1-8a45-48da3df3ddb3', N'Phan Hùng', '1959-01-01', '211755932', 1959, N'KP Hiệp Giao, thị trấn Vân Canh', 153, 11, N'Nguyễn Đình Tạo');
INSERT INTO CovidChinhThuc.dbo.ThongTinHoTro (ID, IDNoiDung, IDDoiTuong, IDCaNhan, NguoiTaoDL) VALUES ('6d1bc558-fd5c-4b6f-964c-aade03b0fe31', 6, '78AC3F79-5C50-4ACB-B626-E51ED3D4E8E5', 'eff789e9-10bf-45b1-8a45-48da3df3ddb3', N'Nguyễn Đình Tạo');
INSERT INTO CovidChinhThuc.dbo.ChiTiet_NguoiCoCong (ID_ThongTin, NguoiTaoDL) VALUES ('6d1bc558-fd5c-4b6f-964c-aade03b0fe31', N'Nguyễn Đình Tạo');
-- row: [3]);
INSERT INTO CovidChinhThuc.dbo.CaNhan (ID, HoTen, NgaySinh, CMND, SinhNam, DiaChi, IDPhuongXa, IDQuanHuyen, NguoiTaoDL) VALUES ('fb90897e-1ff5-430c-998c-6c4a5cb270fa', N'Đinh Văn Bích', '1932-01-01', NULL, 1932, N'KP Đăk Đưm, thị trấn Vân Canh', 153, 11, N'Nguyễn Đình Tạo');
INSERT INTO CovidChinhThuc.dbo.ThongTinHoTro (ID, IDNoiDung, IDDoiTuong, IDCaNhan, NguoiTaoDL) VALUES ('b9797558-a606-4bab-b06d-b0d7894c9652', 6, '78AC3F79-5C50-4ACB-B626-E51ED3D4E8E5', 'fb90897e-1ff5-430c-998c-6c4a5cb270fa', N'Nguyễn Đình Tạo');
INSERT INTO CovidChinhThuc.dbo.ChiTiet_NguoiCoCong (ID_ThongTin, NguoiTaoDL) VALUES ('b9797558-a606-4bab-b06d-b0d7894c9652', N'Nguyễn Đình Tạo');
-- row: [4]);
INSERT INTO CovidChinhThuc.dbo.CaNhan (ID, HoTen, NgaySinh, CMND, SinhNam, DiaChi, IDPhuongXa, IDQuanHuyen, NguoiTaoDL) VALUES ('834b0ae2-e53f-4963-91c5-d256f9666689', N'Huỳnh Văn Bồng', '1956-01-01', '210063988', 1956, N'KP TVăn 2, thị trấn Vân Canh', 153, 11, N'Nguyễn Đình Tạo');
INSERT INTO CovidChinhThuc.dbo.ThongTinHoTro (ID, IDNoiDung, IDDoiTuong, IDCaNhan, NguoiTaoDL) VALUES ('19b7f551-ecfd-4bf4-9f79-ae2359548112', 6, NULL, '834b0ae2-e53f-4963-91c5-d256f9666689', N'Nguyễn Đình Tạo');
INSERT INTO CovidChinhThuc.dbo.ChiTiet_NguoiCoCong (ID_ThongTin, NguoiTaoDL) VALUES ('19b7f551-ecfd-4bf4-9f79-ae2359548112', N'Nguyễn Đình Tạo');
-- row: [5]);
INSERT INTO CovidChinhThuc.dbo.CaNhan (ID, HoTen, NgaySinh, CMND, SinhNam, DiaChi, IDPhuongXa, IDQuanHuyen, NguoiTaoDL) VALUES ('7bfeb914-c900-4007-9e2c-1cac47e11072', N'Trần Thị Hà', '1942-01-01', '210268921', 1942, N'Khu phố 3, thị trấn Vân Canh', 153, 11, N'Nguyễn Đình Tạo');
INSERT INTO CovidChinhThuc.dbo.ThongTinHoTro (ID, IDNoiDung, IDDoiTuong, IDCaNhan, NguoiTaoDL) VALUES ('7ea8e6ed-cd44-4007-932d-6b25fc981384', 6, NULL, '7bfeb914-c900-4007-9e2c-1cac47e11072', N'Nguyễn Đình Tạo');
INSERT INTO CovidChinhThuc.dbo.ChiTiet_NguoiCoCong (ID_ThongTin, NguoiTaoDL) VALUES ('7ea8e6ed-cd44-4007-932d-6b25fc981384', N'Nguyễn Đình Tạo');
-- row: [6]);
INSERT INTO CovidChinhThuc.dbo.CaNhan (ID, HoTen, NgaySinh, CMND, SinhNam, DiaChi, IDPhuongXa, IDQuanHuyen, NguoiTaoDL) VALUES ('6284ad73-72be-460e-8d03-ec2367da99b0', N'Đoàn Thị Hoàng', '1955-01-01', '210028548', 1955, N'KP Thịnh Văn 1, thị trấn Vân Canh', 153, 11, N'Nguyễn Đình Tạo');
INSERT INTO CovidChinhThuc.dbo.ThongTinHoTro (ID, IDNoiDung, IDDoiTuong, IDCaNhan, NguoiTaoDL) VALUES ('b913838b-e982-4d4d-8a44-69c4cfeaba0d', 6, NULL, '6284ad73-72be-460e-8d03-ec2367da99b0', N'Nguyễn Đình Tạo');
INSERT INTO CovidChinhThuc.dbo.ChiTiet_NguoiCoCong (ID_ThongTin, NguoiTaoDL) VALUES ('b913838b-e982-4d4d-8a44-69c4cfeaba0d', N'Nguyễn Đình Tạo');
-- row: [7]);
INSERT INTO CovidChinhThuc.dbo.CaNhan (ID, HoTen, NgaySinh, CMND, SinhNam, DiaChi, IDPhuongXa, IDQuanHuyen, NguoiTaoDL) VALUES ('72c27369-0c86-4175-ad6b-10c09a520954', N'Tạ Thị Thu Lan', NULL, NULL, NULL, N'Khu phố 3, thị trấn Vân Canh', 153, 11, N'Nguyễn Đình Tạo');
INSERT INTO CovidChinhThuc.dbo.ThongTinHoTro (ID, IDNoiDung, IDDoiTuong, IDCaNhan, NguoiTaoDL) VALUES ('5b244df9-bdcb-48ee-a596-0c437c6ca682', 6, 'E4E24DC6-98AE-4685-985D-47C0B48DD6FD', '72c27369-0c86-4175-ad6b-10c09a520954', N'Nguyễn Đình Tạo');
INSERT INTO CovidChinhThuc.dbo.ChiTiet_NguoiCoCong (ID_ThongTin, NguoiTaoDL) VALUES ('5b244df9-bdcb-48ee-a596-0c437c6ca682', N'Nguyễn Đình Tạo');
-- row: [8]);
INSERT INTO CovidChinhThuc.dbo.CaNhan (ID, HoTen, NgaySinh, CMND, SinhNam, DiaChi, IDPhuongXa, IDQuanHuyen, NguoiTaoDL) VALUES ('c8caa6cb-6c39-4f11-84e4-208019fcbb1b', N'Đinh Ka Nu', NULL, NULL, NULL, N'KP Hiệp Hà, thị trấn Vân Canh', 153, 11, N'Nguyễn Đình Tạo');
INSERT INTO CovidChinhThuc.dbo.ThongTinHoTro (ID, IDNoiDung, IDDoiTuong, IDCaNhan, NguoiTaoDL) VALUES ('82f49c3f-958a-4ee3-ab74-971f410a0784', 6, 'E4E24DC6-98AE-4685-985D-47C0B48DD6FD', 'c8caa6cb-6c39-4f11-84e4-208019fcbb1b', N'Nguyễn Đình Tạo');
INSERT INTO CovidChinhThuc.dbo.ChiTiet_NguoiCoCong (ID_ThongTin, NguoiTaoDL) VALUES ('82f49c3f-958a-4ee3-ab74-971f410a0784', N'Nguyễn Đình Tạo');
-- row: [9]);
INSERT INTO CovidChinhThuc.dbo.CaNhan (ID, HoTen, NgaySinh, CMND, SinhNam, DiaChi, IDPhuongXa, IDQuanHuyen, NguoiTaoDL) VALUES ('de1b3b47-a68f-4da9-bbb7-60ce58a0d252', N'Đinh Thị Ngọt', '1932-01-01', NULL, 1932, N'KP Hiệp Hội, thị trấn Vân Canh', 153, 11, N'Nguyễn Đình Tạo');
INSERT INTO CovidChinhThuc.dbo.ThongTinHoTro (ID, IDNoiDung, IDDoiTuong, IDCaNhan, NguoiTaoDL) VALUES ('52f7e0c4-3a26-40d6-b0bb-91be76b0f93f', 6, '41B0E9CD-732C-4E19-AAEC-3DC041CB6144', 'de1b3b47-a68f-4da9-bbb7-60ce58a0d252', N'Nguyễn Đình Tạo');
INSERT INTO CovidChinhThuc.dbo.ChiTiet_NguoiCoCong (ID_ThongTin, NguoiTaoDL) VALUES ('52f7e0c4-3a26-40d6-b0bb-91be76b0f93f', N'Nguyễn Đình Tạo');
-- row: [10]);
INSERT INTO CovidChinhThuc.dbo.CaNhan (ID, HoTen, NgaySinh, CMND, SinhNam, DiaChi, IDPhuongXa, IDQuanHuyen, NguoiTaoDL) VALUES ('c0fd2010-f4e9-4d14-8944-a921d4c7bf72', N'Lê Văn Tự', '1932-01-01', '210247674', 1932, N'KP Hiệp Hội, thị trấn Vân Canh', 153, 11, N'Nguyễn Đình Tạo');
INSERT INTO CovidChinhThuc.dbo.ThongTinHoTro (ID, IDNoiDung, IDDoiTuong, IDCaNhan, NguoiTaoDL) VALUES ('8d87214c-7bb0-4434-804d-6f47895950cf', 6, '41B0E9CD-732C-4E19-AAEC-3DC041CB6144', 'c0fd2010-f4e9-4d14-8944-a921d4c7bf72', N'Nguyễn Đình Tạo');
INSERT INTO CovidChinhThuc.dbo.ChiTiet_NguoiCoCong (ID_ThongTin, NguoiTaoDL) VALUES ('8d87214c-7bb0-4434-804d-6f47895950cf', N'Nguyễn Đình Tạo');
-- row: [11]);
INSERT INTO CovidChinhThuc.dbo.CaNhan (ID, HoTen, NgaySinh, CMND, SinhNam, DiaChi, IDPhuongXa, IDQuanHuyen, NguoiTaoDL) VALUES ('4bbe39f3-1d2f-47e2-ae60-28c0c0ea082a', N'Lê Thị Thể', '1927-01-01', NULL, 1927, N'KP Hiệp Hà, thị trấn Vân Canh', 153, 11, N'Nguyễn Đình Tạo');
INSERT INTO CovidChinhThuc.dbo.ThongTinHoTro (ID, IDNoiDung, IDDoiTuong, IDCaNhan, NguoiTaoDL) VALUES ('d2f54e5e-13a1-4e5a-933c-4261d2bc69bd', 6, '41B0E9CD-732C-4E19-AAEC-3DC041CB6144', '4bbe39f3-1d2f-47e2-ae60-28c0c0ea082a', N'Nguyễn Đình Tạo');
INSERT INTO CovidChinhThuc.dbo.ChiTiet_NguoiCoCong (ID_ThongTin, NguoiTaoDL) VALUES ('d2f54e5e-13a1-4e5a-933c-4261d2bc69bd', N'Nguyễn Đình Tạo');
-- row: [12]);
INSERT INTO CovidChinhThuc.dbo.CaNhan (ID, HoTen, NgaySinh, CMND, SinhNam, DiaChi, IDPhuongXa, IDQuanHuyen, NguoiTaoDL) VALUES ('2e02fc24-0c9f-44bb-a18d-2977a6f4f66b', N'Lê Thị Guốc', '1932-01-01', '210247317', 1932, N'KP Hiệp Hội, thị trấn Vân Canh', 153, 11, N'Nguyễn Đình Tạo');
INSERT INTO CovidChinhThuc.dbo.ThongTinHoTro (ID, IDNoiDung, IDDoiTuong, IDCaNhan, NguoiTaoDL) VALUES ('a18e42b1-7c61-4fbf-a1ea-de9cd6413fd4', 6, '41B0E9CD-732C-4E19-AAEC-3DC041CB6144', '2e02fc24-0c9f-44bb-a18d-2977a6f4f66b', N'Nguyễn Đình Tạo');
INSERT INTO CovidChinhThuc.dbo.ChiTiet_NguoiCoCong (ID_ThongTin, NguoiTaoDL) VALUES ('a18e42b1-7c61-4fbf-a1ea-de9cd6413fd4', N'Nguyễn Đình Tạo');
-- row: [13]);
INSERT INTO CovidChinhThuc.dbo.CaNhan (ID, HoTen, NgaySinh, CMND, SinhNam, DiaChi, IDPhuongXa, IDQuanHuyen, NguoiTaoDL) VALUES ('cd6b53b5-6798-40ca-8803-e1fd5a035293', N'Đoàn Văn Vai', '1946-01-01', NULL, 1946, N'KP Hiệp Hà, thị trấn Vân Canh', 153, 11, N'Nguyễn Đình Tạo');
INSERT INTO CovidChinhThuc.dbo.ThongTinHoTro (ID, IDNoiDung, IDDoiTuong, IDCaNhan, NguoiTaoDL) VALUES ('f69773ea-7b23-44a1-bf20-6fce71172f37', 6, '41B0E9CD-732C-4E19-AAEC-3DC041CB6144', 'cd6b53b5-6798-40ca-8803-e1fd5a035293', N'Nguyễn Đình Tạo');
INSERT INTO CovidChinhThuc.dbo.ChiTiet_NguoiCoCong (ID_ThongTin, NguoiTaoDL) VALUES ('f69773ea-7b23-44a1-bf20-6fce71172f37', N'Nguyễn Đình Tạo');
-- row: [14]);
INSERT INTO CovidChinhThuc.dbo.CaNhan (ID, HoTen, NgaySinh, CMND, SinhNam, DiaChi, IDPhuongXa, IDQuanHuyen, NguoiTaoDL) VALUES ('9cd8719e-0264-42b6-ad7a-0eab5c41cb16', N'Lê Văn Túc', '1932-01-01', NULL, 1932, N'KP Hiệp Hà, thị trấn Vân Canh', 153, 11, N'Nguyễn Đình Tạo');
INSERT INTO CovidChinhThuc.dbo.ThongTinHoTro (ID, IDNoiDung, IDDoiTuong, IDCaNhan, NguoiTaoDL) VALUES ('2c27c4ed-584c-4e6a-a799-c22ebba5c823', 6, '41B0E9CD-732C-4E19-AAEC-3DC041CB6144', '9cd8719e-0264-42b6-ad7a-0eab5c41cb16', N'Nguyễn Đình Tạo');
INSERT INTO CovidChinhThuc.dbo.ChiTiet_NguoiCoCong (ID_ThongTin, NguoiTaoDL) VALUES ('2c27c4ed-584c-4e6a-a799-c22ebba5c823', N'Nguyễn Đình Tạo');
-- row: [15]);
INSERT INTO CovidChinhThuc.dbo.CaNhan (ID, HoTen, NgaySinh, CMND, SinhNam, DiaChi, IDPhuongXa, IDQuanHuyen, NguoiTaoDL) VALUES ('73fbd1d5-62cf-4154-9df1-39298a60dd3f', N'Lê Thị Bông', '1931-01-01', '210095265', 1931, N'Khu phố 3, thị trấn Vân Canh', 153, 11, N'Nguyễn Đình Tạo');
INSERT INTO CovidChinhThuc.dbo.ThongTinHoTro (ID, IDNoiDung, IDDoiTuong, IDCaNhan, NguoiTaoDL) VALUES ('ab262b67-e250-4572-97ac-2b2003075dd5', 6, '41B0E9CD-732C-4E19-AAEC-3DC041CB6144', '73fbd1d5-62cf-4154-9df1-39298a60dd3f', N'Nguyễn Đình Tạo');
INSERT INTO CovidChinhThuc.dbo.ChiTiet_NguoiCoCong (ID_ThongTin, NguoiTaoDL) VALUES ('ab262b67-e250-4572-97ac-2b2003075dd5', N'Nguyễn Đình Tạo');
-- row: [16]);
INSERT INTO CovidChinhThuc.dbo.CaNhan (ID, HoTen, NgaySinh, CMND, SinhNam, DiaChi, IDPhuongXa, IDQuanHuyen, NguoiTaoDL) VALUES ('a74dafc5-0fa3-4e69-82ad-587edb970566', N'Phạm Thị Ngọt', '1944-01-01', '210064915', 1944, N'KP Canh Tân, thị trấn Vân Canh', 153, 11, N'Nguyễn Đình Tạo');
INSERT INTO CovidChinhThuc.dbo.ThongTinHoTro (ID, IDNoiDung, IDDoiTuong, IDCaNhan, NguoiTaoDL) VALUES ('ae960e3f-3eda-429b-b5a9-434f2c5c48ef', 6, '41B0E9CD-732C-4E19-AAEC-3DC041CB6144', 'a74dafc5-0fa3-4e69-82ad-587edb970566', N'Nguyễn Đình Tạo');
INSERT INTO CovidChinhThuc.dbo.ChiTiet_NguoiCoCong (ID_ThongTin, NguoiTaoDL) VALUES ('ae960e3f-3eda-429b-b5a9-434f2c5c48ef', N'Nguyễn Đình Tạo');
-- row: [17]);
INSERT INTO CovidChinhThuc.dbo.CaNhan (ID, HoTen, NgaySinh, CMND, SinhNam, DiaChi, IDPhuongXa, IDQuanHuyen, NguoiTaoDL) VALUES ('f6e449b3-5546-449b-b07e-15bcb62b3332', N'Nguyễn Văn Lại', '1947-01-01', '210030353', 1947, N'KP TVăn 2, thị trấn Vân Canh', 153, 11, N'Nguyễn Đình Tạo');
INSERT INTO CovidChinhThuc.dbo.ThongTinHoTro (ID, IDNoiDung, IDDoiTuong, IDCaNhan, NguoiTaoDL) VALUES ('4eb01bfa-96d8-4f91-a40e-4c3f3931a429', 6, 'EDE2F0CC-2376-438A-B5FB-FACD867E38EF', 'f6e449b3-5546-449b-b07e-15bcb62b3332', N'Nguyễn Đình Tạo');
INSERT INTO CovidChinhThuc.dbo.ChiTiet_NguoiCoCong (ID_ThongTin, NguoiTaoDL) VALUES ('4eb01bfa-96d8-4f91-a40e-4c3f3931a429', N'Nguyễn Đình Tạo');
-- row: [18]);
INSERT INTO CovidChinhThuc.dbo.CaNhan (ID, HoTen, NgaySinh, CMND, SinhNam, DiaChi, IDPhuongXa, IDQuanHuyen, NguoiTaoDL) VALUES ('31bffeab-9ddf-45d5-b7f8-0f09c4a0843e', N'Đinh Văn Tư', '1936-01-01', '210277354', 1936, N'KP Thịnh Văn 1, thị trấn Vân Canh', 153, 11, N'Nguyễn Đình Tạo');
INSERT INTO CovidChinhThuc.dbo.ThongTinHoTro (ID, IDNoiDung, IDDoiTuong, IDCaNhan, NguoiTaoDL) VALUES ('e1d77201-e39a-4f6c-b32e-318143117679', 6, 'EDE2F0CC-2376-438A-B5FB-FACD867E38EF', '31bffeab-9ddf-45d5-b7f8-0f09c4a0843e', N'Nguyễn Đình Tạo');
INSERT INTO CovidChinhThuc.dbo.ChiTiet_NguoiCoCong (ID_ThongTin, NguoiTaoDL) VALUES ('e1d77201-e39a-4f6c-b32e-318143117679', N'Nguyễn Đình Tạo');
-- row: [19]);
INSERT INTO CovidChinhThuc.dbo.CaNhan (ID, HoTen, NgaySinh, CMND, SinhNam, DiaChi, IDPhuongXa, IDQuanHuyen, NguoiTaoDL) VALUES ('1e0ba23b-6967-46b5-9d5e-243b3949542e', N'Trần Thị Hồng Vân', '1956-01-01', '210922699', 1956, N'KP Hiệp Giao, thị trấn Vân Canh', 153, 11, N'Nguyễn Đình Tạo');
INSERT INTO CovidChinhThuc.dbo.ThongTinHoTro (ID, IDNoiDung, IDDoiTuong, IDCaNhan, NguoiTaoDL) VALUES ('d6a434b1-6331-477b-b113-826b150f36d6', 6, 'EDE2F0CC-2376-438A-B5FB-FACD867E38EF', '1e0ba23b-6967-46b5-9d5e-243b3949542e', N'Nguyễn Đình Tạo');
INSERT INTO CovidChinhThuc.dbo.ChiTiet_NguoiCoCong (ID_ThongTin, NguoiTaoDL) VALUES ('d6a434b1-6331-477b-b113-826b150f36d6', N'Nguyễn Đình Tạo');
-- row: [20]);
INSERT INTO CovidChinhThuc.dbo.CaNhan (ID, HoTen, NgaySinh, CMND, SinhNam, DiaChi, IDPhuongXa, IDQuanHuyen, NguoiTaoDL) VALUES ('a621025b-c23b-432d-8d4a-9a7fa95c2e18', N'Lê Thị Hoa', '1934-01-01', '210037545', 1934, N'KP TVăn 2, thị trấn Vân Canh', 153, 11, N'Nguyễn Đình Tạo');
INSERT INTO CovidChinhThuc.dbo.ThongTinHoTro (ID, IDNoiDung, IDDoiTuong, IDCaNhan, NguoiTaoDL) VALUES ('63fdc756-1862-4fcf-a230-04ded30207ba', 6, 'EDE2F0CC-2376-438A-B5FB-FACD867E38EF', 'a621025b-c23b-432d-8d4a-9a7fa95c2e18', N'Nguyễn Đình Tạo');
INSERT INTO CovidChinhThuc.dbo.ChiTiet_NguoiCoCong (ID_ThongTin, NguoiTaoDL) VALUES ('63fdc756-1862-4fcf-a230-04ded30207ba', N'Nguyễn Đình Tạo');
-- row: [21]);
INSERT INTO CovidChinhThuc.dbo.CaNhan (ID, HoTen, NgaySinh, CMND, SinhNam, DiaChi, IDPhuongXa, IDQuanHuyen, NguoiTaoDL) VALUES ('7821ca20-716e-4d95-ad75-97e5243cba87', N'Nguyễn Thị Hiền', '1955-01-01', NULL, 1955, N'KP Hiệp Hội, thị trấn Vân Canh', 153, 11, N'Nguyễn Đình Tạo');
INSERT INTO CovidChinhThuc.dbo.ThongTinHoTro (ID, IDNoiDung, IDDoiTuong, IDCaNhan, NguoiTaoDL) VALUES ('8105c2ce-e426-4363-993f-edceadccf808', 6, 'EDE2F0CC-2376-438A-B5FB-FACD867E38EF', '7821ca20-716e-4d95-ad75-97e5243cba87', N'Nguyễn Đình Tạo');
INSERT INTO CovidChinhThuc.dbo.ChiTiet_NguoiCoCong (ID_ThongTin, NguoiTaoDL) VALUES ('8105c2ce-e426-4363-993f-edceadccf808', N'Nguyễn Đình Tạo');
-- row: [22]);
INSERT INTO CovidChinhThuc.dbo.CaNhan (ID, HoTen, NgaySinh, CMND, SinhNam, DiaChi, IDPhuongXa, IDQuanHuyen, NguoiTaoDL) VALUES ('631769c9-6b9f-474b-abe6-cc633c3f52be', N'Ngô Thị Thu', '1952-01-01', '210042539', 1952, N'KP Hiệp Giao, thị trấn Vân Canh', 153, 11, N'Nguyễn Đình Tạo');
INSERT INTO CovidChinhThuc.dbo.ThongTinHoTro (ID, IDNoiDung, IDDoiTuong, IDCaNhan, NguoiTaoDL) VALUES ('05d755e8-1183-4ac8-b125-3450f906ee4c', 6, 'EDE2F0CC-2376-438A-B5FB-FACD867E38EF', '631769c9-6b9f-474b-abe6-cc633c3f52be', N'Nguyễn Đình Tạo');
INSERT INTO CovidChinhThuc.dbo.ChiTiet_NguoiCoCong (ID_ThongTin, NguoiTaoDL) VALUES ('05d755e8-1183-4ac8-b125-3450f906ee4c', N'Nguyễn Đình Tạo');
-- row: [23]);
INSERT INTO CovidChinhThuc.dbo.CaNhan (ID, HoTen, NgaySinh, CMND, SinhNam, DiaChi, IDPhuongXa, IDQuanHuyen, NguoiTaoDL) VALUES ('4ae4ecae-4ad2-471f-9e3c-06ae19acd69c', N'Nguyễn Thị Hương', '1952-01-01', '210505290', 1952, N'KP Hiệp Giao, thị trấn Vân Canh', 153, 11, N'Nguyễn Đình Tạo');
INSERT INTO CovidChinhThuc.dbo.ThongTinHoTro (ID, IDNoiDung, IDDoiTuong, IDCaNhan, NguoiTaoDL) VALUES ('22a10f2c-ebb1-49fa-95c0-19aa3831b930', 6, 'EDE2F0CC-2376-438A-B5FB-FACD867E38EF', '4ae4ecae-4ad2-471f-9e3c-06ae19acd69c', N'Nguyễn Đình Tạo');
INSERT INTO CovidChinhThuc.dbo.ChiTiet_NguoiCoCong (ID_ThongTin, NguoiTaoDL) VALUES ('22a10f2c-ebb1-49fa-95c0-19aa3831b930', N'Nguyễn Đình Tạo');
-- row: [24]);
INSERT INTO CovidChinhThuc.dbo.CaNhan (ID, HoTen, NgaySinh, CMND, SinhNam, DiaChi, IDPhuongXa, IDQuanHuyen, NguoiTaoDL) VALUES ('828ca3c2-703b-4f0d-8b06-502f9a67613f', N'Nguyễn Ngọc Quý', '1949-01-01', '211010528', 1949, N'KP TVăn 2, thị trấn Vân Canh', 153, 11, N'Nguyễn Đình Tạo');
INSERT INTO CovidChinhThuc.dbo.ThongTinHoTro (ID, IDNoiDung, IDDoiTuong, IDCaNhan, NguoiTaoDL) VALUES ('9f08bc46-8cd3-443b-ab25-752c65c8de9a', 6, 'EDE2F0CC-2376-438A-B5FB-FACD867E38EF', '828ca3c2-703b-4f0d-8b06-502f9a67613f', N'Nguyễn Đình Tạo');
INSERT INTO CovidChinhThuc.dbo.ChiTiet_NguoiCoCong (ID_ThongTin, NguoiTaoDL) VALUES ('9f08bc46-8cd3-443b-ab25-752c65c8de9a', N'Nguyễn Đình Tạo');
-- row: [25]);
INSERT INTO CovidChinhThuc.dbo.CaNhan (ID, HoTen, NgaySinh, CMND, SinhNam, DiaChi, IDPhuongXa, IDQuanHuyen, NguoiTaoDL) VALUES ('42af0263-cc07-499b-be8a-e57391578f44', N'Đỗ Thị Bích Phượng', '1951-01-01', '210277847', 1951, N'KP Hiệp Giao, thị trấn Vân Canh', 153, 11, N'Nguyễn Đình Tạo');
INSERT INTO CovidChinhThuc.dbo.ThongTinHoTro (ID, IDNoiDung, IDDoiTuong, IDCaNhan, NguoiTaoDL) VALUES ('dde1f48f-843d-48b4-8445-c8802f10820b', 6, 'EDE2F0CC-2376-438A-B5FB-FACD867E38EF', '42af0263-cc07-499b-be8a-e57391578f44', N'Nguyễn Đình Tạo');
INSERT INTO CovidChinhThuc.dbo.ChiTiet_NguoiCoCong (ID_ThongTin, NguoiTaoDL) VALUES ('dde1f48f-843d-48b4-8445-c8802f10820b', N'Nguyễn Đình Tạo');
-- row: [26]);
INSERT INTO CovidChinhThuc.dbo.CaNhan (ID, HoTen, NgaySinh, CMND, SinhNam, DiaChi, IDPhuongXa, IDQuanHuyen, NguoiTaoDL) VALUES ('c52d8079-58d0-4cd9-a8b6-801afecd1cd5', N'Lê Thị Thanh Tâm', '1955-01-01', '210000358', 1955, NULL, null, 11, N'Nguyễn Đình Tạo');
INSERT INTO CovidChinhThuc.dbo.ThongTinHoTro (ID, IDNoiDung, IDDoiTuong, IDCaNhan, NguoiTaoDL) VALUES ('b1a949f8-4a5d-4c6a-8574-855defc33ede', 6, 'EDE2F0CC-2376-438A-B5FB-FACD867E38EF', 'c52d8079-58d0-4cd9-a8b6-801afecd1cd5', N'Nguyễn Đình Tạo');
INSERT INTO CovidChinhThuc.dbo.ChiTiet_NguoiCoCong (ID_ThongTin, NguoiTaoDL) VALUES ('b1a949f8-4a5d-4c6a-8574-855defc33ede', N'Nguyễn Đình Tạo');
-- row: [27]);
INSERT INTO CovidChinhThuc.dbo.CaNhan (ID, HoTen, NgaySinh, CMND, SinhNam, DiaChi, IDPhuongXa, IDQuanHuyen, NguoiTaoDL) VALUES ('e7274977-a3d1-4bdc-ba18-d083dd583fec', N'Trần Thị Mai', '1956-01-01', '211010561', 1956, N'KP TVăn 2, thị trấn Vân Canh', 153, 11, N'Nguyễn Đình Tạo');
INSERT INTO CovidChinhThuc.dbo.ThongTinHoTro (ID, IDNoiDung, IDDoiTuong, IDCaNhan, NguoiTaoDL) VALUES ('5f55672d-4d4a-4e91-892e-8e59fd026f6e', 6, 'EDE2F0CC-2376-438A-B5FB-FACD867E38EF', 'e7274977-a3d1-4bdc-ba18-d083dd583fec', N'Nguyễn Đình Tạo');
INSERT INTO CovidChinhThuc.dbo.ChiTiet_NguoiCoCong (ID_ThongTin, NguoiTaoDL) VALUES ('5f55672d-4d4a-4e91-892e-8e59fd026f6e', N'Nguyễn Đình Tạo');
-- row: [28]);
INSERT INTO CovidChinhThuc.dbo.CaNhan (ID, HoTen, NgaySinh, CMND, SinhNam, DiaChi, IDPhuongXa, IDQuanHuyen, NguoiTaoDL) VALUES ('66d11449-308f-4b20-a9e2-3ecf39acefe7', N'Phạm Đình Trọng', '1931-01-01', '210247572', 1931, N'Khu phố 3, thị trấn Vân Canh', 153, 11, N'Nguyễn Đình Tạo');
INSERT INTO CovidChinhThuc.dbo.ThongTinHoTro (ID, IDNoiDung, IDDoiTuong, IDCaNhan, NguoiTaoDL) VALUES ('eac06a9b-5635-4bfb-b979-50f8804b867d', 6, 'EDE2F0CC-2376-438A-B5FB-FACD867E38EF', '66d11449-308f-4b20-a9e2-3ecf39acefe7', N'Nguyễn Đình Tạo');
INSERT INTO CovidChinhThuc.dbo.ChiTiet_NguoiCoCong (ID_ThongTin, NguoiTaoDL) VALUES ('eac06a9b-5635-4bfb-b979-50f8804b867d', N'Nguyễn Đình Tạo');
-- row: [29]);
INSERT INTO CovidChinhThuc.dbo.CaNhan (ID, HoTen, NgaySinh, CMND, SinhNam, DiaChi, IDPhuongXa, IDQuanHuyen, NguoiTaoDL) VALUES ('99c30570-5a7f-44f5-8671-c0ae40e57a75', N'Nguyễn Thị Thu Hà', '1955-01-01', '210840354', 1955, NULL, null, 11, N'Nguyễn Đình Tạo');
INSERT INTO CovidChinhThuc.dbo.ThongTinHoTro (ID, IDNoiDung, IDDoiTuong, IDCaNhan, NguoiTaoDL) VALUES ('007fc652-c4f6-464f-819c-c1e272a13c5d', 6, 'EDE2F0CC-2376-438A-B5FB-FACD867E38EF', '99c30570-5a7f-44f5-8671-c0ae40e57a75', N'Nguyễn Đình Tạo');
INSERT INTO CovidChinhThuc.dbo.ChiTiet_NguoiCoCong (ID_ThongTin, NguoiTaoDL) VALUES ('007fc652-c4f6-464f-819c-c1e272a13c5d', N'Nguyễn Đình Tạo');
-- row: [30]);
INSERT INTO CovidChinhThuc.dbo.CaNhan (ID, HoTen, NgaySinh, CMND, SinhNam, DiaChi, IDPhuongXa, IDQuanHuyen, NguoiTaoDL) VALUES ('674baa52-cf80-4f7d-8029-aa03a25afac5', N'Ngô Đức Thành', '1941-01-01', '210040946', 1941, N'KP TVăn 2, thị trấn Vân Canh', 153, 11, N'Nguyễn Đình Tạo');
INSERT INTO CovidChinhThuc.dbo.ThongTinHoTro (ID, IDNoiDung, IDDoiTuong, IDCaNhan, NguoiTaoDL) VALUES ('d3ea521a-89ef-4d32-a8bf-f826c3fadb14', 6, 'EDE2F0CC-2376-438A-B5FB-FACD867E38EF', '674baa52-cf80-4f7d-8029-aa03a25afac5', N'Nguyễn Đình Tạo');
INSERT INTO CovidChinhThuc.dbo.ChiTiet_NguoiCoCong (ID_ThongTin, NguoiTaoDL) VALUES ('d3ea521a-89ef-4d32-a8bf-f826c3fadb14', N'Nguyễn Đình Tạo');
-- row: [31]);
INSERT INTO CovidChinhThuc.dbo.CaNhan (ID, HoTen, NgaySinh, CMND, SinhNam, DiaChi, IDPhuongXa, IDQuanHuyen, NguoiTaoDL) VALUES ('41ee1da3-85f4-4209-a3cc-ab5d24072997', N'Huỳnh Thị (Hồng) Phước', '1953-01-01', '210228333', 1953, N'KP TVăn 2, thị trấn Vân Canh', 153, 11, N'Nguyễn Đình Tạo');
INSERT INTO CovidChinhThuc.dbo.ThongTinHoTro (ID, IDNoiDung, IDDoiTuong, IDCaNhan, NguoiTaoDL) VALUES ('d4505301-ba41-47d1-a9d8-f337dcdf0529', 6, 'EDE2F0CC-2376-438A-B5FB-FACD867E38EF', '41ee1da3-85f4-4209-a3cc-ab5d24072997', N'Nguyễn Đình Tạo');
INSERT INTO CovidChinhThuc.dbo.ChiTiet_NguoiCoCong (ID_ThongTin, NguoiTaoDL) VALUES ('d4505301-ba41-47d1-a9d8-f337dcdf0529', N'Nguyễn Đình Tạo');
-- row: [32]);
INSERT INTO CovidChinhThuc.dbo.CaNhan (ID, HoTen, NgaySinh, CMND, SinhNam, DiaChi, IDPhuongXa, IDQuanHuyen, NguoiTaoDL) VALUES ('647c0faf-4233-43e2-98fe-1b6a9df612a9', N'Võ Ngọc Hoa', '1945-01-01', '210283313', 1945, N'KP Hiệp Giao, thị trấn Vân Canh', 153, 11, N'Nguyễn Đình Tạo');
INSERT INTO CovidChinhThuc.dbo.ThongTinHoTro (ID, IDNoiDung, IDDoiTuong, IDCaNhan, NguoiTaoDL) VALUES ('b8627f27-749c-4a2c-bcec-0771a86b873b', 6, 'EDE2F0CC-2376-438A-B5FB-FACD867E38EF', '647c0faf-4233-43e2-98fe-1b6a9df612a9', N'Nguyễn Đình Tạo');
INSERT INTO CovidChinhThuc.dbo.ChiTiet_NguoiCoCong (ID_ThongTin, NguoiTaoDL) VALUES ('b8627f27-749c-4a2c-bcec-0771a86b873b', N'Nguyễn Đình Tạo');
-- row: [33]);
INSERT INTO CovidChinhThuc.dbo.CaNhan (ID, HoTen, NgaySinh, CMND, SinhNam, DiaChi, IDPhuongXa, IDQuanHuyen, NguoiTaoDL) VALUES ('12edb3aa-922a-4b8e-83e8-71591fc0da54', N'Nguyễn Thái Bình', '1947-01-01', '210011272', 1947, N'KP Hiệp Giao, thị trấn Vân Canh', 153, 11, N'Nguyễn Đình Tạo');
INSERT INTO CovidChinhThuc.dbo.ThongTinHoTro (ID, IDNoiDung, IDDoiTuong, IDCaNhan, NguoiTaoDL) VALUES ('9616b4f3-d112-4524-a618-09ac1ac990b4', 6, 'EDE2F0CC-2376-438A-B5FB-FACD867E38EF', '12edb3aa-922a-4b8e-83e8-71591fc0da54', N'Nguyễn Đình Tạo');
INSERT INTO CovidChinhThuc.dbo.ChiTiet_NguoiCoCong (ID_ThongTin, NguoiTaoDL) VALUES ('9616b4f3-d112-4524-a618-09ac1ac990b4', N'Nguyễn Đình Tạo');
-- row: [34]);
INSERT INTO CovidChinhThuc.dbo.CaNhan (ID, HoTen, NgaySinh, CMND, SinhNam, DiaChi, IDPhuongXa, IDQuanHuyen, NguoiTaoDL) VALUES ('1bd50fce-c1cf-4172-9d22-73212f2debc9', N'Nguyễn Thị Hậu', '1956-01-01', '210228334', 1956, N'KP Hiệp Giao, thị trấn Vân Canh', 153, 11, N'Nguyễn Đình Tạo');
INSERT INTO CovidChinhThuc.dbo.ThongTinHoTro (ID, IDNoiDung, IDDoiTuong, IDCaNhan, NguoiTaoDL) VALUES ('6622c86a-5bf2-4172-bf48-5451c1ebee4e', 6, 'EDE2F0CC-2376-438A-B5FB-FACD867E38EF', '1bd50fce-c1cf-4172-9d22-73212f2debc9', N'Nguyễn Đình Tạo');
INSERT INTO CovidChinhThuc.dbo.ChiTiet_NguoiCoCong (ID_ThongTin, NguoiTaoDL) VALUES ('6622c86a-5bf2-4172-bf48-5451c1ebee4e', N'Nguyễn Đình Tạo');
-- row: [35]);
INSERT INTO CovidChinhThuc.dbo.CaNhan (ID, HoTen, NgaySinh, CMND, SinhNam, DiaChi, IDPhuongXa, IDQuanHuyen, NguoiTaoDL) VALUES ('62b80c8c-ef16-49d8-ada6-37cc5a733075', N'Nguyễn Thị Sen', '1950-01-01', '210042556', 1950, N'KP TVăn 2, thị trấn Vân Canh', 153, 11, N'Nguyễn Đình Tạo');
INSERT INTO CovidChinhThuc.dbo.ThongTinHoTro (ID, IDNoiDung, IDDoiTuong, IDCaNhan, NguoiTaoDL) VALUES ('bc1345bb-ad2c-406a-b3f6-3e701c310afb', 6, 'EDE2F0CC-2376-438A-B5FB-FACD867E38EF', '62b80c8c-ef16-49d8-ada6-37cc5a733075', N'Nguyễn Đình Tạo');
INSERT INTO CovidChinhThuc.dbo.ChiTiet_NguoiCoCong (ID_ThongTin, NguoiTaoDL) VALUES ('bc1345bb-ad2c-406a-b3f6-3e701c310afb', N'Nguyễn Đình Tạo');
-- row: [36]);
INSERT INTO CovidChinhThuc.dbo.CaNhan (ID, HoTen, NgaySinh, CMND, SinhNam, DiaChi, IDPhuongXa, IDQuanHuyen, NguoiTaoDL) VALUES ('bedd015e-3b5f-4416-a393-787dce11fd10', N'Phan Thị Định', '1938-01-01', '210952183', 1938, N'Khu phố 3, thị trấn Vân Canh', 153, 11, N'Nguyễn Đình Tạo');
INSERT INTO CovidChinhThuc.dbo.ThongTinHoTro (ID, IDNoiDung, IDDoiTuong, IDCaNhan, NguoiTaoDL) VALUES ('57b04249-d9a2-4e4e-9d3f-e22f957ac50c', 6, 'EDE2F0CC-2376-438A-B5FB-FACD867E38EF', 'bedd015e-3b5f-4416-a393-787dce11fd10', N'Nguyễn Đình Tạo');
INSERT INTO CovidChinhThuc.dbo.ChiTiet_NguoiCoCong (ID_ThongTin, NguoiTaoDL) VALUES ('57b04249-d9a2-4e4e-9d3f-e22f957ac50c', N'Nguyễn Đình Tạo');
-- row: [37]);
INSERT INTO CovidChinhThuc.dbo.CaNhan (ID, HoTen, NgaySinh, CMND, SinhNam, DiaChi, IDPhuongXa, IDQuanHuyen, NguoiTaoDL) VALUES ('8fffbcc2-ff6e-41a2-9d0f-9e36bd64cb4e', N'Đỗ Thị  Nhiên', '1946-01-01', '210068699', 1946, N'Khu phố 3, thị trấn Vân Canh', 153, 11, N'Nguyễn Đình Tạo');
INSERT INTO CovidChinhThuc.dbo.ThongTinHoTro (ID, IDNoiDung, IDDoiTuong, IDCaNhan, NguoiTaoDL) VALUES ('c1094bb4-1e82-44e5-88a2-749d1d59b14f', 6, 'EDE2F0CC-2376-438A-B5FB-FACD867E38EF', '8fffbcc2-ff6e-41a2-9d0f-9e36bd64cb4e', N'Nguyễn Đình Tạo');
INSERT INTO CovidChinhThuc.dbo.ChiTiet_NguoiCoCong (ID_ThongTin, NguoiTaoDL) VALUES ('c1094bb4-1e82-44e5-88a2-749d1d59b14f', N'Nguyễn Đình Tạo');
-- row: [38]);
INSERT INTO CovidChinhThuc.dbo.CaNhan (ID, HoTen, NgaySinh, CMND, SinhNam, DiaChi, IDPhuongXa, IDQuanHuyen, NguoiTaoDL) VALUES ('78ca67e5-b932-4694-bf09-509820486521', N'Đinh Thị Kích', '1954-01-01', '211010745', 1954, N'KP Tân Thuận, thị trấn Vân Canh', 153, 11, N'Nguyễn Đình Tạo');
INSERT INTO CovidChinhThuc.dbo.ThongTinHoTro (ID, IDNoiDung, IDDoiTuong, IDCaNhan, NguoiTaoDL) VALUES ('51aa57d9-f48e-4f7e-885b-32a0a1052b52', 6, 'EDE2F0CC-2376-438A-B5FB-FACD867E38EF', '78ca67e5-b932-4694-bf09-509820486521', N'Nguyễn Đình Tạo');
INSERT INTO CovidChinhThuc.dbo.ChiTiet_NguoiCoCong (ID_ThongTin, NguoiTaoDL) VALUES ('51aa57d9-f48e-4f7e-885b-32a0a1052b52', N'Nguyễn Đình Tạo');
-- row: [39]);
INSERT INTO CovidChinhThuc.dbo.CaNhan (ID, HoTen, NgaySinh, CMND, SinhNam, DiaChi, IDPhuongXa, IDQuanHuyen, NguoiTaoDL) VALUES ('43c89404-4e24-4915-8289-561f79d9eddf', N'Phạm Thị Sửu', '1950-01-01', '210030595', 1950, N'KP TVăn 2, thị trấn Vân Canh', 153, 11, N'Nguyễn Đình Tạo');
INSERT INTO CovidChinhThuc.dbo.ThongTinHoTro (ID, IDNoiDung, IDDoiTuong, IDCaNhan, NguoiTaoDL) VALUES ('9ca44ed1-6374-40d1-ad17-09972c7ba391', 6, 'EDE2F0CC-2376-438A-B5FB-FACD867E38EF', '43c89404-4e24-4915-8289-561f79d9eddf', N'Nguyễn Đình Tạo');
INSERT INTO CovidChinhThuc.dbo.ChiTiet_NguoiCoCong (ID_ThongTin, NguoiTaoDL) VALUES ('9ca44ed1-6374-40d1-ad17-09972c7ba391', N'Nguyễn Đình Tạo');
-- row: [40]);
INSERT INTO CovidChinhThuc.dbo.CaNhan (ID, HoTen, NgaySinh, CMND, SinhNam, DiaChi, IDPhuongXa, IDQuanHuyen, NguoiTaoDL) VALUES ('d78d7964-7f10-4c01-9396-f138e43f04e9', N'Trần Thị Tam', '1945-01-01', '211311081', 1945, N'KP TVăn 2, thị trấn Vân Canh', 153, 11, N'Nguyễn Đình Tạo');
INSERT INTO CovidChinhThuc.dbo.ThongTinHoTro (ID, IDNoiDung, IDDoiTuong, IDCaNhan, NguoiTaoDL) VALUES ('23766575-9952-4e55-81a0-eb386d1c6e3a', 6, 'EDE2F0CC-2376-438A-B5FB-FACD867E38EF', 'd78d7964-7f10-4c01-9396-f138e43f04e9', N'Nguyễn Đình Tạo');
INSERT INTO CovidChinhThuc.dbo.ChiTiet_NguoiCoCong (ID_ThongTin, NguoiTaoDL) VALUES ('23766575-9952-4e55-81a0-eb386d1c6e3a', N'Nguyễn Đình Tạo');
-- row: [41]);
INSERT INTO CovidChinhThuc.dbo.CaNhan (ID, HoTen, NgaySinh, CMND, SinhNam, DiaChi, IDPhuongXa, IDQuanHuyen, NguoiTaoDL) VALUES ('3ffb1316-dfc2-4ecd-8f65-0a92905f4023', N'Huỳnh Thị Sơ Rum', '1952-01-01', '215461656', 1952, N'KP TVăn 2, thị trấn Vân Canh', 153, 11, N'Nguyễn Đình Tạo');
INSERT INTO CovidChinhThuc.dbo.ThongTinHoTro (ID, IDNoiDung, IDDoiTuong, IDCaNhan, NguoiTaoDL) VALUES ('676cf9ac-d8e4-4925-b391-b981bd5883ab', 6, 'EDE2F0CC-2376-438A-B5FB-FACD867E38EF', '3ffb1316-dfc2-4ecd-8f65-0a92905f4023', N'Nguyễn Đình Tạo');
INSERT INTO CovidChinhThuc.dbo.ChiTiet_NguoiCoCong (ID_ThongTin, NguoiTaoDL) VALUES ('676cf9ac-d8e4-4925-b391-b981bd5883ab', N'Nguyễn Đình Tạo');
-- row: [42]);
INSERT INTO CovidChinhThuc.dbo.CaNhan (ID, HoTen, NgaySinh, CMND, SinhNam, DiaChi, IDPhuongXa, IDQuanHuyen, NguoiTaoDL) VALUES ('64b7f768-9435-4616-94b2-d735f9708789', N'Nguyễn Thị Hưng', '1952-01-01', '210017726', 1952, N'KP Hiệp Hội, thị trấn Vân Canh', 153, 11, N'Nguyễn Đình Tạo');
INSERT INTO CovidChinhThuc.dbo.ThongTinHoTro (ID, IDNoiDung, IDDoiTuong, IDCaNhan, NguoiTaoDL) VALUES ('b7e685d8-cd0b-4b4a-a403-5271024309b7', 6, 'EDE2F0CC-2376-438A-B5FB-FACD867E38EF', '64b7f768-9435-4616-94b2-d735f9708789', N'Nguyễn Đình Tạo');
INSERT INTO CovidChinhThuc.dbo.ChiTiet_NguoiCoCong (ID_ThongTin, NguoiTaoDL) VALUES ('b7e685d8-cd0b-4b4a-a403-5271024309b7', N'Nguyễn Đình Tạo');
-- row: [43]);
INSERT INTO CovidChinhThuc.dbo.CaNhan (ID, HoTen, NgaySinh, CMND, SinhNam, DiaChi, IDPhuongXa, IDQuanHuyen, NguoiTaoDL) VALUES ('3b9519b9-3bd3-45c0-9306-bd329b6ae269', N'Dương Thị Khâm', '1938-01-01', '211010773', 1938, N'KP Thịnh Văn 1,thị trấn Vân Canh', 153, 11, N'Nguyễn Đình Tạo');
INSERT INTO CovidChinhThuc.dbo.ThongTinHoTro (ID, IDNoiDung, IDDoiTuong, IDCaNhan, NguoiTaoDL) VALUES ('b48c315a-329f-4b71-af6c-b78e9db9882d', 6, 'EDE2F0CC-2376-438A-B5FB-FACD867E38EF', '3b9519b9-3bd3-45c0-9306-bd329b6ae269', N'Nguyễn Đình Tạo');
INSERT INTO CovidChinhThuc.dbo.ChiTiet_NguoiCoCong (ID_ThongTin, NguoiTaoDL) VALUES ('b48c315a-329f-4b71-af6c-b78e9db9882d', N'Nguyễn Đình Tạo');
-- row: [44]);
INSERT INTO CovidChinhThuc.dbo.CaNhan (ID, HoTen, NgaySinh, CMND, SinhNam, DiaChi, IDPhuongXa, IDQuanHuyen, NguoiTaoDL) VALUES ('d193a59c-9d20-43af-9be8-5cf76a64e83a', N'Võ Thị Chín', '1954-01-01', '211045292', 1954, N'KP Hiệp Giao, thị trấn Vân Canh', 153, 11, N'Nguyễn Đình Tạo');
INSERT INTO CovidChinhThuc.dbo.ThongTinHoTro (ID, IDNoiDung, IDDoiTuong, IDCaNhan, NguoiTaoDL) VALUES ('ad569b34-84a1-4bf4-9aab-a7f3208ae4cd', 6, 'EDE2F0CC-2376-438A-B5FB-FACD867E38EF', 'd193a59c-9d20-43af-9be8-5cf76a64e83a', N'Nguyễn Đình Tạo');
INSERT INTO CovidChinhThuc.dbo.ChiTiet_NguoiCoCong (ID_ThongTin, NguoiTaoDL) VALUES ('ad569b34-84a1-4bf4-9aab-a7f3208ae4cd', N'Nguyễn Đình Tạo');
-- row: [45]);
INSERT INTO CovidChinhThuc.dbo.CaNhan (ID, HoTen, NgaySinh, CMND, SinhNam, DiaChi, IDPhuongXa, IDQuanHuyen, NguoiTaoDL) VALUES ('c960894a-3942-42f0-933b-06bf81060653', N'Tạ Lương Thiện', '1955-01-01', '211755838', 1955, N'Khu phố 3, thị trấn Vân Canh', 153, 11, N'Nguyễn Đình Tạo');
INSERT INTO CovidChinhThuc.dbo.ThongTinHoTro (ID, IDNoiDung, IDDoiTuong, IDCaNhan, NguoiTaoDL) VALUES ('dbe3924e-b5ed-47a2-a7fc-61839a9817e2', 6, 'EDE2F0CC-2376-438A-B5FB-FACD867E38EF', 'c960894a-3942-42f0-933b-06bf81060653', N'Nguyễn Đình Tạo');
INSERT INTO CovidChinhThuc.dbo.ChiTiet_NguoiCoCong (ID_ThongTin, NguoiTaoDL) VALUES ('dbe3924e-b5ed-47a2-a7fc-61839a9817e2', N'Nguyễn Đình Tạo');
-- row: [46]);
INSERT INTO CovidChinhThuc.dbo.CaNhan (ID, HoTen, NgaySinh, CMND, SinhNam, DiaChi, IDPhuongXa, IDQuanHuyen, NguoiTaoDL) VALUES ('a760c232-4a02-41ad-b94b-1d57a8dda27e', N'La Thanh Bình', '1950-01-01', '210003064', 1950, N'KP TVăn 2, thị trấn Vân Canh', 153, 11, N'Nguyễn Đình Tạo');
INSERT INTO CovidChinhThuc.dbo.ThongTinHoTro (ID, IDNoiDung, IDDoiTuong, IDCaNhan, NguoiTaoDL) VALUES ('431ebad4-0368-46ab-97ce-88df24981e62', 6, 'EDE2F0CC-2376-438A-B5FB-FACD867E38EF', 'a760c232-4a02-41ad-b94b-1d57a8dda27e', N'Nguyễn Đình Tạo');
INSERT INTO CovidChinhThuc.dbo.ChiTiet_NguoiCoCong (ID_ThongTin, NguoiTaoDL) VALUES ('431ebad4-0368-46ab-97ce-88df24981e62', N'Nguyễn Đình Tạo');
-- row: [47]);
INSERT INTO CovidChinhThuc.dbo.CaNhan (ID, HoTen, NgaySinh, CMND, SinhNam, DiaChi, IDPhuongXa, IDQuanHuyen, NguoiTaoDL) VALUES ('75a9de45-5e0a-4f26-ab4c-49d324be4d37', N'Nguyễn Thị Thanh Xuân', '1956-01-01', '210037469', 1956, N'KP Hiệp Giao, thị trấn Vân Canh', 153, 11, N'Nguyễn Đình Tạo');
INSERT INTO CovidChinhThuc.dbo.ThongTinHoTro (ID, IDNoiDung, IDDoiTuong, IDCaNhan, NguoiTaoDL) VALUES ('82f722e8-378a-431d-a0a8-8b639d478707', 6, 'EDE2F0CC-2376-438A-B5FB-FACD867E38EF', '75a9de45-5e0a-4f26-ab4c-49d324be4d37', N'Nguyễn Đình Tạo');
INSERT INTO CovidChinhThuc.dbo.ChiTiet_NguoiCoCong (ID_ThongTin, NguoiTaoDL) VALUES ('82f722e8-378a-431d-a0a8-8b639d478707', N'Nguyễn Đình Tạo');
-- row: [48]);
INSERT INTO CovidChinhThuc.dbo.CaNhan (ID, HoTen, NgaySinh, CMND, SinhNam, DiaChi, IDPhuongXa, IDQuanHuyen, NguoiTaoDL) VALUES ('69085e2d-5ae3-4440-845a-1371811d5f13', N'Nguyễn Hữu Thái', '1959-01-01', '215083141', 1959, N'Khu phố 3, thị trấn Vân Canh', 153, 11, N'Nguyễn Đình Tạo');
INSERT INTO CovidChinhThuc.dbo.ThongTinHoTro (ID, IDNoiDung, IDDoiTuong, IDCaNhan, NguoiTaoDL) VALUES ('b825f6e1-bc34-4ce9-a5ef-1d2f749f8ec1', 6, 'EDE2F0CC-2376-438A-B5FB-FACD867E38EF', '69085e2d-5ae3-4440-845a-1371811d5f13', N'Nguyễn Đình Tạo');
INSERT INTO CovidChinhThuc.dbo.ChiTiet_NguoiCoCong (ID_ThongTin, NguoiTaoDL) VALUES ('b825f6e1-bc34-4ce9-a5ef-1d2f749f8ec1', N'Nguyễn Đình Tạo');
-- row: [49]);
INSERT INTO CovidChinhThuc.dbo.CaNhan (ID, HoTen, NgaySinh, CMND, SinhNam, DiaChi, IDPhuongXa, IDQuanHuyen, NguoiTaoDL) VALUES ('d7d52798-a142-4944-831d-85020bd5f0f6', N'Nguyễn Thị Mai', '1950-01-01', '210037658', 1950, N'KP TVăn 2, thị trấn Vân Canh', 153, 11, N'Nguyễn Đình Tạo');
INSERT INTO CovidChinhThuc.dbo.ThongTinHoTro (ID, IDNoiDung, IDDoiTuong, IDCaNhan, NguoiTaoDL) VALUES ('2d08a86b-692c-48d1-afe7-2e97159d4778', 6, 'EDE2F0CC-2376-438A-B5FB-FACD867E38EF', 'd7d52798-a142-4944-831d-85020bd5f0f6', N'Nguyễn Đình Tạo');
INSERT INTO CovidChinhThuc.dbo.ChiTiet_NguoiCoCong (ID_ThongTin, NguoiTaoDL) VALUES ('2d08a86b-692c-48d1-afe7-2e97159d4778', N'Nguyễn Đình Tạo');
-- row: [50]);
INSERT INTO CovidChinhThuc.dbo.CaNhan (ID, HoTen, NgaySinh, CMND, SinhNam, DiaChi, IDPhuongXa, IDQuanHuyen, NguoiTaoDL) VALUES ('26782421-347c-407c-89f3-4392157319df', N'Đinh Nghiệp', '1930-01-01', NULL, 1930, N'KP Đăk Đưm, thị trấn Vân Canh', 153, 11, N'Nguyễn Đình Tạo');
INSERT INTO CovidChinhThuc.dbo.ThongTinHoTro (ID, IDNoiDung, IDDoiTuong, IDCaNhan, NguoiTaoDL) VALUES ('89792505-0010-4496-8bbf-036ae02e6926', 6, 'EDE2F0CC-2376-438A-B5FB-FACD867E38EF', '26782421-347c-407c-89f3-4392157319df', N'Nguyễn Đình Tạo');
INSERT INTO CovidChinhThuc.dbo.ChiTiet_NguoiCoCong (ID_ThongTin, NguoiTaoDL) VALUES ('89792505-0010-4496-8bbf-036ae02e6926', N'Nguyễn Đình Tạo');
-- row: [51]);
INSERT INTO CovidChinhThuc.dbo.CaNhan (ID, HoTen, NgaySinh, CMND, SinhNam, DiaChi, IDPhuongXa, IDQuanHuyen, NguoiTaoDL) VALUES ('4ffd7b18-2642-4c54-9316-9df2072ae1cd', N'Nguyên Tấn Minh', NULL, NULL, NULL, N'KP Thịnh Văn 1, thị trấn Vân Canh', 153, 11, N'Nguyễn Đình Tạo');
INSERT INTO CovidChinhThuc.dbo.ThongTinHoTro (ID, IDNoiDung, IDDoiTuong, IDCaNhan, NguoiTaoDL) VALUES ('8df9c6e5-b1a4-4588-9444-3b3ba8cc5491', 6, NULL, '4ffd7b18-2642-4c54-9316-9df2072ae1cd', N'Nguyễn Đình Tạo');
INSERT INTO CovidChinhThuc.dbo.ChiTiet_NguoiCoCong (ID_ThongTin, NguoiTaoDL) VALUES ('8df9c6e5-b1a4-4588-9444-3b3ba8cc5491', N'Nguyễn Đình Tạo');
-- row: [52]);
INSERT INTO CovidChinhThuc.dbo.CaNhan (ID, HoTen, NgaySinh, CMND, SinhNam, DiaChi, IDPhuongXa, IDQuanHuyen, NguoiTaoDL) VALUES ('311de81a-cac2-4f85-8b45-24b54ddb9984', N'Lê Văn An', '1942-01-01', '210247608', 1942, N'Khu phố 3, thị trấn Vân Canh', 153, 11, N'Nguyễn Đình Tạo');
INSERT INTO CovidChinhThuc.dbo.ThongTinHoTro (ID, IDNoiDung, IDDoiTuong, IDCaNhan, NguoiTaoDL) VALUES ('eafb2b69-c806-4f04-ae77-867ed08d904d', 6, NULL, '311de81a-cac2-4f85-8b45-24b54ddb9984', N'Nguyễn Đình Tạo');
INSERT INTO CovidChinhThuc.dbo.ChiTiet_NguoiCoCong (ID_ThongTin, NguoiTaoDL) VALUES ('eafb2b69-c806-4f04-ae77-867ed08d904d', N'Nguyễn Đình Tạo');
-- row: [53]);
INSERT INTO CovidChinhThuc.dbo.CaNhan (ID, HoTen, NgaySinh, CMND, SinhNam, DiaChi, IDPhuongXa, IDQuanHuyen, NguoiTaoDL) VALUES ('17382cef-b09f-43d9-9797-2e2348b8d668', N'Trần Cộng', '1947-01-01', '210268937', 1947, N'Khu phố 3, thị trấn Vân Canh', 153, 11, N'Nguyễn Đình Tạo');
INSERT INTO CovidChinhThuc.dbo.ThongTinHoTro (ID, IDNoiDung, IDDoiTuong, IDCaNhan, NguoiTaoDL) VALUES ('6c08efdd-bd97-4bcf-8e4d-d2255e68fd29', 6, NULL, '17382cef-b09f-43d9-9797-2e2348b8d668', N'Nguyễn Đình Tạo');
INSERT INTO CovidChinhThuc.dbo.ChiTiet_NguoiCoCong (ID_ThongTin, NguoiTaoDL) VALUES ('6c08efdd-bd97-4bcf-8e4d-d2255e68fd29', N'Nguyễn Đình Tạo');
-- row: [54]);
INSERT INTO CovidChinhThuc.dbo.CaNhan (ID, HoTen, NgaySinh, CMND, SinhNam, DiaChi, IDPhuongXa, IDQuanHuyen, NguoiTaoDL) VALUES ('233777dc-ab69-4a26-8e63-342d8234b1cc', N'Lưu Háo', '1937-01-01', '210268923', 1937, N'Khu phố 3, thị trấn Vân Canh', 153, 11, N'Nguyễn Đình Tạo');
INSERT INTO CovidChinhThuc.dbo.ThongTinHoTro (ID, IDNoiDung, IDDoiTuong, IDCaNhan, NguoiTaoDL) VALUES ('ef7031da-3c21-4d17-8d39-83b79901ffc9', 6, NULL, '233777dc-ab69-4a26-8e63-342d8234b1cc', N'Nguyễn Đình Tạo');
INSERT INTO CovidChinhThuc.dbo.ChiTiet_NguoiCoCong (ID_ThongTin, NguoiTaoDL) VALUES ('ef7031da-3c21-4d17-8d39-83b79901ffc9', N'Nguyễn Đình Tạo');
-- row: [55]);
INSERT INTO CovidChinhThuc.dbo.CaNhan (ID, HoTen, NgaySinh, CMND, SinhNam, DiaChi, IDPhuongXa, IDQuanHuyen, NguoiTaoDL) VALUES ('88afb292-082b-4476-b866-7eaf22d70737', N'Nguyễn Ngọc Tứ', '1955-01-01', '211010630', 1955, N'Khu phố 2, thị trấn Vân Canh', 153, 11, N'Nguyễn Đình Tạo');
INSERT INTO CovidChinhThuc.dbo.ThongTinHoTro (ID, IDNoiDung, IDDoiTuong, IDCaNhan, NguoiTaoDL) VALUES ('e2d5a0fd-2723-4883-893d-98feed771b85', 6, NULL, '88afb292-082b-4476-b866-7eaf22d70737', N'Nguyễn Đình Tạo');
INSERT INTO CovidChinhThuc.dbo.ChiTiet_NguoiCoCong (ID_ThongTin, NguoiTaoDL) VALUES ('e2d5a0fd-2723-4883-893d-98feed771b85', N'Nguyễn Đình Tạo');
-- row: [56]);
INSERT INTO CovidChinhThuc.dbo.CaNhan (ID, HoTen, NgaySinh, CMND, SinhNam, DiaChi, IDPhuongXa, IDQuanHuyen, NguoiTaoDL) VALUES ('b7cede57-c8ad-4d3d-a011-6e53248006fc', N'Huỳnh Chút', '1956-01-01', '210037176', 1956, N'Khu phố 3, thị trấn Vân Canh', 153, 11, N'Nguyễn Đình Tạo');
INSERT INTO CovidChinhThuc.dbo.ThongTinHoTro (ID, IDNoiDung, IDDoiTuong, IDCaNhan, NguoiTaoDL) VALUES ('da82f8f3-3c1d-447b-8c52-fd76be816b27', 6, NULL, 'b7cede57-c8ad-4d3d-a011-6e53248006fc', N'Nguyễn Đình Tạo');
INSERT INTO CovidChinhThuc.dbo.ChiTiet_NguoiCoCong (ID_ThongTin, NguoiTaoDL) VALUES ('da82f8f3-3c1d-447b-8c52-fd76be816b27', N'Nguyễn Đình Tạo');
-- row: [57]);
INSERT INTO CovidChinhThuc.dbo.CaNhan (ID, HoTen, NgaySinh, CMND, SinhNam, DiaChi, IDPhuongXa, IDQuanHuyen, NguoiTaoDL) VALUES ('ad588962-9061-46e9-a2b7-77628a1980cf', N'Trần Thị Bằng', '1941-01-01', '210467365', 1941, N'KP TVăn 2, thị trấn Vân Canh', 153, 11, N'Nguyễn Đình Tạo');
INSERT INTO CovidChinhThuc.dbo.ThongTinHoTro (ID, IDNoiDung, IDDoiTuong, IDCaNhan, NguoiTaoDL) VALUES ('366f587c-7364-4da1-8319-373f8c835576', 6, NULL, 'ad588962-9061-46e9-a2b7-77628a1980cf', N'Nguyễn Đình Tạo');
INSERT INTO CovidChinhThuc.dbo.ChiTiet_NguoiCoCong (ID_ThongTin, NguoiTaoDL) VALUES ('366f587c-7364-4da1-8319-373f8c835576', N'Nguyễn Đình Tạo');
-- row: [58]);
INSERT INTO CovidChinhThuc.dbo.CaNhan (ID, HoTen, NgaySinh, CMND, SinhNam, DiaChi, IDPhuongXa, IDQuanHuyen, NguoiTaoDL) VALUES ('e8b24b04-b24e-4f24-90bd-9c153a339584', N'Đinh Thị Bảy', '1948-01-01', '210042549', 1948, N'KP TVăn 1, thị trấn Vân Canh', 153, 11, N'Nguyễn Đình Tạo');
INSERT INTO CovidChinhThuc.dbo.ThongTinHoTro (ID, IDNoiDung, IDDoiTuong, IDCaNhan, NguoiTaoDL) VALUES ('90515eda-2be4-426d-a2be-aa4037995615', 6, NULL, 'e8b24b04-b24e-4f24-90bd-9c153a339584', N'Nguyễn Đình Tạo');
INSERT INTO CovidChinhThuc.dbo.ChiTiet_NguoiCoCong (ID_ThongTin, NguoiTaoDL) VALUES ('90515eda-2be4-426d-a2be-aa4037995615', N'Nguyễn Đình Tạo');
-- row: [59]);
INSERT INTO CovidChinhThuc.dbo.CaNhan (ID, HoTen, NgaySinh, CMND, SinhNam, DiaChi, IDPhuongXa, IDQuanHuyen, NguoiTaoDL) VALUES ('e3cdda57-6860-4335-8e8d-ea0071970cf8', N'Đặng Thị Liên', '1944-01-01', '210247655', 1944, N'thị trấn Vân Canh', 153, 11, N'Nguyễn Đình Tạo');
INSERT INTO CovidChinhThuc.dbo.ThongTinHoTro (ID, IDNoiDung, IDDoiTuong, IDCaNhan, NguoiTaoDL) VALUES ('40aaee57-f919-4cb5-b71e-b70f21721f20', 6, NULL, 'e3cdda57-6860-4335-8e8d-ea0071970cf8', N'Nguyễn Đình Tạo');
INSERT INTO CovidChinhThuc.dbo.ChiTiet_NguoiCoCong (ID_ThongTin, NguoiTaoDL) VALUES ('40aaee57-f919-4cb5-b71e-b70f21721f20', N'Nguyễn Đình Tạo');
-- row: [60]);
INSERT INTO CovidChinhThuc.dbo.CaNhan (ID, HoTen, NgaySinh, CMND, SinhNam, DiaChi, IDPhuongXa, IDQuanHuyen, NguoiTaoDL) VALUES ('374bf23a-d2f2-4c9b-9850-b6ef1e2e8048', N'Đinh Thị Minh', '1950-01-01', '210269047', 1950, N'KP TVăn 2, thị trấn Vân Canh', 153, 11, N'Nguyễn Đình Tạo');
INSERT INTO CovidChinhThuc.dbo.ThongTinHoTro (ID, IDNoiDung, IDDoiTuong, IDCaNhan, NguoiTaoDL) VALUES ('2a928250-3bba-434b-a38b-aed2eeb44d71', 6, NULL, '374bf23a-d2f2-4c9b-9850-b6ef1e2e8048', N'Nguyễn Đình Tạo');
INSERT INTO CovidChinhThuc.dbo.ChiTiet_NguoiCoCong (ID_ThongTin, NguoiTaoDL) VALUES ('2a928250-3bba-434b-a38b-aed2eeb44d71', N'Nguyễn Đình Tạo');
-- row: [61]);
INSERT INTO CovidChinhThuc.dbo.CaNhan (ID, HoTen, NgaySinh, CMND, SinhNam, DiaChi, IDPhuongXa, IDQuanHuyen, NguoiTaoDL) VALUES ('dd2243bd-6572-4c90-8002-a96ce46d04ab', N'Bùi Ngọc Anh', '1933-01-01', '210247654', 1933, N'thị trấn Vân Canh', 153, 11, N'Nguyễn Đình Tạo');
INSERT INTO CovidChinhThuc.dbo.ThongTinHoTro (ID, IDNoiDung, IDDoiTuong, IDCaNhan, NguoiTaoDL) VALUES ('7a5525b0-0072-4948-9c6a-94c2983e8132', 6, NULL, 'dd2243bd-6572-4c90-8002-a96ce46d04ab', N'Nguyễn Đình Tạo');
INSERT INTO CovidChinhThuc.dbo.ChiTiet_NguoiCoCong (ID_ThongTin, NguoiTaoDL) VALUES ('7a5525b0-0072-4948-9c6a-94c2983e8132', N'Nguyễn Đình Tạo');
-- row: [62]);
INSERT INTO CovidChinhThuc.dbo.CaNhan (ID, HoTen, NgaySinh, CMND, SinhNam, DiaChi, IDPhuongXa, IDQuanHuyen, NguoiTaoDL) VALUES ('f3ab1e39-46bc-4d22-a6dd-4d704c343b3e', N'Nguyễn Thị Trung', '1938-01-01', '210247630', 1938, N'Khu phố 3,thị trấn Vân Canh', 153, 11, N'Nguyễn Đình Tạo');
INSERT INTO CovidChinhThuc.dbo.ThongTinHoTro (ID, IDNoiDung, IDDoiTuong, IDCaNhan, NguoiTaoDL) VALUES ('4cd08159-6742-4e71-9fe1-012d4bb21b1f', 6, NULL, 'f3ab1e39-46bc-4d22-a6dd-4d704c343b3e', N'Nguyễn Đình Tạo');
INSERT INTO CovidChinhThuc.dbo.ChiTiet_NguoiCoCong (ID_ThongTin, NguoiTaoDL) VALUES ('4cd08159-6742-4e71-9fe1-012d4bb21b1f', N'Nguyễn Đình Tạo');
-- row: [63]);
INSERT INTO CovidChinhThuc.dbo.CaNhan (ID, HoTen, NgaySinh, CMND, SinhNam, DiaChi, IDPhuongXa, IDQuanHuyen, NguoiTaoDL) VALUES ('93b37a18-3fa3-42d1-9118-c59416fc940b', N'Đinh Văn Ếch', '1945-01-01', '210277163', 1945, N'Ka Xim, xã Canh Thuận', 158, 11, N'Nguyễn Đình Tạo');
INSERT INTO CovidChinhThuc.dbo.ThongTinHoTro (ID, IDNoiDung, IDDoiTuong, IDCaNhan, NguoiTaoDL) VALUES ('9a5e5107-5d8c-4066-a1a5-7da3ed404e7f', 6, NULL, '93b37a18-3fa3-42d1-9118-c59416fc940b', N'Nguyễn Đình Tạo');
INSERT INTO CovidChinhThuc.dbo.ChiTiet_NguoiCoCong (ID_ThongTin, NguoiTaoDL) VALUES ('9a5e5107-5d8c-4066-a1a5-7da3ed404e7f', N'Nguyễn Đình Tạo');
-- row: [64]);
INSERT INTO CovidChinhThuc.dbo.CaNhan (ID, HoTen, NgaySinh, CMND, SinhNam, DiaChi, IDPhuongXa, IDQuanHuyen, NguoiTaoDL) VALUES ('2dba87fb-54b8-4b8c-acb1-be1c8bcd664c', N'Đoàn Văn Đây', '1945-01-01', '215165828', 1945, N'HVT, xã Canh Thuận', 158, 11, N'Nguyễn Đình Tạo');
INSERT INTO CovidChinhThuc.dbo.ThongTinHoTro (ID, IDNoiDung, IDDoiTuong, IDCaNhan, NguoiTaoDL) VALUES ('80f9fb34-bb7f-4a42-b89f-fef63483c125', 6, NULL, '2dba87fb-54b8-4b8c-acb1-be1c8bcd664c', N'Nguyễn Đình Tạo');
INSERT INTO CovidChinhThuc.dbo.ChiTiet_NguoiCoCong (ID_ThongTin, NguoiTaoDL) VALUES ('80f9fb34-bb7f-4a42-b89f-fef63483c125', N'Nguyễn Đình Tạo');
-- row: [65]);
INSERT INTO CovidChinhThuc.dbo.CaNhan (ID, HoTen, NgaySinh, CMND, SinhNam, DiaChi, IDPhuongXa, IDQuanHuyen, NguoiTaoDL) VALUES ('75adbba0-13f7-4589-a525-dd8fbac32d66', N'Đinh Văn Găm', '1953-01-01', '215461062', 1953, N'HVT, xã Canh Thuận', 158, 11, N'Nguyễn Đình Tạo');
INSERT INTO CovidChinhThuc.dbo.ThongTinHoTro (ID, IDNoiDung, IDDoiTuong, IDCaNhan, NguoiTaoDL) VALUES ('2b2bc44c-6e0e-4d9c-992b-f01a6b75e37e', 6, NULL, '75adbba0-13f7-4589-a525-dd8fbac32d66', N'Nguyễn Đình Tạo');
INSERT INTO CovidChinhThuc.dbo.ChiTiet_NguoiCoCong (ID_ThongTin, NguoiTaoDL) VALUES ('2b2bc44c-6e0e-4d9c-992b-f01a6b75e37e', N'Nguyễn Đình Tạo');
-- row: [66]);
INSERT INTO CovidChinhThuc.dbo.CaNhan (ID, HoTen, NgaySinh, CMND, SinhNam, DiaChi, IDPhuongXa, IDQuanHuyen, NguoiTaoDL) VALUES ('fa2f0374-fa6f-44cb-ab8a-304d86f0a7c2', N'Đinh Văn Rằm', '1948-01-01', '210079207', 1948, N'Ka Te, xã Canh Thuận', 158, 11, N'Nguyễn Đình Tạo');
INSERT INTO CovidChinhThuc.dbo.ThongTinHoTro (ID, IDNoiDung, IDDoiTuong, IDCaNhan, NguoiTaoDL) VALUES ('966f61d0-ff35-4ebb-bf05-3f64af7073a2', 6, NULL, 'fa2f0374-fa6f-44cb-ab8a-304d86f0a7c2', N'Nguyễn Đình Tạo');
INSERT INTO CovidChinhThuc.dbo.ChiTiet_NguoiCoCong (ID_ThongTin, NguoiTaoDL) VALUES ('966f61d0-ff35-4ebb-bf05-3f64af7073a2', N'Nguyễn Đình Tạo');
-- row: [67]);
INSERT INTO CovidChinhThuc.dbo.CaNhan (ID, HoTen, NgaySinh, CMND, SinhNam, DiaChi, IDPhuongXa, IDQuanHuyen, NguoiTaoDL) VALUES ('a3d2d6bb-1e14-4e3a-bfad-d5aa17c6c067', N'Đinh Khuyết ( Khuyếch)', '1934-01-01', '210277270', 1934, N'HVT, xã Canh Thuận', 158, 11, N'Nguyễn Đình Tạo');
INSERT INTO CovidChinhThuc.dbo.ThongTinHoTro (ID, IDNoiDung, IDDoiTuong, IDCaNhan, NguoiTaoDL) VALUES ('37619e48-1dd1-43ee-8d4b-de9616af4e52', 6, NULL, 'a3d2d6bb-1e14-4e3a-bfad-d5aa17c6c067', N'Nguyễn Đình Tạo');
INSERT INTO CovidChinhThuc.dbo.ChiTiet_NguoiCoCong (ID_ThongTin, NguoiTaoDL) VALUES ('37619e48-1dd1-43ee-8d4b-de9616af4e52', N'Nguyễn Đình Tạo');
-- row: [68]);
INSERT INTO CovidChinhThuc.dbo.CaNhan (ID, HoTen, NgaySinh, CMND, SinhNam, DiaChi, IDPhuongXa, IDQuanHuyen, NguoiTaoDL) VALUES ('5af702eb-c722-4a25-afce-ec4e2e06f9b2', N'La Văn Thảo', '1952-01-01', '211813908', 1952, N'Ka Bưng, xã Canh Thuận', 158, 11, N'Nguyễn Đình Tạo');
INSERT INTO CovidChinhThuc.dbo.ThongTinHoTro (ID, IDNoiDung, IDDoiTuong, IDCaNhan, NguoiTaoDL) VALUES ('231118b1-b605-4c17-9357-9a3a1dfe6ed0', 6, NULL, '5af702eb-c722-4a25-afce-ec4e2e06f9b2', N'Nguyễn Đình Tạo');
INSERT INTO CovidChinhThuc.dbo.ChiTiet_NguoiCoCong (ID_ThongTin, NguoiTaoDL) VALUES ('231118b1-b605-4c17-9357-9a3a1dfe6ed0', N'Nguyễn Đình Tạo');
-- row: [69]);
INSERT INTO CovidChinhThuc.dbo.CaNhan (ID, HoTen, NgaySinh, CMND, SinhNam, DiaChi, IDPhuongXa, IDQuanHuyen, NguoiTaoDL) VALUES ('382983e8-2f43-443f-bd56-5b2695daa0dd', N'Đinh Thị Nghéo', '1942-01-01', '210277388', 1942, N'Ka Bưng, xã Canh Thuận', 158, 11, N'Nguyễn Đình Tạo');
INSERT INTO CovidChinhThuc.dbo.ThongTinHoTro (ID, IDNoiDung, IDDoiTuong, IDCaNhan, NguoiTaoDL) VALUES ('80626735-d754-44c1-bc9d-6bd5e565903c', 6, NULL, '382983e8-2f43-443f-bd56-5b2695daa0dd', N'Nguyễn Đình Tạo');
INSERT INTO CovidChinhThuc.dbo.ChiTiet_NguoiCoCong (ID_ThongTin, NguoiTaoDL) VALUES ('80626735-d754-44c1-bc9d-6bd5e565903c', N'Nguyễn Đình Tạo');
-- row: [70]);
INSERT INTO CovidChinhThuc.dbo.CaNhan (ID, HoTen, NgaySinh, CMND, SinhNam, DiaChi, IDPhuongXa, IDQuanHuyen, NguoiTaoDL) VALUES ('d4d9e8c3-0a50-48be-aa32-2efed4e62a4b', N'Đinh Văn Trên', '1951-01-01', '210079137', 1951, N'Hòn Mẻ, xã Canh Thuận', 158, 11, N'Nguyễn Đình Tạo');
INSERT INTO CovidChinhThuc.dbo.ThongTinHoTro (ID, IDNoiDung, IDDoiTuong, IDCaNhan, NguoiTaoDL) VALUES ('6a27455e-0581-47e2-a2d6-48955bddff4f', 6, NULL, 'd4d9e8c3-0a50-48be-aa32-2efed4e62a4b', N'Nguyễn Đình Tạo');
INSERT INTO CovidChinhThuc.dbo.ChiTiet_NguoiCoCong (ID_ThongTin, NguoiTaoDL) VALUES ('6a27455e-0581-47e2-a2d6-48955bddff4f', N'Nguyễn Đình Tạo');
-- row: [71]);
INSERT INTO CovidChinhThuc.dbo.CaNhan (ID, HoTen, NgaySinh, CMND, SinhNam, DiaChi, IDPhuongXa, IDQuanHuyen, NguoiTaoDL) VALUES ('f0e85b14-bc10-4f11-9e45-5c9ca83814a0', N'Đinh Bá Cảnh', '1936-01-01', '210277105', 1936, N'HVT, xã Canh Thuận', 158, 11, N'Nguyễn Đình Tạo');
INSERT INTO CovidChinhThuc.dbo.ThongTinHoTro (ID, IDNoiDung, IDDoiTuong, IDCaNhan, NguoiTaoDL) VALUES ('095c0bfd-a1ca-4feb-b4be-f38e904768bb', 6, NULL, 'f0e85b14-bc10-4f11-9e45-5c9ca83814a0', N'Nguyễn Đình Tạo');
INSERT INTO CovidChinhThuc.dbo.ChiTiet_NguoiCoCong (ID_ThongTin, NguoiTaoDL) VALUES ('095c0bfd-a1ca-4feb-b4be-f38e904768bb', N'Nguyễn Đình Tạo');
-- row: [72]);
INSERT INTO CovidChinhThuc.dbo.CaNhan (ID, HoTen, NgaySinh, CMND, SinhNam, DiaChi, IDPhuongXa, IDQuanHuyen, NguoiTaoDL) VALUES ('156a8c8e-f387-468e-9dbc-246e74545cdd', N'Đinh Văn Chương', '1937-01-01', '215443630', 1937, N'HVT, xã Canh Thuận', 158, 11, N'Nguyễn Đình Tạo');
INSERT INTO CovidChinhThuc.dbo.ThongTinHoTro (ID, IDNoiDung, IDDoiTuong, IDCaNhan, NguoiTaoDL) VALUES ('ab80bef6-f623-4a71-9a96-785668339f1b', 6, NULL, '156a8c8e-f387-468e-9dbc-246e74545cdd', N'Nguyễn Đình Tạo');
INSERT INTO CovidChinhThuc.dbo.ChiTiet_NguoiCoCong (ID_ThongTin, NguoiTaoDL) VALUES ('ab80bef6-f623-4a71-9a96-785668339f1b', N'Nguyễn Đình Tạo');
-- row: [73]);
INSERT INTO CovidChinhThuc.dbo.CaNhan (ID, HoTen, NgaySinh, CMND, SinhNam, DiaChi, IDPhuongXa, IDQuanHuyen, NguoiTaoDL) VALUES ('bfe407a4-269d-4420-963f-6380a38a23bf', N'Đinh Văn Môn', '1952-01-01', '210079159', 1952, N'Ka Te, xã Canh Thuận', 158, 11, N'Nguyễn Đình Tạo');
INSERT INTO CovidChinhThuc.dbo.ThongTinHoTro (ID, IDNoiDung, IDDoiTuong, IDCaNhan, NguoiTaoDL) VALUES ('eee684cc-178f-4930-a160-6d9c22938051', 6, '78AC3F79-5C50-4ACB-B626-E51ED3D4E8E5', 'bfe407a4-269d-4420-963f-6380a38a23bf', N'Nguyễn Đình Tạo');
INSERT INTO CovidChinhThuc.dbo.ChiTiet_NguoiCoCong (ID_ThongTin, NguoiTaoDL) VALUES ('eee684cc-178f-4930-a160-6d9c22938051', N'Nguyễn Đình Tạo');
-- row: [74]);
INSERT INTO CovidChinhThuc.dbo.CaNhan (ID, HoTen, NgaySinh, CMND, SinhNam, DiaChi, IDPhuongXa, IDQuanHuyen, NguoiTaoDL) VALUES ('cb0cdd19-79f6-4cda-8389-66ff1c2c9312', N'Lê Văn Bản (Bảng)', '1959-01-01', '210277107', 1959, N'HVT, xã Canh Thuận', 158, 11, N'Nguyễn Đình Tạo');
INSERT INTO CovidChinhThuc.dbo.ThongTinHoTro (ID, IDNoiDung, IDDoiTuong, IDCaNhan, NguoiTaoDL) VALUES ('052ba8ff-4ffd-40bf-ac45-63ef356a39ca', 6, '78AC3F79-5C50-4ACB-B626-E51ED3D4E8E5', 'cb0cdd19-79f6-4cda-8389-66ff1c2c9312', N'Nguyễn Đình Tạo');
INSERT INTO CovidChinhThuc.dbo.ChiTiet_NguoiCoCong (ID_ThongTin, NguoiTaoDL) VALUES ('052ba8ff-4ffd-40bf-ac45-63ef356a39ca', N'Nguyễn Đình Tạo');
-- row: [75]);
INSERT INTO CovidChinhThuc.dbo.CaNhan (ID, HoTen, NgaySinh, CMND, SinhNam, DiaChi, IDPhuongXa, IDQuanHuyen, NguoiTaoDL) VALUES ('6c39061d-8c7d-4798-88b6-2474b536de7e', N'Trương Thị Phước', '1954-01-01', '211311336', 1954, N'Ka Te, xã Canh Thuận', 158, 11, N'Nguyễn Đình Tạo');
INSERT INTO CovidChinhThuc.dbo.ThongTinHoTro (ID, IDNoiDung, IDDoiTuong, IDCaNhan, NguoiTaoDL) VALUES ('f187fd9b-84e2-417c-aa1e-1dbd5868e9a1', 6, '78AC3F79-5C50-4ACB-B626-E51ED3D4E8E5', '6c39061d-8c7d-4798-88b6-2474b536de7e', N'Nguyễn Đình Tạo');
INSERT INTO CovidChinhThuc.dbo.ChiTiet_NguoiCoCong (ID_ThongTin, NguoiTaoDL) VALUES ('f187fd9b-84e2-417c-aa1e-1dbd5868e9a1', N'Nguyễn Đình Tạo');
-- row: [76]);
INSERT INTO CovidChinhThuc.dbo.CaNhan (ID, HoTen, NgaySinh, CMND, SinhNam, DiaChi, IDPhuongXa, IDQuanHuyen, NguoiTaoDL) VALUES ('faf48519-c532-4e8e-a5d8-c99302b569d9', N'Mai Thị Liên', '1952-01-01', '210064837', 1952, N'Hòn Mẻ, xã Canh Thuận', 158, 11, N'Nguyễn Đình Tạo');
INSERT INTO CovidChinhThuc.dbo.ThongTinHoTro (ID, IDNoiDung, IDDoiTuong, IDCaNhan, NguoiTaoDL) VALUES ('0358f69b-f413-47b5-8230-629b013991b7', 6, '78AC3F79-5C50-4ACB-B626-E51ED3D4E8E5', 'faf48519-c532-4e8e-a5d8-c99302b569d9', N'Nguyễn Đình Tạo');
INSERT INTO CovidChinhThuc.dbo.ChiTiet_NguoiCoCong (ID_ThongTin, NguoiTaoDL) VALUES ('0358f69b-f413-47b5-8230-629b013991b7', N'Nguyễn Đình Tạo');
-- row: [77]);
INSERT INTO CovidChinhThuc.dbo.CaNhan (ID, HoTen, NgaySinh, CMND, SinhNam, DiaChi, IDPhuongXa, IDQuanHuyen, NguoiTaoDL) VALUES ('5b8845ad-dfc9-401e-8260-a51baf31d259', N'Đinh Văn Tầm', '1953-01-01', '211311720', 1953, N'HVD, xã Canh Thuận', 158, 11, N'Nguyễn Đình Tạo');
INSERT INTO CovidChinhThuc.dbo.ThongTinHoTro (ID, IDNoiDung, IDDoiTuong, IDCaNhan, NguoiTaoDL) VALUES ('dfb47987-ad05-4a5e-9538-b229646a1b19', 6, '78AC3F79-5C50-4ACB-B626-E51ED3D4E8E5', '5b8845ad-dfc9-401e-8260-a51baf31d259', N'Nguyễn Đình Tạo');
INSERT INTO CovidChinhThuc.dbo.ChiTiet_NguoiCoCong (ID_ThongTin, NguoiTaoDL) VALUES ('dfb47987-ad05-4a5e-9538-b229646a1b19', N'Nguyễn Đình Tạo');
-- row: [78]);
INSERT INTO CovidChinhThuc.dbo.CaNhan (ID, HoTen, NgaySinh, CMND, SinhNam, DiaChi, IDPhuongXa, IDQuanHuyen, NguoiTaoDL) VALUES ('43d91293-7737-48ac-8c52-a63856241919', N'Đinh Văn Thọ', '1952-01-01', '211311720', 1952, N'HVD, xã Canh Thuận', 158, 11, N'Nguyễn Đình Tạo');
INSERT INTO CovidChinhThuc.dbo.ThongTinHoTro (ID, IDNoiDung, IDDoiTuong, IDCaNhan, NguoiTaoDL) VALUES ('10169b0e-d358-48c9-b72c-ba4fa52ab87a', 6, '78AC3F79-5C50-4ACB-B626-E51ED3D4E8E5', '43d91293-7737-48ac-8c52-a63856241919', N'Nguyễn Đình Tạo');
INSERT INTO CovidChinhThuc.dbo.ChiTiet_NguoiCoCong (ID_ThongTin, NguoiTaoDL) VALUES ('10169b0e-d358-48c9-b72c-ba4fa52ab87a', N'Nguyễn Đình Tạo');
-- row: [79]);
INSERT INTO CovidChinhThuc.dbo.CaNhan (ID, HoTen, NgaySinh, CMND, SinhNam, DiaChi, IDPhuongXa, IDQuanHuyen, NguoiTaoDL) VALUES ('db6cbff0-a1fa-4e41-ab11-50299cd69b32', N'Đinh Văn Diễn', '1951-01-01', '210079401', 1951, N'Ka Te, xã Canh Thuận', 158, 11, N'Nguyễn Đình Tạo');
INSERT INTO CovidChinhThuc.dbo.ThongTinHoTro (ID, IDNoiDung, IDDoiTuong, IDCaNhan, NguoiTaoDL) VALUES ('1b9c0d82-cfab-4a6d-aaee-6bc244e68113', 6, '78AC3F79-5C50-4ACB-B626-E51ED3D4E8E5', 'db6cbff0-a1fa-4e41-ab11-50299cd69b32', N'Nguyễn Đình Tạo');
INSERT INTO CovidChinhThuc.dbo.ChiTiet_NguoiCoCong (ID_ThongTin, NguoiTaoDL) VALUES ('1b9c0d82-cfab-4a6d-aaee-6bc244e68113', N'Nguyễn Đình Tạo');
-- row: [80]);
INSERT INTO CovidChinhThuc.dbo.CaNhan (ID, HoTen, NgaySinh, CMND, SinhNam, DiaChi, IDPhuongXa, IDQuanHuyen, NguoiTaoDL) VALUES ('4edf1976-52cd-4963-9d63-5be64599e20b', N'La Mo Tân', '1937-01-01', '211813857', 1937, N'Ka Bưng, xã Canh Thuận', 158, 11, N'Nguyễn Đình Tạo');
INSERT INTO CovidChinhThuc.dbo.ThongTinHoTro (ID, IDNoiDung, IDDoiTuong, IDCaNhan, NguoiTaoDL) VALUES ('1444092d-76e9-43df-ab20-0147ccf4bd4c', 6, '78AC3F79-5C50-4ACB-B626-E51ED3D4E8E5', '4edf1976-52cd-4963-9d63-5be64599e20b', N'Nguyễn Đình Tạo');
INSERT INTO CovidChinhThuc.dbo.ChiTiet_NguoiCoCong (ID_ThongTin, NguoiTaoDL) VALUES ('1444092d-76e9-43df-ab20-0147ccf4bd4c', N'Nguyễn Đình Tạo');
-- row: [81]);
INSERT INTO CovidChinhThuc.dbo.CaNhan (ID, HoTen, NgaySinh, CMND, SinhNam, DiaChi, IDPhuongXa, IDQuanHuyen, NguoiTaoDL) VALUES ('d23fa328-222a-48d2-abe5-6bb496eb1859', N'Pra Ma K bá Sinh', '1947-01-01', '210511714', 1947, N'Hòn Mẻ, xã Canh Thuận', 158, 11, N'Nguyễn Đình Tạo');
INSERT INTO CovidChinhThuc.dbo.ThongTinHoTro (ID, IDNoiDung, IDDoiTuong, IDCaNhan, NguoiTaoDL) VALUES ('2f7e6d12-567b-4ed3-ab75-568e2802e77f', 6, '78AC3F79-5C50-4ACB-B626-E51ED3D4E8E5', 'd23fa328-222a-48d2-abe5-6bb496eb1859', N'Nguyễn Đình Tạo');
INSERT INTO CovidChinhThuc.dbo.ChiTiet_NguoiCoCong (ID_ThongTin, NguoiTaoDL) VALUES ('2f7e6d12-567b-4ed3-ab75-568e2802e77f', N'Nguyễn Đình Tạo');
-- row: [82]);
INSERT INTO CovidChinhThuc.dbo.CaNhan (ID, HoTen, NgaySinh, CMND, SinhNam, DiaChi, IDPhuongXa, IDQuanHuyen, NguoiTaoDL) VALUES ('0401ffa1-30b4-40aa-9cc6-17ee28479cc0', N'Đinh Thị Đôi', '1938-01-01', '210079162', 1938, N'Ka Te, xã Canh Thuận', 158, 11, N'Nguyễn Đình Tạo');
INSERT INTO CovidChinhThuc.dbo.ThongTinHoTro (ID, IDNoiDung, IDDoiTuong, IDCaNhan, NguoiTaoDL) VALUES ('3d87bb78-0894-4b07-b845-123d0a301b67', 6, NULL, '0401ffa1-30b4-40aa-9cc6-17ee28479cc0', N'Nguyễn Đình Tạo');
INSERT INTO CovidChinhThuc.dbo.ChiTiet_NguoiCoCong (ID_ThongTin, NguoiTaoDL) VALUES ('3d87bb78-0894-4b07-b845-123d0a301b67', N'Nguyễn Đình Tạo');
-- row: [83]);
INSERT INTO CovidChinhThuc.dbo.CaNhan (ID, HoTen, NgaySinh, CMND, SinhNam, DiaChi, IDPhuongXa, IDQuanHuyen, NguoiTaoDL) VALUES ('2d9ed096-8cc8-4b3b-be3a-129720af0f38', N'Pơ Lo M Chớp', '1959-01-01', '215461652', 1959, N'Ka Xim, xã Canh Thuận', 158, 11, N'Nguyễn Đình Tạo');
INSERT INTO CovidChinhThuc.dbo.ThongTinHoTro (ID, IDNoiDung, IDDoiTuong, IDCaNhan, NguoiTaoDL) VALUES ('1705351e-d846-4eb5-a1d3-9d1d8d0b90ae', 6, 'A02E0865-9021-4BDD-840E-889CB8F49B88', '2d9ed096-8cc8-4b3b-be3a-129720af0f38', N'Nguyễn Đình Tạo');
INSERT INTO CovidChinhThuc.dbo.ChiTiet_NguoiCoCong (ID_ThongTin, NguoiTaoDL) VALUES ('1705351e-d846-4eb5-a1d3-9d1d8d0b90ae', N'Nguyễn Đình Tạo');
-- row: [84]);
INSERT INTO CovidChinhThuc.dbo.CaNhan (ID, HoTen, NgaySinh, CMND, SinhNam, DiaChi, IDPhuongXa, IDQuanHuyen, NguoiTaoDL) VALUES ('0234cbed-6cd4-4f4d-af41-6a77a94a84b7', N'Đinh Thị Ê', '1951-01-01', '210277287', 1951, N'HVT, xã Canh Thuận', 158, 11, N'Nguyễn Đình Tạo');
INSERT INTO CovidChinhThuc.dbo.ThongTinHoTro (ID, IDNoiDung, IDDoiTuong, IDCaNhan, NguoiTaoDL) VALUES ('4b2e0c04-038e-4beb-abc1-947dcd1e81c8', 6, '41B0E9CD-732C-4E19-AAEC-3DC041CB6144', '0234cbed-6cd4-4f4d-af41-6a77a94a84b7', N'Nguyễn Đình Tạo');
INSERT INTO CovidChinhThuc.dbo.ChiTiet_NguoiCoCong (ID_ThongTin, NguoiTaoDL) VALUES ('4b2e0c04-038e-4beb-abc1-947dcd1e81c8', N'Nguyễn Đình Tạo');
-- row: [85]);
INSERT INTO CovidChinhThuc.dbo.CaNhan (ID, HoTen, NgaySinh, CMND, SinhNam, DiaChi, IDPhuongXa, IDQuanHuyen, NguoiTaoDL) VALUES ('e6e4ca18-8833-4089-9e9e-b0d3acbc5fa0', N'Đinh Thị Ót', '1937-01-01', '211790437', 1937, N'HVT, xã Canh Thuận', 158, 11, N'Nguyễn Đình Tạo');
INSERT INTO CovidChinhThuc.dbo.ThongTinHoTro (ID, IDNoiDung, IDDoiTuong, IDCaNhan, NguoiTaoDL) VALUES ('99e42325-2df5-4b4b-8735-a6fbfc0e618e', 6, '41B0E9CD-732C-4E19-AAEC-3DC041CB6144', 'e6e4ca18-8833-4089-9e9e-b0d3acbc5fa0', N'Nguyễn Đình Tạo');
INSERT INTO CovidChinhThuc.dbo.ChiTiet_NguoiCoCong (ID_ThongTin, NguoiTaoDL) VALUES ('99e42325-2df5-4b4b-8735-a6fbfc0e618e', N'Nguyễn Đình Tạo');
-- row: [86]);
INSERT INTO CovidChinhThuc.dbo.CaNhan (ID, HoTen, NgaySinh, CMND, SinhNam, DiaChi, IDPhuongXa, IDQuanHuyen, NguoiTaoDL) VALUES ('d23bdabd-b37c-41b4-9f4c-3a2afa677ae3', N'Đinh Thị Bót (Lót)', '1935-01-01', '210277168', 1935, N'HVT, xã Canh Thuận', 158, 11, N'Nguyễn Đình Tạo');
INSERT INTO CovidChinhThuc.dbo.ThongTinHoTro (ID, IDNoiDung, IDDoiTuong, IDCaNhan, NguoiTaoDL) VALUES ('3ba25e99-dbc4-426f-a2c8-e10d63c14d80', 6, '41B0E9CD-732C-4E19-AAEC-3DC041CB6144', 'd23bdabd-b37c-41b4-9f4c-3a2afa677ae3', N'Nguyễn Đình Tạo');
INSERT INTO CovidChinhThuc.dbo.ChiTiet_NguoiCoCong (ID_ThongTin, NguoiTaoDL) VALUES ('3ba25e99-dbc4-426f-a2c8-e10d63c14d80', N'Nguyễn Đình Tạo');
-- row: [87]);
INSERT INTO CovidChinhThuc.dbo.CaNhan (ID, HoTen, NgaySinh, CMND, SinhNam, DiaChi, IDPhuongXa, IDQuanHuyen, NguoiTaoDL) VALUES ('a811745e-873f-4854-9644-b7dbf8aa415c', N'Phạm Thị Chạy', '1953-01-01', '210064065', 1953, N'Hòn Mẻ, xã Canh Thuận', 158, 11, N'Nguyễn Đình Tạo');
INSERT INTO CovidChinhThuc.dbo.ThongTinHoTro (ID, IDNoiDung, IDDoiTuong, IDCaNhan, NguoiTaoDL) VALUES ('17a2d2ef-cdd0-4fee-b2df-b0b1e235b6c5', 6, '41B0E9CD-732C-4E19-AAEC-3DC041CB6144', 'a811745e-873f-4854-9644-b7dbf8aa415c', N'Nguyễn Đình Tạo');
INSERT INTO CovidChinhThuc.dbo.ChiTiet_NguoiCoCong (ID_ThongTin, NguoiTaoDL) VALUES ('17a2d2ef-cdd0-4fee-b2df-b0b1e235b6c5', N'Nguyễn Đình Tạo');
-- row: [88]);
INSERT INTO CovidChinhThuc.dbo.CaNhan (ID, HoTen, NgaySinh, CMND, SinhNam, DiaChi, IDPhuongXa, IDQuanHuyen, NguoiTaoDL) VALUES ('d1827a81-f513-44f4-a673-d40b43583b7f', N'Nguyễn Văn Đin', '1941-01-01', '210277286', 1941, N'HVT, xã Canh Thuận', 158, 11, N'Nguyễn Đình Tạo');
INSERT INTO CovidChinhThuc.dbo.ThongTinHoTro (ID, IDNoiDung, IDDoiTuong, IDCaNhan, NguoiTaoDL) VALUES ('ca8c086d-9956-4755-9ab9-53bc910d0961', 6, '41B0E9CD-732C-4E19-AAEC-3DC041CB6144', 'd1827a81-f513-44f4-a673-d40b43583b7f', N'Nguyễn Đình Tạo');
INSERT INTO CovidChinhThuc.dbo.ChiTiet_NguoiCoCong (ID_ThongTin, NguoiTaoDL) VALUES ('ca8c086d-9956-4755-9ab9-53bc910d0961', N'Nguyễn Đình Tạo');
-- row: [89]);
INSERT INTO CovidChinhThuc.dbo.CaNhan (ID, HoTen, NgaySinh, CMND, SinhNam, DiaChi, IDPhuongXa, IDQuanHuyen, NguoiTaoDL) VALUES ('2ae21189-f9bf-4f9a-a0a6-c9f4f54fd8f2', N'Đinh Luốt', '1944-01-01', '210277317', 1944, N'HVT, xã Canh Thuận', 158, 11, N'Nguyễn Đình Tạo');
INSERT INTO CovidChinhThuc.dbo.ThongTinHoTro (ID, IDNoiDung, IDDoiTuong, IDCaNhan, NguoiTaoDL) VALUES ('7c5da08c-086a-43d8-921d-b9a9869115d3', 6, '41B0E9CD-732C-4E19-AAEC-3DC041CB6144', '2ae21189-f9bf-4f9a-a0a6-c9f4f54fd8f2', N'Nguyễn Đình Tạo');
INSERT INTO CovidChinhThuc.dbo.ChiTiet_NguoiCoCong (ID_ThongTin, NguoiTaoDL) VALUES ('7c5da08c-086a-43d8-921d-b9a9869115d3', N'Nguyễn Đình Tạo');
-- row: [90]);
INSERT INTO CovidChinhThuc.dbo.CaNhan (ID, HoTen, NgaySinh, CMND, SinhNam, DiaChi, IDPhuongXa, IDQuanHuyen, NguoiTaoDL) VALUES ('585dbfbd-6df0-495b-b596-564407cd7a66', N'Đinh Ly', '1930-01-01', '210277334', 1930, N'Hà Lũy, xã Canh Thuận', 158, 11, N'Nguyễn Đình Tạo');
INSERT INTO CovidChinhThuc.dbo.ThongTinHoTro (ID, IDNoiDung, IDDoiTuong, IDCaNhan, NguoiTaoDL) VALUES ('0f05db00-28b7-4261-ab6e-22fd75285e6e', 6, '41B0E9CD-732C-4E19-AAEC-3DC041CB6144', '585dbfbd-6df0-495b-b596-564407cd7a66', N'Nguyễn Đình Tạo');
INSERT INTO CovidChinhThuc.dbo.ChiTiet_NguoiCoCong (ID_ThongTin, NguoiTaoDL) VALUES ('0f05db00-28b7-4261-ab6e-22fd75285e6e', N'Nguyễn Đình Tạo');
-- row: [91]);
INSERT INTO CovidChinhThuc.dbo.CaNhan (ID, HoTen, NgaySinh, CMND, SinhNam, DiaChi, IDPhuongXa, IDQuanHuyen, NguoiTaoDL) VALUES ('20d39e61-d68e-4b24-85d1-866135567b9c', N'Đinh Thị Ngoắt', '1935-01-01', '215165842', 1935, N'Ka Te, xã Canh Thuận', 158, 11, N'Nguyễn Đình Tạo');
INSERT INTO CovidChinhThuc.dbo.ThongTinHoTro (ID, IDNoiDung, IDDoiTuong, IDCaNhan, NguoiTaoDL) VALUES ('2a7afbed-b5da-451f-be49-a59a2499850f', 6, '41B0E9CD-732C-4E19-AAEC-3DC041CB6144', '20d39e61-d68e-4b24-85d1-866135567b9c', N'Nguyễn Đình Tạo');
INSERT INTO CovidChinhThuc.dbo.ChiTiet_NguoiCoCong (ID_ThongTin, NguoiTaoDL) VALUES ('2a7afbed-b5da-451f-be49-a59a2499850f', N'Nguyễn Đình Tạo');
-- row: [92]);
INSERT INTO CovidChinhThuc.dbo.CaNhan (ID, HoTen, NgaySinh, CMND, SinhNam, DiaChi, IDPhuongXa, IDQuanHuyen, NguoiTaoDL) VALUES ('0a366392-997a-4e15-bdac-a944a630763e', N'Đinh Thị Tam ( Tang)', '1944-01-01', '210277351', 1944, N'Hà Lũy, xã Canh Thuận', 158, 11, N'Nguyễn Đình Tạo');
INSERT INTO CovidChinhThuc.dbo.ThongTinHoTro (ID, IDNoiDung, IDDoiTuong, IDCaNhan, NguoiTaoDL) VALUES ('d07b461f-145d-42d1-bc19-897e3502183c', 6, '41B0E9CD-732C-4E19-AAEC-3DC041CB6144', '0a366392-997a-4e15-bdac-a944a630763e', N'Nguyễn Đình Tạo');
INSERT INTO CovidChinhThuc.dbo.ChiTiet_NguoiCoCong (ID_ThongTin, NguoiTaoDL) VALUES ('d07b461f-145d-42d1-bc19-897e3502183c', N'Nguyễn Đình Tạo');
-- row: [93]);
INSERT INTO CovidChinhThuc.dbo.CaNhan (ID, HoTen, NgaySinh, CMND, SinhNam, DiaChi, IDPhuongXa, IDQuanHuyen, NguoiTaoDL) VALUES ('6e167597-9989-4fd9-9028-fa80601926cb', N'Đinh Thị Huệ', '1984-01-01', '215165831', 1984, N'Ka Te, xã Canh Thuận', 158, 11, N'Nguyễn Đình Tạo');
INSERT INTO CovidChinhThuc.dbo.ThongTinHoTro (ID, IDNoiDung, IDDoiTuong, IDCaNhan, NguoiTaoDL) VALUES ('33d478c0-7176-4a75-8812-1e92cd00a6ee', 6, 'E4E24DC6-98AE-4685-985D-47C0B48DD6FD', '6e167597-9989-4fd9-9028-fa80601926cb', N'Nguyễn Đình Tạo');
INSERT INTO CovidChinhThuc.dbo.ChiTiet_NguoiCoCong (ID_ThongTin, NguoiTaoDL) VALUES ('33d478c0-7176-4a75-8812-1e92cd00a6ee', N'Nguyễn Đình Tạo');
-- row: [94]);
INSERT INTO CovidChinhThuc.dbo.CaNhan (ID, HoTen, NgaySinh, CMND, SinhNam, DiaChi, IDPhuongXa, IDQuanHuyen, NguoiTaoDL) VALUES ('5e37ae03-317c-42ea-b888-0abfe61cf381', N'Đinh Văn Dũng', '1978-01-01', NULL, 1978, N'Hà Lũy, xã Canh Thuận', 158, 11, N'Nguyễn Đình Tạo');
INSERT INTO CovidChinhThuc.dbo.ThongTinHoTro (ID, IDNoiDung, IDDoiTuong, IDCaNhan, NguoiTaoDL) VALUES ('31b9b158-11be-4f23-8d52-d6305463a327', 6, 'E4E24DC6-98AE-4685-985D-47C0B48DD6FD', '5e37ae03-317c-42ea-b888-0abfe61cf381', N'Nguyễn Đình Tạo');
INSERT INTO CovidChinhThuc.dbo.ChiTiet_NguoiCoCong (ID_ThongTin, NguoiTaoDL) VALUES ('31b9b158-11be-4f23-8d52-d6305463a327', N'Nguyễn Đình Tạo');
-- row: [95]);
INSERT INTO CovidChinhThuc.dbo.CaNhan (ID, HoTen, NgaySinh, CMND, SinhNam, DiaChi, IDPhuongXa, IDQuanHuyen, NguoiTaoDL) VALUES ('f4a316e5-7398-4f70-ab71-87f9eae1e50c', N'Đinh Văn Diệu', '1983-01-01', '211755672', 1983, N'Ka Te, xã Canh Thuận', 158, 11, N'Nguyễn Đình Tạo');
INSERT INTO CovidChinhThuc.dbo.ThongTinHoTro (ID, IDNoiDung, IDDoiTuong, IDCaNhan, NguoiTaoDL) VALUES ('2f35ec0d-1470-412a-a03c-c168bb14971b', 6, 'E4E24DC6-98AE-4685-985D-47C0B48DD6FD', 'f4a316e5-7398-4f70-ab71-87f9eae1e50c', N'Nguyễn Đình Tạo');
INSERT INTO CovidChinhThuc.dbo.ChiTiet_NguoiCoCong (ID_ThongTin, NguoiTaoDL) VALUES ('2f35ec0d-1470-412a-a03c-c168bb14971b', N'Nguyễn Đình Tạo');
-- row: [96]);
INSERT INTO CovidChinhThuc.dbo.CaNhan (ID, HoTen, NgaySinh, CMND, SinhNam, DiaChi, IDPhuongXa, IDQuanHuyen, NguoiTaoDL) VALUES ('6ffdc8d7-034a-431f-86a5-1841ab29f6c8', N'Phạm Văn Hữu', '1937-07-06', '210946436', 1937, N'Hiệp Vinh 2, xã Canh Vinh', 156, 11, N'Nguyễn Đình Tạo');
INSERT INTO CovidChinhThuc.dbo.ThongTinHoTro (ID, IDNoiDung, IDDoiTuong, IDCaNhan, NguoiTaoDL) VALUES ('c599a3f6-b3ad-47d8-94a9-e2b5371b6038', 6, NULL, '6ffdc8d7-034a-431f-86a5-1841ab29f6c8', N'Nguyễn Đình Tạo');
INSERT INTO CovidChinhThuc.dbo.ChiTiet_NguoiCoCong (ID_ThongTin, NguoiTaoDL) VALUES ('c599a3f6-b3ad-47d8-94a9-e2b5371b6038', N'Nguyễn Đình Tạo');
-- row: [97]);
INSERT INTO CovidChinhThuc.dbo.CaNhan (ID, HoTen, NgaySinh, CMND, SinhNam, DiaChi, IDPhuongXa, IDQuanHuyen, NguoiTaoDL) VALUES ('3c77f043-3075-449a-bb12-ebdadd546db8', N'Nguyễn Minh Phụng', '1949-09-08', '210218853', 1949, N'An Long 1, xã Canh Vinh', 156, 11, N'Nguyễn Đình Tạo');
INSERT INTO CovidChinhThuc.dbo.ThongTinHoTro (ID, IDNoiDung, IDDoiTuong, IDCaNhan, NguoiTaoDL) VALUES ('d48e9824-097c-4862-9d85-a49b5413e341', 6, NULL, '3c77f043-3075-449a-bb12-ebdadd546db8', N'Nguyễn Đình Tạo');
INSERT INTO CovidChinhThuc.dbo.ChiTiet_NguoiCoCong (ID_ThongTin, NguoiTaoDL) VALUES ('d48e9824-097c-4862-9d85-a49b5413e341', N'Nguyễn Đình Tạo');
-- row: [98]);
INSERT INTO CovidChinhThuc.dbo.CaNhan (ID, HoTen, NgaySinh, CMND, SinhNam, DiaChi, IDPhuongXa, IDQuanHuyen, NguoiTaoDL) VALUES ('be03a956-4926-432b-885b-82c32fe95cae', N'Nguyễn Văn Thứ', '1958-10-09', '211329074', 1958, N'Hiệp Vinh 2, xã Canh Vinh', 156, 11, N'Nguyễn Đình Tạo');
INSERT INTO CovidChinhThuc.dbo.ThongTinHoTro (ID, IDNoiDung, IDDoiTuong, IDCaNhan, NguoiTaoDL) VALUES ('ee1ca0d3-5b1a-4dcd-b1e2-367805bfd415', 6, NULL, 'be03a956-4926-432b-885b-82c32fe95cae', N'Nguyễn Đình Tạo');
INSERT INTO CovidChinhThuc.dbo.ChiTiet_NguoiCoCong (ID_ThongTin, NguoiTaoDL) VALUES ('ee1ca0d3-5b1a-4dcd-b1e2-367805bfd415', N'Nguyễn Đình Tạo');
-- row: [99]);
INSERT INTO CovidChinhThuc.dbo.CaNhan (ID, HoTen, NgaySinh, CMND, SinhNam, DiaChi, IDPhuongXa, IDQuanHuyen, NguoiTaoDL) VALUES ('05c25715-bcd8-4adb-b1fa-cf9757de20e3', N'Nguyễn Thị Đào', '1932-08-01', '210157358', 1932, N'An Long 1, xã Canh Vinh', 156, 11, N'Nguyễn Đình Tạo');
INSERT INTO CovidChinhThuc.dbo.ThongTinHoTro (ID, IDNoiDung, IDDoiTuong, IDCaNhan, NguoiTaoDL) VALUES ('ca34e9c3-1a5d-4a75-a512-644ad141267c', 6, NULL, '05c25715-bcd8-4adb-b1fa-cf9757de20e3', N'Nguyễn Đình Tạo');
INSERT INTO CovidChinhThuc.dbo.ChiTiet_NguoiCoCong (ID_ThongTin, NguoiTaoDL) VALUES ('ca34e9c3-1a5d-4a75-a512-644ad141267c', N'Nguyễn Đình Tạo');
-- row: [100]);
INSERT INTO CovidChinhThuc.dbo.CaNhan (ID, HoTen, NgaySinh, CMND, SinhNam, DiaChi, IDPhuongXa, IDQuanHuyen, NguoiTaoDL) VALUES ('642e0c10-d761-4b29-8b2c-d11ea15212c0', N'Nguyễn Văn Lâu', '1940-05-31', '210002517', 1940, N'Kinh Tế, xã Canh Vinh', 156, 11, N'Nguyễn Đình Tạo');
INSERT INTO CovidChinhThuc.dbo.ThongTinHoTro (ID, IDNoiDung, IDDoiTuong, IDCaNhan, NguoiTaoDL) VALUES ('762069ad-c841-4212-a1d8-202b7a563539', 6, NULL, '642e0c10-d761-4b29-8b2c-d11ea15212c0', N'Nguyễn Đình Tạo');
INSERT INTO CovidChinhThuc.dbo.ChiTiet_NguoiCoCong (ID_ThongTin, NguoiTaoDL) VALUES ('762069ad-c841-4212-a1d8-202b7a563539', N'Nguyễn Đình Tạo');
-- row: [101]);
INSERT INTO CovidChinhThuc.dbo.CaNhan (ID, HoTen, NgaySinh, CMND, SinhNam, DiaChi, IDPhuongXa, IDQuanHuyen, NguoiTaoDL) VALUES ('db171865-a2d5-4be8-a939-2e3a2e374641', N'Lê Thị Lắm', '1950-04-19', '210157436', 1950, N'An Long 2, xã Canh Vinh', 156, 11, N'Nguyễn Đình Tạo');
INSERT INTO CovidChinhThuc.dbo.ThongTinHoTro (ID, IDNoiDung, IDDoiTuong, IDCaNhan, NguoiTaoDL) VALUES ('0dab95f2-bd6a-4733-af55-9370e952d355', 6, NULL, 'db171865-a2d5-4be8-a939-2e3a2e374641', N'Nguyễn Đình Tạo');
INSERT INTO CovidChinhThuc.dbo.ChiTiet_NguoiCoCong (ID_ThongTin, NguoiTaoDL) VALUES ('0dab95f2-bd6a-4733-af55-9370e952d355', N'Nguyễn Đình Tạo');
-- row: [102]);
INSERT INTO CovidChinhThuc.dbo.CaNhan (ID, HoTen, NgaySinh, CMND, SinhNam, DiaChi, IDPhuongXa, IDQuanHuyen, NguoiTaoDL) VALUES ('b58af958-841f-4136-834b-c54037c5f8b8', N'Trương Văn Viết', '1939-02-03', '210042548', 1939, N'An Long 1, xã Canh Vinh', 156, 11, N'Nguyễn Đình Tạo');
INSERT INTO CovidChinhThuc.dbo.ThongTinHoTro (ID, IDNoiDung, IDDoiTuong, IDCaNhan, NguoiTaoDL) VALUES ('916eae03-7720-47ca-a888-9df544abd422', 6, NULL, 'b58af958-841f-4136-834b-c54037c5f8b8', N'Nguyễn Đình Tạo');
INSERT INTO CovidChinhThuc.dbo.ChiTiet_NguoiCoCong (ID_ThongTin, NguoiTaoDL) VALUES ('916eae03-7720-47ca-a888-9df544abd422', N'Nguyễn Đình Tạo');
-- row: [103]);
INSERT INTO CovidChinhThuc.dbo.CaNhan (ID, HoTen, NgaySinh, CMND, SinhNam, DiaChi, IDPhuongXa, IDQuanHuyen, NguoiTaoDL) VALUES ('2a091769-9446-499a-9546-115023412637', N'Phan Lưu', '1949-03-06', '211329454', 1949, N'Kinh Tế, xã Canh Vinh', 156, 11, N'Nguyễn Đình Tạo');
INSERT INTO CovidChinhThuc.dbo.ThongTinHoTro (ID, IDNoiDung, IDDoiTuong, IDCaNhan, NguoiTaoDL) VALUES ('08d77a9f-f7b5-4540-a500-bc3b5ea7c4ee', 6, NULL, '2a091769-9446-499a-9546-115023412637', N'Nguyễn Đình Tạo');
INSERT INTO CovidChinhThuc.dbo.ChiTiet_NguoiCoCong (ID_ThongTin, NguoiTaoDL) VALUES ('08d77a9f-f7b5-4540-a500-bc3b5ea7c4ee', N'Nguyễn Đình Tạo');
-- row: [104]);
INSERT INTO CovidChinhThuc.dbo.CaNhan (ID, HoTen, NgaySinh, CMND, SinhNam, DiaChi, IDPhuongXa, IDQuanHuyen, NguoiTaoDL) VALUES ('81aeda6e-774b-4abf-bf62-2e7d78990d72', N'Nguyễn Thị Năm', '1928-07-04', '210157341', 1928, N'An Long 1, xã Canh Vinh', 156, 11, N'Nguyễn Đình Tạo');
INSERT INTO CovidChinhThuc.dbo.ThongTinHoTro (ID, IDNoiDung, IDDoiTuong, IDCaNhan, NguoiTaoDL) VALUES ('af1f7c13-41c0-4662-bd8b-57bd0aefb940', 6, NULL, '81aeda6e-774b-4abf-bf62-2e7d78990d72', N'Nguyễn Đình Tạo');
INSERT INTO CovidChinhThuc.dbo.ChiTiet_NguoiCoCong (ID_ThongTin, NguoiTaoDL) VALUES ('af1f7c13-41c0-4662-bd8b-57bd0aefb940', N'Nguyễn Đình Tạo');
-- row: [105]);
INSERT INTO CovidChinhThuc.dbo.CaNhan (ID, HoTen, NgaySinh, CMND, SinhNam, DiaChi, IDPhuongXa, IDQuanHuyen, NguoiTaoDL) VALUES ('3ba11b68-6468-48f0-a66b-4dabd32cf307', N'Phan Huyên', '1949-10-19', '210908779', 1949, N'Kinh Tế, xã Canh Vinh', 156, 11, N'Nguyễn Đình Tạo');
INSERT INTO CovidChinhThuc.dbo.ThongTinHoTro (ID, IDNoiDung, IDDoiTuong, IDCaNhan, NguoiTaoDL) VALUES ('6816b872-1202-476d-b0c1-25086a8c03c4', 6, NULL, '3ba11b68-6468-48f0-a66b-4dabd32cf307', N'Nguyễn Đình Tạo');
INSERT INTO CovidChinhThuc.dbo.ChiTiet_NguoiCoCong (ID_ThongTin, NguoiTaoDL) VALUES ('6816b872-1202-476d-b0c1-25086a8c03c4', N'Nguyễn Đình Tạo');
-- row: [106]);
INSERT INTO CovidChinhThuc.dbo.CaNhan (ID, HoTen, NgaySinh, CMND, SinhNam, DiaChi, IDPhuongXa, IDQuanHuyen, NguoiTaoDL) VALUES ('a269bc7c-74da-4cf4-8e04-cbd20d5cf60e', N'Nguyễn Thị Tranh', '1951-06-05', '210157325', 1951, N'An Long 1, xã Canh Vinh', 156, 11, N'Nguyễn Đình Tạo');
INSERT INTO CovidChinhThuc.dbo.ThongTinHoTro (ID, IDNoiDung, IDDoiTuong, IDCaNhan, NguoiTaoDL) VALUES ('2f2005a2-2b76-47bf-8c71-1b21008fb829', 6, NULL, 'a269bc7c-74da-4cf4-8e04-cbd20d5cf60e', N'Nguyễn Đình Tạo');
INSERT INTO CovidChinhThuc.dbo.ChiTiet_NguoiCoCong (ID_ThongTin, NguoiTaoDL) VALUES ('2f2005a2-2b76-47bf-8c71-1b21008fb829', N'Nguyễn Đình Tạo');
-- row: [107]);
INSERT INTO CovidChinhThuc.dbo.CaNhan (ID, HoTen, NgaySinh, CMND, SinhNam, DiaChi, IDPhuongXa, IDQuanHuyen, NguoiTaoDL) VALUES ('3b67aae1-8576-44ef-af94-2e557a33d64d', N'Nguyễn  Đức Hậu', '1942-04-02', '210278456', 1942, N'Hiệp Vinh 1, xã Canh Vinh', 156, 11, N'Nguyễn Đình Tạo');
INSERT INTO CovidChinhThuc.dbo.ThongTinHoTro (ID, IDNoiDung, IDDoiTuong, IDCaNhan, NguoiTaoDL) VALUES ('e7d55d0a-843f-44fa-b0f4-b060c9c33ca5', 6, 'EDE2F0CC-2376-438A-B5FB-FACD867E38EF', '3b67aae1-8576-44ef-af94-2e557a33d64d', N'Nguyễn Đình Tạo');
INSERT INTO CovidChinhThuc.dbo.ChiTiet_NguoiCoCong (ID_ThongTin, NguoiTaoDL) VALUES ('e7d55d0a-843f-44fa-b0f4-b060c9c33ca5', N'Nguyễn Đình Tạo');
-- row: [108]);
INSERT INTO CovidChinhThuc.dbo.CaNhan (ID, HoTen, NgaySinh, CMND, SinhNam, DiaChi, IDPhuongXa, IDQuanHuyen, NguoiTaoDL) VALUES ('8394dca6-43b8-4a03-8d11-c932252c0c97', N'Lê Văn Tuấn', '1966-09-30', '211132523', 1966, N'Kinh Tế, xã Canh Vinh', 156, 11, N'Nguyễn Đình Tạo');
INSERT INTO CovidChinhThuc.dbo.ThongTinHoTro (ID, IDNoiDung, IDDoiTuong, IDCaNhan, NguoiTaoDL) VALUES ('32a362e4-00e3-4d03-b210-9f8db5f7ba3b', 6, 'EDE2F0CC-2376-438A-B5FB-FACD867E38EF', '8394dca6-43b8-4a03-8d11-c932252c0c97', N'Nguyễn Đình Tạo');
INSERT INTO CovidChinhThuc.dbo.ChiTiet_NguoiCoCong (ID_ThongTin, NguoiTaoDL) VALUES ('32a362e4-00e3-4d03-b210-9f8db5f7ba3b', N'Nguyễn Đình Tạo');
-- row: [109]);
INSERT INTO CovidChinhThuc.dbo.CaNhan (ID, HoTen, NgaySinh, CMND, SinhNam, DiaChi, IDPhuongXa, IDQuanHuyen, NguoiTaoDL) VALUES ('33755187-628c-41cb-9293-35b3652e015e', N'Đoàn Thôm (Thơm)', '1963-06-21', '210277441', 1963, N'Hiệp Vinh 1, xã Canh Vinh', 156, 11, N'Nguyễn Đình Tạo');
INSERT INTO CovidChinhThuc.dbo.ThongTinHoTro (ID, IDNoiDung, IDDoiTuong, IDCaNhan, NguoiTaoDL) VALUES ('036a6f95-1dd5-4c47-a9f2-a5fd00a0a171', 6, 'EDE2F0CC-2376-438A-B5FB-FACD867E38EF', '33755187-628c-41cb-9293-35b3652e015e', N'Nguyễn Đình Tạo');
INSERT INTO CovidChinhThuc.dbo.ChiTiet_NguoiCoCong (ID_ThongTin, NguoiTaoDL) VALUES ('036a6f95-1dd5-4c47-a9f2-a5fd00a0a171', N'Nguyễn Đình Tạo');
-- row: [110]);
INSERT INTO CovidChinhThuc.dbo.CaNhan (ID, HoTen, NgaySinh, CMND, SinhNam, DiaChi, IDPhuongXa, IDQuanHuyen, NguoiTaoDL) VALUES ('a1f79df9-4f01-4964-8145-0b2ab009383c', N'Đoàn Duy Khiêm', '1963-03-09', '210277566', 1963, N'Hiệp Vinh 1, xã Canh Vinh', 156, 11, N'Nguyễn Đình Tạo');
INSERT INTO CovidChinhThuc.dbo.ThongTinHoTro (ID, IDNoiDung, IDDoiTuong, IDCaNhan, NguoiTaoDL) VALUES ('a860bf11-95fc-4b3a-9efc-4bdec58273db', 6, 'EDE2F0CC-2376-438A-B5FB-FACD867E38EF', 'a1f79df9-4f01-4964-8145-0b2ab009383c', N'Nguyễn Đình Tạo');
INSERT INTO CovidChinhThuc.dbo.ChiTiet_NguoiCoCong (ID_ThongTin, NguoiTaoDL) VALUES ('a860bf11-95fc-4b3a-9efc-4bdec58273db', N'Nguyễn Đình Tạo');
-- row: [111]);
INSERT INTO CovidChinhThuc.dbo.CaNhan (ID, HoTen, NgaySinh, CMND, SinhNam, DiaChi, IDPhuongXa, IDQuanHuyen, NguoiTaoDL) VALUES ('02342fae-3654-42f9-aec0-74700f2fbab6', N'Nguyễn Thành Sơn', '1954-06-02', '210157338', 1954, N'An Long 1, xã Canh Vinh', 156, 11, N'Nguyễn Đình Tạo');
INSERT INTO CovidChinhThuc.dbo.ThongTinHoTro (ID, IDNoiDung, IDDoiTuong, IDCaNhan, NguoiTaoDL) VALUES ('7fbd78c2-810e-490f-8d35-cd096de3128d', 6, 'EDE2F0CC-2376-438A-B5FB-FACD867E38EF', '02342fae-3654-42f9-aec0-74700f2fbab6', N'Nguyễn Đình Tạo');
INSERT INTO CovidChinhThuc.dbo.ChiTiet_NguoiCoCong (ID_ThongTin, NguoiTaoDL) VALUES ('7fbd78c2-810e-490f-8d35-cd096de3128d', N'Nguyễn Đình Tạo');
-- row: [112]);
INSERT INTO CovidChinhThuc.dbo.CaNhan (ID, HoTen, NgaySinh, CMND, SinhNam, DiaChi, IDPhuongXa, IDQuanHuyen, NguoiTaoDL) VALUES ('2aac43cf-aada-4a0e-8fcf-2eb5e2199022', N'Đặng Thị Nhành', '1950-04-11', '210622022', 1950, N'Kinh Tế, xã Canh Vinh', 156, 11, N'Nguyễn Đình Tạo');
INSERT INTO CovidChinhThuc.dbo.ThongTinHoTro (ID, IDNoiDung, IDDoiTuong, IDCaNhan, NguoiTaoDL) VALUES ('09b6e87f-f8ed-4f0b-9a67-ab60cebb7ad8', 6, '78AC3F79-5C50-4ACB-B626-E51ED3D4E8E5', '2aac43cf-aada-4a0e-8fcf-2eb5e2199022', N'Nguyễn Đình Tạo');
INSERT INTO CovidChinhThuc.dbo.ChiTiet_NguoiCoCong (ID_ThongTin, NguoiTaoDL) VALUES ('09b6e87f-f8ed-4f0b-9a67-ab60cebb7ad8', N'Nguyễn Đình Tạo');
-- row: [113]);
INSERT INTO CovidChinhThuc.dbo.CaNhan (ID, HoTen, NgaySinh, CMND, SinhNam, DiaChi, IDPhuongXa, IDQuanHuyen, NguoiTaoDL) VALUES ('56dcdf09-b805-4c34-945a-01bb5b3a5479', N'Phan Thanh Hùng', '1952-09-04', '211809852', 1952, N'Hiệp Vinh 1, xã Canh Vinh', 156, 11, N'Nguyễn Đình Tạo');
INSERT INTO CovidChinhThuc.dbo.ThongTinHoTro (ID, IDNoiDung, IDDoiTuong, IDCaNhan, NguoiTaoDL) VALUES ('08d04799-a3f4-42c6-ab5c-f091afcd7137', 6, 'EDE2F0CC-2376-438A-B5FB-FACD867E38EF', '56dcdf09-b805-4c34-945a-01bb5b3a5479', N'Nguyễn Đình Tạo');
INSERT INTO CovidChinhThuc.dbo.ChiTiet_NguoiCoCong (ID_ThongTin, NguoiTaoDL) VALUES ('08d04799-a3f4-42c6-ab5c-f091afcd7137', N'Nguyễn Đình Tạo');
-- row: [114]);
INSERT INTO CovidChinhThuc.dbo.CaNhan (ID, HoTen, NgaySinh, CMND, SinhNam, DiaChi, IDPhuongXa, IDQuanHuyen, NguoiTaoDL) VALUES ('2e299506-974c-4ebb-8a72-4456e1fae111', N'Nguyễn Thị Xuân Thu', '1962-02-06', '210277741', 1962, N'Hiệp Vinh 1, xã Canh Vinh', 156, 11, N'Nguyễn Đình Tạo');
INSERT INTO CovidChinhThuc.dbo.ThongTinHoTro (ID, IDNoiDung, IDDoiTuong, IDCaNhan, NguoiTaoDL) VALUES ('b583bf26-d65e-49ce-8842-59cd32dcee06', 6, NULL, '2e299506-974c-4ebb-8a72-4456e1fae111', N'Nguyễn Đình Tạo');
INSERT INTO CovidChinhThuc.dbo.ChiTiet_NguoiCoCong (ID_ThongTin, NguoiTaoDL) VALUES ('b583bf26-d65e-49ce-8842-59cd32dcee06', N'Nguyễn Đình Tạo');
-- row: [115]);
INSERT INTO CovidChinhThuc.dbo.CaNhan (ID, HoTen, NgaySinh, CMND, SinhNam, DiaChi, IDPhuongXa, IDQuanHuyen, NguoiTaoDL) VALUES ('bd1a0a7c-56ed-49b9-9e9d-2da700530be4', N'Đào Văn Lý', '1930-12-11', '210064672', 1930, N'Tăng Lợi, xã Canh Vinh', 156, 11, N'Nguyễn Đình Tạo');
INSERT INTO CovidChinhThuc.dbo.ThongTinHoTro (ID, IDNoiDung, IDDoiTuong, IDCaNhan, NguoiTaoDL) VALUES ('a2a7cc18-f9d5-4b0c-bc72-e9044eec7c8f', 6, NULL, 'bd1a0a7c-56ed-49b9-9e9d-2da700530be4', N'Nguyễn Đình Tạo');
INSERT INTO CovidChinhThuc.dbo.ChiTiet_NguoiCoCong (ID_ThongTin, NguoiTaoDL) VALUES ('a2a7cc18-f9d5-4b0c-bc72-e9044eec7c8f', N'Nguyễn Đình Tạo');
-- row: [116]);
INSERT INTO CovidChinhThuc.dbo.CaNhan (ID, HoTen, NgaySinh, CMND, SinhNam, DiaChi, IDPhuongXa, IDQuanHuyen, NguoiTaoDL) VALUES ('9f6622fd-cfe6-41e6-81ec-c452a982b162', N'Đoàn Liêm', '1937-02-01', '210277538', 1937, N'Hiệp Vinh 1, xã Canh Vinh', 156, 11, N'Nguyễn Đình Tạo');
INSERT INTO CovidChinhThuc.dbo.ThongTinHoTro (ID, IDNoiDung, IDDoiTuong, IDCaNhan, NguoiTaoDL) VALUES ('a773684b-d6cb-4d37-bdae-c14275df8505', 6, NULL, '9f6622fd-cfe6-41e6-81ec-c452a982b162', N'Nguyễn Đình Tạo');
INSERT INTO CovidChinhThuc.dbo.ChiTiet_NguoiCoCong (ID_ThongTin, NguoiTaoDL) VALUES ('a773684b-d6cb-4d37-bdae-c14275df8505', N'Nguyễn Đình Tạo');
-- row: [117]);
INSERT INTO CovidChinhThuc.dbo.CaNhan (ID, HoTen, NgaySinh, CMND, SinhNam, DiaChi, IDPhuongXa, IDQuanHuyen, NguoiTaoDL) VALUES ('e8c8b67a-938e-4af2-97e5-a039004a6a5e', N'Nguyễn Đảng', '1931-03-01', '210064160', 1931, N'Hiệp Vinh 1, xã Canh Vinh', 156, 11, N'Nguyễn Đình Tạo');
INSERT INTO CovidChinhThuc.dbo.ThongTinHoTro (ID, IDNoiDung, IDDoiTuong, IDCaNhan, NguoiTaoDL) VALUES ('3db07d9b-128d-4bde-a833-7215c5a4afe9', 6, NULL, 'e8c8b67a-938e-4af2-97e5-a039004a6a5e', N'Nguyễn Đình Tạo');
INSERT INTO CovidChinhThuc.dbo.ChiTiet_NguoiCoCong (ID_ThongTin, NguoiTaoDL) VALUES ('3db07d9b-128d-4bde-a833-7215c5a4afe9', N'Nguyễn Đình Tạo');
-- row: [118]);
INSERT INTO CovidChinhThuc.dbo.CaNhan (ID, HoTen, NgaySinh, CMND, SinhNam, DiaChi, IDPhuongXa, IDQuanHuyen, NguoiTaoDL) VALUES ('f7ea1c1f-cbba-464b-be4b-50661e8d4f6c', N'Đỗ Thị Quảng', '1918-01-01', '211132443', 1918, N'Kinh Tế, xã Canh Vinh', 156, 11, N'Nguyễn Đình Tạo');
INSERT INTO CovidChinhThuc.dbo.ThongTinHoTro (ID, IDNoiDung, IDDoiTuong, IDCaNhan, NguoiTaoDL) VALUES ('ba79dad2-7458-475b-848b-8e3e0e6d268d', 6, NULL, 'f7ea1c1f-cbba-464b-be4b-50661e8d4f6c', N'Nguyễn Đình Tạo');
INSERT INTO CovidChinhThuc.dbo.ChiTiet_NguoiCoCong (ID_ThongTin, NguoiTaoDL) VALUES ('ba79dad2-7458-475b-848b-8e3e0e6d268d', N'Nguyễn Đình Tạo');
-- row: [119]);
INSERT INTO CovidChinhThuc.dbo.CaNhan (ID, HoTen, NgaySinh, CMND, SinhNam, DiaChi, IDPhuongXa, IDQuanHuyen, NguoiTaoDL) VALUES ('9850ffc7-1f27-40de-8df2-d542579e7821', N'Võ Thị Mười', '1931-09-17', '210277586', 1931, N'Tân vinh, xã Canh Vinh', 156, 11, N'Nguyễn Đình Tạo');
INSERT INTO CovidChinhThuc.dbo.ThongTinHoTro (ID, IDNoiDung, IDDoiTuong, IDCaNhan, NguoiTaoDL) VALUES ('d2c6aee6-2bcd-493d-bd40-27a7e1a7d318', 6, NULL, '9850ffc7-1f27-40de-8df2-d542579e7821', N'Nguyễn Đình Tạo');
INSERT INTO CovidChinhThuc.dbo.ChiTiet_NguoiCoCong (ID_ThongTin, NguoiTaoDL) VALUES ('d2c6aee6-2bcd-493d-bd40-27a7e1a7d318', N'Nguyễn Đình Tạo');
-- row: [120]);
INSERT INTO CovidChinhThuc.dbo.CaNhan (ID, HoTen, NgaySinh, CMND, SinhNam, DiaChi, IDPhuongXa, IDQuanHuyen, NguoiTaoDL) VALUES ('f3c840ed-6104-4c75-8da4-690f4024b88b', N'Nguyễn Thị Cúc', '1934-06-29', '210064321', 1934, N'Hiệp Vinh 2, xã Canh Vinh', 156, 11, N'Nguyễn Đình Tạo');
INSERT INTO CovidChinhThuc.dbo.ThongTinHoTro (ID, IDNoiDung, IDDoiTuong, IDCaNhan, NguoiTaoDL) VALUES ('b9ec77f2-618d-46a8-a5cc-4999fbc9e38c', 6, NULL, 'f3c840ed-6104-4c75-8da4-690f4024b88b', N'Nguyễn Đình Tạo');
INSERT INTO CovidChinhThuc.dbo.ChiTiet_NguoiCoCong (ID_ThongTin, NguoiTaoDL) VALUES ('b9ec77f2-618d-46a8-a5cc-4999fbc9e38c', N'Nguyễn Đình Tạo');
-- row: [121]);
INSERT INTO CovidChinhThuc.dbo.CaNhan (ID, HoTen, NgaySinh, CMND, SinhNam, DiaChi, IDPhuongXa, IDQuanHuyen, NguoiTaoDL) VALUES ('94b263bb-68ed-4649-bcc0-b202cf2d2b68', N'Bùi Thị Ngọc', '1935-08-17', '210277582', 1935, N'Hiệp Vinh 2, xã Canh Vinh', 156, 11, N'Nguyễn Đình Tạo');
INSERT INTO CovidChinhThuc.dbo.ThongTinHoTro (ID, IDNoiDung, IDDoiTuong, IDCaNhan, NguoiTaoDL) VALUES ('77955d07-efd3-467a-80a3-6bb9f44d695e', 6, NULL, '94b263bb-68ed-4649-bcc0-b202cf2d2b68', N'Nguyễn Đình Tạo');
INSERT INTO CovidChinhThuc.dbo.ChiTiet_NguoiCoCong (ID_ThongTin, NguoiTaoDL) VALUES ('77955d07-efd3-467a-80a3-6bb9f44d695e', N'Nguyễn Đình Tạo');
-- row: [122]);
INSERT INTO CovidChinhThuc.dbo.CaNhan (ID, HoTen, NgaySinh, CMND, SinhNam, DiaChi, IDPhuongXa, IDQuanHuyen, NguoiTaoDL) VALUES ('f72986d8-5037-4232-88c0-ae490483797d', N'Trần Thị Cúc', '1938-01-09', '210277539', 1938, N'Hiệp Vinh 1, xã Canh Vinh', 156, 11, N'Nguyễn Đình Tạo');
INSERT INTO CovidChinhThuc.dbo.ThongTinHoTro (ID, IDNoiDung, IDDoiTuong, IDCaNhan, NguoiTaoDL) VALUES ('da7c565b-8382-4724-8b1e-30706a535373', 6, NULL, 'f72986d8-5037-4232-88c0-ae490483797d', N'Nguyễn Đình Tạo');
INSERT INTO CovidChinhThuc.dbo.ChiTiet_NguoiCoCong (ID_ThongTin, NguoiTaoDL) VALUES ('da7c565b-8382-4724-8b1e-30706a535373', N'Nguyễn Đình Tạo');
-- row: [123]);
INSERT INTO CovidChinhThuc.dbo.CaNhan (ID, HoTen, NgaySinh, CMND, SinhNam, DiaChi, IDPhuongXa, IDQuanHuyen, NguoiTaoDL) VALUES ('5da67947-4f29-4e65-a384-0cb32106bdb6', N'Đỗ Thị Thanh', '1931-10-29', '210064720', 1931, N'Hiệp Vinh 1, xã Canh Vinh', 156, 11, N'Nguyễn Đình Tạo');
INSERT INTO CovidChinhThuc.dbo.ThongTinHoTro (ID, IDNoiDung, IDDoiTuong, IDCaNhan, NguoiTaoDL) VALUES ('84740132-7b45-4653-ae8d-07a967ac8563', 6, NULL, '5da67947-4f29-4e65-a384-0cb32106bdb6', N'Nguyễn Đình Tạo');
INSERT INTO CovidChinhThuc.dbo.ChiTiet_NguoiCoCong (ID_ThongTin, NguoiTaoDL) VALUES ('84740132-7b45-4653-ae8d-07a967ac8563', N'Nguyễn Đình Tạo');
-- row: [124]);
INSERT INTO CovidChinhThuc.dbo.CaNhan (ID, HoTen, NgaySinh, CMND, SinhNam, DiaChi, IDPhuongXa, IDQuanHuyen, NguoiTaoDL) VALUES ('58104d59-8790-4442-98f2-156bfb4544a3', N'Nguyễn Thị Tâm', '1954-05-03', '210278103', 1954, N'Hiệp Vinh 1, xã Canh Vinh', 156, 11, N'Nguyễn Đình Tạo');
INSERT INTO CovidChinhThuc.dbo.ThongTinHoTro (ID, IDNoiDung, IDDoiTuong, IDCaNhan, NguoiTaoDL) VALUES ('f63df35b-b853-42fd-9880-735d724cfd7a', 6, NULL, '58104d59-8790-4442-98f2-156bfb4544a3', N'Nguyễn Đình Tạo');
INSERT INTO CovidChinhThuc.dbo.ChiTiet_NguoiCoCong (ID_ThongTin, NguoiTaoDL) VALUES ('f63df35b-b853-42fd-9880-735d724cfd7a', N'Nguyễn Đình Tạo');
-- row: [125]);
INSERT INTO CovidChinhThuc.dbo.CaNhan (ID, HoTen, NgaySinh, CMND, SinhNam, DiaChi, IDPhuongXa, IDQuanHuyen, NguoiTaoDL) VALUES ('a1450263-666b-42ba-aeeb-f944291135dd', N'Phạm Thị Lan', '1934-09-17', '210198558', 1934, N'Tân Vinh, xã Canh Vinh', 156, 11, N'Nguyễn Đình Tạo');
INSERT INTO CovidChinhThuc.dbo.ThongTinHoTro (ID, IDNoiDung, IDDoiTuong, IDCaNhan, NguoiTaoDL) VALUES ('98753ff8-5e04-4fb9-962f-002fa5b8a283', 6, 'DF559633-EE29-45FD-BD59-1153DDD55C4B', 'a1450263-666b-42ba-aeeb-f944291135dd', N'Nguyễn Đình Tạo');
INSERT INTO CovidChinhThuc.dbo.ChiTiet_NguoiCoCong (ID_ThongTin, NguoiTaoDL) VALUES ('98753ff8-5e04-4fb9-962f-002fa5b8a283', N'Nguyễn Đình Tạo');
-- row: [126]);
INSERT INTO CovidChinhThuc.dbo.CaNhan (ID, HoTen, NgaySinh, CMND, SinhNam, DiaChi, IDPhuongXa, IDQuanHuyen, NguoiTaoDL) VALUES ('19296ddd-eb12-48e1-905e-7b3023c8cd3a', N'Võ Thị Mỹ Hà', '1952-05-14', '210064183', 1952, N'Hiệp Vinh 1, xã Canh Vinh', 156, 11, N'Nguyễn Đình Tạo');
INSERT INTO CovidChinhThuc.dbo.ThongTinHoTro (ID, IDNoiDung, IDDoiTuong, IDCaNhan, NguoiTaoDL) VALUES ('7e5bdb42-8a18-4b87-b421-f3ce0cccec73', 6, '41B0E9CD-732C-4E19-AAEC-3DC041CB6144', '19296ddd-eb12-48e1-905e-7b3023c8cd3a', N'Nguyễn Đình Tạo');
INSERT INTO CovidChinhThuc.dbo.ChiTiet_NguoiCoCong (ID_ThongTin, NguoiTaoDL) VALUES ('7e5bdb42-8a18-4b87-b421-f3ce0cccec73', N'Nguyễn Đình Tạo');
-- row: [127]);
INSERT INTO CovidChinhThuc.dbo.CaNhan (ID, HoTen, NgaySinh, CMND, SinhNam, DiaChi, IDPhuongXa, IDQuanHuyen, NguoiTaoDL) VALUES ('7c4af3a9-c6ef-4daa-afe2-ffb84edfb7e8', N'Võ Thị Sương', '1940-10-29', '210064325', 1940, N'Hiệp Vinh 2, xã Canh Vinh', 156, 11, N'Nguyễn Đình Tạo');
INSERT INTO CovidChinhThuc.dbo.ThongTinHoTro (ID, IDNoiDung, IDDoiTuong, IDCaNhan, NguoiTaoDL) VALUES ('949beffa-5f77-4c29-8f8a-7b09ad443bb9', 6, '41B0E9CD-732C-4E19-AAEC-3DC041CB6144', '7c4af3a9-c6ef-4daa-afe2-ffb84edfb7e8', N'Nguyễn Đình Tạo');
INSERT INTO CovidChinhThuc.dbo.ChiTiet_NguoiCoCong (ID_ThongTin, NguoiTaoDL) VALUES ('949beffa-5f77-4c29-8f8a-7b09ad443bb9', N'Nguyễn Đình Tạo');
-- row: [128]);
INSERT INTO CovidChinhThuc.dbo.CaNhan (ID, HoTen, NgaySinh, CMND, SinhNam, DiaChi, IDPhuongXa, IDQuanHuyen, NguoiTaoDL) VALUES ('d36adc1c-5d05-45d4-bbfa-0b8f1a1cf914', N'Lê Thị Thanh', '1931-03-22', '210157925', 1931, N'An Long 2, xã Canh Vinh', 156, 11, N'Nguyễn Đình Tạo');
INSERT INTO CovidChinhThuc.dbo.ThongTinHoTro (ID, IDNoiDung, IDDoiTuong, IDCaNhan, NguoiTaoDL) VALUES ('27a5420e-e11c-4f02-b848-f7a02416c583', 6, '41B0E9CD-732C-4E19-AAEC-3DC041CB6144', 'd36adc1c-5d05-45d4-bbfa-0b8f1a1cf914', N'Nguyễn Đình Tạo');
INSERT INTO CovidChinhThuc.dbo.ChiTiet_NguoiCoCong (ID_ThongTin, NguoiTaoDL) VALUES ('27a5420e-e11c-4f02-b848-f7a02416c583', N'Nguyễn Đình Tạo');
-- row: [129]);
INSERT INTO CovidChinhThuc.dbo.CaNhan (ID, HoTen, NgaySinh, CMND, SinhNam, DiaChi, IDPhuongXa, IDQuanHuyen, NguoiTaoDL) VALUES ('d85619e6-e82b-415f-92ac-641f7617f3d5', N'Lê Văn Giáo', '1951-12-29', '210157777', 1951, N'An Long 2, xã Canh Vinh', 156, 11, N'Nguyễn Đình Tạo');
INSERT INTO CovidChinhThuc.dbo.ThongTinHoTro (ID, IDNoiDung, IDDoiTuong, IDCaNhan, NguoiTaoDL) VALUES ('c6e16436-5eb8-4ece-8724-bc89a685915d', 6, '41B0E9CD-732C-4E19-AAEC-3DC041CB6144', 'd85619e6-e82b-415f-92ac-641f7617f3d5', N'Nguyễn Đình Tạo');
INSERT INTO CovidChinhThuc.dbo.ChiTiet_NguoiCoCong (ID_ThongTin, NguoiTaoDL) VALUES ('c6e16436-5eb8-4ece-8724-bc89a685915d', N'Nguyễn Đình Tạo');
-- row: [130]);
INSERT INTO CovidChinhThuc.dbo.CaNhan (ID, HoTen, NgaySinh, CMND, SinhNam, DiaChi, IDPhuongXa, IDQuanHuyen, NguoiTaoDL) VALUES ('22a2ea4d-dcf7-4cc1-9a48-92025c0456a2', N'Phan Thị Tôn', '1959-01-01', NULL, 1959, N'An Long 2, xã Canh Vinh', 156, 11, N'Nguyễn Đình Tạo');
INSERT INTO CovidChinhThuc.dbo.ThongTinHoTro (ID, IDNoiDung, IDDoiTuong, IDCaNhan, NguoiTaoDL) VALUES ('0411fdba-3190-4602-a8f6-6b6dd0651668', 6, NULL, '22a2ea4d-dcf7-4cc1-9a48-92025c0456a2', N'Nguyễn Đình Tạo');
INSERT INTO CovidChinhThuc.dbo.ChiTiet_NguoiCoCong (ID_ThongTin, NguoiTaoDL) VALUES ('0411fdba-3190-4602-a8f6-6b6dd0651668', N'Nguyễn Đình Tạo');
-- row: [131]);
INSERT INTO CovidChinhThuc.dbo.CaNhan (ID, HoTen, NgaySinh, CMND, SinhNam, DiaChi, IDPhuongXa, IDQuanHuyen, NguoiTaoDL) VALUES ('31d8b0ce-87a2-455f-a12a-bcdb469cc95d', N'Lơ Bơ', '1945-09-19', '210547072', 1945, N'Kinh Tế, xã Canh Vinh', 156, 11, N'Nguyễn Đình Tạo');
INSERT INTO CovidChinhThuc.dbo.ThongTinHoTro (ID, IDNoiDung, IDDoiTuong, IDCaNhan, NguoiTaoDL) VALUES ('b4f0a088-767a-452c-b6d8-7bbe34704f87', 6, NULL, '31d8b0ce-87a2-455f-a12a-bcdb469cc95d', N'Nguyễn Đình Tạo');
INSERT INTO CovidChinhThuc.dbo.ChiTiet_NguoiCoCong (ID_ThongTin, NguoiTaoDL) VALUES ('b4f0a088-767a-452c-b6d8-7bbe34704f87', N'Nguyễn Đình Tạo');
-- row: [132]);
INSERT INTO CovidChinhThuc.dbo.CaNhan (ID, HoTen, NgaySinh, CMND, SinhNam, DiaChi, IDPhuongXa, IDQuanHuyen, NguoiTaoDL) VALUES ('1ebe7e25-e47b-436f-a039-0a5f95fb1091', N'Đinh Thị Ngót', '1946-01-01', '215616450', 1946, N'Kà Bông, xã Canh Liên', 154, 11, N'Nguyễn Đình Tạo');
INSERT INTO CovidChinhThuc.dbo.ThongTinHoTro (ID, IDNoiDung, IDDoiTuong, IDCaNhan, NguoiTaoDL) VALUES ('b37c0616-c6ff-40c2-bc91-9fe7edccb2d7', 6, 'EDE2F0CC-2376-438A-B5FB-FACD867E38EF', '1ebe7e25-e47b-436f-a039-0a5f95fb1091', N'Nguyễn Đình Tạo');
INSERT INTO CovidChinhThuc.dbo.ChiTiet_NguoiCoCong (ID_ThongTin, NguoiTaoDL) VALUES ('b37c0616-c6ff-40c2-bc91-9fe7edccb2d7', N'Nguyễn Đình Tạo');
-- row: [133]);
INSERT INTO CovidChinhThuc.dbo.CaNhan (ID, HoTen, NgaySinh, CMND, SinhNam, DiaChi, IDPhuongXa, IDQuanHuyen, NguoiTaoDL) VALUES ('b6a5b6dc-5eac-4c01-84af-d1c5a8e08c98', N'Đinh Văn Mạnh', '1954-01-01', '211755702', 1954, N'Kon Lót, xã Canh Liên', 154, 11, N'Nguyễn Đình Tạo');
INSERT INTO CovidChinhThuc.dbo.ThongTinHoTro (ID, IDNoiDung, IDDoiTuong, IDCaNhan, NguoiTaoDL) VALUES ('5d9da68a-8beb-43b2-8cfc-79f5011bd3ce', 6, 'EDE2F0CC-2376-438A-B5FB-FACD867E38EF', 'b6a5b6dc-5eac-4c01-84af-d1c5a8e08c98', N'Nguyễn Đình Tạo');
INSERT INTO CovidChinhThuc.dbo.ChiTiet_NguoiCoCong (ID_ThongTin, NguoiTaoDL) VALUES ('5d9da68a-8beb-43b2-8cfc-79f5011bd3ce', N'Nguyễn Đình Tạo');
-- row: [134]);
INSERT INTO CovidChinhThuc.dbo.CaNhan (ID, HoTen, NgaySinh, CMND, SinhNam, DiaChi, IDPhuongXa, IDQuanHuyen, NguoiTaoDL) VALUES ('1d5673bd-d502-4516-96c5-4095d73c71a2', N'Đinh Văn Lộc', NULL, NULL, NULL, N'Kon Lót, xã Canh Liên', 154, 11, N'Nguyễn Đình Tạo');
INSERT INTO CovidChinhThuc.dbo.ThongTinHoTro (ID, IDNoiDung, IDDoiTuong, IDCaNhan, NguoiTaoDL) VALUES ('578237ec-f5c0-4e4b-a660-db8b1319da3b', 6, 'EDE2F0CC-2376-438A-B5FB-FACD867E38EF', '1d5673bd-d502-4516-96c5-4095d73c71a2', N'Nguyễn Đình Tạo');
INSERT INTO CovidChinhThuc.dbo.ChiTiet_NguoiCoCong (ID_ThongTin, NguoiTaoDL) VALUES ('578237ec-f5c0-4e4b-a660-db8b1319da3b', N'Nguyễn Đình Tạo');
-- row: [135]);
INSERT INTO CovidChinhThuc.dbo.CaNhan (ID, HoTen, NgaySinh, CMND, SinhNam, DiaChi, IDPhuongXa, IDQuanHuyen, NguoiTaoDL) VALUES ('cd74b19f-cd71-4215-a951-0ca8a546a89b', N'Đinh Văn Vủnh', NULL, NULL, NULL, N'Làng Cát, xã Canh Liên', 154, 11, N'Nguyễn Đình Tạo');
INSERT INTO CovidChinhThuc.dbo.ThongTinHoTro (ID, IDNoiDung, IDDoiTuong, IDCaNhan, NguoiTaoDL) VALUES ('d44a64a3-3f19-46db-9109-3518b427012c', 6, 'EDE2F0CC-2376-438A-B5FB-FACD867E38EF', 'cd74b19f-cd71-4215-a951-0ca8a546a89b', N'Nguyễn Đình Tạo');
INSERT INTO CovidChinhThuc.dbo.ChiTiet_NguoiCoCong (ID_ThongTin, NguoiTaoDL) VALUES ('d44a64a3-3f19-46db-9109-3518b427012c', N'Nguyễn Đình Tạo');
-- row: [136]);
INSERT INTO CovidChinhThuc.dbo.CaNhan (ID, HoTen, NgaySinh, CMND, SinhNam, DiaChi, IDPhuongXa, IDQuanHuyen, NguoiTaoDL) VALUES ('41b046ab-ebd9-46f0-b81d-494ced2d4288', N'Đinh Văn Hường', NULL, NULL, NULL, N'Làng Cát, xã Canh Liên', 154, 11, N'Nguyễn Đình Tạo');
INSERT INTO CovidChinhThuc.dbo.ThongTinHoTro (ID, IDNoiDung, IDDoiTuong, IDCaNhan, NguoiTaoDL) VALUES ('17302ee4-d41c-4a3c-aecf-b84773d2eeb8', 6, 'EDE2F0CC-2376-438A-B5FB-FACD867E38EF', '41b046ab-ebd9-46f0-b81d-494ced2d4288', N'Nguyễn Đình Tạo');
INSERT INTO CovidChinhThuc.dbo.ChiTiet_NguoiCoCong (ID_ThongTin, NguoiTaoDL) VALUES ('17302ee4-d41c-4a3c-aecf-b84773d2eeb8', N'Nguyễn Đình Tạo');
-- row: [137]);
INSERT INTO CovidChinhThuc.dbo.CaNhan (ID, HoTen, NgaySinh, CMND, SinhNam, DiaChi, IDPhuongXa, IDQuanHuyen, NguoiTaoDL) VALUES ('6f22534a-173f-44d2-a41c-c670c235bb04', N'Ñinh Vaên Hoah', '1950-01-01', NULL, 1950, N'Hà Giao, xã Canh Liên', 154, 11, N'Nguyễn Đình Tạo');
INSERT INTO CovidChinhThuc.dbo.ThongTinHoTro (ID, IDNoiDung, IDDoiTuong, IDCaNhan, NguoiTaoDL) VALUES ('cb7ce8b3-da62-4d16-a270-0913c729e5ea', 6, 'EDE2F0CC-2376-438A-B5FB-FACD867E38EF', '6f22534a-173f-44d2-a41c-c670c235bb04', N'Nguyễn Đình Tạo');
INSERT INTO CovidChinhThuc.dbo.ChiTiet_NguoiCoCong (ID_ThongTin, NguoiTaoDL) VALUES ('cb7ce8b3-da62-4d16-a270-0913c729e5ea', N'Nguyễn Đình Tạo');
-- row: [138]);
INSERT INTO CovidChinhThuc.dbo.CaNhan (ID, HoTen, NgaySinh, CMND, SinhNam, DiaChi, IDPhuongXa, IDQuanHuyen, NguoiTaoDL) VALUES ('9ce86f46-0642-4afb-a3e8-42353b8a50e5', N'Đinh Văn Tuân', '1939-01-01', NULL, 1939, N'Hà Giao, xã Canh Liên', 154, 11, N'Nguyễn Đình Tạo');
INSERT INTO CovidChinhThuc.dbo.ThongTinHoTro (ID, IDNoiDung, IDDoiTuong, IDCaNhan, NguoiTaoDL) VALUES ('ca459591-51b3-4204-a411-23b4788f33ee', 6, 'EDE2F0CC-2376-438A-B5FB-FACD867E38EF', '9ce86f46-0642-4afb-a3e8-42353b8a50e5', N'Nguyễn Đình Tạo');
INSERT INTO CovidChinhThuc.dbo.ChiTiet_NguoiCoCong (ID_ThongTin, NguoiTaoDL) VALUES ('ca459591-51b3-4204-a411-23b4788f33ee', N'Nguyễn Đình Tạo');
-- row: [139]);
INSERT INTO CovidChinhThuc.dbo.CaNhan (ID, HoTen, NgaySinh, CMND, SinhNam, DiaChi, IDPhuongXa, IDQuanHuyen, NguoiTaoDL) VALUES ('6e6e91c1-e70f-462f-855b-d093c39a35ec', N'Đinh (Văn) Hùng', NULL, NULL, NULL, N'Làng Cát, xã Canh Liên', 154, 11, N'Nguyễn Đình Tạo');
INSERT INTO CovidChinhThuc.dbo.ThongTinHoTro (ID, IDNoiDung, IDDoiTuong, IDCaNhan, NguoiTaoDL) VALUES ('1cc8be04-cc92-44bf-95f4-b73486cbe6cf', 6, 'EDE2F0CC-2376-438A-B5FB-FACD867E38EF', '6e6e91c1-e70f-462f-855b-d093c39a35ec', N'Nguyễn Đình Tạo');
INSERT INTO CovidChinhThuc.dbo.ChiTiet_NguoiCoCong (ID_ThongTin, NguoiTaoDL) VALUES ('1cc8be04-cc92-44bf-95f4-b73486cbe6cf', N'Nguyễn Đình Tạo');
-- row: [140]);
INSERT INTO CovidChinhThuc.dbo.CaNhan (ID, HoTen, NgaySinh, CMND, SinhNam, DiaChi, IDPhuongXa, IDQuanHuyen, NguoiTaoDL) VALUES ('a95331b3-c8ab-458b-892f-969beae76e7a', N'Đinh (Văn) Cu', NULL, NULL, NULL, N'Làng Cát, xã Canh Liên', 154, 11, N'Nguyễn Đình Tạo');
INSERT INTO CovidChinhThuc.dbo.ThongTinHoTro (ID, IDNoiDung, IDDoiTuong, IDCaNhan, NguoiTaoDL) VALUES ('5e064403-8c65-4b28-aa09-4bf90c7ab14e', 6, 'EDE2F0CC-2376-438A-B5FB-FACD867E38EF', 'a95331b3-c8ab-458b-892f-969beae76e7a', N'Nguyễn Đình Tạo');
INSERT INTO CovidChinhThuc.dbo.ChiTiet_NguoiCoCong (ID_ThongTin, NguoiTaoDL) VALUES ('5e064403-8c65-4b28-aa09-4bf90c7ab14e', N'Nguyễn Đình Tạo');
-- row: [141]);
INSERT INTO CovidChinhThuc.dbo.CaNhan (ID, HoTen, NgaySinh, CMND, SinhNam, DiaChi, IDPhuongXa, IDQuanHuyen, NguoiTaoDL) VALUES ('4b1692d8-448e-48ec-9ca3-5b70a2656d11', N'Lê Văn Đung', '1951-01-01', NULL, 1951, N'Hà Giao, xã Canh Liên', 154, 11, N'Nguyễn Đình Tạo');
INSERT INTO CovidChinhThuc.dbo.ThongTinHoTro (ID, IDNoiDung, IDDoiTuong, IDCaNhan, NguoiTaoDL) VALUES ('60e44a3f-98d6-4707-9678-a07a865ba828', 6, 'EDE2F0CC-2376-438A-B5FB-FACD867E38EF', '4b1692d8-448e-48ec-9ca3-5b70a2656d11', N'Nguyễn Đình Tạo');
INSERT INTO CovidChinhThuc.dbo.ChiTiet_NguoiCoCong (ID_ThongTin, NguoiTaoDL) VALUES ('60e44a3f-98d6-4707-9678-a07a865ba828', N'Nguyễn Đình Tạo');
-- row: [142]);
INSERT INTO CovidChinhThuc.dbo.CaNhan (ID, HoTen, NgaySinh, CMND, SinhNam, DiaChi, IDPhuongXa, IDQuanHuyen, NguoiTaoDL) VALUES ('64fab035-c886-4628-8ff3-d6cf95a15707', N'Đinh Văn Lễ', NULL, '210269040', NULL, N'Kon Lót, xã Canh Liên', 154, 11, N'Nguyễn Đình Tạo');
INSERT INTO CovidChinhThuc.dbo.ThongTinHoTro (ID, IDNoiDung, IDDoiTuong, IDCaNhan, NguoiTaoDL) VALUES ('24b62d20-bbf2-40da-b0f1-44962cce5a78', 6, 'EDE2F0CC-2376-438A-B5FB-FACD867E38EF', '64fab035-c886-4628-8ff3-d6cf95a15707', N'Nguyễn Đình Tạo');
INSERT INTO CovidChinhThuc.dbo.ChiTiet_NguoiCoCong (ID_ThongTin, NguoiTaoDL) VALUES ('24b62d20-bbf2-40da-b0f1-44962cce5a78', N'Nguyễn Đình Tạo');
-- row: [143]);
INSERT INTO CovidChinhThuc.dbo.CaNhan (ID, HoTen, NgaySinh, CMND, SinhNam, DiaChi, IDPhuongXa, IDQuanHuyen, NguoiTaoDL) VALUES ('80017e2d-1066-49ca-80ce-5893116b17b7', N'Đinh Văn Dắt', '1950-01-01', '210047069', 1950, N'Kà Bông, xã Canh Liên', 154, 11, N'Nguyễn Đình Tạo');
INSERT INTO CovidChinhThuc.dbo.ThongTinHoTro (ID, IDNoiDung, IDDoiTuong, IDCaNhan, NguoiTaoDL) VALUES ('91406b80-59c2-44e2-88ec-4939028ac36b', 6, 'EDE2F0CC-2376-438A-B5FB-FACD867E38EF', '80017e2d-1066-49ca-80ce-5893116b17b7', N'Nguyễn Đình Tạo');
INSERT INTO CovidChinhThuc.dbo.ChiTiet_NguoiCoCong (ID_ThongTin, NguoiTaoDL) VALUES ('91406b80-59c2-44e2-88ec-4939028ac36b', N'Nguyễn Đình Tạo');
-- row: [144]);
INSERT INTO CovidChinhThuc.dbo.CaNhan (ID, HoTen, NgaySinh, CMND, SinhNam, DiaChi, IDPhuongXa, IDQuanHuyen, NguoiTaoDL) VALUES ('bf0176ae-ada8-4d13-b17a-d5c1f5189a28', N'Đinh Lanh', NULL, NULL, NULL, N'Kà Bưng, xã Canh Liên', 154, 11, N'Nguyễn Đình Tạo');
INSERT INTO CovidChinhThuc.dbo.ThongTinHoTro (ID, IDNoiDung, IDDoiTuong, IDCaNhan, NguoiTaoDL) VALUES ('021464d7-be32-4af1-b5a4-1ad31aaf510d', 6, 'EDE2F0CC-2376-438A-B5FB-FACD867E38EF', 'bf0176ae-ada8-4d13-b17a-d5c1f5189a28', N'Nguyễn Đình Tạo');
INSERT INTO CovidChinhThuc.dbo.ChiTiet_NguoiCoCong (ID_ThongTin, NguoiTaoDL) VALUES ('021464d7-be32-4af1-b5a4-1ad31aaf510d', N'Nguyễn Đình Tạo');
-- row: [145]);
INSERT INTO CovidChinhThuc.dbo.CaNhan (ID, HoTen, NgaySinh, CMND, SinhNam, DiaChi, IDPhuongXa, IDQuanHuyen, NguoiTaoDL) VALUES ('8087a1a3-47df-4697-ab27-2b9fee69e2c4', N'Mai Văn  Dũng', NULL, NULL, NULL, N'Canh Tiến, xã Canh Liên', 154, 11, N'Nguyễn Đình Tạo');
INSERT INTO CovidChinhThuc.dbo.ThongTinHoTro (ID, IDNoiDung, IDDoiTuong, IDCaNhan, NguoiTaoDL) VALUES ('5ab6e245-4d7c-4d4c-8336-b3468d84340e', 6, 'EDE2F0CC-2376-438A-B5FB-FACD867E38EF', '8087a1a3-47df-4697-ab27-2b9fee69e2c4', N'Nguyễn Đình Tạo');
INSERT INTO CovidChinhThuc.dbo.ChiTiet_NguoiCoCong (ID_ThongTin, NguoiTaoDL) VALUES ('5ab6e245-4d7c-4d4c-8336-b3468d84340e', N'Nguyễn Đình Tạo');
-- row: [146]);
INSERT INTO CovidChinhThuc.dbo.CaNhan (ID, HoTen, NgaySinh, CMND, SinhNam, DiaChi, IDPhuongXa, IDQuanHuyen, NguoiTaoDL) VALUES ('5f079188-3ca0-4122-a8c0-12d2e576d97c', N'Đinh Văn Leo', NULL, NULL, NULL, N'Làng Cát, xã Canh Liên', 154, 11, N'Nguyễn Đình Tạo');
INSERT INTO CovidChinhThuc.dbo.ThongTinHoTro (ID, IDNoiDung, IDDoiTuong, IDCaNhan, NguoiTaoDL) VALUES ('19236070-ef1d-42a2-99a6-085804583e13', 6, '78AC3F79-5C50-4ACB-B626-E51ED3D4E8E5', '5f079188-3ca0-4122-a8c0-12d2e576d97c', N'Nguyễn Đình Tạo');
INSERT INTO CovidChinhThuc.dbo.ChiTiet_NguoiCoCong (ID_ThongTin, NguoiTaoDL) VALUES ('19236070-ef1d-42a2-99a6-085804583e13', N'Nguyễn Đình Tạo');
-- row: [147]);
INSERT INTO CovidChinhThuc.dbo.CaNhan (ID, HoTen, NgaySinh, CMND, SinhNam, DiaChi, IDPhuongXa, IDQuanHuyen, NguoiTaoDL) VALUES ('050996ba-a8e6-44fc-848b-8000f4d54c19', N'Đinh Văn Trung', '1939-01-01', '211132301', 1939, N'Kà Bông, xã Canh Liên', 154, 11, N'Nguyễn Đình Tạo');
INSERT INTO CovidChinhThuc.dbo.ThongTinHoTro (ID, IDNoiDung, IDDoiTuong, IDCaNhan, NguoiTaoDL) VALUES ('ba1aba9d-c93a-43a1-af9c-addb5f3f0cea', 6, '78AC3F79-5C50-4ACB-B626-E51ED3D4E8E5', '050996ba-a8e6-44fc-848b-8000f4d54c19', N'Nguyễn Đình Tạo');
INSERT INTO CovidChinhThuc.dbo.ChiTiet_NguoiCoCong (ID_ThongTin, NguoiTaoDL) VALUES ('ba1aba9d-c93a-43a1-af9c-addb5f3f0cea', N'Nguyễn Đình Tạo');
-- row: [148]);
INSERT INTO CovidChinhThuc.dbo.CaNhan (ID, HoTen, NgaySinh, CMND, SinhNam, DiaChi, IDPhuongXa, IDQuanHuyen, NguoiTaoDL) VALUES ('5f84eae1-5d0f-48ea-8651-2dfbbd23f9e5', N'Đinh Thị Luôn', NULL, NULL, NULL, N'Kà Bông, xã Canh Liên', 154, 11, N'Nguyễn Đình Tạo');
INSERT INTO CovidChinhThuc.dbo.ThongTinHoTro (ID, IDNoiDung, IDDoiTuong, IDCaNhan, NguoiTaoDL) VALUES ('2490bf3b-4388-4e0b-b447-273dc12ff79c', 6, '41B0E9CD-732C-4E19-AAEC-3DC041CB6144', '5f84eae1-5d0f-48ea-8651-2dfbbd23f9e5', N'Nguyễn Đình Tạo');
INSERT INTO CovidChinhThuc.dbo.ChiTiet_NguoiCoCong (ID_ThongTin, NguoiTaoDL) VALUES ('2490bf3b-4388-4e0b-b447-273dc12ff79c', N'Nguyễn Đình Tạo');
-- row: [149]);
INSERT INTO CovidChinhThuc.dbo.CaNhan (ID, HoTen, NgaySinh, CMND, SinhNam, DiaChi, IDPhuongXa, IDQuanHuyen, NguoiTaoDL) VALUES ('4b3d8d4a-69ef-45a9-8076-68b0be661a51', N'Đinh Văn Bênh', '1948-01-01', NULL, 1948, N'Hà Giao, xã Canh Liên', 154, 11, N'Nguyễn Đình Tạo');
INSERT INTO CovidChinhThuc.dbo.ThongTinHoTro (ID, IDNoiDung, IDDoiTuong, IDCaNhan, NguoiTaoDL) VALUES ('6be0f2fb-bf7f-418b-8e6c-5a710431d842', 6, '41B0E9CD-732C-4E19-AAEC-3DC041CB6144', '4b3d8d4a-69ef-45a9-8076-68b0be661a51', N'Nguyễn Đình Tạo');
INSERT INTO CovidChinhThuc.dbo.ChiTiet_NguoiCoCong (ID_ThongTin, NguoiTaoDL) VALUES ('6be0f2fb-bf7f-418b-8e6c-5a710431d842', N'Nguyễn Đình Tạo');
-- row: [150]);
INSERT INTO CovidChinhThuc.dbo.CaNhan (ID, HoTen, NgaySinh, CMND, SinhNam, DiaChi, IDPhuongXa, IDQuanHuyen, NguoiTaoDL) VALUES ('7c8f8444-6582-42ad-94cc-428a1b83f694', N'Đinh Văn Phương', '1946-01-01', '210047064', 1946, N'Kà Bông, xã Canh Liên', 154, 11, N'Nguyễn Đình Tạo');
INSERT INTO CovidChinhThuc.dbo.ThongTinHoTro (ID, IDNoiDung, IDDoiTuong, IDCaNhan, NguoiTaoDL) VALUES ('445d9814-6a4a-4cec-9494-f017d3b65a8b', 6, '41B0E9CD-732C-4E19-AAEC-3DC041CB6144', '7c8f8444-6582-42ad-94cc-428a1b83f694', N'Nguyễn Đình Tạo');
INSERT INTO CovidChinhThuc.dbo.ChiTiet_NguoiCoCong (ID_ThongTin, NguoiTaoDL) VALUES ('445d9814-6a4a-4cec-9494-f017d3b65a8b', N'Nguyễn Đình Tạo');
-- row: [151]);
INSERT INTO CovidChinhThuc.dbo.CaNhan (ID, HoTen, NgaySinh, CMND, SinhNam, DiaChi, IDPhuongXa, IDQuanHuyen, NguoiTaoDL) VALUES ('5d08b72b-d8ed-4122-a22c-fedc12a7c7ee', N'Đinh Thị Lưới', NULL, NULL, NULL, N'Kà Bưng, xã Canh Liên', 154, 11, N'Nguyễn Đình Tạo');
INSERT INTO CovidChinhThuc.dbo.ThongTinHoTro (ID, IDNoiDung, IDDoiTuong, IDCaNhan, NguoiTaoDL) VALUES ('64c1aee9-b338-429c-b8c0-fe1e3d04a332', 6, '41B0E9CD-732C-4E19-AAEC-3DC041CB6144', '5d08b72b-d8ed-4122-a22c-fedc12a7c7ee', N'Nguyễn Đình Tạo');
INSERT INTO CovidChinhThuc.dbo.ChiTiet_NguoiCoCong (ID_ThongTin, NguoiTaoDL) VALUES ('64c1aee9-b338-429c-b8c0-fe1e3d04a332', N'Nguyễn Đình Tạo');
-- row: [152]);
INSERT INTO CovidChinhThuc.dbo.CaNhan (ID, HoTen, NgaySinh, CMND, SinhNam, DiaChi, IDPhuongXa, IDQuanHuyen, NguoiTaoDL) VALUES ('ee7c59cc-bc73-40f8-a773-2689c2627576', N'Đinh Văn Lét', '1930-01-01', '215190296', 1930, N'Kà Bông, xã Canh Liên', 154, 11, N'Nguyễn Đình Tạo');
INSERT INTO CovidChinhThuc.dbo.ThongTinHoTro (ID, IDNoiDung, IDDoiTuong, IDCaNhan, NguoiTaoDL) VALUES ('4d3aefb0-1a21-4d44-85ca-725f8d4eaf54', 6, '41B0E9CD-732C-4E19-AAEC-3DC041CB6144', 'ee7c59cc-bc73-40f8-a773-2689c2627576', N'Nguyễn Đình Tạo');
INSERT INTO CovidChinhThuc.dbo.ChiTiet_NguoiCoCong (ID_ThongTin, NguoiTaoDL) VALUES ('4d3aefb0-1a21-4d44-85ca-725f8d4eaf54', N'Nguyễn Đình Tạo');
-- row: [153]);
INSERT INTO CovidChinhThuc.dbo.CaNhan (ID, HoTen, NgaySinh, CMND, SinhNam, DiaChi, IDPhuongXa, IDQuanHuyen, NguoiTaoDL) VALUES ('a391d621-4a37-4d09-abae-05a6499c0b5f', N'Đinh Văn Vươn', '1932-01-01', '215190293', 1932, N'Kà Bông, xã Canh Liên', 154, 11, N'Nguyễn Đình Tạo');
INSERT INTO CovidChinhThuc.dbo.ThongTinHoTro (ID, IDNoiDung, IDDoiTuong, IDCaNhan, NguoiTaoDL) VALUES ('874023e4-dd27-4a1d-af58-65aa699bcb2b', 6, '41B0E9CD-732C-4E19-AAEC-3DC041CB6144', 'a391d621-4a37-4d09-abae-05a6499c0b5f', N'Nguyễn Đình Tạo');
INSERT INTO CovidChinhThuc.dbo.ChiTiet_NguoiCoCong (ID_ThongTin, NguoiTaoDL) VALUES ('874023e4-dd27-4a1d-af58-65aa699bcb2b', N'Nguyễn Đình Tạo');
-- row: [154]);
INSERT INTO CovidChinhThuc.dbo.CaNhan (ID, HoTen, NgaySinh, CMND, SinhNam, DiaChi, IDPhuongXa, IDQuanHuyen, NguoiTaoDL) VALUES ('3f860750-8f98-4399-b32d-3b60ce9bb105', N'Đinh Thị Bất', NULL, NULL, NULL, N'Kà Bưng, xã Canh Liên', 154, 11, N'Nguyễn Đình Tạo');
INSERT INTO CovidChinhThuc.dbo.ThongTinHoTro (ID, IDNoiDung, IDDoiTuong, IDCaNhan, NguoiTaoDL) VALUES ('06648017-2ca3-4998-a6a4-6f8d777b5d3a', 6, '41B0E9CD-732C-4E19-AAEC-3DC041CB6144', '3f860750-8f98-4399-b32d-3b60ce9bb105', N'Nguyễn Đình Tạo');
INSERT INTO CovidChinhThuc.dbo.ChiTiet_NguoiCoCong (ID_ThongTin, NguoiTaoDL) VALUES ('06648017-2ca3-4998-a6a4-6f8d777b5d3a', N'Nguyễn Đình Tạo');
-- row: [155]);
INSERT INTO CovidChinhThuc.dbo.CaNhan (ID, HoTen, NgaySinh, CMND, SinhNam, DiaChi, IDPhuongXa, IDQuanHuyen, NguoiTaoDL) VALUES ('20e09425-7eaf-4ff4-9d1f-9ab8c9dd7edb', N'Đinh Văn Thọ', NULL, NULL, NULL, N'Làng Cát, xã Canh Liên', 154, 11, N'Nguyễn Đình Tạo');
INSERT INTO CovidChinhThuc.dbo.ThongTinHoTro (ID, IDNoiDung, IDDoiTuong, IDCaNhan, NguoiTaoDL) VALUES ('d0503324-0e39-488e-9c5c-52babcbb8fe3', 6, '41B0E9CD-732C-4E19-AAEC-3DC041CB6144', '20e09425-7eaf-4ff4-9d1f-9ab8c9dd7edb', N'Nguyễn Đình Tạo');
INSERT INTO CovidChinhThuc.dbo.ChiTiet_NguoiCoCong (ID_ThongTin, NguoiTaoDL) VALUES ('d0503324-0e39-488e-9c5c-52babcbb8fe3', N'Nguyễn Đình Tạo');
-- row: [156]);
INSERT INTO CovidChinhThuc.dbo.CaNhan (ID, HoTen, NgaySinh, CMND, SinhNam, DiaChi, IDPhuongXa, IDQuanHuyen, NguoiTaoDL) VALUES ('3445f846-e44a-4468-b5c3-9d03455cbb0c', N'Đinh Văn Bế', '1925-01-01', NULL, 1925, N'Hà Giao, xã Canh Liên', 154, 11, N'Nguyễn Đình Tạo');
INSERT INTO CovidChinhThuc.dbo.ThongTinHoTro (ID, IDNoiDung, IDDoiTuong, IDCaNhan, NguoiTaoDL) VALUES ('2848b1e5-cf94-444b-b5cb-2997f08c1ab4', 6, '41B0E9CD-732C-4E19-AAEC-3DC041CB6144', '3445f846-e44a-4468-b5c3-9d03455cbb0c', N'Nguyễn Đình Tạo');
INSERT INTO CovidChinhThuc.dbo.ChiTiet_NguoiCoCong (ID_ThongTin, NguoiTaoDL) VALUES ('2848b1e5-cf94-444b-b5cb-2997f08c1ab4', N'Nguyễn Đình Tạo');
-- row: [157]);
INSERT INTO CovidChinhThuc.dbo.CaNhan (ID, HoTen, NgaySinh, CMND, SinhNam, DiaChi, IDPhuongXa, IDQuanHuyen, NguoiTaoDL) VALUES ('b92e12c2-0032-4fed-a25c-e7e6bf108d6e', N'Đinh Văn Dưu', NULL, NULL, NULL, N'Kà Bông, xã Canh Liên', 154, 11, N'Nguyễn Đình Tạo');
INSERT INTO CovidChinhThuc.dbo.ThongTinHoTro (ID, IDNoiDung, IDDoiTuong, IDCaNhan, NguoiTaoDL) VALUES ('5f10eedc-2cb8-47f2-b362-a9e14c5e866d', 6, '41B0E9CD-732C-4E19-AAEC-3DC041CB6144', 'b92e12c2-0032-4fed-a25c-e7e6bf108d6e', N'Nguyễn Đình Tạo');
INSERT INTO CovidChinhThuc.dbo.ChiTiet_NguoiCoCong (ID_ThongTin, NguoiTaoDL) VALUES ('5f10eedc-2cb8-47f2-b362-a9e14c5e866d', N'Nguyễn Đình Tạo');
-- row: [158]);
INSERT INTO CovidChinhThuc.dbo.CaNhan (ID, HoTen, NgaySinh, CMND, SinhNam, DiaChi, IDPhuongXa, IDQuanHuyen, NguoiTaoDL) VALUES ('ed0a6bf1-3cdc-44fc-8c51-39bb21672e37', N'Đinh Thị Chín', NULL, NULL, NULL, N'Canh Tiến, xã Canh Liên', 154, 11, N'Nguyễn Đình Tạo');
INSERT INTO CovidChinhThuc.dbo.ThongTinHoTro (ID, IDNoiDung, IDDoiTuong, IDCaNhan, NguoiTaoDL) VALUES ('1ff64f84-f61c-4c25-b45a-2690ad997724', 6, '41B0E9CD-732C-4E19-AAEC-3DC041CB6144', 'ed0a6bf1-3cdc-44fc-8c51-39bb21672e37', N'Nguyễn Đình Tạo');
INSERT INTO CovidChinhThuc.dbo.ChiTiet_NguoiCoCong (ID_ThongTin, NguoiTaoDL) VALUES ('1ff64f84-f61c-4c25-b45a-2690ad997724', N'Nguyễn Đình Tạo');
-- row: [159]);
INSERT INTO CovidChinhThuc.dbo.CaNhan (ID, HoTen, NgaySinh, CMND, SinhNam, DiaChi, IDPhuongXa, IDQuanHuyen, NguoiTaoDL) VALUES ('194233e1-7d23-4e10-bdd3-5272f487f5f3', N'Đinh Văn Do', NULL, NULL, NULL, N'Làng Chồm, xã Canh Liên', 154, 11, N'Nguyễn Đình Tạo');
INSERT INTO CovidChinhThuc.dbo.ThongTinHoTro (ID, IDNoiDung, IDDoiTuong, IDCaNhan, NguoiTaoDL) VALUES ('b914b09c-da43-4277-85a1-dd83d83d01c3', 6, '41B0E9CD-732C-4E19-AAEC-3DC041CB6144', '194233e1-7d23-4e10-bdd3-5272f487f5f3', N'Nguyễn Đình Tạo');
INSERT INTO CovidChinhThuc.dbo.ChiTiet_NguoiCoCong (ID_ThongTin, NguoiTaoDL) VALUES ('b914b09c-da43-4277-85a1-dd83d83d01c3', N'Nguyễn Đình Tạo');
-- row: [160]);
INSERT INTO CovidChinhThuc.dbo.CaNhan (ID, HoTen, NgaySinh, CMND, SinhNam, DiaChi, IDPhuongXa, IDQuanHuyen, NguoiTaoDL) VALUES ('d7766874-68e1-46c3-baa0-3032eaee368b', N'ĐinhVăn Xiêm', NULL, NULL, NULL, N'Làng Cát, xã Canh Liên', 154, 11, N'Nguyễn Đình Tạo');
INSERT INTO CovidChinhThuc.dbo.ThongTinHoTro (ID, IDNoiDung, IDDoiTuong, IDCaNhan, NguoiTaoDL) VALUES ('9afb2113-af68-4e78-be8f-1c723d8cad7b', 6, '41B0E9CD-732C-4E19-AAEC-3DC041CB6144', 'd7766874-68e1-46c3-baa0-3032eaee368b', N'Nguyễn Đình Tạo');
INSERT INTO CovidChinhThuc.dbo.ChiTiet_NguoiCoCong (ID_ThongTin, NguoiTaoDL) VALUES ('9afb2113-af68-4e78-be8f-1c723d8cad7b', N'Nguyễn Đình Tạo');
-- row: [161]);
INSERT INTO CovidChinhThuc.dbo.CaNhan (ID, HoTen, NgaySinh, CMND, SinhNam, DiaChi, IDPhuongXa, IDQuanHuyen, NguoiTaoDL) VALUES ('fbce6469-c3da-4203-9324-1ae8c659e431', N'Thành Đình Quang', NULL, NULL, NULL, N'Canh Tiến, xã Canh Liên', 154, 11, N'Nguyễn Đình Tạo');
INSERT INTO CovidChinhThuc.dbo.ThongTinHoTro (ID, IDNoiDung, IDDoiTuong, IDCaNhan, NguoiTaoDL) VALUES ('659f59f1-d5de-4d79-8d27-0c5abaf5867f', 6, '41B0E9CD-732C-4E19-AAEC-3DC041CB6144', 'fbce6469-c3da-4203-9324-1ae8c659e431', N'Nguyễn Đình Tạo');
INSERT INTO CovidChinhThuc.dbo.ChiTiet_NguoiCoCong (ID_ThongTin, NguoiTaoDL) VALUES ('659f59f1-d5de-4d79-8d27-0c5abaf5867f', N'Nguyễn Đình Tạo');
-- row: [162]);
INSERT INTO CovidChinhThuc.dbo.CaNhan (ID, HoTen, NgaySinh, CMND, SinhNam, DiaChi, IDPhuongXa, IDQuanHuyen, NguoiTaoDL) VALUES ('6f68c31c-4a00-4480-bee3-6fe04c909839', N'Đinh Văn Tư', NULL, NULL, NULL, N'Làng Chồm, xã Canh Liên', 154, 11, N'Nguyễn Đình Tạo');
INSERT INTO CovidChinhThuc.dbo.ThongTinHoTro (ID, IDNoiDung, IDDoiTuong, IDCaNhan, NguoiTaoDL) VALUES ('3a145bed-403e-47c7-b943-e3e2f613b7e0', 6, '41B0E9CD-732C-4E19-AAEC-3DC041CB6144', '6f68c31c-4a00-4480-bee3-6fe04c909839', N'Nguyễn Đình Tạo');
INSERT INTO CovidChinhThuc.dbo.ChiTiet_NguoiCoCong (ID_ThongTin, NguoiTaoDL) VALUES ('3a145bed-403e-47c7-b943-e3e2f613b7e0', N'Nguyễn Đình Tạo');
-- row: [163]);
INSERT INTO CovidChinhThuc.dbo.CaNhan (ID, HoTen, NgaySinh, CMND, SinhNam, DiaChi, IDPhuongXa, IDQuanHuyen, NguoiTaoDL) VALUES ('628b797d-bd21-4804-a212-7217e7a1d47e', N'Đinh Thị Năm', NULL, NULL, NULL, N'xã Canh Liên', 154, 11, N'Nguyễn Đình Tạo');
INSERT INTO CovidChinhThuc.dbo.ThongTinHoTro (ID, IDNoiDung, IDDoiTuong, IDCaNhan, NguoiTaoDL) VALUES ('d07a4444-880d-4de7-8871-1745f78b9f36', 6, '41B0E9CD-732C-4E19-AAEC-3DC041CB6144', '628b797d-bd21-4804-a212-7217e7a1d47e', N'Nguyễn Đình Tạo');
INSERT INTO CovidChinhThuc.dbo.ChiTiet_NguoiCoCong (ID_ThongTin, NguoiTaoDL) VALUES ('d07a4444-880d-4de7-8871-1745f78b9f36', N'Nguyễn Đình Tạo');
-- row: [164]);
INSERT INTO CovidChinhThuc.dbo.CaNhan (ID, HoTen, NgaySinh, CMND, SinhNam, DiaChi, IDPhuongXa, IDQuanHuyen, NguoiTaoDL) VALUES ('edda78c2-88d0-40fb-b43c-664dd7357cef', N'Đinh Văn Bình', NULL, NULL, NULL, N'Kà Bưng, xã Canh Liên', 154, 11, N'Nguyễn Đình Tạo');
INSERT INTO CovidChinhThuc.dbo.ThongTinHoTro (ID, IDNoiDung, IDDoiTuong, IDCaNhan, NguoiTaoDL) VALUES ('378e9e3e-3818-4b05-a526-b6de0c93aa29', 6, '41B0E9CD-732C-4E19-AAEC-3DC041CB6144', 'edda78c2-88d0-40fb-b43c-664dd7357cef', N'Nguyễn Đình Tạo');
INSERT INTO CovidChinhThuc.dbo.ChiTiet_NguoiCoCong (ID_ThongTin, NguoiTaoDL) VALUES ('378e9e3e-3818-4b05-a526-b6de0c93aa29', N'Nguyễn Đình Tạo');
-- row: [165]);
INSERT INTO CovidChinhThuc.dbo.CaNhan (ID, HoTen, NgaySinh, CMND, SinhNam, DiaChi, IDPhuongXa, IDQuanHuyen, NguoiTaoDL) VALUES ('f575b7e9-ccce-4d2b-9ec9-c18e69efa9d2', N'Đinh Văn Dũng', NULL, NULL, NULL, N'Kà Bông, xã Canh Liên', 154, 11, N'Nguyễn Đình Tạo');
INSERT INTO CovidChinhThuc.dbo.ThongTinHoTro (ID, IDNoiDung, IDDoiTuong, IDCaNhan, NguoiTaoDL) VALUES ('89a8eecf-39e5-481f-a84a-8bb21a01eb7b', 6, '41B0E9CD-732C-4E19-AAEC-3DC041CB6144', 'f575b7e9-ccce-4d2b-9ec9-c18e69efa9d2', N'Nguyễn Đình Tạo');
INSERT INTO CovidChinhThuc.dbo.ChiTiet_NguoiCoCong (ID_ThongTin, NguoiTaoDL) VALUES ('89a8eecf-39e5-481f-a84a-8bb21a01eb7b', N'Nguyễn Đình Tạo');
-- row: [166]);
INSERT INTO CovidChinhThuc.dbo.CaNhan (ID, HoTen, NgaySinh, CMND, SinhNam, DiaChi, IDPhuongXa, IDQuanHuyen, NguoiTaoDL) VALUES ('c7006298-cd86-4405-beb3-932ae5d35430', N'Đinh Thị Đinh', '1948-01-01', NULL, 1948, N'Hà Giao, xã Canh Liên', 154, 11, N'Nguyễn Đình Tạo');
INSERT INTO CovidChinhThuc.dbo.ThongTinHoTro (ID, IDNoiDung, IDDoiTuong, IDCaNhan, NguoiTaoDL) VALUES ('3b14972f-878a-444f-bda1-3d481293149f', 6, '41B0E9CD-732C-4E19-AAEC-3DC041CB6144', 'c7006298-cd86-4405-beb3-932ae5d35430', N'Nguyễn Đình Tạo');
INSERT INTO CovidChinhThuc.dbo.ChiTiet_NguoiCoCong (ID_ThongTin, NguoiTaoDL) VALUES ('3b14972f-878a-444f-bda1-3d481293149f', N'Nguyễn Đình Tạo');
-- row: [167]);
INSERT INTO CovidChinhThuc.dbo.CaNhan (ID, HoTen, NgaySinh, CMND, SinhNam, DiaChi, IDPhuongXa, IDQuanHuyen, NguoiTaoDL) VALUES ('6fa4d6de-2d78-4213-8950-badb747f2ccb', N'Đinh Thị Năm', NULL, '210269041', NULL, N'Kon Lót, xã Canh Liên', 154, 11, N'Nguyễn Đình Tạo');
INSERT INTO CovidChinhThuc.dbo.ThongTinHoTro (ID, IDNoiDung, IDDoiTuong, IDCaNhan, NguoiTaoDL) VALUES ('ca80c2ab-d128-43c1-98bd-85c7cb728fcb', 6, '41B0E9CD-732C-4E19-AAEC-3DC041CB6144', '6fa4d6de-2d78-4213-8950-badb747f2ccb', N'Nguyễn Đình Tạo');
INSERT INTO CovidChinhThuc.dbo.ChiTiet_NguoiCoCong (ID_ThongTin, NguoiTaoDL) VALUES ('ca80c2ab-d128-43c1-98bd-85c7cb728fcb', N'Nguyễn Đình Tạo');
-- row: [168]);
INSERT INTO CovidChinhThuc.dbo.CaNhan (ID, HoTen, NgaySinh, CMND, SinhNam, DiaChi, IDPhuongXa, IDQuanHuyen, NguoiTaoDL) VALUES ('5f7e1905-82df-461f-a76d-0614f5cf4677', N'Đinh Thị Dơn', NULL, NULL, NULL, N'Kà Nâu, xã Canh Liên', 154, 11, N'Nguyễn Đình Tạo');
INSERT INTO CovidChinhThuc.dbo.ThongTinHoTro (ID, IDNoiDung, IDDoiTuong, IDCaNhan, NguoiTaoDL) VALUES ('e5c37cf8-df41-467f-a0e6-c710f998ac04', 6, '41B0E9CD-732C-4E19-AAEC-3DC041CB6144', '5f7e1905-82df-461f-a76d-0614f5cf4677', N'Nguyễn Đình Tạo');
INSERT INTO CovidChinhThuc.dbo.ChiTiet_NguoiCoCong (ID_ThongTin, NguoiTaoDL) VALUES ('e5c37cf8-df41-467f-a0e6-c710f998ac04', N'Nguyễn Đình Tạo');
-- row: [169]);
INSERT INTO CovidChinhThuc.dbo.CaNhan (ID, HoTen, NgaySinh, CMND, SinhNam, DiaChi, IDPhuongXa, IDQuanHuyen, NguoiTaoDL) VALUES ('9eac5361-ce83-461f-83e3-867ce5fe50b3', N'Đinh Thị Đing', NULL, NULL, NULL, N'Làng Chồm, xã Canh Liên', 154, 11, N'Nguyễn Đình Tạo');
INSERT INTO CovidChinhThuc.dbo.ThongTinHoTro (ID, IDNoiDung, IDDoiTuong, IDCaNhan, NguoiTaoDL) VALUES ('4dd45228-cf06-4621-93c9-4cdee5803398', 6, '41B0E9CD-732C-4E19-AAEC-3DC041CB6144', '9eac5361-ce83-461f-83e3-867ce5fe50b3', N'Nguyễn Đình Tạo');
INSERT INTO CovidChinhThuc.dbo.ChiTiet_NguoiCoCong (ID_ThongTin, NguoiTaoDL) VALUES ('4dd45228-cf06-4621-93c9-4cdee5803398', N'Nguyễn Đình Tạo');
-- row: [170]);
INSERT INTO CovidChinhThuc.dbo.CaNhan (ID, HoTen, NgaySinh, CMND, SinhNam, DiaChi, IDPhuongXa, IDQuanHuyen, NguoiTaoDL) VALUES ('7e28bda3-07fc-4642-8a1f-ddc56369e8df', N'Đinh Văn Bênh', '1952-01-01', '210047079', 1952, N'Kà Bông, xã Canh Liên', 154, 11, N'Nguyễn Đình Tạo');
INSERT INTO CovidChinhThuc.dbo.ThongTinHoTro (ID, IDNoiDung, IDDoiTuong, IDCaNhan, NguoiTaoDL) VALUES ('3bac9046-f0b7-4635-8600-233729d10e16', 6, '41B0E9CD-732C-4E19-AAEC-3DC041CB6144', '7e28bda3-07fc-4642-8a1f-ddc56369e8df', N'Nguyễn Đình Tạo');
INSERT INTO CovidChinhThuc.dbo.ChiTiet_NguoiCoCong (ID_ThongTin, NguoiTaoDL) VALUES ('3bac9046-f0b7-4635-8600-233729d10e16', N'Nguyễn Đình Tạo');
-- row: [171]);
INSERT INTO CovidChinhThuc.dbo.CaNhan (ID, HoTen, NgaySinh, CMND, SinhNam, DiaChi, IDPhuongXa, IDQuanHuyen, NguoiTaoDL) VALUES ('6d78b42e-06d3-41f1-8c7b-b46497e287b2', N'Đinh Thị Chắp', NULL, NULL, NULL, N'Kà Bưng, xã Canh Liên', 154, 11, N'Nguyễn Đình Tạo');
INSERT INTO CovidChinhThuc.dbo.ThongTinHoTro (ID, IDNoiDung, IDDoiTuong, IDCaNhan, NguoiTaoDL) VALUES ('06f08b2d-2855-401b-a235-163ce39e0e1b', 6, '41B0E9CD-732C-4E19-AAEC-3DC041CB6144', '6d78b42e-06d3-41f1-8c7b-b46497e287b2', N'Nguyễn Đình Tạo');
INSERT INTO CovidChinhThuc.dbo.ChiTiet_NguoiCoCong (ID_ThongTin, NguoiTaoDL) VALUES ('06f08b2d-2855-401b-a235-163ce39e0e1b', N'Nguyễn Đình Tạo');
-- row: [172]);
INSERT INTO CovidChinhThuc.dbo.CaNhan (ID, HoTen, NgaySinh, CMND, SinhNam, DiaChi, IDPhuongXa, IDQuanHuyen, NguoiTaoDL) VALUES ('1fd9e16b-712f-452e-a873-c91631d87a85', N'Đinh Thị Thú', '1948-01-01', NULL, 1948, N'Hà Giao, xã Canh Liên', 154, 11, N'Nguyễn Đình Tạo');
INSERT INTO CovidChinhThuc.dbo.ThongTinHoTro (ID, IDNoiDung, IDDoiTuong, IDCaNhan, NguoiTaoDL) VALUES ('6079511d-0291-420f-8f54-ce9e65ebf19a', 6, '41B0E9CD-732C-4E19-AAEC-3DC041CB6144', '1fd9e16b-712f-452e-a873-c91631d87a85', N'Nguyễn Đình Tạo');
INSERT INTO CovidChinhThuc.dbo.ChiTiet_NguoiCoCong (ID_ThongTin, NguoiTaoDL) VALUES ('6079511d-0291-420f-8f54-ce9e65ebf19a', N'Nguyễn Đình Tạo');
-- row: [173]);
INSERT INTO CovidChinhThuc.dbo.CaNhan (ID, HoTen, NgaySinh, CMND, SinhNam, DiaChi, IDPhuongXa, IDQuanHuyen, NguoiTaoDL) VALUES ('1c68fd6c-b8c8-4f52-bc33-3af05c53d9a2', N'Đinh Văn Bách', '1928-01-01', '210047091', 1928, N'Kà Bông, xã Canh Liên', 154, 11, N'Nguyễn Đình Tạo');
INSERT INTO CovidChinhThuc.dbo.ThongTinHoTro (ID, IDNoiDung, IDDoiTuong, IDCaNhan, NguoiTaoDL) VALUES ('0302ff14-183f-4e9c-84ee-96550e650534', 6, '41B0E9CD-732C-4E19-AAEC-3DC041CB6144', '1c68fd6c-b8c8-4f52-bc33-3af05c53d9a2', N'Nguyễn Đình Tạo');
INSERT INTO CovidChinhThuc.dbo.ChiTiet_NguoiCoCong (ID_ThongTin, NguoiTaoDL) VALUES ('0302ff14-183f-4e9c-84ee-96550e650534', N'Nguyễn Đình Tạo');
-- row: [174]);
INSERT INTO CovidChinhThuc.dbo.CaNhan (ID, HoTen, NgaySinh, CMND, SinhNam, DiaChi, IDPhuongXa, IDQuanHuyen, NguoiTaoDL) VALUES ('096c7d1d-40aa-4e85-b646-e5df59499862', N'Đinh Văn Ngam', NULL, NULL, NULL, N'Làng Cát, xã Canh Liên', 154, 11, N'Nguyễn Đình Tạo');
INSERT INTO CovidChinhThuc.dbo.ThongTinHoTro (ID, IDNoiDung, IDDoiTuong, IDCaNhan, NguoiTaoDL) VALUES ('3c85b2b7-0919-418b-aaff-4282bda83690', 6, '41B0E9CD-732C-4E19-AAEC-3DC041CB6144', '096c7d1d-40aa-4e85-b646-e5df59499862', N'Nguyễn Đình Tạo');
INSERT INTO CovidChinhThuc.dbo.ChiTiet_NguoiCoCong (ID_ThongTin, NguoiTaoDL) VALUES ('3c85b2b7-0919-418b-aaff-4282bda83690', N'Nguyễn Đình Tạo');
-- row: [175]);
INSERT INTO CovidChinhThuc.dbo.CaNhan (ID, HoTen, NgaySinh, CMND, SinhNam, DiaChi, IDPhuongXa, IDQuanHuyen, NguoiTaoDL) VALUES ('3ca6e7b0-dfe8-427e-b399-c2f35602a077', N'Đinh Văn Khum', '1948-01-01', NULL, 1948, N'Hà Giao, xã Canh Liên', 154, 11, N'Nguyễn Đình Tạo');
INSERT INTO CovidChinhThuc.dbo.ThongTinHoTro (ID, IDNoiDung, IDDoiTuong, IDCaNhan, NguoiTaoDL) VALUES ('6a05797e-70cd-4ddf-90c1-55a704aa9f01', 6, '29EA9FE6-20DA-45E2-BC8D-04666B4919AF', '3ca6e7b0-dfe8-427e-b399-c2f35602a077', N'Nguyễn Đình Tạo');
INSERT INTO CovidChinhThuc.dbo.ChiTiet_NguoiCoCong (ID_ThongTin, NguoiTaoDL) VALUES ('6a05797e-70cd-4ddf-90c1-55a704aa9f01', N'Nguyễn Đình Tạo');
-- row: [176]);
INSERT INTO CovidChinhThuc.dbo.CaNhan (ID, HoTen, NgaySinh, CMND, SinhNam, DiaChi, IDPhuongXa, IDQuanHuyen, NguoiTaoDL) VALUES ('e25b02e7-97c2-450e-a9f5-8b1637b11c94', N'Đinh Văn Lít', '1945-01-01', NULL, 1945, N'Hà Giao, xã Canh Liên', 154, 11, N'Nguyễn Đình Tạo');
INSERT INTO CovidChinhThuc.dbo.ThongTinHoTro (ID, IDNoiDung, IDDoiTuong, IDCaNhan, NguoiTaoDL) VALUES ('23bca12b-6086-4a80-b91f-fbe97979ade7', 6, '29EA9FE6-20DA-45E2-BC8D-04666B4919AF', 'e25b02e7-97c2-450e-a9f5-8b1637b11c94', N'Nguyễn Đình Tạo');
INSERT INTO CovidChinhThuc.dbo.ChiTiet_NguoiCoCong (ID_ThongTin, NguoiTaoDL) VALUES ('23bca12b-6086-4a80-b91f-fbe97979ade7', N'Nguyễn Đình Tạo');
-- row: [177]);
INSERT INTO CovidChinhThuc.dbo.CaNhan (ID, HoTen, NgaySinh, CMND, SinhNam, DiaChi, IDPhuongXa, IDQuanHuyen, NguoiTaoDL) VALUES ('5a0ad4c1-3ef3-4de3-8cb1-988a75c68c05', N'Đinh Văn Bai', NULL, NULL, NULL, N'xã Canh Liên', 154, 11, N'Nguyễn Đình Tạo');
INSERT INTO CovidChinhThuc.dbo.ThongTinHoTro (ID, IDNoiDung, IDDoiTuong, IDCaNhan, NguoiTaoDL) VALUES ('90312c2d-ebf7-49a0-a809-ab41033f92a3', 6, 'E4E24DC6-98AE-4685-985D-47C0B48DD6FD', '5a0ad4c1-3ef3-4de3-8cb1-988a75c68c05', N'Nguyễn Đình Tạo');
INSERT INTO CovidChinhThuc.dbo.ChiTiet_NguoiCoCong (ID_ThongTin, NguoiTaoDL) VALUES ('90312c2d-ebf7-49a0-a809-ab41033f92a3', N'Nguyễn Đình Tạo');
-- row: [178]);
INSERT INTO CovidChinhThuc.dbo.CaNhan (ID, HoTen, NgaySinh, CMND, SinhNam, DiaChi, IDPhuongXa, IDQuanHuyen, NguoiTaoDL) VALUES ('f944bdee-d107-45fe-955e-a5876e5fdd4e', N'Đinh Văn Mẫn', NULL, NULL, NULL, N'xã Canh Liên', 154, 11, N'Nguyễn Đình Tạo');
INSERT INTO CovidChinhThuc.dbo.ThongTinHoTro (ID, IDNoiDung, IDDoiTuong, IDCaNhan, NguoiTaoDL) VALUES ('06e75f90-9f6a-4c5e-a5fc-30cb895a3d23', 6, 'E4E24DC6-98AE-4685-985D-47C0B48DD6FD', 'f944bdee-d107-45fe-955e-a5876e5fdd4e', N'Nguyễn Đình Tạo');
INSERT INTO CovidChinhThuc.dbo.ChiTiet_NguoiCoCong (ID_ThongTin, NguoiTaoDL) VALUES ('06e75f90-9f6a-4c5e-a5fc-30cb895a3d23', N'Nguyễn Đình Tạo');
-- row: [179]);
INSERT INTO CovidChinhThuc.dbo.CaNhan (ID, HoTen, NgaySinh, CMND, SinhNam, DiaChi, IDPhuongXa, IDQuanHuyen, NguoiTaoDL) VALUES ('5882cb37-dfe7-44d8-b16d-30440c328abf', N'Đinh Thị Nga', NULL, NULL, NULL, N'xã Canh Liên', 154, 11, N'Nguyễn Đình Tạo');
INSERT INTO CovidChinhThuc.dbo.ThongTinHoTro (ID, IDNoiDung, IDDoiTuong, IDCaNhan, NguoiTaoDL) VALUES ('0e02c061-6de4-4096-a765-376650e63694', 6, 'E4E24DC6-98AE-4685-985D-47C0B48DD6FD', '5882cb37-dfe7-44d8-b16d-30440c328abf', N'Nguyễn Đình Tạo');
INSERT INTO CovidChinhThuc.dbo.ChiTiet_NguoiCoCong (ID_ThongTin, NguoiTaoDL) VALUES ('0e02c061-6de4-4096-a765-376650e63694', N'Nguyễn Đình Tạo');
-- row: [180]);
INSERT INTO CovidChinhThuc.dbo.CaNhan (ID, HoTen, NgaySinh, CMND, SinhNam, DiaChi, IDPhuongXa, IDQuanHuyen, NguoiTaoDL) VALUES ('c662f77d-5e17-4d22-b9eb-7dd77e848386', N'Đinh Văn Vi', NULL, NULL, NULL, N'xã Canh Liên', 154, 11, N'Nguyễn Đình Tạo');
INSERT INTO CovidChinhThuc.dbo.ThongTinHoTro (ID, IDNoiDung, IDDoiTuong, IDCaNhan, NguoiTaoDL) VALUES ('b07ab439-33f9-4021-b2da-8a4d067cf662', 6, 'E4E24DC6-98AE-4685-985D-47C0B48DD6FD', 'c662f77d-5e17-4d22-b9eb-7dd77e848386', N'Nguyễn Đình Tạo');
INSERT INTO CovidChinhThuc.dbo.ChiTiet_NguoiCoCong (ID_ThongTin, NguoiTaoDL) VALUES ('b07ab439-33f9-4021-b2da-8a4d067cf662', N'Nguyễn Đình Tạo');
-- row: [181]);
INSERT INTO CovidChinhThuc.dbo.CaNhan (ID, HoTen, NgaySinh, CMND, SinhNam, DiaChi, IDPhuongXa, IDQuanHuyen, NguoiTaoDL) VALUES ('e6c43109-f19b-4b07-909a-9ea0cda162bd', N'Đinh Văn Găm', NULL, NULL, NULL, N'xã Canh Liên', 154, 11, N'Nguyễn Đình Tạo');
INSERT INTO CovidChinhThuc.dbo.ThongTinHoTro (ID, IDNoiDung, IDDoiTuong, IDCaNhan, NguoiTaoDL) VALUES ('5897b020-2479-40b9-8e8a-be5273573f8e', 6, 'E4E24DC6-98AE-4685-985D-47C0B48DD6FD', 'e6c43109-f19b-4b07-909a-9ea0cda162bd', N'Nguyễn Đình Tạo');
INSERT INTO CovidChinhThuc.dbo.ChiTiet_NguoiCoCong (ID_ThongTin, NguoiTaoDL) VALUES ('5897b020-2479-40b9-8e8a-be5273573f8e', N'Nguyễn Đình Tạo');
-- row: [182]);
INSERT INTO CovidChinhThuc.dbo.CaNhan (ID, HoTen, NgaySinh, CMND, SinhNam, DiaChi, IDPhuongXa, IDQuanHuyen, NguoiTaoDL) VALUES ('0c0747bb-60fd-450e-bf58-78eabbfb71a7', N'Đinh Thị Hoa', NULL, NULL, NULL, N'xã Canh Liên', 154, 11, N'Nguyễn Đình Tạo');
INSERT INTO CovidChinhThuc.dbo.ThongTinHoTro (ID, IDNoiDung, IDDoiTuong, IDCaNhan, NguoiTaoDL) VALUES ('a69bca02-29ff-4f97-a590-04cb4e1beec9', 6, 'E4E24DC6-98AE-4685-985D-47C0B48DD6FD', '0c0747bb-60fd-450e-bf58-78eabbfb71a7', N'Nguyễn Đình Tạo');
INSERT INTO CovidChinhThuc.dbo.ChiTiet_NguoiCoCong (ID_ThongTin, NguoiTaoDL) VALUES ('a69bca02-29ff-4f97-a590-04cb4e1beec9', N'Nguyễn Đình Tạo');
-- row: [183]);
INSERT INTO CovidChinhThuc.dbo.CaNhan (ID, HoTen, NgaySinh, CMND, SinhNam, DiaChi, IDPhuongXa, IDQuanHuyen, NguoiTaoDL) VALUES ('6af09a15-4cb2-448f-99a4-c640731bb615', N'Đào Thị Bảy', '1943-01-01', '211132904', 1943, N'Thôn 4, xã Canh Hiệp', 155, 11, N'Nguyễn Đình Tạo');
INSERT INTO CovidChinhThuc.dbo.ThongTinHoTro (ID, IDNoiDung, IDDoiTuong, IDCaNhan, NguoiTaoDL) VALUES ('b1603910-7351-42eb-9228-2f6dac10ef9d', 6, 'EDE2F0CC-2376-438A-B5FB-FACD867E38EF', '6af09a15-4cb2-448f-99a4-c640731bb615', N'Nguyễn Đình Tạo');
INSERT INTO CovidChinhThuc.dbo.ChiTiet_NguoiCoCong (ID_ThongTin, NguoiTaoDL) VALUES ('b1603910-7351-42eb-9228-2f6dac10ef9d', N'Nguyễn Đình Tạo');
-- row: [184]);
INSERT INTO CovidChinhThuc.dbo.CaNhan (ID, HoTen, NgaySinh, CMND, SinhNam, DiaChi, IDPhuongXa, IDQuanHuyen, NguoiTaoDL) VALUES ('d23249d6-dde3-4a84-a31d-26f6941cf0e3', N'Đặng Văn Sinh', '1962-01-01', '211010552', 1962, N'Thôn 4, xã Canh Hiệp', 155, 11, N'Nguyễn Đình Tạo');
INSERT INTO CovidChinhThuc.dbo.ThongTinHoTro (ID, IDNoiDung, IDDoiTuong, IDCaNhan, NguoiTaoDL) VALUES ('367525c9-3095-40c5-9951-b1e8061899a5', 6, 'EDE2F0CC-2376-438A-B5FB-FACD867E38EF', 'd23249d6-dde3-4a84-a31d-26f6941cf0e3', N'Nguyễn Đình Tạo');
INSERT INTO CovidChinhThuc.dbo.ChiTiet_NguoiCoCong (ID_ThongTin, NguoiTaoDL) VALUES ('367525c9-3095-40c5-9951-b1e8061899a5', N'Nguyễn Đình Tạo');
-- row: [185]);
INSERT INTO CovidChinhThuc.dbo.CaNhan (ID, HoTen, NgaySinh, CMND, SinhNam, DiaChi, IDPhuongXa, IDQuanHuyen, NguoiTaoDL) VALUES ('62010f0b-944a-49d7-a1bc-9c2820c8d0bf', N'Phạm Đình Quý', '1955-01-01', NULL, 1955, N'Thôn 4, xã Canh Hiệp', 155, 11, N'Nguyễn Đình Tạo');
INSERT INTO CovidChinhThuc.dbo.ThongTinHoTro (ID, IDNoiDung, IDDoiTuong, IDCaNhan, NguoiTaoDL) VALUES ('03982a53-8178-4549-8f42-ea695d4bd738', 6, 'EDE2F0CC-2376-438A-B5FB-FACD867E38EF', '62010f0b-944a-49d7-a1bc-9c2820c8d0bf', N'Nguyễn Đình Tạo');
INSERT INTO CovidChinhThuc.dbo.ChiTiet_NguoiCoCong (ID_ThongTin, NguoiTaoDL) VALUES ('03982a53-8178-4549-8f42-ea695d4bd738', N'Nguyễn Đình Tạo');
-- row: [186]);
INSERT INTO CovidChinhThuc.dbo.CaNhan (ID, HoTen, NgaySinh, CMND, SinhNam, DiaChi, IDPhuongXa, IDQuanHuyen, NguoiTaoDL) VALUES ('6c2bf1dd-6cb1-477e-9199-9a5305494604', N'Đỗ Thanh Ngàn', '1943-01-01', '210247599', 1943, N'Thôn 4, xã Canh Hiệp', 155, 11, N'Nguyễn Đình Tạo');
INSERT INTO CovidChinhThuc.dbo.ThongTinHoTro (ID, IDNoiDung, IDDoiTuong, IDCaNhan, NguoiTaoDL) VALUES ('ef6d41f0-1696-4348-a4f4-7603512dc583', 6, 'EDE2F0CC-2376-438A-B5FB-FACD867E38EF', '6c2bf1dd-6cb1-477e-9199-9a5305494604', N'Nguyễn Đình Tạo');
INSERT INTO CovidChinhThuc.dbo.ChiTiet_NguoiCoCong (ID_ThongTin, NguoiTaoDL) VALUES ('ef6d41f0-1696-4348-a4f4-7603512dc583', N'Nguyễn Đình Tạo');
-- row: [187]);
INSERT INTO CovidChinhThuc.dbo.CaNhan (ID, HoTen, NgaySinh, CMND, SinhNam, DiaChi, IDPhuongXa, IDQuanHuyen, NguoiTaoDL) VALUES ('176ea5a0-3bbf-4b74-a867-1215e9752e62', N'Đoàn Văn Tuấn', '1956-01-01', NULL, 1956, N'Canh Giao, xã Canh Hiệp', 155, 11, N'Nguyễn Đình Tạo');
INSERT INTO CovidChinhThuc.dbo.ThongTinHoTro (ID, IDNoiDung, IDDoiTuong, IDCaNhan, NguoiTaoDL) VALUES ('425d3972-0783-495a-bdbd-df7b9451b387', 6, 'EDE2F0CC-2376-438A-B5FB-FACD867E38EF', '176ea5a0-3bbf-4b74-a867-1215e9752e62', N'Nguyễn Đình Tạo');
INSERT INTO CovidChinhThuc.dbo.ChiTiet_NguoiCoCong (ID_ThongTin, NguoiTaoDL) VALUES ('425d3972-0783-495a-bdbd-df7b9451b387', N'Nguyễn Đình Tạo');
-- row: [188]);
INSERT INTO CovidChinhThuc.dbo.CaNhan (ID, HoTen, NgaySinh, CMND, SinhNam, DiaChi, IDPhuongXa, IDQuanHuyen, NguoiTaoDL) VALUES ('cb932ba5-3a8d-4566-8a83-d042a577ee6d', N'Nguyễn Thị Nụ', NULL, NULL, NULL, N'Thôn 4, xã Canh Hiệp', 155, 11, N'Nguyễn Đình Tạo');
INSERT INTO CovidChinhThuc.dbo.ThongTinHoTro (ID, IDNoiDung, IDDoiTuong, IDCaNhan, NguoiTaoDL) VALUES ('2b3a58eb-4e60-45d5-8419-c47f3dba7af1', 6, NULL, 'cb932ba5-3a8d-4566-8a83-d042a577ee6d', N'Nguyễn Đình Tạo');
INSERT INTO CovidChinhThuc.dbo.ChiTiet_NguoiCoCong (ID_ThongTin, NguoiTaoDL) VALUES ('2b3a58eb-4e60-45d5-8419-c47f3dba7af1', N'Nguyễn Đình Tạo');
-- row: [189]);
INSERT INTO CovidChinhThuc.dbo.CaNhan (ID, HoTen, NgaySinh, CMND, SinhNam, DiaChi, IDPhuongXa, IDQuanHuyen, NguoiTaoDL) VALUES ('c305c2b5-d73b-4094-971d-8667d2c5cf6b', N'Lê Thị Phải', '1939-01-01', '210073637', 1939, N'Thôn 4, xã Canh Hiệp', 155, 11, N'Nguyễn Đình Tạo');
INSERT INTO CovidChinhThuc.dbo.ThongTinHoTro (ID, IDNoiDung, IDDoiTuong, IDCaNhan, NguoiTaoDL) VALUES ('3d2475c3-de64-4465-bc75-4d055a493862', 6, '41B0E9CD-732C-4E19-AAEC-3DC041CB6144', 'c305c2b5-d73b-4094-971d-8667d2c5cf6b', N'Nguyễn Đình Tạo');
INSERT INTO CovidChinhThuc.dbo.ChiTiet_NguoiCoCong (ID_ThongTin, NguoiTaoDL) VALUES ('3d2475c3-de64-4465-bc75-4d055a493862', N'Nguyễn Đình Tạo');
-- row: [190]);
INSERT INTO CovidChinhThuc.dbo.CaNhan (ID, HoTen, NgaySinh, CMND, SinhNam, DiaChi, IDPhuongXa, IDQuanHuyen, NguoiTaoDL) VALUES ('dfd96ce6-030c-4048-995f-ac81fe004a70', N'Trần Văn Tinh', '1943-01-01', NULL, 1943, N'Canh Giao, xã Canh Hiệp', 155, 11, N'Nguyễn Đình Tạo');
INSERT INTO CovidChinhThuc.dbo.ThongTinHoTro (ID, IDNoiDung, IDDoiTuong, IDCaNhan, NguoiTaoDL) VALUES ('12344807-3c7e-4b7d-b29e-973e8edf6176', 6, '41B0E9CD-732C-4E19-AAEC-3DC041CB6144', 'dfd96ce6-030c-4048-995f-ac81fe004a70', N'Nguyễn Đình Tạo');
INSERT INTO CovidChinhThuc.dbo.ChiTiet_NguoiCoCong (ID_ThongTin, NguoiTaoDL) VALUES ('12344807-3c7e-4b7d-b29e-973e8edf6176', N'Nguyễn Đình Tạo');
-- row: [191]);
INSERT INTO CovidChinhThuc.dbo.CaNhan (ID, HoTen, NgaySinh, CMND, SinhNam, DiaChi, IDPhuongXa, IDQuanHuyen, NguoiTaoDL) VALUES ('31643957-31bb-4b2f-82d7-4986d2b4c2db', N'Nguyên Văn Đồng', '1935-01-01', NULL, 1935, N'Canh Giao, xã Canh Hiệp', 155, 11, N'Nguyễn Đình Tạo');
INSERT INTO CovidChinhThuc.dbo.ThongTinHoTro (ID, IDNoiDung, IDDoiTuong, IDCaNhan, NguoiTaoDL) VALUES ('735e9538-eb2a-4b87-9199-a4facbdbec66', 6, '41B0E9CD-732C-4E19-AAEC-3DC041CB6144', '31643957-31bb-4b2f-82d7-4986d2b4c2db', N'Nguyễn Đình Tạo');
INSERT INTO CovidChinhThuc.dbo.ChiTiet_NguoiCoCong (ID_ThongTin, NguoiTaoDL) VALUES ('735e9538-eb2a-4b87-9199-a4facbdbec66', N'Nguyễn Đình Tạo');
-- row: [192]);
INSERT INTO CovidChinhThuc.dbo.CaNhan (ID, HoTen, NgaySinh, CMND, SinhNam, DiaChi, IDPhuongXa, IDQuanHuyen, NguoiTaoDL) VALUES ('1489f628-e87c-4a12-99cd-5dd4ad4c19a0', N'Đô Thị Bé', '1951-01-01', '210247601', 1951, N'Thôn 4, xã Canh Hiệp', 155, 11, N'Nguyễn Đình Tạo');
INSERT INTO CovidChinhThuc.dbo.ThongTinHoTro (ID, IDNoiDung, IDDoiTuong, IDCaNhan, NguoiTaoDL) VALUES ('44f6f951-514b-48f4-a325-f55f0b08181a', 6, NULL, '1489f628-e87c-4a12-99cd-5dd4ad4c19a0', N'Nguyễn Đình Tạo');
INSERT INTO CovidChinhThuc.dbo.ChiTiet_NguoiCoCong (ID_ThongTin, NguoiTaoDL) VALUES ('44f6f951-514b-48f4-a325-f55f0b08181a', N'Nguyễn Đình Tạo');
-- row: [193]);
INSERT INTO CovidChinhThuc.dbo.CaNhan (ID, HoTen, NgaySinh, CMND, SinhNam, DiaChi, IDPhuongXa, IDQuanHuyen, NguoiTaoDL) VALUES ('51ea09a7-03b2-497b-980a-437dbb195dab', N'Đoàn Thị Nhẫn', NULL, NULL, NULL, N'Thôn 4, xã Canh Hiệp', 155, 11, N'Nguyễn Đình Tạo');
INSERT INTO CovidChinhThuc.dbo.ThongTinHoTro (ID, IDNoiDung, IDDoiTuong, IDCaNhan, NguoiTaoDL) VALUES ('7861298c-2331-45e1-861b-cc22127ee50d', 6, NULL, '51ea09a7-03b2-497b-980a-437dbb195dab', N'Nguyễn Đình Tạo');
INSERT INTO CovidChinhThuc.dbo.ChiTiet_NguoiCoCong (ID_ThongTin, NguoiTaoDL) VALUES ('7861298c-2331-45e1-861b-cc22127ee50d', N'Nguyễn Đình Tạo');
-- row: [194]);
INSERT INTO CovidChinhThuc.dbo.CaNhan (ID, HoTen, NgaySinh, CMND, SinhNam, DiaChi, IDPhuongXa, IDQuanHuyen, NguoiTaoDL) VALUES ('f7cb2e7b-61dc-4ae7-9fa8-516f8a642e30', N'Lê Thị Khá', NULL, NULL, NULL, N'Thôn 4, xã Canh Hiệp', 155, 11, N'Nguyễn Đình Tạo');
INSERT INTO CovidChinhThuc.dbo.ThongTinHoTro (ID, IDNoiDung, IDDoiTuong, IDCaNhan, NguoiTaoDL) VALUES ('6faf27bb-da07-4f2a-9b0a-325a1694cc50', 6, NULL, 'f7cb2e7b-61dc-4ae7-9fa8-516f8a642e30', N'Nguyễn Đình Tạo');
INSERT INTO CovidChinhThuc.dbo.ChiTiet_NguoiCoCong (ID_ThongTin, NguoiTaoDL) VALUES ('6faf27bb-da07-4f2a-9b0a-325a1694cc50', N'Nguyễn Đình Tạo');
-- row: [195]);
INSERT INTO CovidChinhThuc.dbo.CaNhan (ID, HoTen, NgaySinh, CMND, SinhNam, DiaChi, IDPhuongXa, IDQuanHuyen, NguoiTaoDL) VALUES ('ec115100-841b-4aff-8cbd-1d87bcecf0be', N'Thái Đình Muộn', '1939-01-01', NULL, 1939, N'Thôn 4, xã Canh Hiệp', 155, 11, N'Nguyễn Đình Tạo');
INSERT INTO CovidChinhThuc.dbo.ThongTinHoTro (ID, IDNoiDung, IDDoiTuong, IDCaNhan, NguoiTaoDL) VALUES ('a9ea0f55-3a9d-4cc0-8d5c-b42a631c7032', 6, NULL, 'ec115100-841b-4aff-8cbd-1d87bcecf0be', N'Nguyễn Đình Tạo');
INSERT INTO CovidChinhThuc.dbo.ChiTiet_NguoiCoCong (ID_ThongTin, NguoiTaoDL) VALUES ('a9ea0f55-3a9d-4cc0-8d5c-b42a631c7032', N'Nguyễn Đình Tạo');
-- row: [196]);
INSERT INTO CovidChinhThuc.dbo.CaNhan (ID, HoTen, NgaySinh, CMND, SinhNam, DiaChi, IDPhuongXa, IDQuanHuyen, NguoiTaoDL) VALUES ('d296a45a-3164-49d7-9001-c3b1002313e5', N'Nguyên Cửu Long', '1937-01-01', '210228657', 1937, N'Thôn 4, xã Canh Hiệp', 155, 11, N'Nguyễn Đình Tạo');
INSERT INTO CovidChinhThuc.dbo.ThongTinHoTro (ID, IDNoiDung, IDDoiTuong, IDCaNhan, NguoiTaoDL) VALUES ('f23f8adb-8196-4a1b-8313-4af4da2fc8dc', 6, NULL, 'd296a45a-3164-49d7-9001-c3b1002313e5', N'Nguyễn Đình Tạo');
INSERT INTO CovidChinhThuc.dbo.ChiTiet_NguoiCoCong (ID_ThongTin, NguoiTaoDL) VALUES ('f23f8adb-8196-4a1b-8313-4af4da2fc8dc', N'Nguyễn Đình Tạo');
-- row: [197]);
INSERT INTO CovidChinhThuc.dbo.CaNhan (ID, HoTen, NgaySinh, CMND, SinhNam, DiaChi, IDPhuongXa, IDQuanHuyen, NguoiTaoDL) VALUES ('d4258b68-39f2-4c61-ab74-91dcbac6680c', N'Võ Thị Dây', NULL, NULL, NULL, N'xã Canh Hiển', 157, 11, N'Nguyễn Đình Tạo');
INSERT INTO CovidChinhThuc.dbo.ThongTinHoTro (ID, IDNoiDung, IDDoiTuong, IDCaNhan, NguoiTaoDL) VALUES ('c8248077-5441-4bdd-83b1-2a74027455fc', 6, NULL, 'd4258b68-39f2-4c61-ab74-91dcbac6680c', N'Nguyễn Đình Tạo');
INSERT INTO CovidChinhThuc.dbo.ChiTiet_NguoiCoCong (ID_ThongTin, NguoiTaoDL) VALUES ('c8248077-5441-4bdd-83b1-2a74027455fc', N'Nguyễn Đình Tạo');
-- row: [198]);
INSERT INTO CovidChinhThuc.dbo.CaNhan (ID, HoTen, NgaySinh, CMND, SinhNam, DiaChi, IDPhuongXa, IDQuanHuyen, NguoiTaoDL) VALUES ('735ff821-b75c-4a43-99c4-49d8a9b56bf4', N'Lê Thị Phi', '1951-02-02', '210452457', 1951, N'xã Canh Hiển', 157, 11, N'Nguyễn Đình Tạo');
INSERT INTO CovidChinhThuc.dbo.ThongTinHoTro (ID, IDNoiDung, IDDoiTuong, IDCaNhan, NguoiTaoDL) VALUES ('530624d3-c826-4cdb-a9c0-a6d98edebb21', 6, NULL, '735ff821-b75c-4a43-99c4-49d8a9b56bf4', N'Nguyễn Đình Tạo');
INSERT INTO CovidChinhThuc.dbo.ChiTiet_NguoiCoCong (ID_ThongTin, NguoiTaoDL) VALUES ('530624d3-c826-4cdb-a9c0-a6d98edebb21', N'Nguyễn Đình Tạo');
-- row: [199]);
INSERT INTO CovidChinhThuc.dbo.CaNhan (ID, HoTen, NgaySinh, CMND, SinhNam, DiaChi, IDPhuongXa, IDQuanHuyen, NguoiTaoDL) VALUES ('b0993398-27c9-42bb-9836-8774fc222823', N'Đinh Văn Hội', '1935-01-01', '210079144', 1935, N'Canh Lãnh, xã Canh Hòa', 159, 11, N'Nguyễn Đình Tạo');
INSERT INTO CovidChinhThuc.dbo.ThongTinHoTro (ID, IDNoiDung, IDDoiTuong, IDCaNhan, NguoiTaoDL) VALUES ('2821912f-54db-465c-9ea5-870e743b27f1', 6, 'EDE2F0CC-2376-438A-B5FB-FACD867E38EF', 'b0993398-27c9-42bb-9836-8774fc222823', N'Nguyễn Đình Tạo');
INSERT INTO CovidChinhThuc.dbo.ChiTiet_NguoiCoCong (ID_ThongTin, NguoiTaoDL) VALUES ('2821912f-54db-465c-9ea5-870e743b27f1', N'Nguyễn Đình Tạo');
-- row: [200]);
INSERT INTO CovidChinhThuc.dbo.CaNhan (ID, HoTen, NgaySinh, CMND, SinhNam, DiaChi, IDPhuongXa, IDQuanHuyen, NguoiTaoDL) VALUES ('f6da16e1-9cb1-4392-b41a-fe04a05b46da', N'Đinh Văn Kiến', '1937-01-01', '211132980', 1937, N'Canh Lãnh, xã Canh Hòa', 159, 11, N'Nguyễn Đình Tạo');
INSERT INTO CovidChinhThuc.dbo.ThongTinHoTro (ID, IDNoiDung, IDDoiTuong, IDCaNhan, NguoiTaoDL) VALUES ('378df026-3bf6-4670-838f-10f34daf7c44', 6, 'EDE2F0CC-2376-438A-B5FB-FACD867E38EF', 'f6da16e1-9cb1-4392-b41a-fe04a05b46da', N'Nguyễn Đình Tạo');
INSERT INTO CovidChinhThuc.dbo.ChiTiet_NguoiCoCong (ID_ThongTin, NguoiTaoDL) VALUES ('378df026-3bf6-4670-838f-10f34daf7c44', N'Nguyễn Đình Tạo');
-- row: [201]);
INSERT INTO CovidChinhThuc.dbo.CaNhan (ID, HoTen, NgaySinh, CMND, SinhNam, DiaChi, IDPhuongXa, IDQuanHuyen, NguoiTaoDL) VALUES ('8d808048-c676-4a02-8f9f-15e137b5c8e2', N'La O Dời', '1947-01-01', '210079093', 1947, N'Canh Phước, xã Canh Hòa', 159, 11, N'Nguyễn Đình Tạo');
INSERT INTO CovidChinhThuc.dbo.ThongTinHoTro (ID, IDNoiDung, IDDoiTuong, IDCaNhan, NguoiTaoDL) VALUES ('d42da7a1-d4f4-44b4-8813-363fa0959a03', 6, 'EDE2F0CC-2376-438A-B5FB-FACD867E38EF', '8d808048-c676-4a02-8f9f-15e137b5c8e2', N'Nguyễn Đình Tạo');
INSERT INTO CovidChinhThuc.dbo.ChiTiet_NguoiCoCong (ID_ThongTin, NguoiTaoDL) VALUES ('d42da7a1-d4f4-44b4-8813-363fa0959a03', N'Nguyễn Đình Tạo');
-- row: [202]);
INSERT INTO CovidChinhThuc.dbo.CaNhan (ID, HoTen, NgaySinh, CMND, SinhNam, DiaChi, IDPhuongXa, IDQuanHuyen, NguoiTaoDL) VALUES ('c29916ed-4247-407f-9d79-60fff3f57e4c', N'Mang Thị Ký', '1952-01-01', '210064876', 1952, N'Canh Phước, xã Canh Hòa', 159, 11, N'Nguyễn Đình Tạo');
INSERT INTO CovidChinhThuc.dbo.ThongTinHoTro (ID, IDNoiDung, IDDoiTuong, IDCaNhan, NguoiTaoDL) VALUES ('6f0eb526-8336-4cce-af20-4e784dcb9837', 6, 'EDE2F0CC-2376-438A-B5FB-FACD867E38EF', 'c29916ed-4247-407f-9d79-60fff3f57e4c', N'Nguyễn Đình Tạo');
INSERT INTO CovidChinhThuc.dbo.ChiTiet_NguoiCoCong (ID_ThongTin, NguoiTaoDL) VALUES ('6f0eb526-8336-4cce-af20-4e784dcb9837', N'Nguyễn Đình Tạo');
-- row: [203]);
INSERT INTO CovidChinhThuc.dbo.CaNhan (ID, HoTen, NgaySinh, CMND, SinhNam, DiaChi, IDPhuongXa, IDQuanHuyen, NguoiTaoDL) VALUES ('c1923d41-6e29-4037-9478-fc780c646359', N'Đinh Văn Dư', '1957-01-01', '210268995', 1957, N'Canh Phước, xã Canh Hòa', 159, 11, N'Nguyễn Đình Tạo');
INSERT INTO CovidChinhThuc.dbo.ThongTinHoTro (ID, IDNoiDung, IDDoiTuong, IDCaNhan, NguoiTaoDL) VALUES ('1bdffa79-0e8c-413d-9116-ec128e3ed8bc', 6, 'EDE2F0CC-2376-438A-B5FB-FACD867E38EF', 'c1923d41-6e29-4037-9478-fc780c646359', N'Nguyễn Đình Tạo');
INSERT INTO CovidChinhThuc.dbo.ChiTiet_NguoiCoCong (ID_ThongTin, NguoiTaoDL) VALUES ('1bdffa79-0e8c-413d-9116-ec128e3ed8bc', N'Nguyễn Đình Tạo');
-- row: [204]);
INSERT INTO CovidChinhThuc.dbo.CaNhan (ID, HoTen, NgaySinh, CMND, SinhNam, DiaChi, IDPhuongXa, IDQuanHuyen, NguoiTaoDL) VALUES ('0858bfa2-06c9-494e-8887-17c357b28700', N'Đinh Văn Hậu', '1943-01-01', '210277115', 1943, N'Canh Lãnh, xã Canh Hòa', 159, 11, N'Nguyễn Đình Tạo');
INSERT INTO CovidChinhThuc.dbo.ThongTinHoTro (ID, IDNoiDung, IDDoiTuong, IDCaNhan, NguoiTaoDL) VALUES ('96447a0f-49bc-4d90-be39-8153671f1bd9', 6, 'EDE2F0CC-2376-438A-B5FB-FACD867E38EF', '0858bfa2-06c9-494e-8887-17c357b28700', N'Nguyễn Đình Tạo');
INSERT INTO CovidChinhThuc.dbo.ChiTiet_NguoiCoCong (ID_ThongTin, NguoiTaoDL) VALUES ('96447a0f-49bc-4d90-be39-8153671f1bd9', N'Nguyễn Đình Tạo');
-- row: [205]);
INSERT INTO CovidChinhThuc.dbo.CaNhan (ID, HoTen, NgaySinh, CMND, SinhNam, DiaChi, IDPhuongXa, IDQuanHuyen, NguoiTaoDL) VALUES ('6d365f27-cdba-47e3-9bf5-b961c8a587e3', N'ĐinhVăn Thuận', '1957-01-01', '211755664', 1957, N'Canh Lãnh, xã Canh Hòa', 159, 11, N'Nguyễn Đình Tạo');
INSERT INTO CovidChinhThuc.dbo.ThongTinHoTro (ID, IDNoiDung, IDDoiTuong, IDCaNhan, NguoiTaoDL) VALUES ('0e2f601e-e463-4716-95b0-5acbf3566967', 6, '78AC3F79-5C50-4ACB-B626-E51ED3D4E8E5', '6d365f27-cdba-47e3-9bf5-b961c8a587e3', N'Nguyễn Đình Tạo');
INSERT INTO CovidChinhThuc.dbo.ChiTiet_NguoiCoCong (ID_ThongTin, NguoiTaoDL) VALUES ('0e2f601e-e463-4716-95b0-5acbf3566967', N'Nguyễn Đình Tạo');
-- row: [206]);
INSERT INTO CovidChinhThuc.dbo.CaNhan (ID, HoTen, NgaySinh, CMND, SinhNam, DiaChi, IDPhuongXa, IDQuanHuyen, NguoiTaoDL) VALUES ('99287d19-e2a7-4db4-b272-256c281dfc85', N'Đinh Thị Ót', '1934-01-01', NULL, 1934, N'Canh Phước, xã Canh Hòa', 159, 11, N'Nguyễn Đình Tạo');
INSERT INTO CovidChinhThuc.dbo.ThongTinHoTro (ID, IDNoiDung, IDDoiTuong, IDCaNhan, NguoiTaoDL) VALUES ('7b990206-68f7-4857-beb8-f74505d049a1', 6, NULL, '99287d19-e2a7-4db4-b272-256c281dfc85', N'Nguyễn Đình Tạo');
INSERT INTO CovidChinhThuc.dbo.ChiTiet_NguoiCoCong (ID_ThongTin, NguoiTaoDL) VALUES ('7b990206-68f7-4857-beb8-f74505d049a1', N'Nguyễn Đình Tạo');
-- row: [207]);
INSERT INTO CovidChinhThuc.dbo.CaNhan (ID, HoTen, NgaySinh, CMND, SinhNam, DiaChi, IDPhuongXa, IDQuanHuyen, NguoiTaoDL) VALUES ('c2a36fc8-81e0-4125-9bfa-fc7f45f812db', N'Đinh Thị Thơi', '1942-01-01', '215393906', 1942, N'Canh Lãnh, xã Canh Hòa', 159, 11, N'Nguyễn Đình Tạo');
INSERT INTO CovidChinhThuc.dbo.ThongTinHoTro (ID, IDNoiDung, IDDoiTuong, IDCaNhan, NguoiTaoDL) VALUES ('81f5dcf4-0338-4c72-aff1-d3bac5a84060', 6, 'A02E0865-9021-4BDD-840E-889CB8F49B88', 'c2a36fc8-81e0-4125-9bfa-fc7f45f812db', N'Nguyễn Đình Tạo');
INSERT INTO CovidChinhThuc.dbo.ChiTiet_NguoiCoCong (ID_ThongTin, NguoiTaoDL) VALUES ('81f5dcf4-0338-4c72-aff1-d3bac5a84060', N'Nguyễn Đình Tạo');
-- row: [208]);
INSERT INTO CovidChinhThuc.dbo.CaNhan (ID, HoTen, NgaySinh, CMND, SinhNam, DiaChi, IDPhuongXa, IDQuanHuyen, NguoiTaoDL) VALUES ('a5212997-94e1-490c-b624-d09679fb47dd', N'Đinh Thị Cầu', '1945-01-01', '211311695', 1945, N'Canh Lãnh, xã Canh Hòa', 159, 11, N'Nguyễn Đình Tạo');
INSERT INTO CovidChinhThuc.dbo.ThongTinHoTro (ID, IDNoiDung, IDDoiTuong, IDCaNhan, NguoiTaoDL) VALUES ('e3013a05-cd94-4c59-9912-438a9ddd5251', 6, '41B0E9CD-732C-4E19-AAEC-3DC041CB6144', 'a5212997-94e1-490c-b624-d09679fb47dd', N'Nguyễn Đình Tạo');
INSERT INTO CovidChinhThuc.dbo.ChiTiet_NguoiCoCong (ID_ThongTin, NguoiTaoDL) VALUES ('e3013a05-cd94-4c59-9912-438a9ddd5251', N'Nguyễn Đình Tạo');
-- row: [209]);
INSERT INTO CovidChinhThuc.dbo.CaNhan (ID, HoTen, NgaySinh, CMND, SinhNam, DiaChi, IDPhuongXa, IDQuanHuyen, NguoiTaoDL) VALUES ('430d96b2-494e-46e9-a7ad-317570d4cc39', N'Đoàn Thị Phép', '1942-01-01', NULL, 1942, N'Canh Lãnh, xã Canh Hòa', 159, 11, N'Nguyễn Đình Tạo');
INSERT INTO CovidChinhThuc.dbo.ThongTinHoTro (ID, IDNoiDung, IDDoiTuong, IDCaNhan, NguoiTaoDL) VALUES ('86b620a4-dfe8-46b5-b38c-54ae3795e883', 6, '41B0E9CD-732C-4E19-AAEC-3DC041CB6144', '430d96b2-494e-46e9-a7ad-317570d4cc39', N'Nguyễn Đình Tạo');
INSERT INTO CovidChinhThuc.dbo.ChiTiet_NguoiCoCong (ID_ThongTin, NguoiTaoDL) VALUES ('86b620a4-dfe8-46b5-b38c-54ae3795e883', N'Nguyễn Đình Tạo');
